source,source_record_id,source_snapshot_date,title,title_normalized,job_level,location,experience_years_min,experience_years_max,skills,salary_min,salary_max,category,source_metadata
topcv,1155996,2026-07-11,Nhân Viên Lập Trình CNC,Nhân Viên Lập Trình CNC,mid,Hải Phòng,1,1,[],12000000.00,,information_technology,"{""company_name"":""Công ty Cổ phần dịch vụ kỹ thuật Bảo An"",""dataset"":""jobradar/topcv-operational-salary-snapshot"",""dataset_commit"":""first-seen-before:2026-07-19T04:36:28.244910+00:00"",""dataset_url"":""https://www.topcv.vn/viec-lam/nhan-vien-lap-trinh-cnc/1155996.html"",""first_seen_at"":""2026-07-18T17:02:16.497192+00:00"",""first_seen_batch_id"":""42c0cbd6-0939-4304-ba41-2bf2766aef6a"",""license"":""NOASSERTION"",""location_normalizer_revision"":""2026-07-19.1"",""observation_semantics"":""source posting date resolved by the JobRadar adapter"",""platform"":""topcv"",""raw_payload_sha256"":""d700983078b23939750148d343168c08f086f798867ede7394d4a668f4368b24"",""scraped_at"":""2026-07-19T04:41:03.067561+00:00"",""snapshot_cutoff"":""2026-07-19T04:36:28.244910+00:00"",""source_url"":""https://www.topcv.vn/viec-lam/nhan-vien-lap-trinh-cnc/1155996.html"",""title_normalizer_revision"":""2f434fba22de3a14c1b199331c8ca18408dc72e702071bf4bbfe380daff40f58""}"
topcv,1155998,2026-07-15,.NET Developer,Backend Developer,mid,Ho Chi Minh,2,2,"["".NET""]",,20000000.00,information_technology,"{""company_name"":""CÔNG TY TNHH GIẢI PHÁP ECR VIỆT NAM"",""dataset"":""jobradar/topcv-operational-salary-snapshot"",""dataset_commit"":""first-seen-before:2026-07-19T04:36:28.244910+00:00"",""dataset_url"":""https://www.topcv.vn/viec-lam/net-developer/1155998.html"",""first_seen_at"":""2026-07-18T17:02:16.008093+00:00"",""first_seen_batch_id"":""42c0cbd6-0939-4304-ba41-2bf2766aef6a"",""license"":""NOASSERTION"",""location_normalizer_revision"":""2026-07-19.1"",""observation_semantics"":""source posting date resolved by the JobRadar adapter"",""platform"":""topcv"",""raw_payload_sha256"":""50b134fef2d5decfab38faabbf2db036448727cc6273ca97a547520b543f32a9"",""scraped_at"":""2026-07-19T04:40:43.037242+00:00"",""snapshot_cutoff"":""2026-07-19T04:36:28.244910+00:00"",""source_url"":""https://www.topcv.vn/viec-lam/net-developer/1155998.html"",""title_normalizer_revision"":""2f434fba22de3a14c1b199331c8ca18408dc72e702071bf4bbfe380daff40f58""}"
topcv,1162390,2026-07-14,Unity Developer,Game Developer,mid,Ha Noi,1,1,"[""Unity""]",15000000.00,50000000.00,information_technology,"{""company_name"":""CÔNG TY TNHH HORUS PRODUCTIONS"",""dataset"":""jobradar/topcv-operational-salary-snapshot"",""dataset_commit"":""first-seen-before:2026-07-19T04:36:28.244910+00:00"",""dataset_url"":""https://www.topcv.vn/viec-lam/unity-developer/1162390.html"",""first_seen_at"":""2026-07-18T17:02:16.372767+00:00"",""first_seen_batch_id"":""42c0cbd6-0939-4304-ba41-2bf2766aef6a"",""license"":""NOASSERTION"",""location_normalizer_revision"":""2026-07-19.1"",""observation_semantics"":""source posting date resolved by the JobRadar adapter"",""platform"":""topcv"",""raw_payload_sha256"":""142aaa3fb1d89b5463514bdaebd0a350fb9a63c85559bba0a5c45e4d7d91456d"",""scraped_at"":""2026-07-19T04:40:57.874793+00:00"",""snapshot_cutoff"":""2026-07-19T04:36:28.244910+00:00"",""source_url"":""https://www.topcv.vn/viec-lam/unity-developer/1162390.html"",""title_normalizer_revision"":""2f434fba22de3a14c1b199331c8ca18408dc72e702071bf4bbfe380daff40f58""}"
topcv,1179178,2026-07-11,App Developer,App Developer,mid,Ha Noi,1,1,[],10000000.00,20000000.00,information_technology,"{""company_name"":""WAYFU STUDIO"",""dataset"":""jobradar/topcv-operational-salary-snapshot"",""dataset_commit"":""first-seen-before:2026-07-19T04:36:28.244910+00:00"",""dataset_url"":""https://www.topcv.vn/viec-lam/app-developer/1179178.html"",""first_seen_at"":""2026-07-18T17:02:15.599565+00:00"",""first_seen_batch_id"":""42c0cbd6-0939-4304-ba41-2bf2766aef6a"",""license"":""NOASSERTION"",""location_normalizer_revision"":""2026-07-19.1"",""observation_semantics"":""source posting date resolved by the JobRadar adapter"",""platform"":""topcv"",""raw_payload_sha256"":""d94b86ff38e6dbc6c682c641561a46f4a76475e43277a692e4ef977d1fa2d2dc"",""scraped_at"":""2026-07-19T04:40:27.856759+00:00"",""snapshot_cutoff"":""2026-07-19T04:36:28.244910+00:00"",""source_url"":""https://www.topcv.vn/viec-lam/app-developer/1179178.html"",""title_normalizer_revision"":""2f434fba22de3a14c1b199331c8ca18408dc72e702071bf4bbfe380daff40f58""}"
topcv,1327093,2026-06-18,Thực Tập Sinh React Native,Thực Tập Sinh React Native,intern,Ho Chi Minh,0,0,"[""React Native""]",1500000.00,2000000.00,information_technology,"{""company_name"":""CÔNG TY TNHH CÔNG NGHỆ & DỊCH VỤ ĐẤT VIỆT"",""dataset"":""jobradar/topcv-operational-salary-snapshot"",""dataset_commit"":""first-seen-before:2026-07-19T04:36:28.244910+00:00"",""dataset_url"":""https://www.topcv.vn/viec-lam/thuc-tap-sinh-react-native/1327093.html"",""first_seen_at"":""2026-07-18T17:02:17.950688+00:00"",""first_seen_batch_id"":""42c0cbd6-0939-4304-ba41-2bf2766aef6a"",""license"":""NOASSERTION"",""location_normalizer_revision"":""2026-07-19.1"",""observation_semantics"":""source posting date resolved by the JobRadar adapter"",""platform"":""topcv"",""raw_payload_sha256"":""56ea323cef846dcfce75e2483ae81e51f8d48072ec4eeab3ac2f76e347245804"",""scraped_at"":""2026-07-19T04:35:07.158079+00:00"",""snapshot_cutoff"":""2026-07-19T04:36:28.244910+00:00"",""source_url"":""https://www.topcv.vn/viec-lam/thuc-tap-sinh-react-native/1327093.html"",""title_normalizer_revision"":""2f434fba22de3a14c1b199331c8ca18408dc72e702071bf4bbfe380daff40f58""}"
topcv,1374900,2026-06-18,Game Developer,Game Developer,mid,Ha Noi,1,1,[],12500000.00,37500000.00,information_technology,"{""company_name"":""CÔNG TY CỔ PHẦN NEXAR (NEXAR GAMES)"",""dataset"":""jobradar/topcv-operational-salary-snapshot"",""dataset_commit"":""first-seen-before:2026-07-19T04:36:28.244910+00:00"",""dataset_url"":""https://www.topcv.vn/viec-lam/game-developer/1374900.html"",""first_seen_at"":""2026-07-18T17:02:16.065060+00:00"",""first_seen_batch_id"":""42c0cbd6-0939-4304-ba41-2bf2766aef6a"",""license"":""NOASSERTION"",""location_normalizer_revision"":""2026-07-19.1"",""observation_semantics"":""source posting date resolved by the JobRadar adapter"",""platform"":""topcv"",""raw_payload_sha256"":""f3e11289b4f4ebb210fbb2fb7ae10f970c5b1f1ec8951875b51a3973d778c1c7"",""scraped_at"":""2026-07-19T04:40:43.057204+00:00"",""snapshot_cutoff"":""2026-07-19T04:36:28.244910+00:00"",""source_url"":""https://www.topcv.vn/viec-lam/game-developer/1374900.html"",""title_normalizer_revision"":""2f434fba22de3a14c1b199331c8ca18408dc72e702071bf4bbfe380daff40f58""}"
topcv,1425273,2026-06-18,Lập Trình Wordpress Developer,Backend Developer,mid,Ho Chi Minh,3,3,"[""WordPress""]",13000000.00,15000000.00,information_technology,"{""company_name"":""Công ty TNHH Đầu tư Thương Mại Flexhouse"",""dataset"":""jobradar/topcv-operational-salary-snapshot"",""dataset_commit"":""first-seen-before:2026-07-19T04:36:28.244910+00:00"",""dataset_url"":""https://www.topcv.vn/viec-lam/lap-trinh-wordpress-developer/1425273.html"",""first_seen_at"":""2026-07-18T17:02:17.929272+00:00"",""first_seen_batch_id"":""42c0cbd6-0939-4304-ba41-2bf2766aef6a"",""license"":""NOASSERTION"",""location_normalizer_revision"":""2026-07-19.1"",""observation_semantics"":""source posting date resolved by the JobRadar adapter"",""platform"":""topcv"",""raw_payload_sha256"":""376f00713088cc98c51c1ecb11f2f4f40ad481bdd79cf7f709c9ab3262866cbe"",""scraped_at"":""2026-07-19T04:35:07.156324+00:00"",""snapshot_cutoff"":""2026-07-19T04:36:28.244910+00:00"",""source_url"":""https://www.topcv.vn/viec-lam/lap-trinh-wordpress-developer/1425273.html"",""title_normalizer_revision"":""2f434fba22de3a14c1b199331c8ca18408dc72e702071bf4bbfe380daff40f58""}"
topcv,1506755,2026-07-04,Java Developer Lead (Backend),Backend Developer,lead,Ha Noi,2,2,"[""Java""]",15000000.00,40000000.00,information_technology,"{""company_name"":""CÔNG TY CỔ PHẦN GLOBAL TECHNOLOGY SOLUTIONS VIỆT NAM"",""dataset"":""jobradar/topcv-operational-salary-snapshot"",""dataset_commit"":""first-seen-before:2026-07-19T04:36:28.244910+00:00"",""dataset_url"":""https://www.topcv.vn/viec-lam/java-developer-lead-backend/1506755.html"",""first_seen_at"":""2026-07-18T17:02:18.088095+00:00"",""first_seen_batch_id"":""42c0cbd6-0939-4304-ba41-2bf2766aef6a"",""license"":""NOASSERTION"",""location_normalizer_revision"":""2026-07-19.1"",""observation_semantics"":""source posting date resolved by the JobRadar adapter"",""platform"":""topcv"",""raw_payload_sha256"":""f42d58d2e65bdd89983620f0f77237f2ba96b0a7608f1318d4f0887631cc0676"",""scraped_at"":""2026-07-19T04:35:07.174516+00:00"",""snapshot_cutoff"":""2026-07-19T04:36:28.244910+00:00"",""source_url"":""https://www.topcv.vn/viec-lam/java-developer-lead-backend/1506755.html"",""title_normalizer_revision"":""2f434fba22de3a14c1b199331c8ca18408dc72e702071bf4bbfe380daff40f58""}"
topcv,1514258,2026-07-11,Lập Trình Viên.NET,Software Engineer,mid,Thái Nguyên,1,1,[],14000000.00,22000000.00,information_technology,"{""company_name"":""CHI NHÁNH GIẢI PHÁP CÔNG NGHỆ TRE - CÔNG TY CỔ PHẦN ĐẦU TƯ VÀ THƯƠNG MẠI TNG"",""dataset"":""jobradar/topcv-operational-salary-snapshot"",""dataset_commit"":""first-seen-before:2026-07-19T04:36:28.244910+00:00"",""dataset_url"":""https://www.topcv.vn/viec-lam/lap-trinh-vien-net/1514258.html"",""first_seen_at"":""2026-07-18T17:02:17.510410+00:00"",""first_seen_batch_id"":""42c0cbd6-0939-4304-ba41-2bf2766aef6a"",""license"":""NOASSERTION"",""location_normalizer_revision"":""2026-07-19.1"",""observation_semantics"":""source posting date resolved by the JobRadar adapter"",""platform"":""topcv"",""raw_payload_sha256"":""26f52acc8b05931d3b4cc4315969dda6f2cc49ba34dbcb602baf21fb3745301b"",""scraped_at"":""2026-07-19T04:35:02.360474+00:00"",""snapshot_cutoff"":""2026-07-19T04:36:28.244910+00:00"",""source_url"":""https://www.topcv.vn/viec-lam/lap-trinh-vien-net/1514258.html"",""title_normalizer_revision"":""2f434fba22de3a14c1b199331c8ca18408dc72e702071bf4bbfe380daff40f58""}"
topcv,1531271,2026-07-04,Lập Trình Viên Fresher (Tiếng Nhật),Software Engineer,fresher,Ha Noi,0,0,[],,15000000.00,information_technology,"{""company_name"":""CÔNG TY TNHH KỸ SƯ CÔNG NGHỆ CAO VN"",""dataset"":""jobradar/topcv-operational-salary-snapshot"",""dataset_commit"":""first-seen-before:2026-07-19T04:36:28.244910+00:00"",""dataset_url"":""https://www.topcv.vn/viec-lam/lap-trinh-vien-fresher-tieng-nhat/1531271.html"",""first_seen_at"":""2026-07-18T17:02:17.113927+00:00"",""first_seen_batch_id"":""42c0cbd6-0939-4304-ba41-2bf2766aef6a"",""license"":""NOASSERTION"",""location_normalizer_revision"":""2026-07-19.1"",""observation_semantics"":""source posting date resolved by the JobRadar adapter"",""platform"":""topcv"",""raw_payload_sha256"":""fbda086c47c39a557ca33edb3a17a2df7107989ea0572c9a586b8ebac256acb6"",""scraped_at"":""2026-07-19T04:34:57.138735+00:00"",""snapshot_cutoff"":""2026-07-19T04:36:28.244910+00:00"",""source_url"":""https://www.topcv.vn/viec-lam/lap-trinh-vien-fresher-tieng-nhat/1531271.html"",""title_normalizer_revision"":""2f434fba22de3a14c1b199331c8ca18408dc72e702071bf4bbfe380daff40f58""}"
topcv,1686517,2026-06-27,Kỹ Sư Lập Trình Nhúng - Robotics - Leader,Embedded Engineer,lead,Ha Noi,1,1,[],10000000.00,20000000.00,information_technology,"{""company_name"":""Công ty CP ứng dụng và dịch vụ công nghệ cao - ASTEC"",""dataset"":""jobradar/topcv-operational-salary-snapshot"",""dataset_commit"":""first-seen-before:2026-07-19T04:36:28.244910+00:00"",""dataset_url"":""https://www.topcv.vn/viec-lam/ky-su-lap-trinh-nhung-robotics-leader/1686517.html"",""first_seen_at"":""2026-07-18T17:02:18.354766+00:00"",""first_seen_batch_id"":""42c0cbd6-0939-4304-ba41-2bf2766aef6a"",""license"":""NOASSERTION"",""location_normalizer_revision"":""2026-07-19.1"",""observation_semantics"":""source posting date resolved by the JobRadar adapter"",""platform"":""topcv"",""raw_payload_sha256"":""84f80851f2393bd91e956967101b903afc22bdbc0bb1b7edf0f74d90b050d5e8"",""scraped_at"":""2026-07-19T04:35:12.111363+00:00"",""snapshot_cutoff"":""2026-07-19T04:36:28.244910+00:00"",""source_url"":""https://www.topcv.vn/viec-lam/ky-su-lap-trinh-nhung-robotics-leader/1686517.html"",""title_normalizer_revision"":""2f434fba22de3a14c1b199331c8ca18408dc72e702071bf4bbfe380daff40f58""}"
topcv,1722714,2026-07-04,Nhân Viên Trừ Kính,Nhân Viên Trừ Kính,mid,Hưng Yên,0,1,[],7500000.00,8500000.00,information_technology,"{""company_name"":""CÔNG TY TNHH SẢN XUẤT & THƯƠNG MẠI FUTURE NEW ERA"",""dataset"":""jobradar/topcv-operational-salary-snapshot"",""dataset_commit"":""first-seen-before:2026-07-19T04:36:28.244910+00:00"",""dataset_url"":""https://www.topcv.vn/viec-lam/nhan-vien-tru-kinh/1722714.html"",""first_seen_at"":""2026-07-18T17:02:16.706882+00:00"",""first_seen_batch_id"":""42c0cbd6-0939-4304-ba41-2bf2766aef6a"",""license"":""NOASSERTION"",""location_normalizer_revision"":""2026-07-19.1"",""observation_semantics"":""source posting date resolved by the JobRadar adapter"",""platform"":""topcv"",""raw_payload_sha256"":""18b946c888de2301a221518716d1474a82340347645583703c968ea5956c555e"",""scraped_at"":""2026-07-19T04:34:52.201467+00:00"",""snapshot_cutoff"":""2026-07-19T04:36:28.244910+00:00"",""source_url"":""https://www.topcv.vn/viec-lam/nhan-vien-tru-kinh/1722714.html"",""title_normalizer_revision"":""2f434fba22de3a14c1b199331c8ca18408dc72e702071bf4bbfe380daff40f58""}"
topcv,1839478,2026-07-11,Lập Trình Viên Vue.Js,Software Engineer,mid,Ha Noi,2,2,"[""Vue.js""]",15000000.00,22500000.00,information_technology,"{""company_name"":""CÔNG TY TNHH EAERA VIỆT NAM"",""dataset"":""jobradar/topcv-operational-salary-snapshot"",""dataset_commit"":""first-seen-before:2026-07-19T04:36:28.244910+00:00"",""dataset_url"":""https://www.topcv.vn/viec-lam/lap-trinh-vien-vue-js/1839478.html"",""first_seen_at"":""2026-07-18T17:02:15.405034+00:00"",""first_seen_batch_id"":""42c0cbd6-0939-4304-ba41-2bf2766aef6a"",""license"":""NOASSERTION"",""location_normalizer_revision"":""2026-07-19.1"",""observation_semantics"":""source posting date resolved by the JobRadar adapter"",""platform"":""topcv"",""raw_payload_sha256"":""5f526599a54504d3b1c986058e714505eee955c58b9cf9cab0677db6e9bbdf6f"",""scraped_at"":""2026-07-19T04:40:23.265777+00:00"",""snapshot_cutoff"":""2026-07-19T04:36:28.244910+00:00"",""source_url"":""https://www.topcv.vn/viec-lam/lap-trinh-vien-vue-js/1839478.html"",""title_normalizer_revision"":""2f434fba22de3a14c1b199331c8ca18408dc72e702071bf4bbfe380daff40f58""}"
topcv,1848796,2026-06-27,"IT Mạnh Phần Mềm (Làm Việc Tại Đức Hòa, Long An)","IT Mạnh Phần Mềm Làm Việc Tại Đức Hòa, Long An ",mid,Tây Ninh,1,1,[],12000000.00,17000000.00,information_technology,"{""company_name"":""Công ty Cổ phần BMC Việt Nam"",""dataset"":""jobradar/topcv-operational-salary-snapshot"",""dataset_commit"":""first-seen-before:2026-07-19T04:36:28.244910+00:00"",""dataset_url"":""https://www.topcv.vn/viec-lam/it-manh-phan-mem-lam-viec-tai-duc-hoa-long-an/1848796.html"",""first_seen_at"":""2026-07-18T17:02:18.233515+00:00"",""first_seen_batch_id"":""42c0cbd6-0939-4304-ba41-2bf2766aef6a"",""license"":""NOASSERTION"",""location_normalizer_revision"":""2026-07-19.1"",""observation_semantics"":""source posting date resolved by the JobRadar adapter"",""platform"":""topcv"",""raw_payload_sha256"":""934bc83bce01071609b9318ad3f8fceb4a29c47dce5908cd3f26386495a4d412"",""scraped_at"":""2026-07-19T04:35:12.095878+00:00"",""snapshot_cutoff"":""2026-07-19T04:36:28.244910+00:00"",""source_url"":""https://www.topcv.vn/viec-lam/it-manh-phan-mem-lam-viec-tai-duc-hoa-long-an/1848796.html"",""title_normalizer_revision"":""2f434fba22de3a14c1b199331c8ca18408dc72e702071bf4bbfe380daff40f58""}"
topcv,1886652,2026-07-04,"Lập Trình Viên Fullstack (Từ 3 Năm Kinh Nghiệm, Thu Nhập Upto 2000 USD)",Fullstack Developer,mid,Ha Noi,3,3,[],17500000.00,50000000.00,information_technology,"{""company_name"":""CÔNG TY CỔ PHẦN SMART - SOLUTIONS VIỆT NAM"",""dataset"":""jobradar/topcv-operational-salary-snapshot"",""dataset_commit"":""first-seen-before:2026-07-19T04:36:28.244910+00:00"",""dataset_url"":""https://www.topcv.vn/viec-lam/lap-trinh-vien-fullstack-tu-3-nam-kinh-nghiem-thu-nhap-upto-2000-usd/1886652.html"",""first_seen_at"":""2026-07-18T17:02:17.402131+00:00"",""first_seen_batch_id"":""42c0cbd6-0939-4304-ba41-2bf2766aef6a"",""license"":""NOASSERTION"",""location_normalizer_revision"":""2026-07-19.1"",""observation_semantics"":""source posting date resolved by the JobRadar adapter"",""platform"":""topcv"",""raw_payload_sha256"":""e925aab49ed83beed962aa5a96fe790e0ff2ae2dd27fcb7b0b0c57f8eec5573c"",""scraped_at"":""2026-07-19T04:35:02.347678+00:00"",""snapshot_cutoff"":""2026-07-19T04:36:28.244910+00:00"",""source_url"":""https://www.topcv.vn/viec-lam/lap-trinh-vien-fullstack-tu-3-nam-kinh-nghiem-thu-nhap-upto-2000-usd/1886652.html"",""title_normalizer_revision"":""2f434fba22de3a14c1b199331c8ca18408dc72e702071bf4bbfe380daff40f58""}"
topcv,1900448,2026-07-11,Leader Java Developer,Backend Developer,lead,Ha Noi,3,3,"[""Java""]",20000000.00,30000000.00,information_technology,"{""company_name"":""Công ty cổ phần Ecoit"",""dataset"":""jobradar/topcv-operational-salary-snapshot"",""dataset_commit"":""first-seen-before:2026-07-19T04:36:28.244910+00:00"",""dataset_url"":""https://www.topcv.vn/viec-lam/leader-java-developer/1900448.html"",""first_seen_at"":""2026-07-18T17:02:16.595479+00:00"",""first_seen_batch_id"":""42c0cbd6-0939-4304-ba41-2bf2766aef6a"",""license"":""NOASSERTION"",""location_normalizer_revision"":""2026-07-19.1"",""observation_semantics"":""source posting date resolved by the JobRadar adapter"",""platform"":""topcv"",""raw_payload_sha256"":""e5fd569f2b1b266b49f6fc81b0a2dbd0a809ad8f7f88fda27596ea5256455ce3"",""scraped_at"":""2026-07-19T04:41:07.927922+00:00"",""snapshot_cutoff"":""2026-07-19T04:36:28.244910+00:00"",""source_url"":""https://www.topcv.vn/viec-lam/leader-java-developer/1900448.html"",""title_normalizer_revision"":""2f434fba22de3a14c1b199331c8ca18408dc72e702071bf4bbfe380daff40f58""}"
topcv,1913068,2026-07-11,"Lập Trình Viên Web (.NET Core, Vue.Js)",Software Engineer,mid,Thái Nguyên,1,1,"[""ASP.NET Core"",""Vue.js""]",15000000.00,20000000.00,information_technology,"{""company_name"":""CHI NHÁNH GIẢI PHÁP CÔNG NGHỆ TRE - CÔNG TY CỔ PHẦN ĐẦU TƯ VÀ THƯƠNG MẠI TNG"",""dataset"":""jobradar/topcv-operational-salary-snapshot"",""dataset_commit"":""first-seen-before:2026-07-19T04:36:28.244910+00:00"",""dataset_url"":""https://www.topcv.vn/viec-lam/lap-trinh-vien-web-net-core-vue-js/1913068.html"",""first_seen_at"":""2026-07-18T17:02:17.518772+00:00"",""first_seen_batch_id"":""42c0cbd6-0939-4304-ba41-2bf2766aef6a"",""license"":""NOASSERTION"",""location_normalizer_revision"":""2026-07-19.1"",""observation_semantics"":""source posting date resolved by the JobRadar adapter"",""platform"":""topcv"",""raw_payload_sha256"":""6cd7c6d574e1b1ee9fe9343d8520feb17be1342bf19301f654de56432b1884e1"",""scraped_at"":""2026-07-19T04:35:02.359593+00:00"",""snapshot_cutoff"":""2026-07-19T04:36:28.244910+00:00"",""source_url"":""https://www.topcv.vn/viec-lam/lap-trinh-vien-web-net-core-vue-js/1913068.html"",""title_normalizer_revision"":""2f434fba22de3a14c1b199331c8ca18408dc72e702071bf4bbfe380daff40f58""}"
topcv,1955895,2026-06-27,Trưởng Nhóm Lập Trình Viên,Trưởng Nhóm Lập Trình Viên,lead,Ha Noi,3,3,[],20000000.00,25000000.00,information_technology,"{""company_name"":""CTY TNHH PHẦN MỀM JDI"",""dataset"":""jobradar/topcv-operational-salary-snapshot"",""dataset_commit"":""first-seen-before:2026-07-19T04:36:28.244910+00:00"",""dataset_url"":""https://www.topcv.vn/viec-lam/truong-nhom-lap-trinh-vien/1955895.html"",""first_seen_at"":""2026-07-18T17:02:16.944932+00:00"",""first_seen_batch_id"":""42c0cbd6-0939-4304-ba41-2bf2766aef6a"",""license"":""NOASSERTION"",""location_normalizer_revision"":""2026-07-19.1"",""observation_semantics"":""source posting date resolved by the JobRadar adapter"",""platform"":""topcv"",""raw_payload_sha256"":""0272bab349c9829833336f44430225c720afad9653cacca2eed345bcbd20c6cf"",""scraped_at"":""2026-07-19T04:34:52.229409+00:00"",""snapshot_cutoff"":""2026-07-19T04:36:28.244910+00:00"",""source_url"":""https://www.topcv.vn/viec-lam/truong-nhom-lap-trinh-vien/1955895.html"",""title_normalizer_revision"":""2f434fba22de3a14c1b199331c8ca18408dc72e702071bf4bbfe380daff40f58""}"
topcv,1963150,2026-07-11,Kỹ Sư IT Phần Mềm,Kỹ Sư IT Phần Mềm,mid,Ninh Bình,2,2,[],20000000.00,32500000.00,information_technology,"{""company_name"":""CÔNG TY TNHH NEWEB VIỆT NAM"",""dataset"":""jobradar/topcv-operational-salary-snapshot"",""dataset_commit"":""first-seen-before:2026-07-19T04:36:28.244910+00:00"",""dataset_url"":""https://www.topcv.vn/viec-lam/ky-su-it-phan-mem/1963150.html"",""first_seen_at"":""2026-07-18T17:02:16.513399+00:00"",""first_seen_batch_id"":""42c0cbd6-0939-4304-ba41-2bf2766aef6a"",""license"":""NOASSERTION"",""location_normalizer_revision"":""2026-07-19.1"",""observation_semantics"":""source posting date resolved by the JobRadar adapter"",""platform"":""topcv"",""raw_payload_sha256"":""e7131d9d8db9db0b0164b51356c5c60f5839d2db3ee6afe982e2ff5decedf80f"",""scraped_at"":""2026-07-19T04:41:03.072528+00:00"",""snapshot_cutoff"":""2026-07-19T04:36:28.244910+00:00"",""source_url"":""https://www.topcv.vn/viec-lam/ky-su-it-phan-mem/1963150.html"",""title_normalizer_revision"":""2f434fba22de3a14c1b199331c8ca18408dc72e702071bf4bbfe380daff40f58""}"
topcv,1964735,2026-07-11,Nhân Viên Lập Trình PLC,Nhân Viên Lập Trình PLC,mid,Ha Noi,2,2,[],14000000.00,18000000.00,information_technology,"{""company_name"":""CÔNG TY TNHH CƠ KHÍ CHẾ TẠO MÁY THẠCH ANH"",""dataset"":""jobradar/topcv-operational-salary-snapshot"",""dataset_commit"":""first-seen-before:2026-07-19T04:36:28.244910+00:00"",""dataset_url"":""https://www.topcv.vn/viec-lam/nhan-vien-lap-trinh-plc/1964735.html"",""first_seen_at"":""2026-07-18T17:02:16.674642+00:00"",""first_seen_batch_id"":""42c0cbd6-0939-4304-ba41-2bf2766aef6a"",""license"":""NOASSERTION"",""location_normalizer_revision"":""2026-07-19.1"",""observation_semantics"":""source posting date resolved by the JobRadar adapter"",""platform"":""topcv"",""raw_payload_sha256"":""fb9af89869b1904df6686df154fca75cfc661beef98a41707ecf6eff9fddf1d0"",""scraped_at"":""2026-07-19T04:34:52.197769+00:00"",""snapshot_cutoff"":""2026-07-19T04:36:28.244910+00:00"",""source_url"":""https://www.topcv.vn/viec-lam/nhan-vien-lap-trinh-plc/1964735.html"",""title_normalizer_revision"":""2f434fba22de3a14c1b199331c8ca18408dc72e702071bf4bbfe380daff40f58""}"
topcv,1976748,2026-07-11,Nhân Viên Lập Trình .NET,Nhân Viên Lập Trình .NET,mid,Đồng Nai,0,1,"["".NET""]",10000000.00,15000000.00,information_technology,"{""company_name"":""CÔNG TY CỔ PHẦN LIÊN KẾT QUỐC TẾ INKINDY"",""dataset"":""jobradar/topcv-operational-salary-snapshot"",""dataset_commit"":""first-seen-before:2026-07-19T04:36:28.244910+00:00"",""dataset_url"":""https://www.topcv.vn/viec-lam/nhan-vien-lap-trinh-net/1976748.html"",""first_seen_at"":""2026-07-18T17:02:17.847928+00:00"",""first_seen_batch_id"":""42c0cbd6-0939-4304-ba41-2bf2766aef6a"",""license"":""NOASSERTION"",""location_normalizer_revision"":""2026-07-19.1"",""observation_semantics"":""source posting date resolved by the JobRadar adapter"",""platform"":""topcv"",""raw_payload_sha256"":""1c326079c1543dad66e18a5eb57224ba59bb0557da7fd383504c7cabf18997b0"",""scraped_at"":""2026-07-19T04:35:07.146752+00:00"",""snapshot_cutoff"":""2026-07-19T04:36:28.244910+00:00"",""source_url"":""https://www.topcv.vn/viec-lam/nhan-vien-lap-trinh-net/1976748.html"",""title_normalizer_revision"":""2f434fba22de3a14c1b199331c8ca18408dc72e702071bf4bbfe380daff40f58""}"
topcv,1981426,2026-07-04,Internship - PHP/React Native Developer,Mobile Developer (React Native),intern,Ho Chi Minh,0,1,"[""PHP"",""React Native""]",3000000.00,4000000.00,information_technology,"{""company_name"":""CÔNG TY TNHH THIẾT BỊ THÔNG MINH O-TECH VIỆT NAM"",""dataset"":""jobradar/topcv-operational-salary-snapshot"",""dataset_commit"":""first-seen-before:2026-07-19T04:36:28.244910+00:00"",""dataset_url"":""https://www.topcv.vn/viec-lam/internship-php-react-native-developer/1981426.html"",""first_seen_at"":""2026-07-18T17:02:17.162469+00:00"",""first_seen_batch_id"":""42c0cbd6-0939-4304-ba41-2bf2766aef6a"",""license"":""NOASSERTION"",""location_normalizer_revision"":""2026-07-19.1"",""observation_semantics"":""source posting date resolved by the JobRadar adapter"",""platform"":""topcv"",""raw_payload_sha256"":""5df451f36b3e679fc84538a0d1d9c4f6ff9f0d70c5b1a270bb88c656db81b9b3"",""scraped_at"":""2026-07-19T04:34:57.148011+00:00"",""snapshot_cutoff"":""2026-07-19T04:36:28.244910+00:00"",""source_url"":""https://www.topcv.vn/viec-lam/internship-php-react-native-developer/1981426.html"",""title_normalizer_revision"":""2f434fba22de3a14c1b199331c8ca18408dc72e702071bf4bbfe380daff40f58""}"
topcv,1999658,2026-07-11,Kỹ Sư Lập Trình Hệ Thống,Kỹ Sư Lập Trình Hệ Thống,mid,Ha Noi,2,2,[],10000000.00,30000000.00,information_technology,"{""company_name"":""CÔNG TY TNHH ĐẦU TƯ CÔNG NGHỆ MITECH"",""dataset"":""jobradar/topcv-operational-salary-snapshot"",""dataset_commit"":""first-seen-before:2026-07-19T04:36:28.244910+00:00"",""dataset_url"":""https://www.topcv.vn/viec-lam/ky-su-lap-trinh-he-thong/1999658.html"",""first_seen_at"":""2026-07-18T17:02:16.655807+00:00"",""first_seen_batch_id"":""42c0cbd6-0939-4304-ba41-2bf2766aef6a"",""license"":""NOASSERTION"",""location_normalizer_revision"":""2026-07-19.1"",""observation_semantics"":""source posting date resolved by the JobRadar adapter"",""platform"":""topcv"",""raw_payload_sha256"":""09c8e1c3cd0de65c78cba7819b04886d80924b4727671be33a89235b0d93b400"",""scraped_at"":""2026-07-19T04:34:52.195824+00:00"",""snapshot_cutoff"":""2026-07-19T04:36:28.244910+00:00"",""source_url"":""https://www.topcv.vn/viec-lam/ky-su-lap-trinh-he-thong/1999658.html"",""title_normalizer_revision"":""2f434fba22de3a14c1b199331c8ca18408dc72e702071bf4bbfe380daff40f58""}"
topcv,2028265,2026-07-16,Python Developer,Backend Developer,mid,Ha Noi,1,1,"[""Python""]",20000000.00,40000000.00,information_technology,"{""company_name"":""Công ty Cổ Phần Rikkeisoft"",""dataset"":""jobradar/topcv-operational-salary-snapshot"",""dataset_commit"":""first-seen-before:2026-07-19T04:36:28.244910+00:00"",""dataset_url"":""https://www.topcv.vn/viec-lam/python-developer/2028265.html"",""first_seen_at"":""2026-07-18T17:02:16.141558+00:00"",""first_seen_batch_id"":""42c0cbd6-0939-4304-ba41-2bf2766aef6a"",""license"":""NOASSERTION"",""location_normalizer_revision"":""2026-07-19.1"",""observation_semantics"":""source posting date resolved by the JobRadar adapter"",""platform"":""topcv"",""raw_payload_sha256"":""13213b285e4e99eb2fa1403132eeadba3f618c34b5814fff7fa3d391419aa227"",""scraped_at"":""2026-07-19T04:40:48.033973+00:00"",""snapshot_cutoff"":""2026-07-19T04:36:28.244910+00:00"",""source_url"":""https://www.topcv.vn/viec-lam/python-developer/2028265.html"",""title_normalizer_revision"":""2f434fba22de3a14c1b199331c8ca18408dc72e702071bf4bbfe380daff40f58""}"
topcv,2032456,2026-07-14,ReactJS Shopify,ReactJS Shopify,mid,Ha Noi,3,3,"[""React"",""Shopify""]",,32000000.00,information_technology,"{""company_name"":""NTQ Solution"",""dataset"":""jobradar/topcv-operational-salary-snapshot"",""dataset_commit"":""first-seen-before:2026-07-19T04:36:28.244910+00:00"",""dataset_url"":""https://www.topcv.vn/viec-lam/reactjs-shopify/2032456.html"",""first_seen_at"":""2026-07-18T17:02:17.243715+00:00"",""first_seen_batch_id"":""42c0cbd6-0939-4304-ba41-2bf2766aef6a"",""license"":""NOASSERTION"",""location_normalizer_revision"":""2026-07-19.1"",""observation_semantics"":""source posting date resolved by the JobRadar adapter"",""platform"":""topcv"",""raw_payload_sha256"":""9a3561b422795d1288419eb8e5baa2608820775add3dfdd92a0bd02d9206df68"",""scraped_at"":""2026-07-19T04:34:57.153374+00:00"",""snapshot_cutoff"":""2026-07-19T04:36:28.244910+00:00"",""source_url"":""https://www.topcv.vn/viec-lam/reactjs-shopify/2032456.html"",""title_normalizer_revision"":""2f434fba22de3a14c1b199331c8ca18408dc72e702071bf4bbfe380daff40f58""}"
topcv,2043875,2026-07-16,Nhân Viên Phát Triển Phần Mềm FE,Frontend Developer,mid,Ha Noi,1,1,[],13000000.00,18000000.00,information_technology,"{""company_name"":""CÔNG TY CỔ PHẦN GIAO THÔNG SỐ VIỆT NAM"",""dataset"":""jobradar/topcv-operational-salary-snapshot"",""dataset_commit"":""first-seen-before:2026-07-19T04:36:28.244910+00:00"",""dataset_url"":""https://www.topcv.vn/viec-lam/nhan-vien-phat-trien-phan-mem-fe/2043875.html"",""first_seen_at"":""2026-07-18T17:02:16.263487+00:00"",""first_seen_batch_id"":""42c0cbd6-0939-4304-ba41-2bf2766aef6a"",""license"":""NOASSERTION"",""location_normalizer_revision"":""2026-07-19.1"",""observation_semantics"":""source posting date resolved by the JobRadar adapter"",""platform"":""topcv"",""raw_payload_sha256"":""82b14927487219581ac6b2eb7a11bf754d0f6a585b894b507a0a7f1655edbbeb"",""scraped_at"":""2026-07-19T04:40:52.852913+00:00"",""snapshot_cutoff"":""2026-07-19T04:36:28.244910+00:00"",""source_url"":""https://www.topcv.vn/viec-lam/nhan-vien-phat-trien-phan-mem-fe/2043875.html"",""title_normalizer_revision"":""2f434fba22de3a14c1b199331c8ca18408dc72e702071bf4bbfe380daff40f58""}"
topcv,2060883,2026-07-11,Unity Developer Intern,Game Developer,intern,Ha Noi,0,0,"[""Intern"",""Unity""]",4000000.00,6000000.00,information_technology,"{""company_name"":""CÔNG TY CỔ PHẦN CÔNG NGHỆ VÀ GIẢI PHÁP NMB"",""dataset"":""jobradar/topcv-operational-salary-snapshot"",""dataset_commit"":""first-seen-before:2026-07-19T04:36:28.244910+00:00"",""dataset_url"":""https://www.topcv.vn/viec-lam/unity-developer-intern/2060883.html"",""first_seen_at"":""2026-07-18T17:02:17.526127+00:00"",""first_seen_batch_id"":""42c0cbd6-0939-4304-ba41-2bf2766aef6a"",""license"":""NOASSERTION"",""location_normalizer_revision"":""2026-07-19.1"",""observation_semantics"":""source posting date resolved by the JobRadar adapter"",""platform"":""topcv"",""raw_payload_sha256"":""d64a1d5d241a2ce4546c00176066aa2616160977ad71be8f27db115912f7993b"",""scraped_at"":""2026-07-19T04:35:02.361353+00:00"",""snapshot_cutoff"":""2026-07-19T04:36:28.244910+00:00"",""source_url"":""https://www.topcv.vn/viec-lam/unity-developer-intern/2060883.html"",""title_normalizer_revision"":""2f434fba22de3a14c1b199331c8ca18408dc72e702071bf4bbfe380daff40f58""}"
topcv,2080589,2026-07-04,Lập Trình Máy Phay CNC,Lập Trình Máy Phay CNC,mid,Ha Noi,1,1,[],8000000.00,15000000.00,information_technology,"{""company_name"":""CÔNG TY CỔ PHẦN CƠ KHÍ MTECH VJC"",""dataset"":""jobradar/topcv-operational-salary-snapshot"",""dataset_commit"":""first-seen-before:2026-07-19T04:36:28.244910+00:00"",""dataset_url"":""https://www.topcv.vn/viec-lam/lap-trinh-may-phay-cnc/2080589.html"",""first_seen_at"":""2026-07-18T17:02:16.722437+00:00"",""first_seen_batch_id"":""42c0cbd6-0939-4304-ba41-2bf2766aef6a"",""license"":""NOASSERTION"",""location_normalizer_revision"":""2026-07-19.1"",""observation_semantics"":""source posting date resolved by the JobRadar adapter"",""platform"":""topcv"",""raw_payload_sha256"":""eb602a64faa8bacdf0a40160f184ba08d9ff0928b2e95c1adc2775ac106bf191"",""scraped_at"":""2026-07-19T04:34:52.203348+00:00"",""snapshot_cutoff"":""2026-07-19T04:36:28.244910+00:00"",""source_url"":""https://www.topcv.vn/viec-lam/lap-trinh-may-phay-cnc/2080589.html"",""title_normalizer_revision"":""2f434fba22de3a14c1b199331c8ca18408dc72e702071bf4bbfe380daff40f58""}"
topcv,2085115,2026-07-04,"Kỹ Sư Lập Trình PLC (Có Kinh Nghiệm) Thu Nhập Từ 12- 20 Triệu, Tại Hà Nội, Đi Làm Ngay","Kỹ Sư Lập Trình PLC Có Kinh Nghiệm Thu Nhập Từ 12- 20 Triệu, Tại Hà Nội, Đi Làm Ngay",mid,Ha Noi,1,1,[],12000000.00,20000000.00,information_technology,"{""company_name"":""CÔNG TY CỔ PHẦN TẬP ĐOÀN GIẢI PHÁP SAO MAI"",""dataset"":""jobradar/topcv-operational-salary-snapshot"",""dataset_commit"":""first-seen-before:2026-07-19T04:36:28.244910+00:00"",""dataset_url"":""https://www.topcv.vn/viec-lam/ky-su-lap-trinh-plc-co-kinh-nghiem-thu-nhap-tu-12-20-trieu-tai-ha-noi-di-lam-ngay/2085115.html"",""first_seen_at"":""2026-07-18T17:02:17.422665+00:00"",""first_seen_batch_id"":""42c0cbd6-0939-4304-ba41-2bf2766aef6a"",""license"":""NOASSERTION"",""location_normalizer_revision"":""2026-07-19.1"",""observation_semantics"":""source posting date resolved by the JobRadar adapter"",""platform"":""topcv"",""raw_payload_sha256"":""f4e9e84ce5883a6e795603b608733268b332af8b50a7eba8a05ab8c19ddb217f"",""scraped_at"":""2026-07-19T04:35:02.349457+00:00"",""snapshot_cutoff"":""2026-07-19T04:36:28.244910+00:00"",""source_url"":""https://www.topcv.vn/viec-lam/ky-su-lap-trinh-plc-co-kinh-nghiem-thu-nhap-tu-12-20-trieu-tai-ha-noi-di-lam-ngay/2085115.html"",""title_normalizer_revision"":""2f434fba22de3a14c1b199331c8ca18408dc72e702071bf4bbfe380daff40f58""}"
topcv,2089771,2026-07-04,[F04] Unity Developer Intern/Fresher,Game Developer,intern,Ha Noi,0,1,"[""Intern"",""Unity""]",6000000.00,15000000.00,information_technology,"{""company_name"":""Công ty Cổ phần Falcon Technology"",""dataset"":""jobradar/topcv-operational-salary-snapshot"",""dataset_commit"":""first-seen-before:2026-07-19T04:36:28.244910+00:00"",""dataset_url"":""https://www.topcv.vn/viec-lam/f04-unity-developer-intern-fresher/2089771.html"",""first_seen_at"":""2026-07-18T17:02:18.061911+00:00"",""first_seen_batch_id"":""42c0cbd6-0939-4304-ba41-2bf2766aef6a"",""license"":""NOASSERTION"",""location_normalizer_revision"":""2026-07-19.1"",""observation_semantics"":""source posting date resolved by the JobRadar adapter"",""platform"":""topcv"",""raw_payload_sha256"":""be324e213924c3dfd79a21069efe5784740b6f6c4f8aad2df92c5ea66131b931"",""scraped_at"":""2026-07-19T04:35:07.171763+00:00"",""snapshot_cutoff"":""2026-07-19T04:36:28.244910+00:00"",""source_url"":""https://www.topcv.vn/viec-lam/f04-unity-developer-intern-fresher/2089771.html"",""title_normalizer_revision"":""2f434fba22de3a14c1b199331c8ca18408dc72e702071bf4bbfe380daff40f58""}"
topcv,2104374,2026-07-12,Junior .Net/C# (Từ 1 Năm Kinh Nghiệm),Junior .Net/C# Từ 1 Năm Kinh Nghiệm ,junior,Ha Noi,1,1,"["".NET"",""C#""]",13000000.00,18000000.00,information_technology,"{""company_name"":""CÔNG TY CỔ PHẦN ĐẦU TƯ CÔNG NGHỆ VÀ THƯƠNG MẠI SOFTDREAMS"",""dataset"":""jobradar/topcv-operational-salary-snapshot"",""dataset_commit"":""first-seen-before:2026-07-19T04:36:28.244910+00:00"",""dataset_url"":""https://www.topcv.vn/viec-lam/junior-net-c-tu-1-nam-kinh-nghiem/2104374.html"",""first_seen_at"":""2026-07-18T17:02:16.090383+00:00"",""first_seen_batch_id"":""42c0cbd6-0939-4304-ba41-2bf2766aef6a"",""license"":""NOASSERTION"",""location_normalizer_revision"":""2026-07-19.1"",""observation_semantics"":""source posting date resolved by the JobRadar adapter"",""platform"":""topcv"",""raw_payload_sha256"":""08c4741a066eacba45e2d44e3b1aeb8b471e18805c4f069ef2547452f304eb46"",""scraped_at"":""2026-07-19T04:40:43.072740+00:00"",""snapshot_cutoff"":""2026-07-19T04:36:28.244910+00:00"",""source_url"":""https://www.topcv.vn/viec-lam/junior-net-c-tu-1-nam-kinh-nghiem/2104374.html"",""title_normalizer_revision"":""2f434fba22de3a14c1b199331c8ca18408dc72e702071bf4bbfe380daff40f58""}"
topcv,2105633,2026-07-11,Game Operation,Game Operation,mid,Ha Noi,1,1,[],10000000.00,13000000.00,information_technology,"{""company_name"":""Công ty TNHH  Công nghệ EZLABS"",""dataset"":""jobradar/topcv-operational-salary-snapshot"",""dataset_commit"":""first-seen-before:2026-07-19T04:36:28.244910+00:00"",""dataset_url"":""https://www.topcv.vn/viec-lam/game-operation/2105633.html"",""first_seen_at"":""2026-07-18T17:02:16.588102+00:00"",""first_seen_batch_id"":""42c0cbd6-0939-4304-ba41-2bf2766aef6a"",""license"":""NOASSERTION"",""location_normalizer_revision"":""2026-07-19.1"",""observation_semantics"":""source posting date resolved by the JobRadar adapter"",""platform"":""topcv"",""raw_payload_sha256"":""f7a2be7b830678d8d3d7781abc5d34d08e0648ead0b57fdb9db9a3a618001b45"",""scraped_at"":""2026-07-19T04:41:07.922304+00:00"",""snapshot_cutoff"":""2026-07-19T04:36:28.244910+00:00"",""source_url"":""https://www.topcv.vn/viec-lam/game-operation/2105633.html"",""title_normalizer_revision"":""2f434fba22de3a14c1b199331c8ca18408dc72e702071bf4bbfe380daff40f58""}"
topcv,2108465,2026-06-27,Angular Developer,Frontend Developer,mid,Ha Noi,3,3,"[""Angular""]",20000000.00,32000000.00,information_technology,"{""company_name"":""Công ty Cổ phần Ứng dụng Phần mềm Mobio Việt Nam"",""dataset"":""jobradar/topcv-operational-salary-snapshot"",""dataset_commit"":""first-seen-before:2026-07-19T04:36:28.244910+00:00"",""dataset_url"":""https://www.topcv.vn/viec-lam/angular-developer/2108465.html"",""first_seen_at"":""2026-07-18T17:02:17.724063+00:00"",""first_seen_batch_id"":""42c0cbd6-0939-4304-ba41-2bf2766aef6a"",""license"":""NOASSERTION"",""location_normalizer_revision"":""2026-07-19.1"",""observation_semantics"":""source posting date resolved by the JobRadar adapter"",""platform"":""topcv"",""raw_payload_sha256"":""441f3aba739b4bf70bb1c01f42a74273c9dd321be5a23e6dd8a90bb6170bfb44"",""scraped_at"":""2026-07-19T04:35:07.129993+00:00"",""snapshot_cutoff"":""2026-07-19T04:36:28.244910+00:00"",""source_url"":""https://www.topcv.vn/viec-lam/angular-developer/2108465.html"",""title_normalizer_revision"":""2f434fba22de3a14c1b199331c8ca18408dc72e702071bf4bbfe380daff40f58""}"
topcv,2121353,2026-07-15,Lập Trình Viên CNC,Software Engineer,mid,Bắc Ninh,1,1,[],10000000.00,20000000.00,information_technology,"{""company_name"":""Công Ty TNHH Sản Xuất Thương Mại Quốc Tế SHENGLI VN"",""dataset"":""jobradar/topcv-operational-salary-snapshot"",""dataset_commit"":""first-seen-before:2026-07-19T04:36:28.244910+00:00"",""dataset_url"":""https://www.topcv.vn/viec-lam/lap-trinh-vien-cnc/2121353.html"",""first_seen_at"":""2026-07-18T17:02:16.294830+00:00"",""first_seen_batch_id"":""42c0cbd6-0939-4304-ba41-2bf2766aef6a"",""license"":""NOASSERTION"",""location_normalizer_revision"":""2026-07-19.1"",""observation_semantics"":""source posting date resolved by the JobRadar adapter"",""platform"":""topcv"",""raw_payload_sha256"":""0b5dca80b5a857e5f1779867c85e2c166abc395326012645d053d85a80b0e732"",""scraped_at"":""2026-07-19T04:40:52.877881+00:00"",""snapshot_cutoff"":""2026-07-19T04:36:28.244910+00:00"",""source_url"":""https://www.topcv.vn/viec-lam/lap-trinh-vien-cnc/2121353.html"",""title_normalizer_revision"":""2f434fba22de3a14c1b199331c8ca18408dc72e702071bf4bbfe380daff40f58""}"
topcv,2122293,2026-07-14,Lập Trình Viên Mobile (IOS/React Native - Middle),Mobile Developer,mid,Ho Chi Minh,3,3,"[""React Native"",""iOS (Native)""]",20000000.00,30000000.00,information_technology,"{""company_name"":""Công ty Cổ phần Atomi Digital"",""dataset"":""jobradar/topcv-operational-salary-snapshot"",""dataset_commit"":""first-seen-before:2026-07-19T04:36:28.244910+00:00"",""dataset_url"":""https://www.topcv.vn/viec-lam/lap-trinh-vien-mobile-ios-react-native-middle/2122293.html"",""first_seen_at"":""2026-07-18T17:02:15.989544+00:00"",""first_seen_batch_id"":""42c0cbd6-0939-4304-ba41-2bf2766aef6a"",""license"":""NOASSERTION"",""location_normalizer_revision"":""2026-07-19.1"",""observation_semantics"":""source posting date resolved by the JobRadar adapter"",""platform"":""topcv"",""raw_payload_sha256"":""3113f90151a4af73f2cf4255e39fd9f4cbadcf644534d6317ba9c9273a02052f"",""scraped_at"":""2026-07-19T04:40:43.035371+00:00"",""snapshot_cutoff"":""2026-07-19T04:36:28.244910+00:00"",""source_url"":""https://www.topcv.vn/viec-lam/lap-trinh-vien-mobile-ios-react-native-middle/2122293.html"",""title_normalizer_revision"":""2f434fba22de3a14c1b199331c8ca18408dc72e702071bf4bbfe380daff40f58""}"
topcv,2126366,2026-06-27,Kỹ Sư Lập Trình Nhúng (Embedded Firmware),Embedded Engineer,mid,Ha Noi,1,1,[],15000000.00,25000000.00,information_technology,"{""company_name"":""Công ty Cổ phần công nghệ và đầu tư Intech"",""dataset"":""jobradar/topcv-operational-salary-snapshot"",""dataset_commit"":""first-seen-before:2026-07-19T04:36:28.244910+00:00"",""dataset_url"":""https://www.topcv.vn/viec-lam/ky-su-lap-trinh-nhung-embedded-firmware/2126366.html"",""first_seen_at"":""2026-07-18T17:02:18.364768+00:00"",""first_seen_batch_id"":""42c0cbd6-0939-4304-ba41-2bf2766aef6a"",""license"":""NOASSERTION"",""location_normalizer_revision"":""2026-07-19.1"",""observation_semantics"":""source posting date resolved by the JobRadar adapter"",""platform"":""topcv"",""raw_payload_sha256"":""59a91471322a3b20d19d8ebd7254c007573e55ff6c437510571840cc60ebe929"",""scraped_at"":""2026-07-19T04:35:12.112942+00:00"",""snapshot_cutoff"":""2026-07-19T04:36:28.244910+00:00"",""source_url"":""https://www.topcv.vn/viec-lam/ky-su-lap-trinh-nhung-embedded-firmware/2126366.html"",""title_normalizer_revision"":""2f434fba22de3a14c1b199331c8ca18408dc72e702071bf4bbfe380daff40f58""}"
topcv,2127019,2026-07-14,Trưởng Nhóm Java Developer 3yoe+,Backend Developer,lead,Ha Noi,3,3,"[""Java""]",,27000000.00,information_technology,"{""company_name"":""Công ty Cổ phần Công nghệ Phần mềm Tinh Vân"",""dataset"":""jobradar/topcv-operational-salary-snapshot"",""dataset_commit"":""first-seen-before:2026-07-19T04:36:28.244910+00:00"",""dataset_url"":""https://www.topcv.vn/viec-lam/truong-nhom-java-developer-3yoe/2127019.html"",""first_seen_at"":""2026-07-18T17:02:16.429856+00:00"",""first_seen_batch_id"":""42c0cbd6-0939-4304-ba41-2bf2766aef6a"",""license"":""NOASSERTION"",""location_normalizer_revision"":""2026-07-19.1"",""observation_semantics"":""source posting date resolved by the JobRadar adapter"",""platform"":""topcv"",""raw_payload_sha256"":""e5cc49a35c71386e94affad941c9c991552bee287575c6e02967de0987adb6e6"",""scraped_at"":""2026-07-19T04:40:57.895578+00:00"",""snapshot_cutoff"":""2026-07-19T04:36:28.244910+00:00"",""source_url"":""https://www.topcv.vn/viec-lam/truong-nhom-java-developer-3yoe/2127019.html"",""title_normalizer_revision"":""2f434fba22de3a14c1b199331c8ca18408dc72e702071bf4bbfe380daff40f58""}"
topcv,2127475,2026-06-27,Middle Unity Developer (Game Mobile),Game Developer,mid,Ha Noi,3,3,"[""Unity""]",,30000000.00,information_technology,"{""company_name"":""CÔNG TY CỔ PHẦN CÔNG NGHỆ SAVA META"",""dataset"":""jobradar/topcv-operational-salary-snapshot"",""dataset_commit"":""first-seen-before:2026-07-19T04:36:28.244910+00:00"",""dataset_url"":""https://www.topcv.vn/viec-lam/middle-unity-developer-game-mobile/2127475.html"",""first_seen_at"":""2026-07-18T17:02:18.225373+00:00"",""first_seen_batch_id"":""42c0cbd6-0939-4304-ba41-2bf2766aef6a"",""license"":""NOASSERTION"",""location_normalizer_revision"":""2026-07-19.1"",""observation_semantics"":""source posting date resolved by the JobRadar adapter"",""platform"":""topcv"",""raw_payload_sha256"":""913e0086c58e64d77cd08a6ede0659bcf93098e3ff10f5d59d1b5d78cdf3ce97"",""scraped_at"":""2026-07-19T04:35:12.094955+00:00"",""snapshot_cutoff"":""2026-07-19T04:36:28.244910+00:00"",""source_url"":""https://www.topcv.vn/viec-lam/middle-unity-developer-game-mobile/2127475.html"",""title_normalizer_revision"":""2f434fba22de3a14c1b199331c8ca18408dc72e702071bf4bbfe380daff40f58""}"
topcv,2130855,2026-07-11,Lập Trình Back-End .NET (2+ YOE),Backend Developer,mid,Ha Noi,2,2,"["".NET""]",,18000000.00,information_technology,"{""company_name"":""CÔNG TY TNHH HÓA ĐƠN ĐIỆN TỬ M-INVOICE"",""dataset"":""jobradar/topcv-operational-salary-snapshot"",""dataset_commit"":""first-seen-before:2026-07-19T04:36:28.244910+00:00"",""dataset_url"":""https://www.topcv.vn/viec-lam/lap-trinh-back-end-net-2-yoe/2130855.html"",""first_seen_at"":""2026-07-18T17:02:15.699126+00:00"",""first_seen_batch_id"":""42c0cbd6-0939-4304-ba41-2bf2766aef6a"",""license"":""NOASSERTION"",""location_normalizer_revision"":""2026-07-19.1"",""observation_semantics"":""source posting date resolved by the JobRadar adapter"",""platform"":""topcv"",""raw_payload_sha256"":""f62407dea8b5395a7c973b01d6320d982878d6781337a6be1a6d9ebc6237a14e"",""scraped_at"":""2026-07-19T04:40:32.829771+00:00"",""snapshot_cutoff"":""2026-07-19T04:36:28.244910+00:00"",""source_url"":""https://www.topcv.vn/viec-lam/lap-trinh-back-end-net-2-yoe/2130855.html"",""title_normalizer_revision"":""2f434fba22de3a14c1b199331c8ca18408dc72e702071bf4bbfe380daff40f58""}"
topcv,2132615,2026-06-27,Chuyên Viên Kinh Doanh Phát Triển Phần Mềm,Software Engineer,mid,Ha Noi,0,1,[],15000000.00,30000000.00,information_technology,"{""company_name"":""CÔNG TY TNHH CÔNG NGHỆ GENORA"",""dataset"":""jobradar/topcv-operational-salary-snapshot"",""dataset_commit"":""first-seen-before:2026-07-19T04:36:28.244910+00:00"",""dataset_url"":""https://www.topcv.vn/viec-lam/chuyen-vien-kinh-doanh-phat-trien-phan-mem/2132615.html"",""first_seen_at"":""2026-07-18T17:02:18.303061+00:00"",""first_seen_batch_id"":""42c0cbd6-0939-4304-ba41-2bf2766aef6a"",""license"":""NOASSERTION"",""location_normalizer_revision"":""2026-07-19.1"",""observation_semantics"":""source posting date resolved by the JobRadar adapter"",""platform"":""topcv"",""raw_payload_sha256"":""c9df75d3db0e4de4d35535e93f8a66380e3681a16fbca04e81064b9031b28126"",""scraped_at"":""2026-07-19T04:35:12.104584+00:00"",""snapshot_cutoff"":""2026-07-19T04:36:28.244910+00:00"",""source_url"":""https://www.topcv.vn/viec-lam/chuyen-vien-kinh-doanh-phat-trien-phan-mem/2132615.html"",""title_normalizer_revision"":""2f434fba22de3a14c1b199331c8ca18408dc72e702071bf4bbfe380daff40f58""}"
topcv,2133189,2026-07-11,Nhân Viên Lập Trình Máy EDM/CNC,Nhân Viên Lập Trình Máy EDM/CNC,mid,Ho Chi Minh,2,2,[],15000000.00,18000000.00,information_technology,"{""company_name"":""CÔNG TY TNHH TECH-LINK SILICONES (VIỆT NAM)"",""dataset"":""jobradar/topcv-operational-salary-snapshot"",""dataset_commit"":""first-seen-before:2026-07-19T04:36:28.244910+00:00"",""dataset_url"":""https://www.topcv.vn/viec-lam/nhan-vien-lap-trinh-may-edm-cnc/2133189.html"",""first_seen_at"":""2026-07-18T17:02:16.522418+00:00"",""first_seen_batch_id"":""42c0cbd6-0939-4304-ba41-2bf2766aef6a"",""license"":""NOASSERTION"",""location_normalizer_revision"":""2026-07-19.1"",""observation_semantics"":""source posting date resolved by the JobRadar adapter"",""platform"":""topcv"",""raw_payload_sha256"":""caa2e75c20855a09ee086edff284bf032dda0ede40afeec83ab4ca4195da49c3"",""scraped_at"":""2026-07-19T04:41:03.073473+00:00"",""snapshot_cutoff"":""2026-07-19T04:36:28.244910+00:00"",""source_url"":""https://www.topcv.vn/viec-lam/nhan-vien-lap-trinh-may-edm-cnc/2133189.html"",""title_normalizer_revision"":""2f434fba22de3a14c1b199331c8ca18408dc72e702071bf4bbfe380daff40f58""}"
topcv,2133367,2026-07-13,Fullstack Developer (Python / Vue.Js) - Lương Up To 32 Triệu,Fullstack Developer,mid,Ha Noi,3,3,"[""Python"",""Vue.js""]",20000000.00,32000000.00,information_technology,"{""company_name"":""CÔNG TY CỔ PHẦN KINH DOANH BẤT ĐỘNG SẢN MAYHOMES"",""dataset"":""jobradar/topcv-operational-salary-snapshot"",""dataset_commit"":""first-seen-before:2026-07-19T04:36:28.244910+00:00"",""dataset_url"":""https://www.topcv.vn/viec-lam/fullstack-developer-python-vue-js-luong-up-to-32-trieu/2133367.html"",""first_seen_at"":""2026-07-18T17:02:15.438042+00:00"",""first_seen_batch_id"":""42c0cbd6-0939-4304-ba41-2bf2766aef6a"",""license"":""NOASSERTION"",""location_normalizer_revision"":""2026-07-19.1"",""observation_semantics"":""source posting date resolved by the JobRadar adapter"",""platform"":""topcv"",""raw_payload_sha256"":""96a4603e8e30798111eb74baca130cbb3215652b55e2518667112a554cce3558"",""scraped_at"":""2026-07-19T04:40:23.302325+00:00"",""snapshot_cutoff"":""2026-07-19T04:36:28.244910+00:00"",""source_url"":""https://www.topcv.vn/viec-lam/fullstack-developer-python-vue-js-luong-up-to-32-trieu/2133367.html"",""title_normalizer_revision"":""2f434fba22de3a14c1b199331c8ca18408dc72e702071bf4bbfe380daff40f58""}"
topcv,2147646,2026-06-27,Lập Trình Viên Backend (.Net/ Java/ NodeJS/Python),Backend Developer,mid,Ha Noi,3,3,"["".NET"",""Java"",""Node.js"",""Python""]",15000000.00,28000000.00,information_technology,"{""company_name"":""Công ty TNHH Digital Innovation"",""dataset"":""jobradar/topcv-operational-salary-snapshot"",""dataset_commit"":""first-seen-before:2026-07-19T04:36:28.244910+00:00"",""dataset_url"":""https://www.topcv.vn/viec-lam/lap-trinh-vien-backend-net-java-nodejs-python/2147646.html"",""first_seen_at"":""2026-07-18T17:02:17.706312+00:00"",""first_seen_batch_id"":""42c0cbd6-0939-4304-ba41-2bf2766aef6a"",""license"":""NOASSERTION"",""location_normalizer_revision"":""2026-07-19.1"",""observation_semantics"":""source posting date resolved by the JobRadar adapter"",""platform"":""topcv"",""raw_payload_sha256"":""a813d96115e7a53fbbffa27ce66dba9247b502135ccc68ccf8da58b2822da375"",""scraped_at"":""2026-07-19T04:35:02.381886+00:00"",""snapshot_cutoff"":""2026-07-19T04:36:28.244910+00:00"",""source_url"":""https://www.topcv.vn/viec-lam/lap-trinh-vien-backend-net-java-nodejs-python/2147646.html"",""title_normalizer_revision"":""2f434fba22de3a14c1b199331c8ca18408dc72e702071bf4bbfe380daff40f58""}"
topcv,2157307,2026-07-04,Trưởng Nhóm Lập Trình,Trưởng Nhóm Lập Trình,lead,Ho Chi Minh,3,3,[],25000000.00,40000000.00,information_technology,"{""company_name"":""CÔNG TY CỔ PHẦN GIẢI PHÁP CÔNG NGHỆ BZISOFT"",""dataset"":""jobradar/topcv-operational-salary-snapshot"",""dataset_commit"":""first-seen-before:2026-07-19T04:36:28.244910+00:00"",""dataset_url"":""https://www.topcv.vn/viec-lam/truong-nhom-lap-trinh/2157307.html"",""first_seen_at"":""2026-07-18T17:02:18.164499+00:00"",""first_seen_batch_id"":""42c0cbd6-0939-4304-ba41-2bf2766aef6a"",""license"":""NOASSERTION"",""location_normalizer_revision"":""2026-07-19.1"",""observation_semantics"":""source posting date resolved by the JobRadar adapter"",""platform"":""topcv"",""raw_payload_sha256"":""e664f1011047f26b5fd60d3f1129d3262da8a7e63492fee6f5bb4c2e64aebe56"",""scraped_at"":""2026-07-19T04:35:12.087280+00:00"",""snapshot_cutoff"":""2026-07-19T04:36:28.244910+00:00"",""source_url"":""https://www.topcv.vn/viec-lam/truong-nhom-lap-trinh/2157307.html"",""title_normalizer_revision"":""2f434fba22de3a14c1b199331c8ca18408dc72e702071bf4bbfe380daff40f58""}"
topcv,2158175,2026-07-04,Android Developer,Mobile Developer,mid,Ha Noi,3,3,"[""Android (Native)""]",,28000000.00,information_technology,"{""company_name"":""NTQ Solution"",""dataset"":""jobradar/topcv-operational-salary-snapshot"",""dataset_commit"":""first-seen-before:2026-07-19T04:36:28.244910+00:00"",""dataset_url"":""https://www.topcv.vn/viec-lam/android-developer/2158175.html"",""first_seen_at"":""2026-07-18T17:02:17.996290+00:00"",""first_seen_batch_id"":""42c0cbd6-0939-4304-ba41-2bf2766aef6a"",""license"":""NOASSERTION"",""location_normalizer_revision"":""2026-07-19.1"",""observation_semantics"":""source posting date resolved by the JobRadar adapter"",""platform"":""topcv"",""raw_payload_sha256"":""503128fbc631fd46284daf5f192ff9738f2db8b62e3c4df5c2885f4e997de4b3"",""scraped_at"":""2026-07-19T04:35:07.165274+00:00"",""snapshot_cutoff"":""2026-07-19T04:36:28.244910+00:00"",""source_url"":""https://www.topcv.vn/viec-lam/android-developer/2158175.html"",""title_normalizer_revision"":""2f434fba22de3a14c1b199331c8ca18408dc72e702071bf4bbfe380daff40f58""}"
topcv,2159006,2026-06-27,"Back-End Developer (Junior+,13-17 Tháng Lương/Năm)",Junior Backend Developer,junior,Ha Noi,1,1,[],,40000000.00,information_technology,"{""company_name"":""Công Ty Truyền Thông Và Công Nghệ ICOMM Việt Nam"",""dataset"":""jobradar/topcv-operational-salary-snapshot"",""dataset_commit"":""first-seen-before:2026-07-19T04:36:28.244910+00:00"",""dataset_url"":""https://www.topcv.vn/viec-lam/back-end-developer-junior-13-17-thang-luong-nam/2159006.html"",""first_seen_at"":""2026-07-18T17:02:17.664184+00:00"",""first_seen_batch_id"":""42c0cbd6-0939-4304-ba41-2bf2766aef6a"",""license"":""NOASSERTION"",""location_normalizer_revision"":""2026-07-19.1"",""observation_semantics"":""source posting date resolved by the JobRadar adapter"",""platform"":""topcv"",""raw_payload_sha256"":""47b2e134a81df2e8c8f6049d5a144c3cf65b9813b8b6a9384afbf326a99b2ad4"",""scraped_at"":""2026-07-19T04:35:02.376269+00:00"",""snapshot_cutoff"":""2026-07-19T04:36:28.244910+00:00"",""source_url"":""https://www.topcv.vn/viec-lam/back-end-developer-junior-13-17-thang-luong-nam/2159006.html"",""title_normalizer_revision"":""2f434fba22de3a14c1b199331c8ca18408dc72e702071bf4bbfe380daff40f58""}"
topcv,2161708,2026-07-04,COBOL Developer,COBOL Developer,mid,Ha Noi,3,3,"[""COBOL""]",,45000000.00,information_technology,"{""company_name"":""CÔNG TY TNHH SOFTROAD"",""dataset"":""jobradar/topcv-operational-salary-snapshot"",""dataset_commit"":""first-seen-before:2026-07-19T04:36:28.244910+00:00"",""dataset_url"":""https://www.topcv.vn/viec-lam/cobol-developer/2161708.html"",""first_seen_at"":""2026-07-18T17:02:16.793340+00:00"",""first_seen_batch_id"":""42c0cbd6-0939-4304-ba41-2bf2766aef6a"",""license"":""NOASSERTION"",""location_normalizer_revision"":""2026-07-19.1"",""observation_semantics"":""source posting date resolved by the JobRadar adapter"",""platform"":""topcv"",""raw_payload_sha256"":""2859c501d0648e5fed046b1568bc98e1b99c28dc325c0e300f8f66a26db99dcb"",""scraped_at"":""2026-07-19T04:34:52.211238+00:00"",""snapshot_cutoff"":""2026-07-19T04:36:28.244910+00:00"",""source_url"":""https://www.topcv.vn/viec-lam/cobol-developer/2161708.html"",""title_normalizer_revision"":""2f434fba22de3a14c1b199331c8ca18408dc72e702071bf4bbfe380daff40f58""}"
topcv,2162851,2026-06-27,Fullstack Developer,Fullstack Developer,mid,Ha Noi,3,3,[],,30000000.00,information_technology,"{""company_name"":""Công ty Cổ phần Hệ thống Công nghệ ETC"",""dataset"":""jobradar/topcv-operational-salary-snapshot"",""dataset_commit"":""first-seen-before:2026-07-19T04:36:28.244910+00:00"",""dataset_url"":""https://www.topcv.vn/viec-lam/fullstack-developer/2162851.html"",""first_seen_at"":""2026-07-18T17:02:17.749745+00:00"",""first_seen_batch_id"":""42c0cbd6-0939-4304-ba41-2bf2766aef6a"",""license"":""NOASSERTION"",""location_normalizer_revision"":""2026-07-19.1"",""observation_semantics"":""source posting date resolved by the JobRadar adapter"",""platform"":""topcv"",""raw_payload_sha256"":""ca53c087c789971dc3783353b4307381f6d051832b59a995fea9687701fd9b72"",""scraped_at"":""2026-07-19T04:35:07.133846+00:00"",""snapshot_cutoff"":""2026-07-19T04:36:28.244910+00:00"",""source_url"":""https://www.topcv.vn/viec-lam/fullstack-developer/2162851.html"",""title_normalizer_revision"":""2f434fba22de3a14c1b199331c8ca18408dc72e702071bf4bbfe380daff40f58""}"
topcv,2167235,2026-07-04,Java Technical Leader/ Java Technical Expert,Senior Java Technical Leader/ Java Technical Expert,senior,Ha Noi,5,5,"[""Java""]",,55000000.00,information_technology,"{""company_name"":""CÔNG TY TNHH SOFTROAD"",""dataset"":""jobradar/topcv-operational-salary-snapshot"",""dataset_commit"":""first-seen-before:2026-07-19T04:36:28.244910+00:00"",""dataset_url"":""https://www.topcv.vn/viec-lam/java-technical-leader-java-technical-expert/2167235.html"",""first_seen_at"":""2026-07-18T17:02:16.759044+00:00"",""first_seen_batch_id"":""42c0cbd6-0939-4304-ba41-2bf2766aef6a"",""license"":""NOASSERTION"",""location_normalizer_revision"":""2026-07-19.1"",""observation_semantics"":""source posting date resolved by the JobRadar adapter"",""platform"":""topcv"",""raw_payload_sha256"":""c5205b337846510d69c256febd4f3e39107d0cbe8be578e39a2183448c2e0d90"",""scraped_at"":""2026-07-19T04:34:52.207245+00:00"",""snapshot_cutoff"":""2026-07-19T04:36:28.244910+00:00"",""source_url"":""https://www.topcv.vn/viec-lam/java-technical-leader-java-technical-expert/2167235.html"",""title_normalizer_revision"":""2f434fba22de3a14c1b199331c8ca18408dc72e702071bf4bbfe380daff40f58""}"
topcv,2169815,2026-06-27,Nhân Viên Lập Trình CAM,Nhân Viên Lập Trình CAM,mid,Ha Noi,0,0,[],11000000.00,14000000.00,information_technology,"{""company_name"":""TẬP ĐOÀN AN PHÁT HOLDINGS"",""dataset"":""jobradar/topcv-operational-salary-snapshot"",""dataset_commit"":""first-seen-before:2026-07-19T04:36:28.244910+00:00"",""dataset_url"":""https://www.topcv.vn/viec-lam/nhan-vien-lap-trinh-cam/2169815.html"",""first_seen_at"":""2026-07-18T17:02:16.952455+00:00"",""first_seen_batch_id"":""42c0cbd6-0939-4304-ba41-2bf2766aef6a"",""license"":""NOASSERTION"",""location_normalizer_revision"":""2026-07-19.1"",""observation_semantics"":""source posting date resolved by the JobRadar adapter"",""platform"":""topcv"",""raw_payload_sha256"":""c05ab5a34b13561b2cb97fbf4509ce159e009f6adfe737ae0bffa7e270ca2c58"",""scraped_at"":""2026-07-19T04:34:57.119480+00:00"",""snapshot_cutoff"":""2026-07-19T04:36:28.244910+00:00"",""source_url"":""https://www.topcv.vn/viec-lam/nhan-vien-lap-trinh-cam/2169815.html"",""title_normalizer_revision"":""2f434fba22de3a14c1b199331c8ca18408dc72e702071bf4bbfe380daff40f58""}"
topcv,2174110,2026-07-11,Kĩ Sư Lập Trình PLC,Kĩ Sư Lập Trình PLC,mid,Hải Phòng,2,2,[],,25000000.00,information_technology,"{""company_name"":""CÔNG TY TNHH JPTECH"",""dataset"":""jobradar/topcv-operational-salary-snapshot"",""dataset_commit"":""first-seen-before:2026-07-19T04:36:28.244910+00:00"",""dataset_url"":""https://www.topcv.vn/viec-lam/ki-su-lap-trinh-plc/2174110.html"",""first_seen_at"":""2026-07-18T17:02:16.647015+00:00"",""first_seen_batch_id"":""42c0cbd6-0939-4304-ba41-2bf2766aef6a"",""license"":""NOASSERTION"",""location_normalizer_revision"":""2026-07-19.1"",""observation_semantics"":""source posting date resolved by the JobRadar adapter"",""platform"":""topcv"",""raw_payload_sha256"":""6fc889e0a2979bdefa295a5fc0f4622747d67ec7b24d398e9c87fd0e3b22bb59"",""scraped_at"":""2026-07-19T04:41:07.957471+00:00"",""snapshot_cutoff"":""2026-07-19T04:36:28.244910+00:00"",""source_url"":""https://www.topcv.vn/viec-lam/ki-su-lap-trinh-plc/2174110.html"",""title_normalizer_revision"":""2f434fba22de3a14c1b199331c8ca18408dc72e702071bf4bbfe380daff40f58""}"
topcv,2174475,2026-07-11,Chuyên Viên Quản Trị Dữ Liệu Sản Phẩm (Mảng Kỹ Thuật) - 12 Triệu/Tháng,Chuyên Viên Quản Trị Dữ Liệu Sản Phẩm Mảng Kỹ Thuật - 12 Triệu/Tháng,mid,Ha Noi,1,1,[],8000000.00,12000000.00,information_technology,"{""company_name"":""CENNEXT"",""dataset"":""jobradar/topcv-operational-salary-snapshot"",""dataset_commit"":""first-seen-before:2026-07-19T04:36:28.244910+00:00"",""dataset_url"":""https://www.topcv.vn/viec-lam/chuyen-vien-quan-tri-du-lieu-san-pham-mang-ky-thuat-12-trieu-thang/2174475.html"",""first_seen_at"":""2026-07-18T17:02:16.041694+00:00"",""first_seen_batch_id"":""42c0cbd6-0939-4304-ba41-2bf2766aef6a"",""license"":""NOASSERTION"",""location_normalizer_revision"":""2026-07-19.1"",""observation_semantics"":""source posting date resolved by the JobRadar adapter"",""platform"":""topcv"",""raw_payload_sha256"":""5d4b68a71e92d33dc69661171f70b09d840da2a9eb3362e580dd02468d01a5b6"",""scraped_at"":""2026-07-19T04:40:43.050712+00:00"",""snapshot_cutoff"":""2026-07-19T04:36:28.244910+00:00"",""source_url"":""https://www.topcv.vn/viec-lam/chuyen-vien-quan-tri-du-lieu-san-pham-mang-ky-thuat-12-trieu-thang/2174475.html"",""title_normalizer_revision"":""2f434fba22de3a14c1b199331c8ca18408dc72e702071bf4bbfe380daff40f58""}"
topcv,2175254,2026-07-04,Thực Tập Sinh Lập Trình (Intern IT),Thực Tập Sinh Lập Trình Intern IT ,intern,Ha Noi,0,0,"[""Intern""]",,3000000.00,information_technology,"{""company_name"":""CÔNG TY TNHH THƯƠNG MẠI DỊCH VỤ LIFESTYLE VIỆT NAM"",""dataset"":""jobradar/topcv-operational-salary-snapshot"",""dataset_commit"":""first-seen-before:2026-07-19T04:36:28.244910+00:00"",""dataset_url"":""https://www.topcv.vn/viec-lam/thuc-tap-sinh-lap-trinh-intern-it/2175254.html"",""first_seen_at"":""2026-07-18T17:02:17.366977+00:00"",""first_seen_batch_id"":""42c0cbd6-0939-4304-ba41-2bf2766aef6a"",""license"":""NOASSERTION"",""location_normalizer_revision"":""2026-07-19.1"",""observation_semantics"":""source posting date resolved by the JobRadar adapter"",""platform"":""topcv"",""raw_payload_sha256"":""72e71c002f4fc176842262b0e9b9ca8e96ee7c33eed40c0864b7efe66e54b50f"",""scraped_at"":""2026-07-19T04:35:02.341410+00:00"",""snapshot_cutoff"":""2026-07-19T04:36:28.244910+00:00"",""source_url"":""https://www.topcv.vn/viec-lam/thuc-tap-sinh-lap-trinh-intern-it/2175254.html"",""title_normalizer_revision"":""2f434fba22de3a14c1b199331c8ca18408dc72e702071bf4bbfe380daff40f58""}"
topcv,2179597,2026-07-04,Senior Mobile Developer,Senior Mobile Developer,senior,Ho Chi Minh,3,3,[],30000000.00,50000000.00,information_technology,"{""company_name"":""Công ty TNHH IA- Data Tech Vietnam"",""dataset"":""jobradar/topcv-operational-salary-snapshot"",""dataset_commit"":""first-seen-before:2026-07-19T04:36:28.244910+00:00"",""dataset_url"":""https://www.topcv.vn/viec-lam/senior-mobile-developer/2179597.html"",""first_seen_at"":""2026-07-18T17:02:17.208112+00:00"",""first_seen_batch_id"":""42c0cbd6-0939-4304-ba41-2bf2766aef6a"",""license"":""NOASSERTION"",""location_normalizer_revision"":""2026-07-19.1"",""observation_semantics"":""source posting date resolved by the JobRadar adapter"",""platform"":""topcv"",""raw_payload_sha256"":""2d704d85749ca24aa48e08604e8cf0a8925e63367c344b6726bc5d6a812c4c60"",""scraped_at"":""2026-07-19T04:34:57.148874+00:00"",""snapshot_cutoff"":""2026-07-19T04:36:28.244910+00:00"",""source_url"":""https://www.topcv.vn/viec-lam/senior-mobile-developer/2179597.html"",""title_normalizer_revision"":""2f434fba22de3a14c1b199331c8ca18408dc72e702071bf4bbfe380daff40f58""}"
topcv,2180908,2026-07-11,Backend Developer (Ecommerce Infrastructure SaaS),Backend Developer,mid,Ha Noi,3,3,[],20000000.00,30000000.00,information_technology,"{""company_name"":""Công ty cổ phần Dev FromVietnam"",""dataset"":""jobradar/topcv-operational-salary-snapshot"",""dataset_commit"":""first-seen-before:2026-07-19T04:36:28.244910+00:00"",""dataset_url"":""https://www.topcv.vn/viec-lam/backend-developer-ecommerce-infrastructure-saas/2180908.html"",""first_seen_at"":""2026-07-18T17:02:15.413018+00:00"",""first_seen_batch_id"":""42c0cbd6-0939-4304-ba41-2bf2766aef6a"",""license"":""NOASSERTION"",""location_normalizer_revision"":""2026-07-19.1"",""observation_semantics"":""source posting date resolved by the JobRadar adapter"",""platform"":""topcv"",""raw_payload_sha256"":""12f88bb2c4bdd5c121cc5ea321747a90554570788638236ce531395bdaa2e7c6"",""scraped_at"":""2026-07-19T04:40:23.288495+00:00"",""snapshot_cutoff"":""2026-07-19T04:36:28.244910+00:00"",""source_url"":""https://www.topcv.vn/viec-lam/backend-developer-ecommerce-infrastructure-saas/2180908.html"",""title_normalizer_revision"":""2f434fba22de3a14c1b199331c8ca18408dc72e702071bf4bbfe380daff40f58""}"
topcv,2183528,2026-07-11,Fullstack Developer (Java/Angular)_3-5yoE_upto30M,Fullstack Developer,mid,Ha Noi,3,3,"[""Angular"",""Java""]",20000000.00,25000000.00,information_technology,"{""company_name"":""Công ty Cổ phần Giải pháp Công nghệ TTC Việt Nam"",""dataset"":""jobradar/topcv-operational-salary-snapshot"",""dataset_commit"":""first-seen-before:2026-07-19T04:36:28.244910+00:00"",""dataset_url"":""https://www.topcv.vn/viec-lam/fullstack-developer-java-angular-3-5yoe-upto30m/2183528.html"",""first_seen_at"":""2026-07-18T17:02:16.024175+00:00"",""first_seen_batch_id"":""42c0cbd6-0939-4304-ba41-2bf2766aef6a"",""license"":""NOASSERTION"",""location_normalizer_revision"":""2026-07-19.1"",""observation_semantics"":""source posting date resolved by the JobRadar adapter"",""platform"":""topcv"",""raw_payload_sha256"":""4427417265882f3102ea6e14fe2930ed783a5185c699d0c385e97b571dc16816"",""scraped_at"":""2026-07-19T04:40:43.036354+00:00"",""snapshot_cutoff"":""2026-07-19T04:36:28.244910+00:00"",""source_url"":""https://www.topcv.vn/viec-lam/fullstack-developer-java-angular-3-5yoe-upto30m/2183528.html"",""title_normalizer_revision"":""2f434fba22de3a14c1b199331c8ca18408dc72e702071bf4bbfe380daff40f58""}"
topcv,2186451,2026-07-11,Kỹ Sư Lập Trình Nhúng,Embedded Engineer,mid,Ha Noi,1,1,[],18000000.00,30000000.00,information_technology,"{""company_name"":""CÔNG TY CP ỨNG DỤNG VÀ PHÁT TRIỂN CÔNG NGHỆ TOÀN CẦU SMC"",""dataset"":""jobradar/topcv-operational-salary-snapshot"",""dataset_commit"":""first-seen-before:2026-07-19T04:36:28.244910+00:00"",""dataset_url"":""https://www.topcv.vn/viec-lam/ky-su-lap-trinh-nhung/2186451.html"",""first_seen_at"":""2026-07-18T17:02:17.855297+00:00"",""first_seen_batch_id"":""42c0cbd6-0939-4304-ba41-2bf2766aef6a"",""license"":""NOASSERTION"",""location_normalizer_revision"":""2026-07-19.1"",""observation_semantics"":""source posting date resolved by the JobRadar adapter"",""platform"":""topcv"",""raw_payload_sha256"":""47276b484e030a2a2cce216cdc9e1240c6cbc13188bcf2a79ca6a097a34cbff3"",""scraped_at"":""2026-07-19T04:35:07.147609+00:00"",""snapshot_cutoff"":""2026-07-19T04:36:28.244910+00:00"",""source_url"":""https://www.topcv.vn/viec-lam/ky-su-lap-trinh-nhung/2186451.html"",""title_normalizer_revision"":""2f434fba22de3a14c1b199331c8ca18408dc72e702071bf4bbfe380daff40f58""}"
topcv,2186491,2026-07-12,Playable Ads Intern (Short Game) [F17],Playable Ads Intern Short Game F17 ,intern,Ha Noi,0,0,"[""Intern""]",8000000.00,10000000.00,information_technology,"{""company_name"":""Công ty Cổ phần Falcon Technology"",""dataset"":""jobradar/topcv-operational-salary-snapshot"",""dataset_commit"":""first-seen-before:2026-07-19T04:36:28.244910+00:00"",""dataset_url"":""https://www.topcv.vn/viec-lam/playable-ads-intern-short-game-f17/2186491.html"",""first_seen_at"":""2026-07-18T17:02:17.431627+00:00"",""first_seen_batch_id"":""42c0cbd6-0939-4304-ba41-2bf2766aef6a"",""license"":""NOASSERTION"",""location_normalizer_revision"":""2026-07-19.1"",""observation_semantics"":""source posting date resolved by the JobRadar adapter"",""platform"":""topcv"",""raw_payload_sha256"":""9bf5a8649c265c1b7712485e9bcde88833da3f6c03be25b9224725bd0e598733"",""scraped_at"":""2026-07-19T04:35:02.350412+00:00"",""snapshot_cutoff"":""2026-07-19T04:36:28.244910+00:00"",""source_url"":""https://www.topcv.vn/viec-lam/playable-ads-intern-short-game-f17/2186491.html"",""title_normalizer_revision"":""2f434fba22de3a14c1b199331c8ca18408dc72e702071bf4bbfe380daff40f58""}"
topcv,2190928,2026-07-12,Kỹ Sư Lập Trình App Cho Hệ Thống Robot,Kỹ Sư Lập Trình App Cho Hệ Thống Robot,mid,Ha Noi,0,0,"[""Robot Framework""]",12000000.00,15000000.00,information_technology,"{""company_name"":""CÔNG TY CỔ PHẦN RTC TECHNOLOGY VIỆT NAM"",""dataset"":""jobradar/topcv-operational-salary-snapshot"",""dataset_commit"":""first-seen-before:2026-07-19T04:36:28.244910+00:00"",""dataset_url"":""https://www.topcv.vn/viec-lam/ky-su-lap-trinh-app-cho-he-thong-robot/2190928.html"",""first_seen_at"":""2026-07-18T17:02:16.465578+00:00"",""first_seen_batch_id"":""42c0cbd6-0939-4304-ba41-2bf2766aef6a"",""license"":""NOASSERTION"",""location_normalizer_revision"":""2026-07-19.1"",""observation_semantics"":""source posting date resolved by the JobRadar adapter"",""platform"":""topcv"",""raw_payload_sha256"":""c6280d4df84258f6a58d606ddc2fe09de9fbaf04176a63af81aa807359c3a3d2"",""scraped_at"":""2026-07-19T04:41:03.052279+00:00"",""snapshot_cutoff"":""2026-07-19T04:36:28.244910+00:00"",""source_url"":""https://www.topcv.vn/viec-lam/ky-su-lap-trinh-app-cho-he-thong-robot/2190928.html"",""title_normalizer_revision"":""2f434fba22de3a14c1b199331c8ca18408dc72e702071bf4bbfe380daff40f58""}"
topcv,2191134,2026-07-11,Trưởng Nhóm Full-Stack Developer,Fullstack Developer,lead,Ha Noi,4,4,[],25000000.00,35000000.00,information_technology,"{""company_name"":""Công ty Cổ phần Công nghệ Phần mềm Tinh Vân"",""dataset"":""jobradar/topcv-operational-salary-snapshot"",""dataset_commit"":""first-seen-before:2026-07-19T04:36:28.244910+00:00"",""dataset_url"":""https://www.topcv.vn/viec-lam/truong-nhom-full-stack-developer/2191134.html"",""first_seen_at"":""2026-07-18T17:02:16.580093+00:00"",""first_seen_batch_id"":""42c0cbd6-0939-4304-ba41-2bf2766aef6a"",""license"":""NOASSERTION"",""location_normalizer_revision"":""2026-07-19.1"",""observation_semantics"":""source posting date resolved by the JobRadar adapter"",""platform"":""topcv"",""raw_payload_sha256"":""2cb191e908f3d5325d10face1aecfb0176b397020287cda1e9b8cbaa1cc1ca55"",""scraped_at"":""2026-07-19T04:35:02.370806+00:00"",""snapshot_cutoff"":""2026-07-19T04:36:28.244910+00:00"",""source_url"":""https://www.topcv.vn/viec-lam/truong-nhom-full-stack-developer/2191134.html"",""title_normalizer_revision"":""2f434fba22de3a14c1b199331c8ca18408dc72e702071bf4bbfe380daff40f58""}"
topcv,2194177,2026-07-13,Kỹ Sư Phát Triển Phần Mềm Nhúng Matlab Simulink - Tiếng Nhật Lương Cao-Được Chọn Làm Tại VN Hoặc Nhật Bản (VN 216),Embedded Engineer,mid,Ho Chi Minh,2,2,"[""MATLAB""]",50000000.00,,information_technology,"{""company_name"":""CTY TNHH R TECHNO VIỆT NAM"",""dataset"":""jobradar/topcv-operational-salary-snapshot"",""dataset_commit"":""first-seen-before:2026-07-19T04:36:28.244910+00:00"",""dataset_url"":""https://www.topcv.vn/viec-lam/ky-su-phat-trien-phan-mem-nhung-matlab-simulink-tieng-nhat-luong-cao-duoc-chon-lam-tai-vn-hoac-nhat-ban-vn-216/2194177.html"",""first_seen_at"":""2026-07-18T17:02:15.617771+00:00"",""first_seen_batch_id"":""42c0cbd6-0939-4304-ba41-2bf2766aef6a"",""license"":""NOASSERTION"",""location_normalizer_revision"":""2026-07-19.1"",""observation_semantics"":""source posting date resolved by the JobRadar adapter"",""platform"":""topcv"",""raw_payload_sha256"":""7911afa5133901d14ee3c4445c0af6bd85a211cb41ff02a5d58534d1762f7e56"",""scraped_at"":""2026-07-19T04:40:27.865823+00:00"",""snapshot_cutoff"":""2026-07-19T04:36:28.244910+00:00"",""source_url"":""https://www.topcv.vn/viec-lam/ky-su-phat-trien-phan-mem-nhung-matlab-simulink-tieng-nhat-luong-cao-duoc-chon-lam-tai-vn-hoac-nhat-ban-vn-216/2194177.html"",""title_normalizer_revision"":""2f434fba22de3a14c1b199331c8ca18408dc72e702071bf4bbfe380daff40f58""}"
topcv,2196525,2026-06-27,"Full Stack Developer (Junior - Middle) - Thu Nhập Upto 17 Triệu/Tháng , Xét Tăng Lương Định Kỳ (Nghỉ T7,CN)",Junior Fullstack Developer,junior,Ha Noi,1,1,[],,17000000.00,information_technology,"{""company_name"":""Công ty Cổ phần Giải pháp An ninh Dữ liệu Việt Nam"",""dataset"":""jobradar/topcv-operational-salary-snapshot"",""dataset_commit"":""first-seen-before:2026-07-19T04:36:28.244910+00:00"",""dataset_url"":""https://www.topcv.vn/viec-lam/full-stack-developer-junior-middle-thu-nhap-upto-17-trieu-thang-xet-tang-luong-dinh-ky-nghi-t7-cn/2196525.html"",""first_seen_at"":""2026-07-18T17:02:17.462843+00:00"",""first_seen_batch_id"":""42c0cbd6-0939-4304-ba41-2bf2766aef6a"",""license"":""NOASSERTION"",""location_normalizer_revision"":""2026-07-19.1"",""observation_semantics"":""source posting date resolved by the JobRadar adapter"",""platform"":""topcv"",""raw_payload_sha256"":""c889483a949e7e610fdca73cacdbc0aad30bedb7ec8ec9eb8cd4d9814ff1d4e0"",""scraped_at"":""2026-07-19T04:35:02.354079+00:00"",""snapshot_cutoff"":""2026-07-19T04:36:28.244910+00:00"",""source_url"":""https://www.topcv.vn/viec-lam/full-stack-developer-junior-middle-thu-nhap-upto-17-trieu-thang-xet-tang-luong-dinh-ky-nghi-t7-cn/2196525.html"",""title_normalizer_revision"":""2f434fba22de3a14c1b199331c8ca18408dc72e702071bf4bbfe380daff40f58""}"
topcv,2201453,2026-07-13,Kỹ Sư Lập Trình -  Vận Hành Máy Phay CNC,Kỹ Sư Lập Trình - Vận Hành Máy Phay CNC,mid,Ha Noi,2,2,[],15000000.00,25000000.00,information_technology,"{""company_name"":""CÔNG TY TNHH CÔNG NGHỆ CAO MICRO ONE"",""dataset"":""jobradar/topcv-operational-salary-snapshot"",""dataset_commit"":""first-seen-before:2026-07-19T04:36:28.244910+00:00"",""dataset_url"":""https://www.topcv.vn/viec-lam/ky-su-lap-trinh-van-hanh-may-phay-cnc/2201453.html"",""first_seen_at"":""2026-07-18T17:02:15.546468+00:00"",""first_seen_batch_id"":""42c0cbd6-0939-4304-ba41-2bf2766aef6a"",""license"":""NOASSERTION"",""location_normalizer_revision"":""2026-07-19.1"",""observation_semantics"":""source posting date resolved by the JobRadar adapter"",""platform"":""topcv"",""raw_payload_sha256"":""48e1df07534a11e78c9169fc9c2c058f38accebab0d56429554638ebd3d5334b"",""scraped_at"":""2026-07-19T04:40:27.849815+00:00"",""snapshot_cutoff"":""2026-07-19T04:36:28.244910+00:00"",""source_url"":""https://www.topcv.vn/viec-lam/ky-su-lap-trinh-van-hanh-may-phay-cnc/2201453.html"",""title_normalizer_revision"":""2f434fba22de3a14c1b199331c8ca18408dc72e702071bf4bbfe380daff40f58""}"
topcv,2201488,2026-07-13,Chuyên Viên Lập Trình Máy CNC Tiện,Chuyên Viên Lập Trình Máy CNC Tiện,mid,Ha Noi,2,2,[],8000000.00,15000000.00,information_technology,"{""company_name"":""CÔNG TY TNHH CÔNG NGHỆ CAO MICRO ONE"",""dataset"":""jobradar/topcv-operational-salary-snapshot"",""dataset_commit"":""first-seen-before:2026-07-19T04:36:28.244910+00:00"",""dataset_url"":""https://www.topcv.vn/viec-lam/chuyen-vien-lap-trinh-may-cnc-tien/2201488.html"",""first_seen_at"":""2026-07-18T17:02:15.554380+00:00"",""first_seen_batch_id"":""42c0cbd6-0939-4304-ba41-2bf2766aef6a"",""license"":""NOASSERTION"",""location_normalizer_revision"":""2026-07-19.1"",""observation_semantics"":""source posting date resolved by the JobRadar adapter"",""platform"":""topcv"",""raw_payload_sha256"":""e3ca016ccdaf2a20594ee094ae0803ad9ef544e77d80ced57171920c48f8cbd9"",""scraped_at"":""2026-07-19T04:40:27.850787+00:00"",""snapshot_cutoff"":""2026-07-19T04:36:28.244910+00:00"",""source_url"":""https://www.topcv.vn/viec-lam/chuyen-vien-lap-trinh-may-cnc-tien/2201488.html"",""title_normalizer_revision"":""2f434fba22de3a14c1b199331c8ca18408dc72e702071bf4bbfe380daff40f58""}"
topcv,2203000,2026-06-18,Unity Developer,Game Developer,mid,Ha Noi,2,2,"[""Unity""]",15000000.00,25000000.00,information_technology,"{""company_name"":""CÔNG TY TNHH HORUS PRODUCTIONS"",""dataset"":""jobradar/topcv-operational-salary-snapshot"",""dataset_commit"":""first-seen-before:2026-07-19T04:36:28.244910+00:00"",""dataset_url"":""https://www.topcv.vn/viec-lam/unity-developer/2203000.html"",""first_seen_at"":""2026-07-18T17:02:18.424634+00:00"",""first_seen_batch_id"":""42c0cbd6-0939-4304-ba41-2bf2766aef6a"",""license"":""NOASSERTION"",""location_normalizer_revision"":""2026-07-19.1"",""observation_semantics"":""source posting date resolved by the JobRadar adapter"",""platform"":""topcv"",""raw_payload_sha256"":""f9219db1c8eab02c5257c6af784074a06251efee023ac7f220a584bfb5d55c3b"",""scraped_at"":""2026-07-19T04:35:12.120157+00:00"",""snapshot_cutoff"":""2026-07-19T04:36:28.244910+00:00"",""source_url"":""https://www.topcv.vn/viec-lam/unity-developer/2203000.html"",""title_normalizer_revision"":""2f434fba22de3a14c1b199331c8ca18408dc72e702071bf4bbfe380daff40f58""}"
topcv,2205419,2026-06-18,Kỹ Sư Điện - Tự Động Hoá,Kỹ Sư Điện - Tự Động Hoá,mid,Ha Noi,0,0,[],10000000.00,18000000.00,information_technology,"{""company_name"":""CÔNG TY CỔ PHẦN CƠ ĐIỆN PHÒNG SẠCH ANH KHANG"",""dataset"":""jobradar/topcv-operational-salary-snapshot"",""dataset_commit"":""first-seen-before:2026-07-19T04:36:28.244910+00:00"",""dataset_url"":""https://www.topcv.vn/viec-lam/ky-su-dien-tu-dong-hoa/2205419.html"",""first_seen_at"":""2026-07-18T17:02:18.447483+00:00"",""first_seen_batch_id"":""42c0cbd6-0939-4304-ba41-2bf2766aef6a"",""license"":""NOASSERTION"",""location_normalizer_revision"":""2026-07-19.1"",""observation_semantics"":""source posting date resolved by the JobRadar adapter"",""platform"":""topcv"",""raw_payload_sha256"":""1f7dae15b45b2e0094b5a89d0f3991fc93121fa36f17525a4c2580159b917b39"",""scraped_at"":""2026-07-19T04:35:16.661670+00:00"",""snapshot_cutoff"":""2026-07-19T04:36:28.244910+00:00"",""source_url"":""https://www.topcv.vn/viec-lam/ky-su-dien-tu-dong-hoa/2205419.html"",""title_normalizer_revision"":""2f434fba22de3a14c1b199331c8ca18408dc72e702071bf4bbfe380daff40f58""}"
topcv,2206161,2026-07-11,Kỹ Sư Lập Trình Gia Công CNC Thu Nhập 16 - 25 Triệu,Kỹ Sư Lập Trình Gia Công CNC Thu Nhập 16 - 25 Triệu,mid,Ha Noi,2,2,[],16000000.00,25000000.00,information_technology,"{""company_name"":""Công ty TNHH MATEC Việt Nam"",""dataset"":""jobradar/topcv-operational-salary-snapshot"",""dataset_commit"":""first-seen-before:2026-07-19T04:36:28.244910+00:00"",""dataset_url"":""https://www.topcv.vn/viec-lam/ky-su-lap-trinh-gia-cong-cnc-thu-nhap-16-25-trieu/2206161.html"",""first_seen_at"":""2026-07-18T17:02:15.607842+00:00"",""first_seen_batch_id"":""42c0cbd6-0939-4304-ba41-2bf2766aef6a"",""license"":""NOASSERTION"",""location_normalizer_revision"":""2026-07-19.1"",""observation_semantics"":""source posting date resolved by the JobRadar adapter"",""platform"":""topcv"",""raw_payload_sha256"":""bfdf71b1ec795c2ad308a96e7bf266c6b416d5b4332edcfdbfabe627caffe3c2"",""scraped_at"":""2026-07-19T04:40:27.857809+00:00"",""snapshot_cutoff"":""2026-07-19T04:36:28.244910+00:00"",""source_url"":""https://www.topcv.vn/viec-lam/ky-su-lap-trinh-gia-cong-cnc-thu-nhap-16-25-trieu/2206161.html"",""title_normalizer_revision"":""2f434fba22de3a14c1b199331c8ca18408dc72e702071bf4bbfe380daff40f58""}"
topcv,2206731,2026-06-18,.NET Lead (Dự Án Healthcare),.NET Lead Dự Án Healthcare ,lead,Ha Noi,5,5,"["".NET""]",,50000000.00,information_technology,"{""company_name"":""Công ty cổ phần Synodus"",""dataset"":""jobradar/topcv-operational-salary-snapshot"",""dataset_commit"":""first-seen-before:2026-07-19T04:36:28.244910+00:00"",""dataset_url"":""https://www.topcv.vn/viec-lam/net-lead-du-an-healthcare/2206731.html"",""first_seen_at"":""2026-07-18T17:02:18.417584+00:00"",""first_seen_batch_id"":""42c0cbd6-0939-4304-ba41-2bf2766aef6a"",""license"":""NOASSERTION"",""location_normalizer_revision"":""2026-07-19.1"",""observation_semantics"":""source posting date resolved by the JobRadar adapter"",""platform"":""topcv"",""raw_payload_sha256"":""f15cd3545708e8ea65d0ba7b6e2d4bdd10b47be64032292e76f1f22cf4d1a4b5"",""scraped_at"":""2026-07-19T04:35:12.119253+00:00"",""snapshot_cutoff"":""2026-07-19T04:36:28.244910+00:00"",""source_url"":""https://www.topcv.vn/viec-lam/net-lead-du-an-healthcare/2206731.html"",""title_normalizer_revision"":""2f434fba22de3a14c1b199331c8ca18408dc72e702071bf4bbfe380daff40f58""}"
topcv,2206844,2026-07-11,Full-Stack Developer,Fullstack Developer,mid,Ho Chi Minh,0,0,[],9000000.00,10000000.00,information_technology,"{""company_name"":""CÔNG TY TNHH VI TÍNH NGUYÊN KIM"",""dataset"":""jobradar/topcv-operational-salary-snapshot"",""dataset_commit"":""first-seen-before:2026-07-19T04:36:28.244910+00:00"",""dataset_url"":""https://www.topcv.vn/viec-lam/full-stack-developer/2206844.html"",""first_seen_at"":""2026-07-18T17:02:15.723459+00:00"",""first_seen_batch_id"":""42c0cbd6-0939-4304-ba41-2bf2766aef6a"",""license"":""NOASSERTION"",""location_normalizer_revision"":""2026-07-19.1"",""observation_semantics"":""source posting date resolved by the JobRadar adapter"",""platform"":""topcv"",""raw_payload_sha256"":""a7500fda16a4ff5fa91fe7370741eb500c7289e2a37c87664573c1477291bff1"",""scraped_at"":""2026-07-19T04:40:37.962250+00:00"",""snapshot_cutoff"":""2026-07-19T04:36:28.244910+00:00"",""source_url"":""https://www.topcv.vn/viec-lam/full-stack-developer/2206844.html"",""title_normalizer_revision"":""2f434fba22de3a14c1b199331c8ca18408dc72e702071bf4bbfe380daff40f58""}"
topcv,2207155,2026-06-18,Trưởng Nhóm Frontend Developer (NextJS),Frontend Developer,lead,Ha Noi,3,3,"[""Next.js""]",25000000.00,32000000.00,information_technology,"{""company_name"":""CÔNG TY CỔ PHẦN CÔNG NGHỆ ALPHAWAY"",""dataset"":""jobradar/topcv-operational-salary-snapshot"",""dataset_commit"":""first-seen-before:2026-07-19T04:36:28.244910+00:00"",""dataset_url"":""https://www.topcv.vn/viec-lam/truong-nhom-frontend-developer-nextjs/2207155.html"",""first_seen_at"":""2026-07-18T17:02:18.439937+00:00"",""first_seen_batch_id"":""42c0cbd6-0939-4304-ba41-2bf2766aef6a"",""license"":""NOASSERTION"",""location_normalizer_revision"":""2026-07-19.1"",""observation_semantics"":""source posting date resolved by the JobRadar adapter"",""platform"":""topcv"",""raw_payload_sha256"":""92a5e177eb3c2150b6aa6c31948fc682fe0fc83b6d044cc8ea3b17a80a65c352"",""scraped_at"":""2026-07-19T04:35:12.121905+00:00"",""snapshot_cutoff"":""2026-07-19T04:36:28.244910+00:00"",""source_url"":""https://www.topcv.vn/viec-lam/truong-nhom-frontend-developer-nextjs/2207155.html"",""title_normalizer_revision"":""2f434fba22de3a14c1b199331c8ca18408dc72e702071bf4bbfe380daff40f58""}"
topcv,2208352,2026-06-18,Android Developer (Kotlin) Up To 45M,Mobile Developer,mid,Ho Chi Minh,2,2,"[""Android (Native)"",""Kotlin""]",20000000.00,45000000.00,information_technology,"{""company_name"":""CÔNG TY CỔ PHẦN CÔNG NGHỆ AI XTECH"",""dataset"":""jobradar/topcv-operational-salary-snapshot"",""dataset_commit"":""first-seen-before:2026-07-19T04:36:28.244910+00:00"",""dataset_url"":""https://www.topcv.vn/viec-lam/android-developer-kotlin-up-to-45m/2208352.html"",""first_seen_at"":""2026-07-18T17:02:16.201498+00:00"",""first_seen_batch_id"":""42c0cbd6-0939-4304-ba41-2bf2766aef6a"",""license"":""NOASSERTION"",""location_normalizer_revision"":""2026-07-19.1"",""observation_semantics"":""source posting date resolved by the JobRadar adapter"",""platform"":""topcv"",""raw_payload_sha256"":""46fefe811891da0d3e79494248bc9e4f8b250478f0f4b0abb0163d7d08d25503"",""scraped_at"":""2026-07-19T04:40:48.055163+00:00"",""snapshot_cutoff"":""2026-07-19T04:36:28.244910+00:00"",""source_url"":""https://www.topcv.vn/viec-lam/android-developer-kotlin-up-to-45m/2208352.html"",""title_normalizer_revision"":""2f434fba22de3a14c1b199331c8ca18408dc72e702071bf4bbfe380daff40f58""}"
topcv,2209073,2026-06-18,Java Developer,Backend Developer,mid,Ho Chi Minh,2,2,"[""Java""]",15000000.00,25000000.00,information_technology,"{""company_name"":""Công ty Cổ phần Công nghệ thông tin Đông Nam Á"",""dataset"":""jobradar/topcv-operational-salary-snapshot"",""dataset_commit"":""first-seen-before:2026-07-19T04:36:28.244910+00:00"",""dataset_url"":""https://www.topcv.vn/viec-lam/java-developer/2209073.html"",""first_seen_at"":""2026-07-18T17:02:17.943460+00:00"",""first_seen_batch_id"":""42c0cbd6-0939-4304-ba41-2bf2766aef6a"",""license"":""NOASSERTION"",""location_normalizer_revision"":""2026-07-19.1"",""observation_semantics"":""source posting date resolved by the JobRadar adapter"",""platform"":""topcv"",""raw_payload_sha256"":""bda37d2c01c4df9548332f15eb95a90b41ca3312db6e60b38554fca12c437d5f"",""scraped_at"":""2026-07-19T04:35:07.157209+00:00"",""snapshot_cutoff"":""2026-07-19T04:36:28.244910+00:00"",""source_url"":""https://www.topcv.vn/viec-lam/java-developer/2209073.html"",""title_normalizer_revision"":""2f434fba22de3a14c1b199331c8ca18408dc72e702071bf4bbfe380daff40f58""}"
topcv,2209100,2026-06-18,Lập Trình Viên Front End,Frontend Developer,mid,Ho Chi Minh,1,1,"[""Front""]",10000000.00,20000000.00,information_technology,"{""company_name"":""Công ty Cổ phần Công nghệ thông tin Đông Nam Á"",""dataset"":""jobradar/topcv-operational-salary-snapshot"",""dataset_commit"":""first-seen-before:2026-07-19T04:36:28.244910+00:00"",""dataset_url"":""https://www.topcv.vn/viec-lam/lap-trinh-vien-front-end/2209100.html"",""first_seen_at"":""2026-07-18T17:02:17.922090+00:00"",""first_seen_batch_id"":""42c0cbd6-0939-4304-ba41-2bf2766aef6a"",""license"":""NOASSERTION"",""location_normalizer_revision"":""2026-07-19.1"",""observation_semantics"":""source posting date resolved by the JobRadar adapter"",""platform"":""topcv"",""raw_payload_sha256"":""2f2f31a2bdad2c11029b60749084c1c56f0f8e28c2d499a9e9a03f727b16ffdc"",""scraped_at"":""2026-07-19T04:35:07.159836+00:00"",""snapshot_cutoff"":""2026-07-19T04:36:28.244910+00:00"",""source_url"":""https://www.topcv.vn/viec-lam/lap-trinh-vien-front-end/2209100.html"",""title_normalizer_revision"":""2f434fba22de3a14c1b199331c8ca18408dc72e702071bf4bbfe380daff40f58""}"
topcv,2209118,2026-07-11,"Senior Dev Odoo (Kinh Nghiệm Từ  3 Năm Trở Lên) - Thu Nhập Từ 25M – 40M (Nghỉ T7,CN)","Senior Dev Odoo Kinh Nghiệm Từ 3 Năm Trở Lên - Thu Nhập Từ 25M – 40M Nghỉ T7,CN ",senior,Ha Noi,3,3,"[""Odoo""]",25000000.00,40000000.00,information_technology,"{""company_name"":""CÔNG TY CỔ PHẦN GIẢI PHÁP THÔNG MINH NHÀ MÁY"",""dataset"":""jobradar/topcv-operational-salary-snapshot"",""dataset_commit"":""first-seen-before:2026-07-19T04:36:28.244910+00:00"",""dataset_url"":""https://www.topcv.vn/viec-lam/senior-dev-odoo-kinh-nghiem-tu-3-nam-tro-len-thu-nhap-tu-25m-40m-nghi-t7-cn/2209118.html"",""first_seen_at"":""2026-07-18T17:02:15.571786+00:00"",""first_seen_batch_id"":""42c0cbd6-0939-4304-ba41-2bf2766aef6a"",""license"":""NOASSERTION"",""location_normalizer_revision"":""2026-07-19.1"",""observation_semantics"":""source posting date resolved by the JobRadar adapter"",""platform"":""topcv"",""raw_payload_sha256"":""96f2b0090cc3afbafdf4a6f92d2f10d1e7847a3156562ea2aa0a689a9ee6d91b"",""scraped_at"":""2026-07-19T04:40:27.842845+00:00"",""snapshot_cutoff"":""2026-07-19T04:36:28.244910+00:00"",""source_url"":""https://www.topcv.vn/viec-lam/senior-dev-odoo-kinh-nghiem-tu-3-nam-tro-len-thu-nhap-tu-25m-40m-nghi-t7-cn/2209118.html"",""title_normalizer_revision"":""2f434fba22de3a14c1b199331c8ca18408dc72e702071bf4bbfe380daff40f58""}"
topcv,2209203,2026-06-18,HTML Trainee,HTML Trainee,mid,Da Nang,0,0,"[""HTML""]",8000000.00,10000000.00,information_technology,"{""company_name"":""CÔNG TY TRÁCH NHIỆM HỮU HẠN MỘT THÀNH VIÊN THƯƠNG MẠI & DỊCH VỤ FASTCODING VIỆT NAM"",""dataset"":""jobradar/topcv-operational-salary-snapshot"",""dataset_commit"":""first-seen-before:2026-07-19T04:36:28.244910+00:00"",""dataset_url"":""https://www.topcv.vn/viec-lam/html-trainee/2209203.html"",""first_seen_at"":""2026-07-18T17:02:17.891867+00:00"",""first_seen_batch_id"":""42c0cbd6-0939-4304-ba41-2bf2766aef6a"",""license"":""NOASSERTION"",""location_normalizer_revision"":""2026-07-19.1"",""observation_semantics"":""source posting date resolved by the JobRadar adapter"",""platform"":""topcv"",""raw_payload_sha256"":""2f66b993232329477e9a7259107c2cec1748cbcb14c094643a47d2e064de2746"",""scraped_at"":""2026-07-19T04:35:07.152712+00:00"",""snapshot_cutoff"":""2026-07-19T04:36:28.244910+00:00"",""source_url"":""https://www.topcv.vn/viec-lam/html-trainee/2209203.html"",""title_normalizer_revision"":""2f434fba22de3a14c1b199331c8ca18408dc72e702071bf4bbfe380daff40f58""}"
topcv,2209211,2026-06-18,Kế Toán Dự Án Phát Triển Phần Mềm,Software Engineer,mid,Ha Noi,3,3,[],18000000.00,22000000.00,information_technology,"{""company_name"":""CÔNG TY CỔ PHẦN PHÁT TRIỂN DỊCH VỤ ĐÁM MÂY CLOUDAZ"",""dataset"":""jobradar/topcv-operational-salary-snapshot"",""dataset_commit"":""first-seen-before:2026-07-19T04:36:28.244910+00:00"",""dataset_url"":""https://www.topcv.vn/viec-lam/ke-toan-du-an-phat-trien-phan-mem/2209211.html"",""first_seen_at"":""2026-07-18T17:02:16.976093+00:00"",""first_seen_batch_id"":""42c0cbd6-0939-4304-ba41-2bf2766aef6a"",""license"":""NOASSERTION"",""location_normalizer_revision"":""2026-07-19.1"",""observation_semantics"":""source posting date resolved by the JobRadar adapter"",""platform"":""topcv"",""raw_payload_sha256"":""9dda9202f9765927baefc87cfa5112aa7e98faf66f6201ded11891f6ed3c0fd8"",""scraped_at"":""2026-07-19T04:34:57.122412+00:00"",""snapshot_cutoff"":""2026-07-19T04:36:28.244910+00:00"",""source_url"":""https://www.topcv.vn/viec-lam/ke-toan-du-an-phat-trien-phan-mem/2209211.html"",""title_normalizer_revision"":""2f434fba22de3a14c1b199331c8ca18408dc72e702071bf4bbfe380daff40f58""}"
topcv,2209947,2026-06-27,"Lập Trình PLC Điều Khiển Điện Cho Hệ Thống Máy Sản Xuất Bán Dẫn, Thiết Bị Vận Chuyển Wafer - Đi Nhật Miễn Phí (JP258)","Lập Trình PLC Điều Khiển Điện Cho Hệ Thống Máy Sản Xuất Bán Dẫn, Thiết Bị Vận Chuyển Wafer - Đi Nhật Miễn Phí JP258 ",mid,Nhật Bản,2,2,[],56400000.00,77300000.00,information_technology,"{""company_name"":""CTY TNHH R TECHNO VIỆT NAM"",""dataset"":""jobradar/topcv-operational-salary-snapshot"",""dataset_commit"":""first-seen-before:2026-07-19T04:36:28.244910+00:00"",""dataset_url"":""https://www.topcv.vn/viec-lam/lap-trinh-plc-dieu-khien-dien-cho-he-thong-may-san-xuat-ban-dan-thiet-bi-van-chuyen-wafer-di-nhat-mien-phi-jp258/2209947.html"",""first_seen_at"":""2026-07-18T17:02:16.666612+00:00"",""first_seen_batch_id"":""42c0cbd6-0939-4304-ba41-2bf2766aef6a"",""license"":""NOASSERTION"",""location_normalizer_revision"":""2026-07-19.1"",""observation_semantics"":""source posting date resolved by the JobRadar adapter"",""platform"":""topcv"",""raw_payload_sha256"":""91e29705f94558d44fb38131e129751ae8c19c4693fa2381ab4d18184ccd0c5b"",""scraped_at"":""2026-07-19T04:34:52.196803+00:00"",""snapshot_cutoff"":""2026-07-19T04:36:28.244910+00:00"",""source_url"":""https://www.topcv.vn/viec-lam/lap-trinh-plc-dieu-khien-dien-cho-he-thong-may-san-xuat-ban-dan-thiet-bi-van-chuyen-wafer-di-nhat-mien-phi-jp258/2209947.html"",""title_normalizer_revision"":""2f434fba22de3a14c1b199331c8ca18408dc72e702071bf4bbfe380daff40f58""}"
topcv,2210581,2026-06-27,"Desktop Developer - Mức Lương 20-28 Triệu/Tháng , Thu Nhập Năm Khoảng 15-16 Tháng Lương","Desktop Developer - Mức Lương 20-28 Triệu/Tháng , Thu Nhập Năm Khoảng 15-16 Tháng Lương",mid,Ha Noi,2,2,[],20000000.00,28000000.00,information_technology,"{""company_name"":""Công ty TNHH Thiết kế T&T"",""dataset"":""jobradar/topcv-operational-salary-snapshot"",""dataset_commit"":""first-seen-before:2026-07-19T04:36:28.244910+00:00"",""dataset_url"":""https://www.topcv.vn/viec-lam/desktop-developer-muc-luong-20-28-trieu-thang-thu-nhap-nam-khoang-15-16-thang-luong/2210581.html"",""first_seen_at"":""2026-07-18T17:02:17.793868+00:00"",""first_seen_batch_id"":""42c0cbd6-0939-4304-ba41-2bf2766aef6a"",""license"":""NOASSERTION"",""location_normalizer_revision"":""2026-07-19.1"",""observation_semantics"":""source posting date resolved by the JobRadar adapter"",""platform"":""topcv"",""raw_payload_sha256"":""b66eb673eaab107bb2cdc26521a8757382b4104f8abfa969086886b20b91b733"",""scraped_at"":""2026-07-19T04:35:07.140396+00:00"",""snapshot_cutoff"":""2026-07-19T04:36:28.244910+00:00"",""source_url"":""https://www.topcv.vn/viec-lam/desktop-developer-muc-luong-20-28-trieu-thang-thu-nhap-nam-khoang-15-16-thang-luong/2210581.html"",""title_normalizer_revision"":""2f434fba22de3a14c1b199331c8ca18408dc72e702071bf4bbfe380daff40f58""}"
topcv,2210783,2026-07-12,Ai Automation Developer,Ai Automation Developer,mid,Ho Chi Minh,2,2,"[""Adobe Illustrator""]",14000000.00,,information_technology,"{""company_name"":""CÔNG TY TNHH TM SX ME NON"",""dataset"":""jobradar/topcv-operational-salary-snapshot"",""dataset_commit"":""first-seen-before:2026-07-19T04:36:28.244910+00:00"",""dataset_url"":""https://www.topcv.vn/viec-lam/ai-automation-developer/2210783.html"",""first_seen_at"":""2026-07-18T17:02:17.438861+00:00"",""first_seen_batch_id"":""42c0cbd6-0939-4304-ba41-2bf2766aef6a"",""license"":""NOASSERTION"",""location_normalizer_revision"":""2026-07-19.1"",""observation_semantics"":""source posting date resolved by the JobRadar adapter"",""platform"":""topcv"",""raw_payload_sha256"":""fd2b27615496e5ff80a5d04faf6437aca2b3e12260e47d5b936959c66bc3b2e5"",""scraped_at"":""2026-07-19T04:35:02.351313+00:00"",""snapshot_cutoff"":""2026-07-19T04:36:28.244910+00:00"",""source_url"":""https://www.topcv.vn/viec-lam/ai-automation-developer/2210783.html"",""title_normalizer_revision"":""2f434fba22de3a14c1b199331c8ca18408dc72e702071bf4bbfe380daff40f58""}"
topcv,2211418,2026-06-27,Kỹ Sư PE (Process Engineer),Kỹ Sư PE Process Engineer ,mid,Ninh Bình,2,2,[],15000000.00,30000000.00,information_technology,"{""company_name"":""CÔNG TY TNHH BIENE VIỆT NAM INC"",""dataset"":""jobradar/topcv-operational-salary-snapshot"",""dataset_commit"":""first-seen-before:2026-07-19T04:36:28.244910+00:00"",""dataset_url"":""https://www.topcv.vn/viec-lam/ky-su-pe-process-engineer/2211418.html"",""first_seen_at"":""2026-07-18T17:02:16.897742+00:00"",""first_seen_batch_id"":""42c0cbd6-0939-4304-ba41-2bf2766aef6a"",""license"":""NOASSERTION"",""location_normalizer_revision"":""2026-07-19.1"",""observation_semantics"":""source posting date resolved by the JobRadar adapter"",""platform"":""topcv"",""raw_payload_sha256"":""4947708f2fd743eed5310b380f38e321cab890f607914267f18d96e00fefa817"",""scraped_at"":""2026-07-19T04:34:52.223724+00:00"",""snapshot_cutoff"":""2026-07-19T04:36:28.244910+00:00"",""source_url"":""https://www.topcv.vn/viec-lam/ky-su-pe-process-engineer/2211418.html"",""title_normalizer_revision"":""2f434fba22de3a14c1b199331c8ca18408dc72e702071bf4bbfe380daff40f58""}"
topcv,2211449,2026-06-27,Lập Trình Viên Frontend ReactJS/NextJS Thu Nhập 20 - 30 Triệu,Frontend Developer,mid,Ha Noi,3,3,"[""Next.js"",""React""]",20000000.00,30000000.00,information_technology,"{""company_name"":""Công ty cổ phần công nghệ A.I-Soft"",""dataset"":""jobradar/topcv-operational-salary-snapshot"",""dataset_commit"":""first-seen-before:2026-07-19T04:36:28.244910+00:00"",""dataset_url"":""https://www.topcv.vn/viec-lam/lap-trinh-vien-frontend-reactjs-nextjs-thu-nhap-20-30-trieu/2211449.html"",""first_seen_at"":""2026-07-18T17:02:18.096176+00:00"",""first_seen_batch_id"":""42c0cbd6-0939-4304-ba41-2bf2766aef6a"",""license"":""NOASSERTION"",""location_normalizer_revision"":""2026-07-19.1"",""observation_semantics"":""source posting date resolved by the JobRadar adapter"",""platform"":""topcv"",""raw_payload_sha256"":""576f5e97508b6f1b1c414df01384bf8d5966b4f7bd5f18dc02533156a903541b"",""scraped_at"":""2026-07-19T04:35:12.079050+00:00"",""snapshot_cutoff"":""2026-07-19T04:36:28.244910+00:00"",""source_url"":""https://www.topcv.vn/viec-lam/lap-trinh-vien-frontend-reactjs-nextjs-thu-nhap-20-30-trieu/2211449.html"",""title_normalizer_revision"":""2f434fba22de3a14c1b199331c8ca18408dc72e702071bf4bbfe380daff40f58""}"
topcv,2212337,2026-06-27,Nhân Viên Lập Trình Khuôn CNC - Đi Làm Ngay,Nhân Viên Lập Trình Khuôn CNC - Đi Làm Ngay,mid,Hưng Yên,2,2,[],20000000.00,,information_technology,"{""company_name"":""CÔNG TY TNHH PHÚ CƯỜNG"",""dataset"":""jobradar/topcv-operational-salary-snapshot"",""dataset_commit"":""first-seen-before:2026-07-19T04:36:28.244910+00:00"",""dataset_url"":""https://www.topcv.vn/viec-lam/nhan-vien-lap-trinh-khuon-cnc-di-lam-ngay/2212337.html"",""first_seen_at"":""2026-07-18T17:02:16.922242+00:00"",""first_seen_batch_id"":""42c0cbd6-0939-4304-ba41-2bf2766aef6a"",""license"":""NOASSERTION"",""location_normalizer_revision"":""2026-07-19.1"",""observation_semantics"":""source posting date resolved by the JobRadar adapter"",""platform"":""topcv"",""raw_payload_sha256"":""ec35e2c8b7a367a6646351b86e47b4ae9d50bc6917e93bdd080d1ea806b43341"",""scraped_at"":""2026-07-19T04:34:52.226551+00:00"",""snapshot_cutoff"":""2026-07-19T04:36:28.244910+00:00"",""source_url"":""https://www.topcv.vn/viec-lam/nhan-vien-lap-trinh-khuon-cnc-di-lam-ngay/2212337.html"",""title_normalizer_revision"":""2f434fba22de3a14c1b199331c8ca18408dc72e702071bf4bbfe380daff40f58""}"
topcv,2212963,2026-06-27,Full-Stack Developer,Fullstack Developer,mid,Ha Noi,2,2,[],10000000.00,15000000.00,information_technology,"{""company_name"":""CÔNG TY CỔ PHẦN CÔNG NGHỆ TRUSTBASE"",""dataset"":""jobradar/topcv-operational-salary-snapshot"",""dataset_commit"":""first-seen-before:2026-07-19T04:36:28.244910+00:00"",""dataset_url"":""https://www.topcv.vn/viec-lam/full-stack-developer/2212963.html"",""first_seen_at"":""2026-07-18T17:02:17.445870+00:00"",""first_seen_batch_id"":""42c0cbd6-0939-4304-ba41-2bf2766aef6a"",""license"":""NOASSERTION"",""location_normalizer_revision"":""2026-07-19.1"",""observation_semantics"":""source posting date resolved by the JobRadar adapter"",""platform"":""topcv"",""raw_payload_sha256"":""5b6de3ed0c566c1d2897f561ba08316f962b59d4d8c7e84565b1ecc716fb6fce"",""scraped_at"":""2026-07-19T04:35:02.352226+00:00"",""snapshot_cutoff"":""2026-07-19T04:36:28.244910+00:00"",""source_url"":""https://www.topcv.vn/viec-lam/full-stack-developer/2212963.html"",""title_normalizer_revision"":""2f434fba22de3a14c1b199331c8ca18408dc72e702071bf4bbfe380daff40f58""}"
topcv,2213944,2026-06-27,Kỹ Sư SCADA| Lương Thưởng Hấp Dẫn Tại Hà Nội,Kỹ Sư SCADA| Lương Thưởng Hấp Dẫn Tại Hà Nội,mid,Ha Noi,2,2,[],13000000.00,18000000.00,information_technology,"{""company_name"":""Công ty TNHH HIno Systech Việt Nam"",""dataset"":""jobradar/topcv-operational-salary-snapshot"",""dataset_commit"":""first-seen-before:2026-07-19T04:36:28.244910+00:00"",""dataset_url"":""https://www.topcv.vn/viec-lam/ky-su-scada-luong-thuong-hap-dan-tai-ha-noi/2213944.html"",""first_seen_at"":""2026-07-18T17:02:16.438371+00:00"",""first_seen_batch_id"":""42c0cbd6-0939-4304-ba41-2bf2766aef6a"",""license"":""NOASSERTION"",""location_normalizer_revision"":""2026-07-19.1"",""observation_semantics"":""source posting date resolved by the JobRadar adapter"",""platform"":""topcv"",""raw_payload_sha256"":""232b59799119c8b0e4623b94d36cbd3b8e46c092e08a71ad1dbc7f8ea8407d52"",""scraped_at"":""2026-07-19T04:40:57.896593+00:00"",""snapshot_cutoff"":""2026-07-19T04:36:28.244910+00:00"",""source_url"":""https://www.topcv.vn/viec-lam/ky-su-scada-luong-thuong-hap-dan-tai-ha-noi/2213944.html"",""title_normalizer_revision"":""2f434fba22de3a14c1b199331c8ca18408dc72e702071bf4bbfe380daff40f58""}"
topcv,2214170,2026-06-27,FullStack Developer (Thu Nhập 10-15 Triệu/Tháng),Fullstack Developer,mid,Ha Noi,1,1,[],10000000.00,15000000.00,information_technology,"{""company_name"":""CÔNG TY CỔ PHẦN NỘI THẤT VÀ XÂY DỰNG SAO MỘC VƯƠNG"",""dataset"":""jobradar/topcv-operational-salary-snapshot"",""dataset_commit"":""first-seen-before:2026-07-19T04:36:28.244910+00:00"",""dataset_url"":""https://www.topcv.vn/viec-lam/fullstack-developer-thu-nhap-10-15-trieu-thang/2214170.html"",""first_seen_at"":""2026-07-18T17:02:18.028763+00:00"",""first_seen_batch_id"":""42c0cbd6-0939-4304-ba41-2bf2766aef6a"",""license"":""NOASSERTION"",""location_normalizer_revision"":""2026-07-19.1"",""observation_semantics"":""source posting date resolved by the JobRadar adapter"",""platform"":""topcv"",""raw_payload_sha256"":""6dc1d9d3baecdb5bb4d46921a253269c13eb9e8f0e460690c753cf1240909550"",""scraped_at"":""2026-07-19T04:35:07.168948+00:00"",""snapshot_cutoff"":""2026-07-19T04:36:28.244910+00:00"",""source_url"":""https://www.topcv.vn/viec-lam/fullstack-developer-thu-nhap-10-15-trieu-thang/2214170.html"",""title_normalizer_revision"":""2f434fba22de3a14c1b199331c8ca18408dc72e702071bf4bbfe380daff40f58""}"
topcv,2214319,2026-06-27,Nhân Viên Lập Trình Máy CNC,Nhân Viên Lập Trình Máy CNC,mid,Ha Noi,1,1,[],10000000.00,15000000.00,information_technology,"{""company_name"":""Công ty TNHH Sản xuất Thương Mại Đức Hợp"",""dataset"":""jobradar/topcv-operational-salary-snapshot"",""dataset_commit"":""first-seen-before:2026-07-19T04:36:28.244910+00:00"",""dataset_url"":""https://www.topcv.vn/viec-lam/nhan-vien-lap-trinh-may-cnc/2214319.html"",""first_seen_at"":""2026-07-18T17:02:16.881866+00:00"",""first_seen_batch_id"":""42c0cbd6-0939-4304-ba41-2bf2766aef6a"",""license"":""NOASSERTION"",""location_normalizer_revision"":""2026-07-19.1"",""observation_semantics"":""source posting date resolved by the JobRadar adapter"",""platform"":""topcv"",""raw_payload_sha256"":""6666d5dccc0ed651cce02a45245bf462f418f753bfb51b7efa1b97d20586bbea"",""scraped_at"":""2026-07-19T04:34:52.221850+00:00"",""snapshot_cutoff"":""2026-07-19T04:36:28.244910+00:00"",""source_url"":""https://www.topcv.vn/viec-lam/nhan-vien-lap-trinh-may-cnc/2214319.html"",""title_normalizer_revision"":""2f434fba22de3a14c1b199331c8ca18408dc72e702071bf4bbfe380daff40f58""}"
topcv,2214328,2026-06-27,Java Backend Team Lead,Backend Developer,lead,Ha Noi,4,4,"[""Java""]",,40000000.00,information_technology,"{""company_name"":""CÔNG TY CỔ PHẦN CÔNG NGHỆ ALPHAWAY"",""dataset"":""jobradar/topcv-operational-salary-snapshot"",""dataset_commit"":""first-seen-before:2026-07-19T04:36:28.244910+00:00"",""dataset_url"":""https://www.topcv.vn/viec-lam/java-backend-team-lead/2214328.html"",""first_seen_at"":""2026-07-18T17:02:18.310271+00:00"",""first_seen_batch_id"":""42c0cbd6-0939-4304-ba41-2bf2766aef6a"",""license"":""NOASSERTION"",""location_normalizer_revision"":""2026-07-19.1"",""observation_semantics"":""source posting date resolved by the JobRadar adapter"",""platform"":""topcv"",""raw_payload_sha256"":""badab8664baf455e095141998793feea1ecd5ff335a2efed8b924e600cef3a63"",""scraped_at"":""2026-07-19T04:35:12.105449+00:00"",""snapshot_cutoff"":""2026-07-19T04:36:28.244910+00:00"",""source_url"":""https://www.topcv.vn/viec-lam/java-backend-team-lead/2214328.html"",""title_normalizer_revision"":""2f434fba22de3a14c1b199331c8ca18408dc72e702071bf4bbfe380daff40f58""}"
topcv,2214361,2026-06-27,"Lập Trình Viên Dự Án BPM Bank (Java, ReactJS)",Software Engineer,mid,Ho Chi Minh,3,3,"[""Java"",""React""]",20000000.00,35000000.00,information_technology,"{""company_name"":""Công ty Cổ phần Atomi Digital"",""dataset"":""jobradar/topcv-operational-salary-snapshot"",""dataset_commit"":""first-seen-before:2026-07-19T04:36:28.244910+00:00"",""dataset_url"":""https://www.topcv.vn/viec-lam/lap-trinh-vien-du-an-bpm-bank-java-reactjs/2214361.html"",""first_seen_at"":""2026-07-18T17:02:17.654937+00:00"",""first_seen_batch_id"":""42c0cbd6-0939-4304-ba41-2bf2766aef6a"",""license"":""NOASSERTION"",""location_normalizer_revision"":""2026-07-19.1"",""observation_semantics"":""source posting date resolved by the JobRadar adapter"",""platform"":""topcv"",""raw_payload_sha256"":""78dd7955d9370624d49c86232271fbfc92e83971adc0839a509b4d38ae9d356e"",""scraped_at"":""2026-07-19T04:35:02.378130+00:00"",""snapshot_cutoff"":""2026-07-19T04:36:28.244910+00:00"",""source_url"":""https://www.topcv.vn/viec-lam/lap-trinh-vien-du-an-bpm-bank-java-reactjs/2214361.html"",""title_normalizer_revision"":""2f434fba22de3a14c1b199331c8ca18408dc72e702071bf4bbfe380daff40f58""}"
topcv,2215164,2026-06-27,Thực Tập Sinh IT Biết Dùng AI,Thực Tập Sinh IT Biết Dùng AI,intern,Ho Chi Minh,0,0,"[""Adobe Illustrator""]",3000000.00,4000000.00,information_technology,"{""company_name"":""HeLiCorp"",""dataset"":""jobradar/topcv-operational-salary-snapshot"",""dataset_commit"":""first-seen-before:2026-07-19T04:36:28.244910+00:00"",""dataset_url"":""https://www.topcv.vn/viec-lam/thuc-tap-sinh-it-biet-dung-ai/2215164.html"",""first_seen_at"":""2026-07-18T17:02:17.470611+00:00"",""first_seen_batch_id"":""42c0cbd6-0939-4304-ba41-2bf2766aef6a"",""license"":""NOASSERTION"",""location_normalizer_revision"":""2026-07-19.1"",""observation_semantics"":""source posting date resolved by the JobRadar adapter"",""platform"":""topcv"",""raw_payload_sha256"":""274ea8fda76c8107f31e5ddc4d9ee78e20ddcae19515020f09bdac9da0b45cef"",""scraped_at"":""2026-07-19T04:35:02.354992+00:00"",""snapshot_cutoff"":""2026-07-19T04:36:28.244910+00:00"",""source_url"":""https://www.topcv.vn/viec-lam/thuc-tap-sinh-it-biet-dung-ai/2215164.html"",""title_normalizer_revision"":""2f434fba22de3a14c1b199331c8ca18408dc72e702071bf4bbfe380daff40f58""}"
topcv,2215299,2026-06-27,AI Developer - LLM & Conversation AI - Night Shift,AI Developer - LLM & Conversation AI - Night Shift,mid,Ho Chi Minh,1,1,"[""Adobe Illustrator"",""LLM""]",,40000000.00,information_technology,"{""company_name"":""CÔNG TY TNHH MTV OUTSOURCE SOLUTIONS"",""dataset"":""jobradar/topcv-operational-salary-snapshot"",""dataset_commit"":""first-seen-before:2026-07-19T04:36:28.244910+00:00"",""dataset_url"":""https://www.topcv.vn/viec-lam/ai-developer-llm-conversation-ai-night-shift/2215299.html"",""first_seen_at"":""2026-07-18T17:02:18.257205+00:00"",""first_seen_batch_id"":""42c0cbd6-0939-4304-ba41-2bf2766aef6a"",""license"":""NOASSERTION"",""location_normalizer_revision"":""2026-07-19.1"",""observation_semantics"":""source posting date resolved by the JobRadar adapter"",""platform"":""topcv"",""raw_payload_sha256"":""37bf7d8c2218ab0575aa1a57fd08f06b9b5ae8f6a7c7ad36cfad6c0e62e1f66a"",""scraped_at"":""2026-07-19T04:35:12.098472+00:00"",""snapshot_cutoff"":""2026-07-19T04:36:28.244910+00:00"",""source_url"":""https://www.topcv.vn/viec-lam/ai-developer-llm-conversation-ai-night-shift/2215299.html"",""title_normalizer_revision"":""2f434fba22de3a14c1b199331c8ca18408dc72e702071bf4bbfe380daff40f58""}"
topcv,2215783,2026-06-27,Lập Trình Viên Java Developer Từ 2 Năm Kinh Nghiệm,Backend Developer,mid,Ha Noi,2,2,"[""Java""]",10000000.00,25000000.00,information_technology,"{""company_name"":""Công ty TNHH Digital Innovation"",""dataset"":""jobradar/topcv-operational-salary-snapshot"",""dataset_commit"":""first-seen-before:2026-07-19T04:36:28.244910+00:00"",""dataset_url"":""https://www.topcv.vn/viec-lam/lap-trinh-vien-java-developer-tu-2-nam-kinh-nghiem/2215783.html"",""first_seen_at"":""2026-07-18T17:02:17.565830+00:00"",""first_seen_batch_id"":""42c0cbd6-0939-4304-ba41-2bf2766aef6a"",""license"":""NOASSERTION"",""location_normalizer_revision"":""2026-07-19.1"",""observation_semantics"":""source posting date resolved by the JobRadar adapter"",""platform"":""topcv"",""raw_payload_sha256"":""b34f260b6afa66eb8af0d11053b91a00812adb3ff83056c28497fc58b9ec86e4"",""scraped_at"":""2026-07-19T04:35:02.365104+00:00"",""snapshot_cutoff"":""2026-07-19T04:36:28.244910+00:00"",""source_url"":""https://www.topcv.vn/viec-lam/lap-trinh-vien-java-developer-tu-2-nam-kinh-nghiem/2215783.html"",""title_normalizer_revision"":""2f434fba22de3a14c1b199331c8ca18408dc72e702071bf4bbfe380daff40f58""}"
topcv,2216025,2026-06-27,Thực Tập Sinh Java Developer,Backend Developer,intern,Ha Noi,0,0,"[""Java""]",2000000.00,3000000.00,information_technology,"{""company_name"":""Công ty TNHH Digital Innovation"",""dataset"":""jobradar/topcv-operational-salary-snapshot"",""dataset_commit"":""first-seen-before:2026-07-19T04:36:28.244910+00:00"",""dataset_url"":""https://www.topcv.vn/viec-lam/thuc-tap-sinh-java-developer/2216025.html"",""first_seen_at"":""2026-07-18T17:02:17.453247+00:00"",""first_seen_batch_id"":""42c0cbd6-0939-4304-ba41-2bf2766aef6a"",""license"":""NOASSERTION"",""location_normalizer_revision"":""2026-07-19.1"",""observation_semantics"":""source posting date resolved by the JobRadar adapter"",""platform"":""topcv"",""raw_payload_sha256"":""2b89219b3e073534a3c4636353da200bbde361a21185eac84df37e2898fdc16b"",""scraped_at"":""2026-07-19T04:35:02.355910+00:00"",""snapshot_cutoff"":""2026-07-19T04:36:28.244910+00:00"",""source_url"":""https://www.topcv.vn/viec-lam/thuc-tap-sinh-java-developer/2216025.html"",""title_normalizer_revision"":""2f434fba22de3a14c1b199331c8ca18408dc72e702071bf4bbfe380daff40f58""}"
topcv,2216815,2026-06-27,Trưởng Nhóm Lập Trình Viên,Trưởng Nhóm Lập Trình Viên,lead,Ha Noi,2,2,[],35000000.00,50000000.00,information_technology,"{""company_name"":""CÔNG TY CỔ PHẦN HCI GROUP VIỆT NAM"",""dataset"":""jobradar/topcv-operational-salary-snapshot"",""dataset_commit"":""first-seen-before:2026-07-19T04:36:28.244910+00:00"",""dataset_url"":""https://www.topcv.vn/viec-lam/truong-nhom-lap-trinh-vien/2216815.html"",""first_seen_at"":""2026-07-18T17:02:18.202499+00:00"",""first_seen_batch_id"":""42c0cbd6-0939-4304-ba41-2bf2766aef6a"",""license"":""NOASSERTION"",""location_normalizer_revision"":""2026-07-19.1"",""observation_semantics"":""source posting date resolved by the JobRadar adapter"",""platform"":""topcv"",""raw_payload_sha256"":""91700beecd0a3b076f7abf5db6956e7cf09a8bfc39aa71c5d9028ab85e6fa701"",""scraped_at"":""2026-07-19T04:35:12.092305+00:00"",""snapshot_cutoff"":""2026-07-19T04:36:28.244910+00:00"",""source_url"":""https://www.topcv.vn/viec-lam/truong-nhom-lap-trinh-vien/2216815.html"",""title_normalizer_revision"":""2f434fba22de3a14c1b199331c8ca18408dc72e702071bf4bbfe380daff40f58""}"
topcv,2217368,2026-06-27,Lập Trình Viên.NET Web/API Developer | Lương 10–20M | Nghỉ T7 & CN,Software Engineer,mid,Ha Noi,0,1,[],10000000.00,20000000.00,information_technology,"{""company_name"":""Công ty cổ phần giải pháp First Trust Việt Nam"",""dataset"":""jobradar/topcv-operational-salary-snapshot"",""dataset_commit"":""first-seen-before:2026-07-19T04:36:28.244910+00:00"",""dataset_url"":""https://www.topcv.vn/viec-lam/lap-trinh-vien-net-web-api-developer-luong-1020m-nghi-t7-cn/2217368.html"",""first_seen_at"":""2026-07-18T17:02:17.479357+00:00"",""first_seen_batch_id"":""42c0cbd6-0939-4304-ba41-2bf2766aef6a"",""license"":""NOASSERTION"",""location_normalizer_revision"":""2026-07-19.1"",""observation_semantics"":""source posting date resolved by the JobRadar adapter"",""platform"":""topcv"",""raw_payload_sha256"":""4ced8b51fefc04ddd19d4c3b3e25fce5c3e0ddda244f1b17e6f0dce8680cf63b"",""scraped_at"":""2026-07-19T04:35:02.353187+00:00"",""snapshot_cutoff"":""2026-07-19T04:36:28.244910+00:00"",""source_url"":""https://www.topcv.vn/viec-lam/lap-trinh-vien-net-web-api-developer-luong-1020m-nghi-t7-cn/2217368.html"",""title_normalizer_revision"":""2f434fba22de3a14c1b199331c8ca18408dc72e702071bf4bbfe380daff40f58""}"
topcv,2217632,2026-06-27,Lập Trình Sản Xuất,Lập Trình Sản Xuất,mid,Bắc Ninh,3,3,[],22000000.00,40000000.00,information_technology,"{""company_name"":""Goertek Vina"",""dataset"":""jobradar/topcv-operational-salary-snapshot"",""dataset_commit"":""first-seen-before:2026-07-19T04:36:28.244910+00:00"",""dataset_url"":""https://www.topcv.vn/viec-lam/lap-trinh-san-xuat/2217632.html"",""first_seen_at"":""2026-07-18T17:02:16.842684+00:00"",""first_seen_batch_id"":""42c0cbd6-0939-4304-ba41-2bf2766aef6a"",""license"":""NOASSERTION"",""location_normalizer_revision"":""2026-07-19.1"",""observation_semantics"":""source posting date resolved by the JobRadar adapter"",""platform"":""topcv"",""raw_payload_sha256"":""564ba3eb709ab2a13e8acff3a6165357dae1be59d0e4e95d57a6d6ea46e9534e"",""scraped_at"":""2026-07-19T04:34:52.217056+00:00"",""snapshot_cutoff"":""2026-07-19T04:36:28.244910+00:00"",""source_url"":""https://www.topcv.vn/viec-lam/lap-trinh-san-xuat/2217632.html"",""title_normalizer_revision"":""2f434fba22de3a14c1b199331c8ca18408dc72e702071bf4bbfe380daff40f58""}"
topcv,2217977,2026-07-04,Backend / Senior Backend Developer – TVPL AI Workspace & Management,Senior Backend Developer,senior,Ho Chi Minh,2,2,"[""Adobe Illustrator""]",30000000.00,90000000.00,information_technology,"{""company_name"":""Công ty TNHH THƯ VIỆN PHÁP LUẬT"",""dataset"":""jobradar/topcv-operational-salary-snapshot"",""dataset_commit"":""first-seen-before:2026-07-19T04:36:28.244910+00:00"",""dataset_url"":""https://www.topcv.vn/viec-lam/backend-senior-backend-developer-tvpl-ai-workspace-management/2217977.html"",""first_seen_at"":""2026-07-18T17:02:17.384826+00:00"",""first_seen_batch_id"":""42c0cbd6-0939-4304-ba41-2bf2766aef6a"",""license"":""NOASSERTION"",""location_normalizer_revision"":""2026-07-19.1"",""observation_semantics"":""source posting date resolved by the JobRadar adapter"",""platform"":""topcv"",""raw_payload_sha256"":""f972feec1c32f9275be507fa9608e6e3b8fb6ea7f1939b99d5a77c4213e15d98"",""scraped_at"":""2026-07-19T04:35:02.345764+00:00"",""snapshot_cutoff"":""2026-07-19T04:36:28.244910+00:00"",""source_url"":""https://www.topcv.vn/viec-lam/backend-senior-backend-developer-tvpl-ai-workspace-management/2217977.html"",""title_normalizer_revision"":""2f434fba22de3a14c1b199331c8ca18408dc72e702071bf4bbfe380daff40f58""}"
topcv,2218135,2026-07-14,Nhân Viên Triển Khai Bản Vẽ Nội Thất & Lập Trình CNC - Thu Nhập 18 - 25 Triệu (Cabinet Vision / IMOS / Alphacam) - Bắc Ninh,Nhân Viên Triển Khai Bản Vẽ Nội Thất & Lập Trình CNC - Thu Nhập 18 - 25 Triệu Cabinet Vision / IMOS / Alphacam - Bắc Ninh,mid,Bắc Ninh,1,1,[],18000000.00,25000000.00,information_technology,"{""company_name"":""CÔNG TY TNHH ĐẦU TƯ PHÁT TRIỂN LÂM - NÔNG NGHIỆP VIỆT NAM"",""dataset"":""jobradar/topcv-operational-salary-snapshot"",""dataset_commit"":""first-seen-before:2026-07-19T04:36:28.244910+00:00"",""dataset_url"":""https://www.topcv.vn/viec-lam/nhan-vien-trien-khai-ban-ve-noi-that-lap-trinh-cnc-thu-nhap-18-25-trieu-cabinet-vision-imos-alphacam-bac-ninh/2218135.html"",""first_seen_at"":""2026-07-18T17:02:15.592036+00:00"",""first_seen_batch_id"":""42c0cbd6-0939-4304-ba41-2bf2766aef6a"",""license"":""NOASSERTION"",""location_normalizer_revision"":""2026-07-19.1"",""observation_semantics"":""source posting date resolved by the JobRadar adapter"",""platform"":""topcv"",""raw_payload_sha256"":""29c4864969bce4ab043e664cfdfca279c7858572b3be354f196905e591c20aa3"",""scraped_at"":""2026-07-19T04:40:27.853947+00:00"",""snapshot_cutoff"":""2026-07-19T04:36:28.244910+00:00"",""source_url"":""https://www.topcv.vn/viec-lam/nhan-vien-trien-khai-ban-ve-noi-that-lap-trinh-cnc-thu-nhap-18-25-trieu-cabinet-vision-imos-alphacam-bac-ninh/2218135.html"",""title_normalizer_revision"":""2f434fba22de3a14c1b199331c8ca18408dc72e702071bf4bbfe380daff40f58""}"
topcv,2218900,2026-07-04,Android Developer (Lead),Mobile Developer,lead,Ha Noi,2,2,"[""Android (Native)""]",16000000.00,25000000.00,information_technology,"{""company_name"":""Công ty cổ phần phần mềm ITSOL Holdings"",""dataset"":""jobradar/topcv-operational-salary-snapshot"",""dataset_commit"":""first-seen-before:2026-07-19T04:36:28.244910+00:00"",""dataset_url"":""https://www.topcv.vn/viec-lam/android-developer-lead/2218900.html"",""first_seen_at"":""2026-07-18T17:02:18.140588+00:00"",""first_seen_batch_id"":""42c0cbd6-0939-4304-ba41-2bf2766aef6a"",""license"":""NOASSERTION"",""location_normalizer_revision"":""2026-07-19.1"",""observation_semantics"":""source posting date resolved by the JobRadar adapter"",""platform"":""topcv"",""raw_payload_sha256"":""769272b260ad2adec948a9fc994aae0057c4f556799dfa53aff1907475ea61c8"",""scraped_at"":""2026-07-19T04:35:12.084529+00:00"",""snapshot_cutoff"":""2026-07-19T04:36:28.244910+00:00"",""source_url"":""https://www.topcv.vn/viec-lam/android-developer-lead/2218900.html"",""title_normalizer_revision"":""2f434fba22de3a14c1b199331c8ca18408dc72e702071bf4bbfe380daff40f58""}"
topcv,2218923,2026-07-04,IOS Developer (Lead),Mobile Developer,lead,Ha Noi,2,2,"[""iOS (Native)""]",16000000.00,25000000.00,information_technology,"{""company_name"":""Công ty cổ phần phần mềm ITSOL Holdings"",""dataset"":""jobradar/topcv-operational-salary-snapshot"",""dataset_commit"":""first-seen-before:2026-07-19T04:36:28.244910+00:00"",""dataset_url"":""https://www.topcv.vn/viec-lam/ios-developer-lead/2218923.html"",""first_seen_at"":""2026-07-18T17:02:18.149262+00:00"",""first_seen_batch_id"":""42c0cbd6-0939-4304-ba41-2bf2766aef6a"",""license"":""NOASSERTION"",""location_normalizer_revision"":""2026-07-19.1"",""observation_semantics"":""source posting date resolved by the JobRadar adapter"",""platform"":""topcv"",""raw_payload_sha256"":""45d757ed332447b0ed52a3650fb4ff8f07626746da2c2192bf9c1b5ddb9847b3"",""scraped_at"":""2026-07-19T04:35:12.085428+00:00"",""snapshot_cutoff"":""2026-07-19T04:36:28.244910+00:00"",""source_url"":""https://www.topcv.vn/viec-lam/ios-developer-lead/2218923.html"",""title_normalizer_revision"":""2f434fba22de3a14c1b199331c8ca18408dc72e702071bf4bbfe380daff40f58""}"
topcv,2219048,2026-07-04,Kỹ Sư Lập Trình Plc Tự Động Hóa,Kỹ Sư Lập Trình Plc Tự Động Hóa,mid,Ha Noi,3,3,[],15000000.00,20000000.00,information_technology,"{""company_name"":""CÔNG TY CỔ PHẦN ĐẦU TƯ VIAS VIỆT NAM"",""dataset"":""jobradar/topcv-operational-salary-snapshot"",""dataset_commit"":""first-seen-before:2026-07-19T04:36:28.244910+00:00"",""dataset_url"":""https://www.topcv.vn/viec-lam/ky-su-lap-trinh-plc-tu-dong-hoa/2219048.html"",""first_seen_at"":""2026-07-18T17:02:16.811293+00:00"",""first_seen_batch_id"":""42c0cbd6-0939-4304-ba41-2bf2766aef6a"",""license"":""NOASSERTION"",""location_normalizer_revision"":""2026-07-19.1"",""observation_semantics"":""source posting date resolved by the JobRadar adapter"",""platform"":""topcv"",""raw_payload_sha256"":""4ad6a2a2815758ff24aef077da50753e39bad5e0a128f759238b5f97c87ceb62"",""scraped_at"":""2026-07-19T04:34:52.213108+00:00"",""snapshot_cutoff"":""2026-07-19T04:36:28.244910+00:00"",""source_url"":""https://www.topcv.vn/viec-lam/ky-su-lap-trinh-plc-tu-dong-hoa/2219048.html"",""title_normalizer_revision"":""2f434fba22de3a14c1b199331c8ca18408dc72e702071bf4bbfe380daff40f58""}"
topcv,2219625,2026-07-04,Golang Developer,Backend Developer,mid,Ha Noi,3,3,"[""Go""]",20000000.00,30000000.00,information_technology,"{""company_name"":""Công ty Cổ phần Công nghệ KiotViet"",""dataset"":""jobradar/topcv-operational-salary-snapshot"",""dataset_commit"":""first-seen-before:2026-07-19T04:36:28.244910+00:00"",""dataset_url"":""https://www.topcv.vn/viec-lam/golang-developer/2219625.html"",""first_seen_at"":""2026-07-18T17:02:17.310767+00:00"",""first_seen_batch_id"":""42c0cbd6-0939-4304-ba41-2bf2766aef6a"",""license"":""NOASSERTION"",""location_normalizer_revision"":""2026-07-19.1"",""observation_semantics"":""source posting date resolved by the JobRadar adapter"",""platform"":""topcv"",""raw_payload_sha256"":""4ed100b88dcbfc85eaf91530db243b19000dc5b79352160c9efcd6ecee106dd7"",""scraped_at"":""2026-07-19T04:34:57.161321+00:00"",""snapshot_cutoff"":""2026-07-19T04:36:28.244910+00:00"",""source_url"":""https://www.topcv.vn/viec-lam/golang-developer/2219625.html"",""title_normalizer_revision"":""2f434fba22de3a14c1b199331c8ca18408dc72e702071bf4bbfe380daff40f58""}"
topcv,2220461,2026-07-04,Lập Trình Viên PHP ( PHP Full Stack Laravell ) Lương Từ 18-25tr,Backend Developer,mid,Ha Noi,2,2,"[""PHP""]",18000000.00,25000000.00,information_technology,"{""company_name"":""CÔNG TY CỔ PHẦN TẦM NHÌN QUỐC TẾ ALADDIN"",""dataset"":""jobradar/topcv-operational-salary-snapshot"",""dataset_commit"":""first-seen-before:2026-07-19T04:36:28.244910+00:00"",""dataset_url"":""https://www.topcv.vn/viec-lam/lap-trinh-vien-php-php-full-stack-laravell-luong-tu-18-25tr/2220461.html"",""first_seen_at"":""2026-07-18T17:02:17.287950+00:00"",""first_seen_batch_id"":""42c0cbd6-0939-4304-ba41-2bf2766aef6a"",""license"":""NOASSERTION"",""location_normalizer_revision"":""2026-07-19.1"",""observation_semantics"":""source posting date resolved by the JobRadar adapter"",""platform"":""topcv"",""raw_payload_sha256"":""cb1b69fc0443093eb15b940989b0da382a41b843165d491d7748128b100ca0e9"",""scraped_at"":""2026-07-19T04:34:57.157968+00:00"",""snapshot_cutoff"":""2026-07-19T04:36:28.244910+00:00"",""source_url"":""https://www.topcv.vn/viec-lam/lap-trinh-vien-php-php-full-stack-laravell-luong-tu-18-25tr/2220461.html"",""title_normalizer_revision"":""2f434fba22de3a14c1b199331c8ca18408dc72e702071bf4bbfe380daff40f58""}"
topcv,2220555,2026-07-04,Machine Learning Operations (GPU Platform),Machine Learning Operations GPU Platform ,mid,Ha Noi,5,5,[],35000000.00,150000000.00,information_technology,"{""company_name"":""CÔNG TY TRÁCH NHIỆM HỮU HẠN NANYANG BIOLOGICS VIỆT NAM"",""dataset"":""jobradar/topcv-operational-salary-snapshot"",""dataset_commit"":""first-seen-before:2026-07-19T04:36:28.244910+00:00"",""dataset_url"":""https://www.topcv.vn/viec-lam/machine-learning-operations-gpu-platform/2220555.html"",""first_seen_at"":""2026-07-18T17:02:16.739092+00:00"",""first_seen_batch_id"":""42c0cbd6-0939-4304-ba41-2bf2766aef6a"",""license"":""NOASSERTION"",""location_normalizer_revision"":""2026-07-19.1"",""observation_semantics"":""source posting date resolved by the JobRadar adapter"",""platform"":""topcv"",""raw_payload_sha256"":""3a387829a98fa17874c0290bcc7c01ec3722354e81c807851d292d8deb38267b"",""scraped_at"":""2026-07-19T04:34:52.205295+00:00"",""snapshot_cutoff"":""2026-07-19T04:36:28.244910+00:00"",""source_url"":""https://www.topcv.vn/viec-lam/machine-learning-operations-gpu-platform/2220555.html"",""title_normalizer_revision"":""2f434fba22de3a14c1b199331c8ca18408dc72e702071bf4bbfe380daff40f58""}"
topcv,2220734,2026-07-04,Backend Developer (Lead),Backend Developer,lead,Ha Noi,4,4,[],30000000.00,50000000.00,information_technology,"{""company_name"":""Công ty Cổ phần viễn thông FPT"",""dataset"":""jobradar/topcv-operational-salary-snapshot"",""dataset_commit"":""first-seen-before:2026-07-19T04:36:28.244910+00:00"",""dataset_url"":""https://www.topcv.vn/viec-lam/backend-developer-lead/2220734.html"",""first_seen_at"":""2026-07-18T17:02:16.767281+00:00"",""first_seen_batch_id"":""42c0cbd6-0939-4304-ba41-2bf2766aef6a"",""license"":""NOASSERTION"",""location_normalizer_revision"":""2026-07-19.1"",""observation_semantics"":""source posting date resolved by the JobRadar adapter"",""platform"":""topcv"",""raw_payload_sha256"":""8085eb5ce808852c99aab08e27348cf0ad2c692e9757d65aabfc8a2eb7e7b2a1"",""scraped_at"":""2026-07-19T04:34:52.208295+00:00"",""snapshot_cutoff"":""2026-07-19T04:36:28.244910+00:00"",""source_url"":""https://www.topcv.vn/viec-lam/backend-developer-lead/2220734.html"",""title_normalizer_revision"":""2f434fba22de3a14c1b199331c8ca18408dc72e702071bf4bbfe380daff40f58""}"
topcv,2221928,2026-07-11,Hiring Hybrid Work Software Engineer,Software Engineer,mid,Da Nang,3,3,[],,75000000.00,information_technology,"{""company_name"":""CÔNG TY TNHH GMO-Z.COM VIỆT NAM LAB CENTER"",""dataset"":""jobradar/topcv-operational-salary-snapshot"",""dataset_commit"":""first-seen-before:2026-07-19T04:36:28.244910+00:00"",""dataset_url"":""https://www.topcv.vn/viec-lam/hiring-hybrid-work-software-engineer/2221928.html"",""first_seen_at"":""2026-07-18T17:02:17.862929+00:00"",""first_seen_batch_id"":""42c0cbd6-0939-4304-ba41-2bf2766aef6a"",""license"":""NOASSERTION"",""location_normalizer_revision"":""2026-07-19.1"",""observation_semantics"":""source posting date resolved by the JobRadar adapter"",""platform"":""topcv"",""raw_payload_sha256"":""cfa914af44f238dc32bcdf8d8289e77c167ae8d77e7b61171d9a575b4f9905cd"",""scraped_at"":""2026-07-19T04:35:07.149224+00:00"",""snapshot_cutoff"":""2026-07-19T04:36:28.244910+00:00"",""source_url"":""https://www.topcv.vn/viec-lam/hiring-hybrid-work-software-engineer/2221928.html"",""title_normalizer_revision"":""2f434fba22de3a14c1b199331c8ca18408dc72e702071bf4bbfe380daff40f58""}"
topcv,2221943,2026-07-04,"[Junior] Lập Trình Viên Web (C#, .Net)","Junior  Junior Lập Trình Viên Web C#, .Net ",junior,Ha Noi,3,3,"["".NET"",""C#""]",,30000000.00,information_technology,"{""company_name"":""Công ty Cổ phần MISA"",""dataset"":""jobradar/topcv-operational-salary-snapshot"",""dataset_commit"":""first-seen-before:2026-07-19T04:36:28.244910+00:00"",""dataset_url"":""https://www.topcv.vn/viec-lam/junior-lap-trinh-vien-web-c-net/2221943.html"",""first_seen_at"":""2026-07-18T17:02:17.227712+00:00"",""first_seen_batch_id"":""42c0cbd6-0939-4304-ba41-2bf2766aef6a"",""license"":""NOASSERTION"",""location_normalizer_revision"":""2026-07-19.1"",""observation_semantics"":""source posting date resolved by the JobRadar adapter"",""platform"":""topcv"",""raw_payload_sha256"":""b773725232d85ef970d7d1c5e1e9957379c2e417bdf2cf23a54bc986aa8e814f"",""scraped_at"":""2026-07-19T04:34:57.151509+00:00"",""snapshot_cutoff"":""2026-07-19T04:36:28.244910+00:00"",""source_url"":""https://www.topcv.vn/viec-lam/junior-lap-trinh-vien-web-c-net/2221943.html"",""title_normalizer_revision"":""2f434fba22de3a14c1b199331c8ca18408dc72e702071bf4bbfe380daff40f58""}"
topcv,2221973,2026-07-04,"Senior Lập Trình Viên Web (C#, .Net) - Yêu Cầu Tối Thiểu  4 Năm Kinh Nghiệm","Senior Lập Trình Viên Web C#, .Net - Yêu Cầu Tối Thiểu 4 Năm Kinh Nghiệm",senior,Ha Noi,4,4,"["".NET"",""C#""]",,35000000.00,information_technology,"{""company_name"":""Công ty Cổ phần MISA"",""dataset"":""jobradar/topcv-operational-salary-snapshot"",""dataset_commit"":""first-seen-before:2026-07-19T04:36:28.244910+00:00"",""dataset_url"":""https://www.topcv.vn/viec-lam/senior-lap-trinh-vien-web-c-net-yeu-cau-toi-thieu-4-nam-kinh-nghiem/2221973.html"",""first_seen_at"":""2026-07-18T17:02:16.181234+00:00"",""first_seen_batch_id"":""42c0cbd6-0939-4304-ba41-2bf2766aef6a"",""license"":""NOASSERTION"",""location_normalizer_revision"":""2026-07-19.1"",""observation_semantics"":""source posting date resolved by the JobRadar adapter"",""platform"":""topcv"",""raw_payload_sha256"":""69d7acfe8a80715645478e3f8e4860719665c5065c5a07d4d5c23c14c90a76c5"",""scraped_at"":""2026-07-19T04:40:48.051439+00:00"",""snapshot_cutoff"":""2026-07-19T04:36:28.244910+00:00"",""source_url"":""https://www.topcv.vn/viec-lam/senior-lap-trinh-vien-web-c-net-yeu-cau-toi-thieu-4-nam-kinh-nghiem/2221973.html"",""title_normalizer_revision"":""2f434fba22de3a14c1b199331c8ca18408dc72e702071bf4bbfe380daff40f58""}"
topcv,2222883,2026-07-04,NodeJs (Senior/Lead),Senior NodeJs Senior/Lead ,senior,Ha Noi,5,5,"[""Node.js""]",,55000000.00,information_technology,"{""company_name"":""Công ty cổ phần Synodus"",""dataset"":""jobradar/topcv-operational-salary-snapshot"",""dataset_commit"":""first-seen-before:2026-07-19T04:36:28.244910+00:00"",""dataset_url"":""https://www.topcv.vn/viec-lam/nodejs-senior-lead/2222883.html"",""first_seen_at"":""2026-07-18T17:02:18.080420+00:00"",""first_seen_batch_id"":""42c0cbd6-0939-4304-ba41-2bf2766aef6a"",""license"":""NOASSERTION"",""location_normalizer_revision"":""2026-07-19.1"",""observation_semantics"":""source posting date resolved by the JobRadar adapter"",""platform"":""topcv"",""raw_payload_sha256"":""be07616b9ece72e039823f4bdc523189ebcdccb4c662cab4377c4ebd69d33431"",""scraped_at"":""2026-07-19T04:35:07.173650+00:00"",""snapshot_cutoff"":""2026-07-19T04:36:28.244910+00:00"",""source_url"":""https://www.topcv.vn/viec-lam/nodejs-senior-lead/2222883.html"",""title_normalizer_revision"":""2f434fba22de3a14c1b199331c8ca18408dc72e702071bf4bbfe380daff40f58""}"
topcv,2223139,2026-07-04,Back-End Developer (PHP),Backend Developer,mid,Ho Chi Minh,2,2,"[""PHP""]",20000000.00,35000000.00,information_technology,"{""company_name"":""CÔNG TY CỔ PHẦN DREAM VIET EDUCATION"",""dataset"":""jobradar/topcv-operational-salary-snapshot"",""dataset_commit"":""first-seen-before:2026-07-19T04:36:28.244910+00:00"",""dataset_url"":""https://www.topcv.vn/viec-lam/back-end-developer-php/2223139.html"",""first_seen_at"":""2026-07-18T17:02:18.072885+00:00"",""first_seen_batch_id"":""42c0cbd6-0939-4304-ba41-2bf2766aef6a"",""license"":""NOASSERTION"",""location_normalizer_revision"":""2026-07-19.1"",""observation_semantics"":""source posting date resolved by the JobRadar adapter"",""platform"":""topcv"",""raw_payload_sha256"":""cd69eacf3c458eabd9854291cb46104078b434e2377132b8a3194c5f3855ccd5"",""scraped_at"":""2026-07-19T04:35:07.172732+00:00"",""snapshot_cutoff"":""2026-07-19T04:36:28.244910+00:00"",""source_url"":""https://www.topcv.vn/viec-lam/back-end-developer-php/2223139.html"",""title_normalizer_revision"":""2f434fba22de3a14c1b199331c8ca18408dc72e702071bf4bbfe380daff40f58""}"
topcv,2223682,2026-07-04,Frontend / Mobile Developer – TVPL AI Workspace & Legal Hub,Frontend Developer,mid,Ho Chi Minh,2,2,"[""Adobe Illustrator""]",30000000.00,60000000.00,information_technology,"{""company_name"":""Công ty TNHH THƯ VIỆN PHÁP LUẬT"",""dataset"":""jobradar/topcv-operational-salary-snapshot"",""dataset_commit"":""first-seen-before:2026-07-19T04:36:28.244910+00:00"",""dataset_url"":""https://www.topcv.vn/viec-lam/frontend-mobile-developer-tvpl-ai-workspace-legal-hub/2223682.html"",""first_seen_at"":""2026-07-18T17:02:17.007790+00:00"",""first_seen_batch_id"":""42c0cbd6-0939-4304-ba41-2bf2766aef6a"",""license"":""NOASSERTION"",""location_normalizer_revision"":""2026-07-19.1"",""observation_semantics"":""source posting date resolved by the JobRadar adapter"",""platform"":""topcv"",""raw_payload_sha256"":""9ecf0c23a5d19aea9fb0fd3e4246e2fb40479a11c6e0dfa6863b9f5b6356057e"",""scraped_at"":""2026-07-19T04:34:57.127900+00:00"",""snapshot_cutoff"":""2026-07-19T04:36:28.244910+00:00"",""source_url"":""https://www.topcv.vn/viec-lam/frontend-mobile-developer-tvpl-ai-workspace-legal-hub/2223682.html"",""title_normalizer_revision"":""2f434fba22de3a14c1b199331c8ca18408dc72e702071bf4bbfe380daff40f58""}"
topcv,2224049,2026-07-04,Junior Backend Developer,Junior Backend Developer,junior,Ho Chi Minh,1,1,[],15000000.00,25000000.00,information_technology,"{""company_name"":""Công ty TNHH AIOZ Việt Nam"",""dataset"":""jobradar/topcv-operational-salary-snapshot"",""dataset_commit"":""first-seen-before:2026-07-19T04:36:28.244910+00:00"",""dataset_url"":""https://www.topcv.vn/viec-lam/junior-backend-developer/2224049.html"",""first_seen_at"":""2026-07-18T17:02:16.990912+00:00"",""first_seen_batch_id"":""42c0cbd6-0939-4304-ba41-2bf2766aef6a"",""license"":""NOASSERTION"",""location_normalizer_revision"":""2026-07-19.1"",""observation_semantics"":""source posting date resolved by the JobRadar adapter"",""platform"":""topcv"",""raw_payload_sha256"":""35028d16ea021bb532f0bec9e7097dc445aeb1a14329b267b5927f5d3086cdac"",""scraped_at"":""2026-07-19T04:34:57.130550+00:00"",""snapshot_cutoff"":""2026-07-19T04:36:28.244910+00:00"",""source_url"":""https://www.topcv.vn/viec-lam/junior-backend-developer/2224049.html"",""title_normalizer_revision"":""2f434fba22de3a14c1b199331c8ca18408dc72e702071bf4bbfe380daff40f58""}"
topcv,2224101,2026-07-11,Nhân Viên Software - Lương Upto 18 Triệu,Nhân Viên Software - Lương Upto 18 Triệu,mid,Ninh Bình,2,2,[],12000000.00,18000000.00,information_technology,"{""company_name"":""Công ty TNHH KMW Việt Nam"",""dataset"":""jobradar/topcv-operational-salary-snapshot"",""dataset_commit"":""first-seen-before:2026-07-19T04:36:28.244910+00:00"",""dataset_url"":""https://www.topcv.vn/viec-lam/nhan-vien-software-luong-upto-18-trieu/2224101.html"",""first_seen_at"":""2026-07-18T17:02:15.378385+00:00"",""first_seen_batch_id"":""42c0cbd6-0939-4304-ba41-2bf2766aef6a"",""license"":""NOASSERTION"",""location_normalizer_revision"":""2026-07-19.1"",""observation_semantics"":""source posting date resolved by the JobRadar adapter"",""platform"":""topcv"",""raw_payload_sha256"":""d28465489c17e5a24d1951f9c2c556eb45e864979f76d2386dd2aa0663bb34b7"",""scraped_at"":""2026-07-19T04:40:23.282591+00:00"",""snapshot_cutoff"":""2026-07-19T04:36:28.244910+00:00"",""source_url"":""https://www.topcv.vn/viec-lam/nhan-vien-software-luong-upto-18-trieu/2224101.html"",""title_normalizer_revision"":""2f434fba22de3a14c1b199331c8ca18408dc72e702071bf4bbfe380daff40f58""}"
topcv,2224222,2026-07-04,Pre-Senior Backend Developer,Senior Backend Developer,senior,Ha Noi,5,5,[],35000000.00,42000000.00,information_technology,"{""company_name"":""Công ty Cổ phần viễn thông FPT"",""dataset"":""jobradar/topcv-operational-salary-snapshot"",""dataset_commit"":""first-seen-before:2026-07-19T04:36:28.244910+00:00"",""dataset_url"":""https://www.topcv.vn/viec-lam/pre-senior-backend-developer/2224222.html"",""first_seen_at"":""2026-07-18T17:02:18.020474+00:00"",""first_seen_batch_id"":""42c0cbd6-0939-4304-ba41-2bf2766aef6a"",""license"":""NOASSERTION"",""location_normalizer_revision"":""2026-07-19.1"",""observation_semantics"":""source posting date resolved by the JobRadar adapter"",""platform"":""topcv"",""raw_payload_sha256"":""50bbc8e88e684f11091b8f3b838da000c88026f07f80006867dd07163ecc7cd3"",""scraped_at"":""2026-07-19T04:35:07.168069+00:00"",""snapshot_cutoff"":""2026-07-19T04:36:28.244910+00:00"",""source_url"":""https://www.topcv.vn/viec-lam/pre-senior-backend-developer/2224222.html"",""title_normalizer_revision"":""2f434fba22de3a14c1b199331c8ca18408dc72e702071bf4bbfe380daff40f58""}"
topcv,2224804,2026-07-04,Machine Learning Engineer Fresher,ML Engineer,fresher,Da Nang,0,1,[],12500000.00,19500000.00,information_technology,"{""company_name"":""Công ty TNHH Otani U.P."",""dataset"":""jobradar/topcv-operational-salary-snapshot"",""dataset_commit"":""first-seen-before:2026-07-19T04:36:28.244910+00:00"",""dataset_url"":""https://www.topcv.vn/viec-lam/machine-learning-engineer-fresher/2224804.html"",""first_seen_at"":""2026-07-18T17:02:17.024136+00:00"",""first_seen_batch_id"":""42c0cbd6-0939-4304-ba41-2bf2766aef6a"",""license"":""NOASSERTION"",""location_normalizer_revision"":""2026-07-19.1"",""observation_semantics"":""source posting date resolved by the JobRadar adapter"",""platform"":""topcv"",""raw_payload_sha256"":""597977284b72d947eca73d00f9dc5d736aa265561c72db2286cacea5f2d627ca"",""scraped_at"":""2026-07-19T04:34:57.129687+00:00"",""snapshot_cutoff"":""2026-07-19T04:36:28.244910+00:00"",""source_url"":""https://www.topcv.vn/viec-lam/machine-learning-engineer-fresher/2224804.html"",""title_normalizer_revision"":""2f434fba22de3a14c1b199331c8ca18408dc72e702071bf4bbfe380daff40f58""}"
topcv,2225473,2026-07-04,Lập Trình Viên Java Backend - Senior Java Backend Developer,Senior Backend Developer,senior,Ho Chi Minh,3,3,"[""Java""]",32000000.00,40000000.00,information_technology,"{""company_name"":""Công ty Cổ phần The First One"",""dataset"":""jobradar/topcv-operational-salary-snapshot"",""dataset_commit"":""first-seen-before:2026-07-19T04:36:28.244910+00:00"",""dataset_url"":""https://www.topcv.vn/viec-lam/lap-trinh-vien-java-backend-senior-java-backend-developer/2225473.html"",""first_seen_at"":""2026-07-18T17:02:16.160092+00:00"",""first_seen_batch_id"":""42c0cbd6-0939-4304-ba41-2bf2766aef6a"",""license"":""NOASSERTION"",""location_normalizer_revision"":""2026-07-19.1"",""observation_semantics"":""source posting date resolved by the JobRadar adapter"",""platform"":""topcv"",""raw_payload_sha256"":""0bc789a2375872920bc6afe29c3a38494f1c7883a84a788d113e5c3eacfcd8d9"",""scraped_at"":""2026-07-19T04:34:57.124327+00:00"",""snapshot_cutoff"":""2026-07-19T04:36:28.244910+00:00"",""source_url"":""https://www.topcv.vn/viec-lam/lap-trinh-vien-java-backend-senior-java-backend-developer/2225473.html"",""title_normalizer_revision"":""2f434fba22de3a14c1b199331c8ca18408dc72e702071bf4bbfe380daff40f58""}"
topcv,2225520,2026-07-04,Lập Trình Viên .NET Developer,Backend Developer,mid,Tây Ninh,1,1,"["".NET""]",10000000.00,12000000.00,information_technology,"{""company_name"":""CÔNG TY CỔ PHẦN CÔNG NGHỆ CƠ ĐIỆN LẠNH PHAN BÁCH"",""dataset"":""jobradar/topcv-operational-salary-snapshot"",""dataset_commit"":""first-seen-before:2026-07-19T04:36:28.244910+00:00"",""dataset_url"":""https://www.topcv.vn/viec-lam/lap-trinh-vien-net-developer/2225520.html"",""first_seen_at"":""2026-07-18T17:02:17.906672+00:00"",""first_seen_batch_id"":""42c0cbd6-0939-4304-ba41-2bf2766aef6a"",""license"":""NOASSERTION"",""location_normalizer_revision"":""2026-07-19.1"",""observation_semantics"":""source posting date resolved by the JobRadar adapter"",""platform"":""topcv"",""raw_payload_sha256"":""aa8596cfb5ee94c828fbb408878d19103a85c33365bebe96ff0ff8a7f09bd149"",""scraped_at"":""2026-07-19T04:35:07.154557+00:00"",""snapshot_cutoff"":""2026-07-19T04:36:28.244910+00:00"",""source_url"":""https://www.topcv.vn/viec-lam/lap-trinh-vien-net-developer/2225520.html"",""title_normalizer_revision"":""2f434fba22de3a14c1b199331c8ca18408dc72e702071bf4bbfe380daff40f58""}"
topcv,2225955,2026-07-11,Kỹ Thuật Lập Trình Cnc,Kỹ Thuật Lập Trình Cnc,mid,Hưng Yên,2,2,[],12000000.00,20000000.00,information_technology,"{""company_name"":""CÔNG TY CỔ PHẦN KIẾN TRÚC VÀ ĐẦU TƯ THƯƠNG MẠI TTT"",""dataset"":""jobradar/topcv-operational-salary-snapshot"",""dataset_commit"":""first-seen-before:2026-07-19T04:36:28.244910+00:00"",""dataset_url"":""https://www.topcv.vn/viec-lam/ky-thuat-lap-trinh-cnc/2225955.html"",""first_seen_at"":""2026-07-18T17:02:16.699378+00:00"",""first_seen_batch_id"":""42c0cbd6-0939-4304-ba41-2bf2766aef6a"",""license"":""NOASSERTION"",""location_normalizer_revision"":""2026-07-19.1"",""observation_semantics"":""source posting date resolved by the JobRadar adapter"",""platform"":""topcv"",""raw_payload_sha256"":""b6e1eb50f7e93f00bf6cb87be88bd4e7722ac40cd445d8c38731ba462ac0a909"",""scraped_at"":""2026-07-19T04:34:52.200533+00:00"",""snapshot_cutoff"":""2026-07-19T04:36:28.244910+00:00"",""source_url"":""https://www.topcv.vn/viec-lam/ky-thuat-lap-trinh-cnc/2225955.html"",""title_normalizer_revision"":""2f434fba22de3a14c1b199331c8ca18408dc72e702071bf4bbfe380daff40f58""}"
topcv,2226038,2026-07-11,Nhân Viên Tư Vấn Triển Khai Phần Mềm Website (Business Analyst / Công Nghệ Thông Tin)_Hồ Chí Minh (Không Cần Kinh Nghiệm),Business Analyst,mid,Ho Chi Minh,0,0,[],7000000.00,30000000.00,information_technology,"{""company_name"":""CÔNG TY TNHH CÔNG NGHỆ PHẦN MỀM NASANI"",""dataset"":""jobradar/topcv-operational-salary-snapshot"",""dataset_commit"":""first-seen-before:2026-07-19T04:36:28.244910+00:00"",""dataset_url"":""https://www.topcv.vn/viec-lam/nhan-vien-tu-van-trien-khai-phan-mem-website-business-analyst-cong-nghe-thong-tin-ho-chi-minh-khong-can-kinh-nghiem/2226038.html"",""first_seen_at"":""2026-07-18T17:02:15.315161+00:00"",""first_seen_batch_id"":""42c0cbd6-0939-4304-ba41-2bf2766aef6a"",""license"":""NOASSERTION"",""location_normalizer_revision"":""2026-07-19.1"",""observation_semantics"":""source posting date resolved by the JobRadar adapter"",""platform"":""topcv"",""raw_payload_sha256"":""bbb2e16bb01f66ebfb51000b51cb44ef0e6153677f0f06c07c08652149a75577"",""scraped_at"":""2026-07-19T04:40:23.268807+00:00"",""snapshot_cutoff"":""2026-07-19T04:36:28.244910+00:00"",""source_url"":""https://www.topcv.vn/viec-lam/nhan-vien-tu-van-trien-khai-phan-mem-website-business-analyst-cong-nghe-thong-tin-ho-chi-minh-khong-can-kinh-nghiem/2226038.html"",""title_normalizer_revision"":""2f434fba22de3a14c1b199331c8ca18408dc72e702071bf4bbfe380daff40f58""}"
topcv,2226146,2026-07-11,Backend Engineer (Junior+/Senior) - Upto 65 Triệu - Hybrid Working,Junior Backend Developer,junior,Ha Noi,5,5,[],,65000000.00,information_technology,"{""company_name"":""Công ty Cổ phần NAL Việt Nam"",""dataset"":""jobradar/topcv-operational-salary-snapshot"",""dataset_commit"":""first-seen-before:2026-07-19T04:36:28.244910+00:00"",""dataset_url"":""https://www.topcv.vn/viec-lam/backend-engineer-junior-senior-upto-65-trieu-hybrid-working/2226146.html"",""first_seen_at"":""2026-07-18T17:02:15.739399+00:00"",""first_seen_batch_id"":""42c0cbd6-0939-4304-ba41-2bf2766aef6a"",""license"":""NOASSERTION"",""location_normalizer_revision"":""2026-07-19.1"",""observation_semantics"":""source posting date resolved by the JobRadar adapter"",""platform"":""topcv"",""raw_payload_sha256"":""4ec05cd120af95d80f8eccd84d89919e4b1e528ee95c899532477f50ae0569fa"",""scraped_at"":""2026-07-19T04:40:32.799334+00:00"",""snapshot_cutoff"":""2026-07-19T04:36:28.244910+00:00"",""source_url"":""https://www.topcv.vn/viec-lam/backend-engineer-junior-senior-upto-65-trieu-hybrid-working/2226146.html"",""title_normalizer_revision"":""2f434fba22de3a14c1b199331c8ca18408dc72e702071bf4bbfe380daff40f58""}"
topcv,2226430,2026-07-11,Phân Tích Tích Hợp (Leader),Phân Tích Tích Hợp Leader ,lead,Ha Noi,3,3,[],20000000.00,29000000.00,information_technology,"{""company_name"":""CÔNG TY CỔ PHẦN CÔNG NGHỆ ALPHAWAY"",""dataset"":""jobradar/topcv-operational-salary-snapshot"",""dataset_commit"":""first-seen-before:2026-07-19T04:36:28.244910+00:00"",""dataset_url"":""https://www.topcv.vn/viec-lam/phan-tich-tich-hop-leader/2226430.html"",""first_seen_at"":""2026-07-18T17:02:16.691727+00:00"",""first_seen_batch_id"":""42c0cbd6-0939-4304-ba41-2bf2766aef6a"",""license"":""NOASSERTION"",""location_normalizer_revision"":""2026-07-19.1"",""observation_semantics"":""source posting date resolved by the JobRadar adapter"",""platform"":""topcv"",""raw_payload_sha256"":""cb8ac3e57f0db6927b6801ecb14ca0b782fd1a0a65d1492bc0362a1e9607bb88"",""scraped_at"":""2026-07-19T04:34:52.199619+00:00"",""snapshot_cutoff"":""2026-07-19T04:36:28.244910+00:00"",""source_url"":""https://www.topcv.vn/viec-lam/phan-tich-tich-hop-leader/2226430.html"",""title_normalizer_revision"":""2f434fba22de3a14c1b199331c8ca18408dc72e702071bf4bbfe380daff40f58""}"
topcv,2226476,2026-07-11,Intern Fullstack Developer (AI & Automation Focus),Fullstack Developer,intern,Ho Chi Minh,0,0,"[""Adobe Illustrator"",""Intern""]",4000000.00,6900000.00,information_technology,"{""company_name"":""CÔNG TY TNHH ISB VIỆT NAM"",""dataset"":""jobradar/topcv-operational-salary-snapshot"",""dataset_commit"":""first-seen-before:2026-07-19T04:36:28.244910+00:00"",""dataset_url"":""https://www.topcv.vn/viec-lam/intern-fullstack-developer-ai-automation-focus/2226476.html"",""first_seen_at"":""2026-07-18T17:02:15.665812+00:00"",""first_seen_batch_id"":""42c0cbd6-0939-4304-ba41-2bf2766aef6a"",""license"":""NOASSERTION"",""location_normalizer_revision"":""2026-07-19.1"",""observation_semantics"":""source posting date resolved by the JobRadar adapter"",""platform"":""topcv"",""raw_payload_sha256"":""9cc94a73e271f6b745b5b6a63c797e1bf7df14fafb6a1e4bd51526c72239e2b9"",""scraped_at"":""2026-07-19T04:40:32.810622+00:00"",""snapshot_cutoff"":""2026-07-19T04:36:28.244910+00:00"",""source_url"":""https://www.topcv.vn/viec-lam/intern-fullstack-developer-ai-automation-focus/2226476.html"",""title_normalizer_revision"":""2f434fba22de3a14c1b199331c8ca18408dc72e702071bf4bbfe380daff40f58""}"
topcv,2227058,2026-07-11,Fullstack Developer,Fullstack Developer,mid,Ha Noi,2,2,[],20000000.00,30000000.00,information_technology,"{""company_name"":""Công ty Cổ phần SEONGON Thịnh Vượng"",""dataset"":""jobradar/topcv-operational-salary-snapshot"",""dataset_commit"":""first-seen-before:2026-07-19T04:36:28.244910+00:00"",""dataset_url"":""https://www.topcv.vn/viec-lam/fullstack-developer/2227058.html"",""first_seen_at"":""2026-07-18T17:02:15.730946+00:00"",""first_seen_batch_id"":""42c0cbd6-0939-4304-ba41-2bf2766aef6a"",""license"":""NOASSERTION"",""location_normalizer_revision"":""2026-07-19.1"",""observation_semantics"":""source posting date resolved by the JobRadar adapter"",""platform"":""topcv"",""raw_payload_sha256"":""1514baea55e173ffa98d240c33fdc66860ac153be9546c97cde506707d40c9c3"",""scraped_at"":""2026-07-19T04:40:32.801933+00:00"",""snapshot_cutoff"":""2026-07-19T04:36:28.244910+00:00"",""source_url"":""https://www.topcv.vn/viec-lam/fullstack-developer/2227058.html"",""title_normalizer_revision"":""2f434fba22de3a14c1b199331c8ca18408dc72e702071bf4bbfe380daff40f58""}"
topcv,2227299,2026-07-11,"Embedded Software Engineer (MCU, RTOS, 2+ YOE)",Embedded Engineer,mid,Ha Noi,2,2,[],17500000.00,45000000.00,information_technology,"{""company_name"":""LG Electronics Development Vietnam Company Limited"",""dataset"":""jobradar/topcv-operational-salary-snapshot"",""dataset_commit"":""first-seen-before:2026-07-19T04:36:28.244910+00:00"",""dataset_url"":""https://www.topcv.vn/viec-lam/embedded-software-engineer-mcu-rtos-2-yoe/2227299.html"",""first_seen_at"":""2026-07-18T17:02:16.098848+00:00"",""first_seen_batch_id"":""42c0cbd6-0939-4304-ba41-2bf2766aef6a"",""license"":""NOASSERTION"",""location_normalizer_revision"":""2026-07-19.1"",""observation_semantics"":""source posting date resolved by the JobRadar adapter"",""platform"":""topcv"",""raw_payload_sha256"":""675dd6d1ca1cf3b19f79504aea152a1477fc72fbbfa59a6053d838673e60b122"",""scraped_at"":""2026-07-19T04:40:43.068148+00:00"",""snapshot_cutoff"":""2026-07-19T04:36:28.244910+00:00"",""source_url"":""https://www.topcv.vn/viec-lam/embedded-software-engineer-mcu-rtos-2-yoe/2227299.html"",""title_normalizer_revision"":""2f434fba22de3a14c1b199331c8ca18408dc72e702071bf4bbfe380daff40f58""}"
topcv,2228404,2026-07-11,ReactJS/React Native Developer Intern Hỗ Trợ Upto 5 Triệu,Mobile Developer (React Native),intern,Ha Noi,0,1,"[""Intern"",""React"",""React Native""]",,5000000.00,information_technology,"{""company_name"":""Công ty cổ phần kinh doanh công nghệ Open Techiz"",""dataset"":""jobradar/topcv-operational-salary-snapshot"",""dataset_commit"":""first-seen-before:2026-07-19T04:36:28.244910+00:00"",""dataset_url"":""https://www.topcv.vn/viec-lam/reactjs-react-native-developer-intern-ho-tro-upto-5-trieu/2228404.html"",""first_seen_at"":""2026-07-18T17:02:15.747392+00:00"",""first_seen_batch_id"":""42c0cbd6-0939-4304-ba41-2bf2766aef6a"",""license"":""NOASSERTION"",""location_normalizer_revision"":""2026-07-19.1"",""observation_semantics"":""source posting date resolved by the JobRadar adapter"",""platform"":""topcv"",""raw_payload_sha256"":""d939696c503983919a1b560fdc7cdd0aa9b7da96a29e7588af16f58b915f6c9c"",""scraped_at"":""2026-07-19T04:40:32.800996+00:00"",""snapshot_cutoff"":""2026-07-19T04:36:28.244910+00:00"",""source_url"":""https://www.topcv.vn/viec-lam/reactjs-react-native-developer-intern-ho-tro-upto-5-trieu/2228404.html"",""title_normalizer_revision"":""2f434fba22de3a14c1b199331c8ca18408dc72e702071bf4bbfe380daff40f58""}"
topcv,2228551,2026-07-11,Nhân Viên Lập Trình Máy Phay CNC,Nhân Viên Lập Trình Máy Phay CNC,mid,Ho Chi Minh,1,1,[],10000000.00,15000000.00,information_technology,"{""company_name"":""CÔNG TY CỔ PHẦN TẬP ĐOÀN CÔNG NGHỆ IDEA"",""dataset"":""jobradar/topcv-operational-salary-snapshot"",""dataset_commit"":""first-seen-before:2026-07-19T04:36:28.244910+00:00"",""dataset_url"":""https://www.topcv.vn/viec-lam/nhan-vien-lap-trinh-may-phay-cnc/2228551.html"",""first_seen_at"":""2026-07-18T17:02:16.628040+00:00"",""first_seen_batch_id"":""42c0cbd6-0939-4304-ba41-2bf2766aef6a"",""license"":""NOASSERTION"",""location_normalizer_revision"":""2026-07-19.1"",""observation_semantics"":""source posting date resolved by the JobRadar adapter"",""platform"":""topcv"",""raw_payload_sha256"":""739f61778d582911374b6aa3a60abad8a326ec3174463ff5f39aa65f37635165"",""scraped_at"":""2026-07-19T04:41:07.952933+00:00"",""snapshot_cutoff"":""2026-07-19T04:36:28.244910+00:00"",""source_url"":""https://www.topcv.vn/viec-lam/nhan-vien-lap-trinh-may-phay-cnc/2228551.html"",""title_normalizer_revision"":""2f434fba22de3a14c1b199331c8ca18408dc72e702071bf4bbfe380daff40f58""}"
topcv,2228552,2026-07-11,Lập Trình Viên Dev C# Java,Software Engineer,mid,Ha Noi,3,3,"[""C#"",""Java""]",,30000000.00,information_technology,"{""company_name"":""Công ty TNHH City Ascom Việt Nam"",""dataset"":""jobradar/topcv-operational-salary-snapshot"",""dataset_commit"":""first-seen-before:2026-07-19T04:36:28.244910+00:00"",""dataset_url"":""https://www.topcv.vn/viec-lam/lap-trinh-vien-dev-c-java/2228552.html"",""first_seen_at"":""2026-07-18T17:02:15.343555+00:00"",""first_seen_batch_id"":""42c0cbd6-0939-4304-ba41-2bf2766aef6a"",""license"":""NOASSERTION"",""location_normalizer_revision"":""2026-07-19.1"",""observation_semantics"":""source posting date resolved by the JobRadar adapter"",""platform"":""topcv"",""raw_payload_sha256"":""cdaf856082d8f8e9ef40b145156a6a144db3cce0513c5a370e164d870b16941f"",""scraped_at"":""2026-07-19T04:40:23.281626+00:00"",""snapshot_cutoff"":""2026-07-19T04:36:28.244910+00:00"",""source_url"":""https://www.topcv.vn/viec-lam/lap-trinh-vien-dev-c-java/2228552.html"",""title_normalizer_revision"":""2f434fba22de3a14c1b199331c8ca18408dc72e702071bf4bbfe380daff40f58""}"
topcv,2228954,2026-07-11,"Fullstack Developer - Hoàng Mai, Hà Nội",Fullstack Developer,mid,Ha Noi,2,2,[],,25000000.00,information_technology,"{""company_name"":""CÔNG TY TNHH HÓA ĐƠN ĐIỆN TỬ M-INVOICE"",""dataset"":""jobradar/topcv-operational-salary-snapshot"",""dataset_commit"":""first-seen-before:2026-07-19T04:36:28.244910+00:00"",""dataset_url"":""https://www.topcv.vn/viec-lam/fullstack-developer-hoang-mai-ha-noi/2228954.html"",""first_seen_at"":""2026-07-18T17:02:15.764088+00:00"",""first_seen_batch_id"":""42c0cbd6-0939-4304-ba41-2bf2766aef6a"",""license"":""NOASSERTION"",""location_normalizer_revision"":""2026-07-19.1"",""observation_semantics"":""source posting date resolved by the JobRadar adapter"",""platform"":""topcv"",""raw_payload_sha256"":""c93db48633b2e77874a7c9ba7816d6f623baf2dfaaff2a7b82a2757a89a49f9b"",""scraped_at"":""2026-07-19T04:40:32.816219+00:00"",""snapshot_cutoff"":""2026-07-19T04:36:28.244910+00:00"",""source_url"":""https://www.topcv.vn/viec-lam/fullstack-developer-hoang-mai-ha-noi/2228954.html"",""title_normalizer_revision"":""2f434fba22de3a14c1b199331c8ca18408dc72e702071bf4bbfe380daff40f58""}"
topcv,2229280,2026-07-11,"Lập Trình Viên Java/Spring Boot - Thu Nhập Upto 25 Triệu (Thưởng Năng Suất Hấp Dẫn) - Hà Nội - Phỏng Vấn, Đi Làm Ngay",Backend Developer,mid,Ha Noi,2,2,"[""Java"",""Spring Boot""]",,25000000.00,information_technology,"{""company_name"":""CÔNG TY CỔ PHẦN THƯƠNG MẠI ĐIỆN TỬ BẢO KIM"",""dataset"":""jobradar/topcv-operational-salary-snapshot"",""dataset_commit"":""first-seen-before:2026-07-19T04:36:28.244910+00:00"",""dataset_url"":""https://www.topcv.vn/viec-lam/lap-trinh-vien-java-spring-boot-thu-nhap-upto-25-trieu-thuong-nang-suat-hap-dan-ha-noi-phong-van-di-lam-ngay/2229280.html"",""first_seen_at"":""2026-07-18T17:02:15.334266+00:00"",""first_seen_batch_id"":""42c0cbd6-0939-4304-ba41-2bf2766aef6a"",""license"":""NOASSERTION"",""location_normalizer_revision"":""2026-07-19.1"",""observation_semantics"":""source posting date resolved by the JobRadar adapter"",""platform"":""topcv"",""raw_payload_sha256"":""25dcefbb5dbc5509bf29ea8f5d111cc15437d5ec068cbdd5f8e608b7f7994b5c"",""scraped_at"":""2026-07-19T04:40:23.270757+00:00"",""snapshot_cutoff"":""2026-07-19T04:36:28.244910+00:00"",""source_url"":""https://www.topcv.vn/viec-lam/lap-trinh-vien-java-spring-boot-thu-nhap-upto-25-trieu-thuong-nang-suat-hap-dan-ha-noi-phong-van-di-lam-ngay/2229280.html"",""title_normalizer_revision"":""2f434fba22de3a14c1b199331c8ca18408dc72e702071bf4bbfe380daff40f58""}"
topcv,2229296,2026-07-11,Kỹ Sư Phần Mềm,Software Engineer,mid,Ho Chi Minh,1,1,[],10000000.00,15000000.00,information_technology,"{""company_name"":""CÔNG TY TNHH ANH PHÁT"",""dataset"":""jobradar/topcv-operational-salary-snapshot"",""dataset_commit"":""first-seen-before:2026-07-19T04:36:28.244910+00:00"",""dataset_url"":""https://www.topcv.vn/viec-lam/ky-su-phan-mem/2229296.html"",""first_seen_at"":""2026-07-18T17:02:17.689423+00:00"",""first_seen_batch_id"":""42c0cbd6-0939-4304-ba41-2bf2766aef6a"",""license"":""NOASSERTION"",""location_normalizer_revision"":""2026-07-19.1"",""observation_semantics"":""source posting date resolved by the JobRadar adapter"",""platform"":""topcv"",""raw_payload_sha256"":""887ffc18028dc2b67d18d9ae8d7af08fb61a1976a3c7c6177c2f0d2dcd2392d7"",""scraped_at"":""2026-07-19T04:35:02.380952+00:00"",""snapshot_cutoff"":""2026-07-19T04:36:28.244910+00:00"",""source_url"":""https://www.topcv.vn/viec-lam/ky-su-phan-mem/2229296.html"",""title_normalizer_revision"":""2f434fba22de3a14c1b199331c8ca18408dc72e702071bf4bbfe380daff40f58""}"
topcv,2230191,2026-07-11,".NET Developer (Product, Talent)",Backend Developer,mid,Ha Noi,3,3,"["".NET""]",30000000.00,40000000.00,information_technology,"{""company_name"":""Công ty Cổ phần Công nghệ KiotViet"",""dataset"":""jobradar/topcv-operational-salary-snapshot"",""dataset_commit"":""first-seen-before:2026-07-19T04:36:28.244910+00:00"",""dataset_url"":""https://www.topcv.vn/viec-lam/net-developer-product-talent/2230191.html"",""first_seen_at"":""2026-07-18T17:02:15.805700+00:00"",""first_seen_batch_id"":""42c0cbd6-0939-4304-ba41-2bf2766aef6a"",""license"":""NOASSERTION"",""location_normalizer_revision"":""2026-07-19.1"",""observation_semantics"":""source posting date resolved by the JobRadar adapter"",""platform"":""topcv"",""raw_payload_sha256"":""9dbd948dda4e21d7f39c7e6a9562c7607526641fa3dff433fd288b33c435b40f"",""scraped_at"":""2026-07-19T04:40:37.964173+00:00"",""snapshot_cutoff"":""2026-07-19T04:36:28.244910+00:00"",""source_url"":""https://www.topcv.vn/viec-lam/net-developer-product-talent/2230191.html"",""title_normalizer_revision"":""2f434fba22de3a14c1b199331c8ca18408dc72e702071bf4bbfe380daff40f58""}"
topcv,2230219,2026-07-11,Java Developer,Backend Developer,mid,Ha Noi,3,3,"[""Java""]",30000000.00,40000000.00,information_technology,"{""company_name"":""CÔNG TY CỔ PHẦN GIAO HÀNG TIẾT KIỆM"",""dataset"":""jobradar/topcv-operational-salary-snapshot"",""dataset_commit"":""first-seen-before:2026-07-19T04:36:28.244910+00:00"",""dataset_url"":""https://www.topcv.vn/viec-lam/java-developer/2230219.html"",""first_seen_at"":""2026-07-18T17:02:15.778763+00:00"",""first_seen_batch_id"":""42c0cbd6-0939-4304-ba41-2bf2766aef6a"",""license"":""NOASSERTION"",""location_normalizer_revision"":""2026-07-19.1"",""observation_semantics"":""source posting date resolved by the JobRadar adapter"",""platform"":""topcv"",""raw_payload_sha256"":""7bb2ace187c5d692f4250568b81ef61d1a82c10d85dbda175c9258156fa0edec"",""scraped_at"":""2026-07-19T04:40:32.822398+00:00"",""snapshot_cutoff"":""2026-07-19T04:36:28.244910+00:00"",""source_url"":""https://www.topcv.vn/viec-lam/java-developer/2230219.html"",""title_normalizer_revision"":""2f434fba22de3a14c1b199331c8ca18408dc72e702071bf4bbfe380daff40f58""}"
topcv,2230290,2026-07-11,Middle Frontend Developer (ReactJS/NextJS),Frontend Developer,mid,Ha Noi,2,2,"[""Next.js"",""React""]",,25000000.00,information_technology,"{""company_name"":""CÔNG TY CỔ PHẦN CÔNG NGHỆ SAVA META"",""dataset"":""jobradar/topcv-operational-salary-snapshot"",""dataset_commit"":""first-seen-before:2026-07-19T04:36:28.244910+00:00"",""dataset_url"":""https://www.topcv.vn/viec-lam/middle-frontend-developer-reactjs-nextjs/2230290.html"",""first_seen_at"":""2026-07-18T17:02:15.707057+00:00"",""first_seen_batch_id"":""42c0cbd6-0939-4304-ba41-2bf2766aef6a"",""license"":""NOASSERTION"",""location_normalizer_revision"":""2026-07-19.1"",""observation_semantics"":""source posting date resolved by the JobRadar adapter"",""platform"":""topcv"",""raw_payload_sha256"":""37469ca16419bdba5cfdc3d9a99892409b1b95f7f2fe86039152284e3f7804ab"",""scraped_at"":""2026-07-19T04:40:32.825390+00:00"",""snapshot_cutoff"":""2026-07-19T04:36:28.244910+00:00"",""source_url"":""https://www.topcv.vn/viec-lam/middle-frontend-developer-reactjs-nextjs/2230290.html"",""title_normalizer_revision"":""2f434fba22de3a14c1b199331c8ca18408dc72e702071bf4bbfe380daff40f58""}"
topcv,2230604,2026-07-11,Mobile Developer (Leader),Mobile Developer,lead,Ha Noi,3,3,[],19000000.00,24000000.00,information_technology,"{""company_name"":""CÔNG TY CỔ PHẦN CÔNG NGHỆ ALPHAWAY"",""dataset"":""jobradar/topcv-operational-salary-snapshot"",""dataset_commit"":""first-seen-before:2026-07-19T04:36:28.244910+00:00"",""dataset_url"":""https://www.topcv.vn/viec-lam/mobile-developer-leader/2230604.html"",""first_seen_at"":""2026-07-18T17:02:16.603609+00:00"",""first_seen_batch_id"":""42c0cbd6-0939-4304-ba41-2bf2766aef6a"",""license"":""NOASSERTION"",""location_normalizer_revision"":""2026-07-19.1"",""observation_semantics"":""source posting date resolved by the JobRadar adapter"",""platform"":""topcv"",""raw_payload_sha256"":""435458b767e6959680cb0f4e3ad93756197293421ee6e5d8b5bd08bd5a92832d"",""scraped_at"":""2026-07-19T04:41:07.934074+00:00"",""snapshot_cutoff"":""2026-07-19T04:36:28.244910+00:00"",""source_url"":""https://www.topcv.vn/viec-lam/mobile-developer-leader/2230604.html"",""title_normalizer_revision"":""2f434fba22de3a14c1b199331c8ca18408dc72e702071bf4bbfe380daff40f58""}"
topcv,2230621,2026-07-11,Java Backend/ Yêu Cầu Tối Thiểu 3 Năm Kinh Nghiệm,Backend Developer,mid,Ha Noi,3,3,"[""Java""]",17000000.00,30000000.00,information_technology,"{""company_name"":""CÔNG TY CỔ PHẦN DỊCH  VỤ CÔNG NGHỆ TIN HỌC HPT"",""dataset"":""jobradar/topcv-operational-salary-snapshot"",""dataset_commit"":""first-seen-before:2026-07-19T04:36:28.244910+00:00"",""dataset_url"":""https://www.topcv.vn/viec-lam/java-backend-yeu-cau-toi-thieu-3-nam-kinh-nghiem/2230621.html"",""first_seen_at"":""2026-07-18T17:02:15.895815+00:00"",""first_seen_batch_id"":""42c0cbd6-0939-4304-ba41-2bf2766aef6a"",""license"":""NOASSERTION"",""location_normalizer_revision"":""2026-07-19.1"",""observation_semantics"":""source posting date resolved by the JobRadar adapter"",""platform"":""topcv"",""raw_payload_sha256"":""eea91bdd5c99cdec5a55d9de4cc3c20883a9d82ee1735db0953d13be02050806"",""scraped_at"":""2026-07-19T04:40:37.993235+00:00"",""snapshot_cutoff"":""2026-07-19T04:36:28.244910+00:00"",""source_url"":""https://www.topcv.vn/viec-lam/java-backend-yeu-cau-toi-thieu-3-nam-kinh-nghiem/2230621.html"",""title_normalizer_revision"":""2f434fba22de3a14c1b199331c8ca18408dc72e702071bf4bbfe380daff40f58""}"
topcv,2230672,2026-07-11,Nhân Viên Odoo Developer Cho Doanh Nghiệp FnB,Backend Developer,mid,Ho Chi Minh,1,1,"[""Odoo""]",13000000.00,20000000.00,information_technology,"{""company_name"":""CÔNG TY CP TIÊN PHONG CDS"",""dataset"":""jobradar/topcv-operational-salary-snapshot"",""dataset_commit"":""first-seen-before:2026-07-19T04:36:28.244910+00:00"",""dataset_url"":""https://www.topcv.vn/viec-lam/nhan-vien-odoo-developer-cho-doanh-nghiep-fnb/2230672.html"",""first_seen_at"":""2026-07-18T17:02:15.716189+00:00"",""first_seen_batch_id"":""42c0cbd6-0939-4304-ba41-2bf2766aef6a"",""license"":""NOASSERTION"",""location_normalizer_revision"":""2026-07-19.1"",""observation_semantics"":""source posting date resolved by the JobRadar adapter"",""platform"":""topcv"",""raw_payload_sha256"":""3da1f879c4ae75ae6d9b51f42a1dfb1654d010b630c763edfcebdee4fd5e76a3"",""scraped_at"":""2026-07-19T04:40:32.794983+00:00"",""snapshot_cutoff"":""2026-07-19T04:36:28.244910+00:00"",""source_url"":""https://www.topcv.vn/viec-lam/nhan-vien-odoo-developer-cho-doanh-nghiep-fnb/2230672.html"",""title_normalizer_revision"":""2f434fba22de3a14c1b199331c8ca18408dc72e702071bf4bbfe380daff40f58""}"
topcv,2230841,2026-07-11,"Lead Fullstack Developer (Java, ReactJS)",Fullstack Developer,lead,Ha Noi,3,3,"[""Java"",""React""]",25000000.00,35000000.00,information_technology,"{""company_name"":""CÔNG TY CỔ PHẦN CÔNG NGHỆ SICIX"",""dataset"":""jobradar/topcv-operational-salary-snapshot"",""dataset_commit"":""first-seen-before:2026-07-19T04:36:28.244910+00:00"",""dataset_url"":""https://www.topcv.vn/viec-lam/lead-fullstack-developer-java-reactjs/2230841.html"",""first_seen_at"":""2026-07-18T17:02:17.628952+00:00"",""first_seen_batch_id"":""42c0cbd6-0939-4304-ba41-2bf2766aef6a"",""license"":""NOASSERTION"",""location_normalizer_revision"":""2026-07-19.1"",""observation_semantics"":""source posting date resolved by the JobRadar adapter"",""platform"":""topcv"",""raw_payload_sha256"":""c8f4ea12c5d4d2434557c1bc52b2dac5edbbc0f443789760d2d1c78f6b7f2107"",""scraped_at"":""2026-07-19T04:35:02.374401+00:00"",""snapshot_cutoff"":""2026-07-19T04:36:28.244910+00:00"",""source_url"":""https://www.topcv.vn/viec-lam/lead-fullstack-developer-java-reactjs/2230841.html"",""title_normalizer_revision"":""2f434fba22de3a14c1b199331c8ca18408dc72e702071bf4bbfe380daff40f58""}"
topcv,2230947,2026-07-11,"Software Engineer, Lương Từ 22-30 Triệu, Nhận Việc Ngay",Software Engineer,mid,Ho Chi Minh,2,2,[],22000000.00,30000000.00,information_technology,"{""company_name"":""Công Ty TNHH M4G"",""dataset"":""jobradar/topcv-operational-salary-snapshot"",""dataset_commit"":""first-seen-before:2026-07-19T04:36:28.244910+00:00"",""dataset_url"":""https://www.topcv.vn/viec-lam/software-engineer-luong-tu-22-30-trieu-nhan-viec-ngay/2230947.html"",""first_seen_at"":""2026-07-18T17:02:15.386882+00:00"",""first_seen_batch_id"":""42c0cbd6-0939-4304-ba41-2bf2766aef6a"",""license"":""NOASSERTION"",""location_normalizer_revision"":""2026-07-19.1"",""observation_semantics"":""source posting date resolved by the JobRadar adapter"",""platform"":""topcv"",""raw_payload_sha256"":""bcc8d3832f10a2ad14edf835adc96ba226a5a364b6ffc6cf1c3c4cacdfb09e13"",""scraped_at"":""2026-07-19T04:40:23.284476+00:00"",""snapshot_cutoff"":""2026-07-19T04:36:28.244910+00:00"",""source_url"":""https://www.topcv.vn/viec-lam/software-engineer-luong-tu-22-30-trieu-nhan-viec-ngay/2230947.html"",""title_normalizer_revision"":""2f434fba22de3a14c1b199331c8ca18408dc72e702071bf4bbfe380daff40f58""}"
topcv,2231375,2026-07-11,Backend Developer (Senior Level) / Lập Trình Viên Backend,Senior Backend Developer,senior,Ha Noi,3,3,[],30000000.00,,information_technology,"{""company_name"":""Công Ty Cổ Phần Edulive Toàn Cầu"",""dataset"":""jobradar/topcv-operational-salary-snapshot"",""dataset_commit"":""first-seen-before:2026-07-19T04:36:28.244910+00:00"",""dataset_url"":""https://www.topcv.vn/viec-lam/backend-developer-senior-level-lap-trinh-vien-backend/2231375.html"",""first_seen_at"":""2026-07-18T17:02:15.973373+00:00"",""first_seen_batch_id"":""42c0cbd6-0939-4304-ba41-2bf2766aef6a"",""license"":""NOASSERTION"",""location_normalizer_revision"":""2026-07-19.1"",""observation_semantics"":""source posting date resolved by the JobRadar adapter"",""platform"":""topcv"",""raw_payload_sha256"":""81dec8afa9ca8d86dcdda96cd0a90a53e887eaebee045ac842bf0b73a3526cd4"",""scraped_at"":""2026-07-19T04:40:43.054414+00:00"",""snapshot_cutoff"":""2026-07-19T04:36:28.244910+00:00"",""source_url"":""https://www.topcv.vn/viec-lam/backend-developer-senior-level-lap-trinh-vien-backend/2231375.html"",""title_normalizer_revision"":""2f434fba22de3a14c1b199331c8ca18408dc72e702071bf4bbfe380daff40f58""}"
topcv,2231402,2026-07-11,Senior FrontEnd Developer,Senior Frontend Developer,senior,Ha Noi,3,3,[],15000000.00,20000000.00,information_technology,"{""company_name"":""Công Ty Cổ Phần Edulive Toàn Cầu"",""dataset"":""jobradar/topcv-operational-salary-snapshot"",""dataset_commit"":""first-seen-before:2026-07-19T04:36:28.244910+00:00"",""dataset_url"":""https://www.topcv.vn/viec-lam/senior-frontend-developer/2231402.html"",""first_seen_at"":""2026-07-18T17:02:15.856952+00:00"",""first_seen_batch_id"":""42c0cbd6-0939-4304-ba41-2bf2766aef6a"",""license"":""NOASSERTION"",""location_normalizer_revision"":""2026-07-19.1"",""observation_semantics"":""source posting date resolved by the JobRadar adapter"",""platform"":""topcv"",""raw_payload_sha256"":""40b557da1af1c7c1bc064f7e31804ff41f7cfb81e7b0779c69344fe1fc6a4fec"",""scraped_at"":""2026-07-19T04:40:37.973273+00:00"",""snapshot_cutoff"":""2026-07-19T04:36:28.244910+00:00"",""source_url"":""https://www.topcv.vn/viec-lam/senior-frontend-developer/2231402.html"",""title_normalizer_revision"":""2f434fba22de3a14c1b199331c8ca18408dc72e702071bf4bbfe380daff40f58""}"
topcv,2231620,2026-07-11,Junior NodeJS,Junior NodeJS,junior,Ha Noi,2,2,"[""Node.js""]",,15000000.00,information_technology,"{""company_name"":""Công ty TNHH Digital Innovation"",""dataset"":""jobradar/topcv-operational-salary-snapshot"",""dataset_commit"":""first-seen-before:2026-07-19T04:36:28.244910+00:00"",""dataset_url"":""https://www.topcv.vn/viec-lam/junior-nodejs/2231620.html"",""first_seen_at"":""2026-07-18T17:02:15.863987+00:00"",""first_seen_batch_id"":""42c0cbd6-0939-4304-ba41-2bf2766aef6a"",""license"":""NOASSERTION"",""location_normalizer_revision"":""2026-07-19.1"",""observation_semantics"":""source posting date resolved by the JobRadar adapter"",""platform"":""topcv"",""raw_payload_sha256"":""780173281f241204a92e3f9cd153fd70f4c24cc07999994f6e7e514683aa3f40"",""scraped_at"":""2026-07-19T04:40:37.978928+00:00"",""snapshot_cutoff"":""2026-07-19T04:36:28.244910+00:00"",""source_url"":""https://www.topcv.vn/viec-lam/junior-nodejs/2231620.html"",""title_normalizer_revision"":""2f434fba22de3a14c1b199331c8ca18408dc72e702071bf4bbfe380daff40f58""}"
topcv,2231669,2026-07-11,Kỹ Sư Phát Triển Phần Mềm Mảng Mobile,Software Engineer,mid,Ha Noi,5,5,[],25000000.00,45000000.00,information_technology,"{""company_name"":""Công Ty Cổ Phần Công Nghiệp Weldcom"",""dataset"":""jobradar/topcv-operational-salary-snapshot"",""dataset_commit"":""first-seen-before:2026-07-19T04:36:28.244910+00:00"",""dataset_url"":""https://www.topcv.vn/viec-lam/ky-su-phat-trien-phan-mem-mang-mobile/2231669.html"",""first_seen_at"":""2026-07-18T17:02:15.815545+00:00"",""first_seen_batch_id"":""42c0cbd6-0939-4304-ba41-2bf2766aef6a"",""license"":""NOASSERTION"",""location_normalizer_revision"":""2026-07-19.1"",""observation_semantics"":""source posting date resolved by the JobRadar adapter"",""platform"":""topcv"",""raw_payload_sha256"":""e6b5879928fdfe41a93a72ecc4ef04983c05b3fdcd907ac0d3ce90642398f55b"",""scraped_at"":""2026-07-19T04:40:37.975091+00:00"",""snapshot_cutoff"":""2026-07-19T04:36:28.244910+00:00"",""source_url"":""https://www.topcv.vn/viec-lam/ky-su-phat-trien-phan-mem-mang-mobile/2231669.html"",""title_normalizer_revision"":""2f434fba22de3a14c1b199331c8ca18408dc72e702071bf4bbfe380daff40f58""}"
topcv,2231707,2026-07-11,Kỹ Sư Phát Triển Phần Mềm,Software Engineer,mid,Ha Noi,5,5,[],25000000.00,50000000.00,information_technology,"{""company_name"":""Công Ty Cổ Phần Công Nghiệp Weldcom"",""dataset"":""jobradar/topcv-operational-salary-snapshot"",""dataset_commit"":""first-seen-before:2026-07-19T04:36:28.244910+00:00"",""dataset_url"":""https://www.topcv.vn/viec-lam/ky-su-phat-trien-phan-mem/2231707.html"",""first_seen_at"":""2026-07-18T17:02:15.964843+00:00"",""first_seen_batch_id"":""42c0cbd6-0939-4304-ba41-2bf2766aef6a"",""license"":""NOASSERTION"",""location_normalizer_revision"":""2026-07-19.1"",""observation_semantics"":""source posting date resolved by the JobRadar adapter"",""platform"":""topcv"",""raw_payload_sha256"":""6195a810091f64b9144fa1e1adbd852972a9ddce8479ff27120a5b6682516e36"",""scraped_at"":""2026-07-19T04:40:37.969909+00:00"",""snapshot_cutoff"":""2026-07-19T04:36:28.244910+00:00"",""source_url"":""https://www.topcv.vn/viec-lam/ky-su-phat-trien-phan-mem/2231707.html"",""title_normalizer_revision"":""2f434fba22de3a14c1b199331c8ca18408dc72e702071bf4bbfe380daff40f58""}"
topcv,2232202,2026-07-11,Middle Python Software Engineer (DJango/ FastAPI),Software Engineer,mid,Ho Chi Minh,3,3,"[""Django"",""FastAPI"",""Python""]",30000000.00,35000000.00,information_technology,"{""company_name"":""Công ty Cổ phần viễn thông FPT"",""dataset"":""jobradar/topcv-operational-salary-snapshot"",""dataset_commit"":""first-seen-before:2026-07-19T04:36:28.244910+00:00"",""dataset_url"":""https://www.topcv.vn/viec-lam/middle-python-software-engineer-django-fastapi/2232202.html"",""first_seen_at"":""2026-07-18T17:02:17.598153+00:00"",""first_seen_batch_id"":""42c0cbd6-0939-4304-ba41-2bf2766aef6a"",""license"":""NOASSERTION"",""location_normalizer_revision"":""2026-07-19.1"",""observation_semantics"":""source posting date resolved by the JobRadar adapter"",""platform"":""topcv"",""raw_payload_sha256"":""96a1b76507c2185d6b75d9d10e9bbf98d04c14a2c465a2023d423c04aecc925e"",""scraped_at"":""2026-07-19T04:35:02.369916+00:00"",""snapshot_cutoff"":""2026-07-19T04:36:28.244910+00:00"",""source_url"":""https://www.topcv.vn/viec-lam/middle-python-software-engineer-django-fastapi/2232202.html"",""title_normalizer_revision"":""2f434fba22de3a14c1b199331c8ca18408dc72e702071bf4bbfe380daff40f58""}"
topcv,2232203,2026-07-11,Middle .Net Software Engineer (ASP.Net),Software Engineer,mid,Ho Chi Minh,3,3,"["".NET""]",30000000.00,35000000.00,information_technology,"{""company_name"":""Công ty Cổ phần viễn thông FPT"",""dataset"":""jobradar/topcv-operational-salary-snapshot"",""dataset_commit"":""first-seen-before:2026-07-19T04:36:28.244910+00:00"",""dataset_url"":""https://www.topcv.vn/viec-lam/middle-net-software-engineer-asp-net/2232203.html"",""first_seen_at"":""2026-07-18T17:02:17.590022+00:00"",""first_seen_batch_id"":""42c0cbd6-0939-4304-ba41-2bf2766aef6a"",""license"":""NOASSERTION"",""location_normalizer_revision"":""2026-07-19.1"",""observation_semantics"":""source posting date resolved by the JobRadar adapter"",""platform"":""topcv"",""raw_payload_sha256"":""7f679cea35288ac6ba21cef2ea4d21f66bfa67f4060586e24749ddf135d0c8fc"",""scraped_at"":""2026-07-19T04:35:02.368893+00:00"",""snapshot_cutoff"":""2026-07-19T04:36:28.244910+00:00"",""source_url"":""https://www.topcv.vn/viec-lam/middle-net-software-engineer-asp-net/2232203.html"",""title_normalizer_revision"":""2f434fba22de3a14c1b199331c8ca18408dc72e702071bf4bbfe380daff40f58""}"
topcv,2232732,2026-07-11,Kỹ Sư Lập Trình CAM,Kỹ Sư Lập Trình CAM,mid,Hưng Yên,2,2,[],18000000.00,25000000.00,information_technology,"{""company_name"":""Công ty cổ phần tập đoàn Dekko"",""dataset"":""jobradar/topcv-operational-salary-snapshot"",""dataset_commit"":""first-seen-before:2026-07-19T04:36:28.244910+00:00"",""dataset_url"":""https://www.topcv.vn/viec-lam/ky-su-lap-trinh-cam/2232732.html"",""first_seen_at"":""2026-07-18T17:02:16.545907+00:00"",""first_seen_batch_id"":""42c0cbd6-0939-4304-ba41-2bf2766aef6a"",""license"":""NOASSERTION"",""location_normalizer_revision"":""2026-07-19.1"",""observation_semantics"":""source posting date resolved by the JobRadar adapter"",""platform"":""topcv"",""raw_payload_sha256"":""80f3c5f4ce5aed5687db89c0b3692853beb6754600b9e36149ecce7d5600d874"",""scraped_at"":""2026-07-19T04:41:03.083354+00:00"",""snapshot_cutoff"":""2026-07-19T04:36:28.244910+00:00"",""source_url"":""https://www.topcv.vn/viec-lam/ky-su-lap-trinh-cam/2232732.html"",""title_normalizer_revision"":""2f434fba22de3a14c1b199331c8ca18408dc72e702071bf4bbfe380daff40f58""}"
topcv,2233552,2026-07-11,JavaScript Fresher (15 -20M Net; Upto 18 Tháng Lương) - F37,JavaScript Fresher 15 -20M Net; Upto 18 Tháng Lương - F37,fresher,Ha Noi,0,0,"[""JavaScript""]",15000000.00,20000000.00,information_technology,"{""company_name"":""Công ty Cổ phần Falcon Technology"",""dataset"":""jobradar/topcv-operational-salary-snapshot"",""dataset_commit"":""first-seen-before:2026-07-19T04:36:28.244910+00:00"",""dataset_url"":""https://www.topcv.vn/viec-lam/javascript-fresher-15-20m-net-upto-18-thang-luong-f37/2233552.html"",""first_seen_at"":""2026-07-18T17:02:15.370133+00:00"",""first_seen_batch_id"":""42c0cbd6-0939-4304-ba41-2bf2766aef6a"",""license"":""NOASSERTION"",""location_normalizer_revision"":""2026-07-19.1"",""observation_semantics"":""source posting date resolved by the JobRadar adapter"",""platform"":""topcv"",""raw_payload_sha256"":""99dbf4f885fcf378e76fdeec09b110398bea50c680514455a139223d0cfb6afd"",""scraped_at"":""2026-07-19T04:40:23.279582+00:00"",""snapshot_cutoff"":""2026-07-19T04:36:28.244910+00:00"",""source_url"":""https://www.topcv.vn/viec-lam/javascript-fresher-15-20m-net-upto-18-thang-luong-f37/2233552.html"",""title_normalizer_revision"":""2f434fba22de3a14c1b199331c8ca18408dc72e702071bf4bbfe380daff40f58""}"
topcv,2233659,2026-07-12,JavaScript Intern (Mini Game Developer) - F36,Game Developer,intern,Ha Noi,0,0,"[""Intern"",""JavaScript""]",15000000.00,20000000.00,information_technology,"{""company_name"":""Công ty Cổ phần Falcon Technology"",""dataset"":""jobradar/topcv-operational-salary-snapshot"",""dataset_commit"":""first-seen-before:2026-07-19T04:36:28.244910+00:00"",""dataset_url"":""https://www.topcv.vn/viec-lam/javascript-intern-mini-game-developer-f36/2233659.html"",""first_seen_at"":""2026-07-18T17:02:15.786985+00:00"",""first_seen_batch_id"":""42c0cbd6-0939-4304-ba41-2bf2766aef6a"",""license"":""NOASSERTION"",""location_normalizer_revision"":""2026-07-19.1"",""observation_semantics"":""source posting date resolved by the JobRadar adapter"",""platform"":""topcv"",""raw_payload_sha256"":""7f781d4e43f3fe76b2fbf1f17d316ffb77163f6d456b8cb3ca164a8dbc35a72c"",""scraped_at"":""2026-07-19T04:40:32.813519+00:00"",""snapshot_cutoff"":""2026-07-19T04:36:28.244910+00:00"",""source_url"":""https://www.topcv.vn/viec-lam/javascript-intern-mini-game-developer-f36/2233659.html"",""title_normalizer_revision"":""2f434fba22de3a14c1b199331c8ca18408dc72e702071bf4bbfe380daff40f58""}"
topcv,2235278,2026-07-12,C Developer,C Developer,mid,Ha Noi,1,1,[],13000000.00,25000000.00,information_technology,"{""company_name"":""Công ty cổ phần Công nghệ VISSOFT"",""dataset"":""jobradar/topcv-operational-salary-snapshot"",""dataset_commit"":""first-seen-before:2026-07-19T04:36:28.244910+00:00"",""dataset_url"":""https://www.topcv.vn/viec-lam/c-developer/2235278.html"",""first_seen_at"":""2026-07-18T17:02:16.131062+00:00"",""first_seen_batch_id"":""42c0cbd6-0939-4304-ba41-2bf2766aef6a"",""license"":""NOASSERTION"",""location_normalizer_revision"":""2026-07-19.1"",""observation_semantics"":""source posting date resolved by the JobRadar adapter"",""platform"":""topcv"",""raw_payload_sha256"":""a7e537229ad3e0a93d20c37af07fb35e43e1210de4ed62a5b65fcf37f34e2c1e"",""scraped_at"":""2026-07-19T04:40:48.028065+00:00"",""snapshot_cutoff"":""2026-07-19T04:36:28.244910+00:00"",""source_url"":""https://www.topcv.vn/viec-lam/c-developer/2235278.html"",""title_normalizer_revision"":""2f434fba22de3a14c1b199331c8ca18408dc72e702071bf4bbfe380daff40f58""}"
topcv,2235323,2026-07-12,Senior Java Developer,Senior Backend Developer,senior,Ha Noi,4,4,"[""Java""]",30000000.00,50000000.00,information_technology,"{""company_name"":""Công ty cổ phần Công nghệ VISSOFT"",""dataset"":""jobradar/topcv-operational-salary-snapshot"",""dataset_commit"":""first-seen-before:2026-07-19T04:36:28.244910+00:00"",""dataset_url"":""https://www.topcv.vn/viec-lam/senior-java-developer/2235323.html"",""first_seen_at"":""2026-07-18T17:02:15.998879+00:00"",""first_seen_batch_id"":""42c0cbd6-0939-4304-ba41-2bf2766aef6a"",""license"":""NOASSERTION"",""location_normalizer_revision"":""2026-07-19.1"",""observation_semantics"":""source posting date resolved by the JobRadar adapter"",""platform"":""topcv"",""raw_payload_sha256"":""ee99c8f3da3c024916144b6444b3079ee63ce68463289f4aba8434c5a8535ecb"",""scraped_at"":""2026-07-19T04:40:38.004957+00:00"",""snapshot_cutoff"":""2026-07-19T04:36:28.244910+00:00"",""source_url"":""https://www.topcv.vn/viec-lam/senior-java-developer/2235323.html"",""title_normalizer_revision"":""2f434fba22de3a14c1b199331c8ca18408dc72e702071bf4bbfe380daff40f58""}"
topcv,2235784,2026-07-13,Game Developer,Game Developer,mid,Ho Chi Minh,3,3,[],15000000.00,25000000.00,information_technology,"{""company_name"":""RELICCELL CO., LTD"",""dataset"":""jobradar/topcv-operational-salary-snapshot"",""dataset_commit"":""first-seen-before:2026-07-19T04:36:28.244910+00:00"",""dataset_url"":""https://www.topcv.vn/viec-lam/game-developer/2235784.html"",""first_seen_at"":""2026-07-18T17:02:17.325282+00:00"",""first_seen_batch_id"":""42c0cbd6-0939-4304-ba41-2bf2766aef6a"",""license"":""NOASSERTION"",""location_normalizer_revision"":""2026-07-19.1"",""observation_semantics"":""source posting date resolved by the JobRadar adapter"",""platform"":""topcv"",""raw_payload_sha256"":""7c72f0b194e1e187c65f55fe06a815a73279a6d85cef356ba79650929ec7891f"",""scraped_at"":""2026-07-19T04:34:57.163163+00:00"",""snapshot_cutoff"":""2026-07-19T04:36:28.244910+00:00"",""source_url"":""https://www.topcv.vn/viec-lam/game-developer/2235784.html"",""title_normalizer_revision"":""2f434fba22de3a14c1b199331c8ca18408dc72e702071bf4bbfe380daff40f58""}"
topcv,2235909,2026-07-12,Mobile Engineer (React Native),Mobile Developer,mid,Ho Chi Minh,3,3,"[""React Native""]",15000000.00,22000000.00,information_technology,"{""company_name"":""Công ty TNHH Liên doanh Ocany Việt Nam"",""dataset"":""jobradar/topcv-operational-salary-snapshot"",""dataset_commit"":""first-seen-before:2026-07-19T04:36:28.244910+00:00"",""dataset_url"":""https://www.topcv.vn/viec-lam/mobile-engineer-react-native/2235909.html"",""first_seen_at"":""2026-07-18T17:02:15.832714+00:00"",""first_seen_batch_id"":""42c0cbd6-0939-4304-ba41-2bf2766aef6a"",""license"":""NOASSERTION"",""location_normalizer_revision"":""2026-07-19.1"",""observation_semantics"":""source posting date resolved by the JobRadar adapter"",""platform"":""topcv"",""raw_payload_sha256"":""b9c9eb3d3ecac2a387e029d4ec09c31f52c4ed55a0c5085216b119b7c4cca839"",""scraped_at"":""2026-07-19T04:40:38.002190+00:00"",""snapshot_cutoff"":""2026-07-19T04:36:28.244910+00:00"",""source_url"":""https://www.topcv.vn/viec-lam/mobile-engineer-react-native/2235909.html"",""title_normalizer_revision"":""2f434fba22de3a14c1b199331c8ca18408dc72e702071bf4bbfe380daff40f58""}"
topcv,2236302,2026-07-13,Nhân Viên Lập Trình Vận Hành Máy Chấn,Nhân Viên Lập Trình Vận Hành Máy Chấn,mid,Đồng Nai,1,1,[],10000000.00,13000000.00,information_technology,"{""company_name"":""Công Ty TNHH Nội Thất & Quảng Cáo Á Đông"",""dataset"":""jobradar/topcv-operational-salary-snapshot"",""dataset_commit"":""first-seen-before:2026-07-19T04:36:28.244910+00:00"",""dataset_url"":""https://www.topcv.vn/viec-lam/nhan-vien-lap-trinh-van-hanh-may-chan/2236302.html"",""first_seen_at"":""2026-07-18T17:02:16.449823+00:00"",""first_seen_batch_id"":""42c0cbd6-0939-4304-ba41-2bf2766aef6a"",""license"":""NOASSERTION"",""location_normalizer_revision"":""2026-07-19.1"",""observation_semantics"":""source posting date resolved by the JobRadar adapter"",""platform"":""topcv"",""raw_payload_sha256"":""76c714142d12598e9ba2cd1aaeb5beef2aa79b8401814b82b7603b4272b4f5b3"",""scraped_at"":""2026-07-19T04:41:03.042621+00:00"",""snapshot_cutoff"":""2026-07-19T04:36:28.244910+00:00"",""source_url"":""https://www.topcv.vn/viec-lam/nhan-vien-lap-trinh-van-hanh-may-chan/2236302.html"",""title_normalizer_revision"":""2f434fba22de3a14c1b199331c8ca18408dc72e702071bf4bbfe380daff40f58""}"
topcv,2236364,2026-07-13,Intern Fullstack Developer (Allowance 7M),Fullstack Developer,intern,Ho Chi Minh,0,1,"[""Intern""]",6000000.00,7000000.00,information_technology,"{""company_name"":""Công Ty TNHH MTV Viễn Thông Quốc Tế FPT"",""dataset"":""jobradar/topcv-operational-salary-snapshot"",""dataset_commit"":""first-seen-before:2026-07-19T04:36:28.244910+00:00"",""dataset_url"":""https://www.topcv.vn/viec-lam/intern-fullstack-developer-allowance-7m/2236364.html"",""first_seen_at"":""2026-07-18T17:02:17.236228+00:00"",""first_seen_batch_id"":""42c0cbd6-0939-4304-ba41-2bf2766aef6a"",""license"":""NOASSERTION"",""location_normalizer_revision"":""2026-07-19.1"",""observation_semantics"":""source posting date resolved by the JobRadar adapter"",""platform"":""topcv"",""raw_payload_sha256"":""1e58fa07e76708eb35053aacfa650c26c9b97b66465b8460d4bc60f28cc95734"",""scraped_at"":""2026-07-19T04:34:57.152478+00:00"",""snapshot_cutoff"":""2026-07-19T04:36:28.244910+00:00"",""source_url"":""https://www.topcv.vn/viec-lam/intern-fullstack-developer-allowance-7m/2236364.html"",""title_normalizer_revision"":""2f434fba22de3a14c1b199331c8ca18408dc72e702071bf4bbfe380daff40f58""}"
topcv,2236751,2026-07-16,Kỹ Sư Lập Trình Nhúng,Embedded Engineer,mid,Ho Chi Minh,3,3,[],20000000.00,,information_technology,"{""company_name"":""Maruyama Việt Nam"",""dataset"":""jobradar/topcv-operational-salary-snapshot"",""dataset_commit"":""first-seen-before:2026-07-19T04:36:28.244910+00:00"",""dataset_url"":""https://www.topcv.vn/viec-lam/ky-su-lap-trinh-nhung/2236751.html"",""first_seen_at"":""2026-07-18T17:02:16.255708+00:00"",""first_seen_batch_id"":""42c0cbd6-0939-4304-ba41-2bf2766aef6a"",""license"":""NOASSERTION"",""location_normalizer_revision"":""2026-07-19.1"",""observation_semantics"":""source posting date resolved by the JobRadar adapter"",""platform"":""topcv"",""raw_payload_sha256"":""d9b65aa44c71137326b1beb78de6ca6de18a5a031580f75fe817a439762f1fb8"",""scraped_at"":""2026-07-19T04:40:52.849635+00:00"",""snapshot_cutoff"":""2026-07-19T04:36:28.244910+00:00"",""source_url"":""https://www.topcv.vn/viec-lam/ky-su-lap-trinh-nhung/2236751.html"",""title_normalizer_revision"":""2f434fba22de3a14c1b199331c8ca18408dc72e702071bf4bbfe380daff40f58""}"
topcv,2236997,2026-07-13,"Fullstack Developer (Reactjs, Nodejs)",Fullstack Developer,mid,Ha Noi,1,1,"[""Node.js"",""React""]",12000000.00,18000000.00,information_technology,"{""company_name"":""Công ty Cổ phần Giải pháp Công nghệ FANXIPAN Việt Nam"",""dataset"":""jobradar/topcv-operational-salary-snapshot"",""dataset_commit"":""first-seen-before:2026-07-19T04:36:28.244910+00:00"",""dataset_url"":""https://www.topcv.vn/viec-lam/fullstack-developer-reactjs-nodejs/2236997.html"",""first_seen_at"":""2026-07-18T17:02:15.871419+00:00"",""first_seen_batch_id"":""42c0cbd6-0939-4304-ba41-2bf2766aef6a"",""license"":""NOASSERTION"",""location_normalizer_revision"":""2026-07-19.1"",""observation_semantics"":""source posting date resolved by the JobRadar adapter"",""platform"":""topcv"",""raw_payload_sha256"":""9814f6bc4e79c8ac85394ffc0532870f2a6cb2289137bfb01b800a8bf3845dc5"",""scraped_at"":""2026-07-19T04:40:37.971672+00:00"",""snapshot_cutoff"":""2026-07-19T04:36:28.244910+00:00"",""source_url"":""https://www.topcv.vn/viec-lam/fullstack-developer-reactjs-nodejs/2236997.html"",""title_normalizer_revision"":""2f434fba22de3a14c1b199331c8ca18408dc72e702071bf4bbfe380daff40f58""}"
topcv,2237509,2026-07-14,Senior Backend Developer (NodeJS/TypeScript) - AI Agent,Senior Backend Developer,senior,Ha Noi,5,5,"[""Adobe Illustrator"",""Node.js"",""TypeScript""]",,50000000.00,information_technology,"{""company_name"":""CÔNG TY CỔ PHẦN CÔNG NGHỆ SAVA META"",""dataset"":""jobradar/topcv-operational-salary-snapshot"",""dataset_commit"":""first-seen-before:2026-07-19T04:36:28.244910+00:00"",""dataset_url"":""https://www.topcv.vn/viec-lam/senior-backend-developer-nodejs-typescript-ai-agent/2237509.html"",""first_seen_at"":""2026-07-18T17:02:16.049897+00:00"",""first_seen_batch_id"":""42c0cbd6-0939-4304-ba41-2bf2766aef6a"",""license"":""NOASSERTION"",""location_normalizer_revision"":""2026-07-19.1"",""observation_semantics"":""source posting date resolved by the JobRadar adapter"",""platform"":""topcv"",""raw_payload_sha256"":""db7fca14cbbc7146d07623b0fa589fde5929aee23a6a3ab87c51fb272e0625e2"",""scraped_at"":""2026-07-19T04:40:43.052552+00:00"",""snapshot_cutoff"":""2026-07-19T04:36:28.244910+00:00"",""source_url"":""https://www.topcv.vn/viec-lam/senior-backend-developer-nodejs-typescript-ai-agent/2237509.html"",""title_normalizer_revision"":""2f434fba22de3a14c1b199331c8ca18408dc72e702071bf4bbfe380daff40f58""}"
topcv,2237589,2026-07-14,"Software System Engineer (Japanese N2) - Income Upto $2,650",System Engineer,mid,Ho Chi Minh,5,5,[],50000000.00,66250000.00,information_technology,"{""company_name"":""Công ty TNHH SystemGear Việt Nam"",""dataset"":""jobradar/topcv-operational-salary-snapshot"",""dataset_commit"":""first-seen-before:2026-07-19T04:36:28.244910+00:00"",""dataset_url"":""https://www.topcv.vn/viec-lam/software-system-engineer-japanese-n2-income-upto-2-650/2237589.html"",""first_seen_at"":""2026-07-18T17:02:15.841818+00:00"",""first_seen_batch_id"":""42c0cbd6-0939-4304-ba41-2bf2766aef6a"",""license"":""NOASSERTION"",""location_normalizer_revision"":""2026-07-19.1"",""observation_semantics"":""source posting date resolved by the JobRadar adapter"",""platform"":""topcv"",""raw_payload_sha256"":""eb5cc3330f0c0614b0f96ade212eac7f36131a966aefd2fb72baf891637bbd4d"",""scraped_at"":""2026-07-19T04:40:37.996899+00:00"",""snapshot_cutoff"":""2026-07-19T04:36:28.244910+00:00"",""source_url"":""https://www.topcv.vn/viec-lam/software-system-engineer-japanese-n2-income-upto-2-650/2237589.html"",""title_normalizer_revision"":""2f434fba22de3a14c1b199331c8ca18408dc72e702071bf4bbfe380daff40f58""}"
topcv,2237770,2026-07-14,Mobile App Developer Lương Từ 15 - 30 Triệu,Mobile App Developer Lương Từ 15 - 30 Triệu,mid,Ha Noi,2,2,[],15000000.00,30000000.00,information_technology,"{""company_name"":""Công ty cổ phần công nghệ A.I-Soft"",""dataset"":""jobradar/topcv-operational-salary-snapshot"",""dataset_commit"":""first-seen-before:2026-07-19T04:36:28.244910+00:00"",""dataset_url"":""https://www.topcv.vn/viec-lam/mobile-app-developer-luong-tu-15-30-trieu/2237770.html"",""first_seen_at"":""2026-07-18T17:02:16.151309+00:00"",""first_seen_batch_id"":""42c0cbd6-0939-4304-ba41-2bf2766aef6a"",""license"":""NOASSERTION"",""location_normalizer_revision"":""2026-07-19.1"",""observation_semantics"":""source posting date resolved by the JobRadar adapter"",""platform"":""topcv"",""raw_payload_sha256"":""e18495352d10a0882d7c9eae2794966319b2eede6ce89ff477d3c10cda08486c"",""scraped_at"":""2026-07-19T04:40:48.041339+00:00"",""snapshot_cutoff"":""2026-07-19T04:36:28.244910+00:00"",""source_url"":""https://www.topcv.vn/viec-lam/mobile-app-developer-luong-tu-15-30-trieu/2237770.html"",""title_normalizer_revision"":""2f434fba22de3a14c1b199331c8ca18408dc72e702071bf4bbfe380daff40f58""}"
topcv,2237824,2026-07-15,Kỹ Sư Điện - Tự Động Hóa/ Kỹ Sư Lập Trình PLC,Kỹ Sư Điện - Tự Động Hóa/ Kỹ Sư Lập Trình PLC,mid,Ha Noi,2,2,[],10000000.00,20000000.00,information_technology,"{""company_name"":""CÔNG TY TNHH KỸ THUẬT CÔNG NGHIỆP VAITECH"",""dataset"":""jobradar/topcv-operational-salary-snapshot"",""dataset_commit"":""first-seen-before:2026-07-19T04:36:28.244910+00:00"",""dataset_url"":""https://www.topcv.vn/viec-lam/ky-su-dien-tu-dong-hoa-ky-su-lap-trinh-plc/2237824.html"",""first_seen_at"":""2026-07-18T17:02:16.349141+00:00"",""first_seen_batch_id"":""42c0cbd6-0939-4304-ba41-2bf2766aef6a"",""license"":""NOASSERTION"",""location_normalizer_revision"":""2026-07-19.1"",""observation_semantics"":""source posting date resolved by the JobRadar adapter"",""platform"":""topcv"",""raw_payload_sha256"":""6dbdcfdef4b2029dc67f995b002eae3636ed73de4fa4924f400e4fe06d3f879f"",""scraped_at"":""2026-07-19T04:40:57.866614+00:00"",""snapshot_cutoff"":""2026-07-19T04:36:28.244910+00:00"",""source_url"":""https://www.topcv.vn/viec-lam/ky-su-dien-tu-dong-hoa-ky-su-lap-trinh-plc/2237824.html"",""title_normalizer_revision"":""2f434fba22de3a14c1b199331c8ca18408dc72e702071bf4bbfe380daff40f58""}"
topcv,2237964,2026-07-15,Backend Developer (RPA) (Leader),Backend Developer,lead,Ha Noi,2,2,[],25000000.00,34000000.00,information_technology,"{""company_name"":""CÔNG TY CỔ PHẦN CÔNG NGHỆ ALPHAWAY"",""dataset"":""jobradar/topcv-operational-salary-snapshot"",""dataset_commit"":""first-seen-before:2026-07-19T04:36:28.244910+00:00"",""dataset_url"":""https://www.topcv.vn/viec-lam/backend-developer-rpa-leader/2237964.html"",""first_seen_at"":""2026-07-18T17:02:16.287236+00:00"",""first_seen_batch_id"":""42c0cbd6-0939-4304-ba41-2bf2766aef6a"",""license"":""NOASSERTION"",""location_normalizer_revision"":""2026-07-19.1"",""observation_semantics"":""source posting date resolved by the JobRadar adapter"",""platform"":""topcv"",""raw_payload_sha256"":""fccaa7ddcc14a684a33cdb2f09ae5603e429b97215c25c1fa5016267adb6bdad"",""scraped_at"":""2026-07-19T04:40:52.876028+00:00"",""snapshot_cutoff"":""2026-07-19T04:36:28.244910+00:00"",""source_url"":""https://www.topcv.vn/viec-lam/backend-developer-rpa-leader/2237964.html"",""title_normalizer_revision"":""2f434fba22de3a14c1b199331c8ca18408dc72e702071bf4bbfe380daff40f58""}"
topcv,2238007,2026-07-14,Fullstack Developer - 1 Năm Kinh Nghiệm,Fullstack Developer,mid,Ha Noi,1,1,[],10000000.00,15000000.00,information_technology,"{""company_name"":""Công ty TNHH TD Consulting"",""dataset"":""jobradar/topcv-operational-salary-snapshot"",""dataset_commit"":""first-seen-before:2026-07-19T04:36:28.244910+00:00"",""dataset_url"":""https://www.topcv.vn/viec-lam/fullstack-developer-1-nam-kinh-nghiem/2238007.html"",""first_seen_at"":""2026-07-18T17:02:15.981415+00:00"",""first_seen_batch_id"":""42c0cbd6-0939-4304-ba41-2bf2766aef6a"",""license"":""NOASSERTION"",""location_normalizer_revision"":""2026-07-19.1"",""observation_semantics"":""source posting date resolved by the JobRadar adapter"",""platform"":""topcv"",""raw_payload_sha256"":""342b1d1d876b91af69a6760113d10d2b5308faf0fe7df9dcaf3ae588b7e04298"",""scraped_at"":""2026-07-19T04:40:43.030064+00:00"",""snapshot_cutoff"":""2026-07-19T04:36:28.244910+00:00"",""source_url"":""https://www.topcv.vn/viec-lam/fullstack-developer-1-nam-kinh-nghiem/2238007.html"",""title_normalizer_revision"":""2f434fba22de3a14c1b199331c8ca18408dc72e702071bf4bbfe380daff40f58""}"
topcv,2238731,2026-07-14,Kỹ Sư Lập Trình C,Kỹ Sư Lập Trình C,mid,Ha Noi,3,3,[],20000000.00,30000000.00,information_technology,"{""company_name"":""Công ty TNHH Phần mềm DTS Việt Nam"",""dataset"":""jobradar/topcv-operational-salary-snapshot"",""dataset_commit"":""first-seen-before:2026-07-19T04:36:28.244910+00:00"",""dataset_url"":""https://www.topcv.vn/viec-lam/ky-su-lap-trinh-c/2238731.html"",""first_seen_at"":""2026-07-18T17:02:16.395516+00:00"",""first_seen_batch_id"":""42c0cbd6-0939-4304-ba41-2bf2766aef6a"",""license"":""NOASSERTION"",""location_normalizer_revision"":""2026-07-19.1"",""observation_semantics"":""source posting date resolved by the JobRadar adapter"",""platform"":""topcv"",""raw_payload_sha256"":""9bd1e1e751726ae514444fe76bc088723435daf182d2a0195c02168aabd6fdfa"",""scraped_at"":""2026-07-19T04:40:57.877774+00:00"",""snapshot_cutoff"":""2026-07-19T04:36:28.244910+00:00"",""source_url"":""https://www.topcv.vn/viec-lam/ky-su-lap-trinh-c/2238731.html"",""title_normalizer_revision"":""2f434fba22de3a14c1b199331c8ca18408dc72e702071bf4bbfe380daff40f58""}"
topcv,2238756,2026-07-14,Mobile Developer,Mobile Developer,mid,Ho Chi Minh,1,1,[],20000000.00,25000000.00,information_technology,"{""company_name"":""HIPPO TECHNOLOGY COMPANY LIMITED"",""dataset"":""jobradar/topcv-operational-salary-snapshot"",""dataset_commit"":""first-seen-before:2026-07-19T04:36:28.244910+00:00"",""dataset_url"":""https://www.topcv.vn/viec-lam/mobile-developer/2238756.html"",""first_seen_at"":""2026-07-18T17:02:15.911996+00:00"",""first_seen_batch_id"":""42c0cbd6-0939-4304-ba41-2bf2766aef6a"",""license"":""NOASSERTION"",""location_normalizer_revision"":""2026-07-19.1"",""observation_semantics"":""source posting date resolved by the JobRadar adapter"",""platform"":""topcv"",""raw_payload_sha256"":""60e5586b4c40e276001df1818893c6a8d7a3fd3ba56d5c93e1d0046acefdc649"",""scraped_at"":""2026-07-19T04:40:37.989544+00:00"",""snapshot_cutoff"":""2026-07-19T04:36:28.244910+00:00"",""source_url"":""https://www.topcv.vn/viec-lam/mobile-developer/2238756.html"",""title_normalizer_revision"":""2f434fba22de3a14c1b199331c8ca18408dc72e702071bf4bbfe380daff40f58""}"
topcv,2238808,2026-07-15,Fullstack Developer,Fullstack Developer,mid,Ho Chi Minh,1,1,[],23000000.00,27000000.00,information_technology,"{""company_name"":""HIPPO TECHNOLOGY COMPANY LIMITED"",""dataset"":""jobradar/topcv-operational-salary-snapshot"",""dataset_commit"":""first-seen-before:2026-07-19T04:36:28.244910+00:00"",""dataset_url"":""https://www.topcv.vn/viec-lam/fullstack-developer/2238808.html"",""first_seen_at"":""2026-07-18T17:02:15.823083+00:00"",""first_seen_batch_id"":""42c0cbd6-0939-4304-ba41-2bf2766aef6a"",""license"":""NOASSERTION"",""location_normalizer_revision"":""2026-07-19.1"",""observation_semantics"":""source posting date resolved by the JobRadar adapter"",""platform"":""topcv"",""raw_payload_sha256"":""8588b841341f692273744f643c3cf8e9c0dc966139c8ea52802156ab514767df"",""scraped_at"":""2026-07-19T04:40:37.995962+00:00"",""snapshot_cutoff"":""2026-07-19T04:36:28.244910+00:00"",""source_url"":""https://www.topcv.vn/viec-lam/fullstack-developer/2238808.html"",""title_normalizer_revision"":""2f434fba22de3a14c1b199331c8ca18408dc72e702071bf4bbfe380daff40f58""}"
topcv,2238815,2026-07-14,Kỹ Sư Tự Động Hoá Công Nghiệp,Kỹ Sư Tự Động Hoá Công Nghiệp,mid,Ha Noi,1,1,[],10000000.00,20000000.00,information_technology,"{""company_name"":""Công ty Cổ phần Tập đoàn Song Nam"",""dataset"":""jobradar/topcv-operational-salary-snapshot"",""dataset_commit"":""first-seen-before:2026-07-19T04:36:28.244910+00:00"",""dataset_url"":""https://www.topcv.vn/viec-lam/ky-su-tu-dong-hoa-cong-nghiep/2238815.html"",""first_seen_at"":""2026-07-18T17:02:16.387824+00:00"",""first_seen_batch_id"":""42c0cbd6-0939-4304-ba41-2bf2766aef6a"",""license"":""NOASSERTION"",""location_normalizer_revision"":""2026-07-19.1"",""observation_semantics"":""source posting date resolved by the JobRadar adapter"",""platform"":""topcv"",""raw_payload_sha256"":""205865b96bfbc55df155a9a1b44f35ccbe1d02dc76ec90098579cdae478655b8"",""scraped_at"":""2026-07-19T04:40:57.876817+00:00"",""snapshot_cutoff"":""2026-07-19T04:36:28.244910+00:00"",""source_url"":""https://www.topcv.vn/viec-lam/ky-su-tu-dong-hoa-cong-nghiep/2238815.html"",""title_normalizer_revision"":""2f434fba22de3a14c1b199331c8ca18408dc72e702071bf4bbfe380daff40f58""}"
topcv,2238879,2026-07-15,Fullstack Team Lead,Fullstack Developer,lead,Ha Noi,2,2,[],10000000.00,25000000.00,information_technology,"{""company_name"":""CÔNG TY CỔ PHẦN TINASOFT VIỆT NAM"",""dataset"":""jobradar/topcv-operational-salary-snapshot"",""dataset_commit"":""first-seen-before:2026-07-19T04:36:28.244910+00:00"",""dataset_url"":""https://www.topcv.vn/viec-lam/fullstack-team-lead/2238879.html"",""first_seen_at"":""2026-07-18T17:02:16.326102+00:00"",""first_seen_batch_id"":""42c0cbd6-0939-4304-ba41-2bf2766aef6a"",""license"":""NOASSERTION"",""location_normalizer_revision"":""2026-07-19.1"",""observation_semantics"":""source posting date resolved by the JobRadar adapter"",""platform"":""topcv"",""raw_payload_sha256"":""d9a27285e594f033fc386c11caab008fcb04289ed7066c0b17d424615ebb25c9"",""scraped_at"":""2026-07-19T04:40:52.882582+00:00"",""snapshot_cutoff"":""2026-07-19T04:36:28.244910+00:00"",""source_url"":""https://www.topcv.vn/viec-lam/fullstack-team-lead/2238879.html"",""title_normalizer_revision"":""2f434fba22de3a14c1b199331c8ca18408dc72e702071bf4bbfe380daff40f58""}"
topcv,2238886,2026-07-15,Java Team Lead,Java Team Lead,lead,Ha Noi,2,2,"[""Java""]",10000000.00,25000000.00,information_technology,"{""company_name"":""CÔNG TY CỔ PHẦN TINASOFT VIỆT NAM"",""dataset"":""jobradar/topcv-operational-salary-snapshot"",""dataset_commit"":""first-seen-before:2026-07-19T04:36:28.244910+00:00"",""dataset_url"":""https://www.topcv.vn/viec-lam/java-team-lead/2238886.html"",""first_seen_at"":""2026-07-18T17:02:16.318811+00:00"",""first_seen_batch_id"":""42c0cbd6-0939-4304-ba41-2bf2766aef6a"",""license"":""NOASSERTION"",""location_normalizer_revision"":""2026-07-19.1"",""observation_semantics"":""source posting date resolved by the JobRadar adapter"",""platform"":""topcv"",""raw_payload_sha256"":""3ae3cd0b232e8fe5b82dc7158644b96b9616197d9322b516357c399b5006b3cb"",""scraped_at"":""2026-07-19T04:40:52.881660+00:00"",""snapshot_cutoff"":""2026-07-19T04:36:28.244910+00:00"",""source_url"":""https://www.topcv.vn/viec-lam/java-team-lead/2238886.html"",""title_normalizer_revision"":""2f434fba22de3a14c1b199331c8ca18408dc72e702071bf4bbfe380daff40f58""}"
topcv,2238896,2026-07-15,Angular Team Lead,Angular Team Lead,lead,Ha Noi,2,2,"[""Angular""]",10000000.00,25000000.00,information_technology,"{""company_name"":""CÔNG TY CỔ PHẦN TINASOFT VIỆT NAM"",""dataset"":""jobradar/topcv-operational-salary-snapshot"",""dataset_commit"":""first-seen-before:2026-07-19T04:36:28.244910+00:00"",""dataset_url"":""https://www.topcv.vn/viec-lam/angular-team-lead/2238896.html"",""first_seen_at"":""2026-07-18T17:02:16.333602+00:00"",""first_seen_batch_id"":""42c0cbd6-0939-4304-ba41-2bf2766aef6a"",""license"":""NOASSERTION"",""location_normalizer_revision"":""2026-07-19.1"",""observation_semantics"":""source posting date resolved by the JobRadar adapter"",""platform"":""topcv"",""raw_payload_sha256"":""ef1e8bb2e16205ea55495f8bf301c45e868a18c65e38623debfbd167fa0cfd61"",""scraped_at"":""2026-07-19T04:40:52.880725+00:00"",""snapshot_cutoff"":""2026-07-19T04:36:28.244910+00:00"",""source_url"":""https://www.topcv.vn/viec-lam/angular-team-lead/2238896.html"",""title_normalizer_revision"":""2f434fba22de3a14c1b199331c8ca18408dc72e702071bf4bbfe380daff40f58""}"
topcv,2239389,2026-07-15,Nhân Viên Lập Trình Phay CNC,Nhân Viên Lập Trình Phay CNC,mid,Ha Noi,1,1,[],12000000.00,20000000.00,information_technology,"{""company_name"":""CÔNG TY TRÁCH NHIỆM HỮU HẠN CÔNG NGHỆ FLAMMA VIỆT NAM"",""dataset"":""jobradar/topcv-operational-salary-snapshot"",""dataset_commit"":""first-seen-before:2026-07-19T04:36:28.244910+00:00"",""dataset_url"":""https://www.topcv.vn/viec-lam/nhan-vien-lap-trinh-phay-cnc/2239389.html"",""first_seen_at"":""2026-07-18T17:02:16.356742+00:00"",""first_seen_batch_id"":""42c0cbd6-0939-4304-ba41-2bf2766aef6a"",""license"":""NOASSERTION"",""location_normalizer_revision"":""2026-07-19.1"",""observation_semantics"":""source posting date resolved by the JobRadar adapter"",""platform"":""topcv"",""raw_payload_sha256"":""b37cd9816b41692cf20b8d154000d65626dcf35fa37746b5d70d3abab1dc804a"",""scraped_at"":""2026-07-19T04:40:57.867578+00:00"",""snapshot_cutoff"":""2026-07-19T04:36:28.244910+00:00"",""source_url"":""https://www.topcv.vn/viec-lam/nhan-vien-lap-trinh-phay-cnc/2239389.html"",""title_normalizer_revision"":""2f434fba22de3a14c1b199331c8ca18408dc72e702071bf4bbfe380daff40f58""}"
topcv,2239607,2026-07-15,Game Developer,Game Developer,mid,Ha Noi,1,1,[],,25000000.00,information_technology,"{""company_name"":""CÔNG TY TNHH NGÔI SAO DŨNG CẢM"",""dataset"":""jobradar/topcv-operational-salary-snapshot"",""dataset_commit"":""first-seen-before:2026-07-19T04:36:28.244910+00:00"",""dataset_url"":""https://www.topcv.vn/viec-lam/game-developer/2239607.html"",""first_seen_at"":""2026-07-18T17:02:17.155134+00:00"",""first_seen_batch_id"":""42c0cbd6-0939-4304-ba41-2bf2766aef6a"",""license"":""NOASSERTION"",""location_normalizer_revision"":""2026-07-19.1"",""observation_semantics"":""source posting date resolved by the JobRadar adapter"",""platform"":""topcv"",""raw_payload_sha256"":""5f7ec40e9c65e6edbb233bb3b69f65a537cb1ca01778f1bd0c83e081a861407f"",""scraped_at"":""2026-07-19T04:34:57.144654+00:00"",""snapshot_cutoff"":""2026-07-19T04:36:28.244910+00:00"",""source_url"":""https://www.topcv.vn/viec-lam/game-developer/2239607.html"",""title_normalizer_revision"":""2f434fba22de3a14c1b199331c8ca18408dc72e702071bf4bbfe380daff40f58""}"
topcv,2239733,2026-07-15,Senior Developer / Technical Leader,Senior Developer / Technical Leader,senior,Ha Noi,5,5,[],,40000000.00,information_technology,"{""company_name"":""Công ty TNHH Lisod Việt Nam"",""dataset"":""jobradar/topcv-operational-salary-snapshot"",""dataset_commit"":""first-seen-before:2026-07-19T04:36:28.244910+00:00"",""dataset_url"":""https://www.topcv.vn/viec-lam/senior-developer-technical-leader/2239733.html"",""first_seen_at"":""2026-07-18T17:02:15.641776+00:00"",""first_seen_batch_id"":""42c0cbd6-0939-4304-ba41-2bf2766aef6a"",""license"":""NOASSERTION"",""location_normalizer_revision"":""2026-07-19.1"",""observation_semantics"":""source posting date resolved by the JobRadar adapter"",""platform"":""topcv"",""raw_payload_sha256"":""5235f84ff26f52896fc3280b2fa0d806a9c42fc3bc691da88f03aec49f9d3adf"",""scraped_at"":""2026-07-19T04:40:32.788172+00:00"",""snapshot_cutoff"":""2026-07-19T04:36:28.244910+00:00"",""source_url"":""https://www.topcv.vn/viec-lam/senior-developer-technical-leader/2239733.html"",""title_normalizer_revision"":""2f434fba22de3a14c1b199331c8ca18408dc72e702071bf4bbfe380daff40f58""}"
topcv,2240361,2026-07-15,Unity Game Developer,Game Developer,mid,Ha Noi,2,2,"[""Unity""]",15000000.00,30000000.00,information_technology,"{""company_name"":""CÔNG TY CỔ PHẦN CÔNG NGHỆ V1"",""dataset"":""jobradar/topcv-operational-salary-snapshot"",""dataset_commit"":""first-seen-before:2026-07-19T04:36:28.244910+00:00"",""dataset_url"":""https://www.topcv.vn/viec-lam/unity-game-developer/2240361.html"",""first_seen_at"":""2026-07-18T17:02:17.132112+00:00"",""first_seen_batch_id"":""42c0cbd6-0939-4304-ba41-2bf2766aef6a"",""license"":""NOASSERTION"",""location_normalizer_revision"":""2026-07-19.1"",""observation_semantics"":""source posting date resolved by the JobRadar adapter"",""platform"":""topcv"",""raw_payload_sha256"":""0c2297a3b33a7bf35779d0194d1a173a639edaa33663de28905a754e4f286b9b"",""scraped_at"":""2026-07-19T04:34:57.141391+00:00"",""snapshot_cutoff"":""2026-07-19T04:36:28.244910+00:00"",""source_url"":""https://www.topcv.vn/viec-lam/unity-game-developer/2240361.html"",""title_normalizer_revision"":""2f434fba22de3a14c1b199331c8ca18408dc72e702071bf4bbfe380daff40f58""}"
topcv,2240368,2026-07-15,Unity Game Developer,Game Developer,mid,Ha Noi,2,2,"[""Unity""]",15000000.00,30000000.00,information_technology,"{""company_name"":""CÔNG TY TNHH INCEPTION TECHNOLOGIES GLOBAL"",""dataset"":""jobradar/topcv-operational-salary-snapshot"",""dataset_commit"":""first-seen-before:2026-07-19T04:36:28.244910+00:00"",""dataset_url"":""https://www.topcv.vn/viec-lam/unity-game-developer/2240368.html"",""first_seen_at"":""2026-07-18T17:02:17.139527+00:00"",""first_seen_batch_id"":""42c0cbd6-0939-4304-ba41-2bf2766aef6a"",""license"":""NOASSERTION"",""location_normalizer_revision"":""2026-07-19.1"",""observation_semantics"":""source posting date resolved by the JobRadar adapter"",""platform"":""topcv"",""raw_payload_sha256"":""5655792a6d390b73babdc827cb83e6e7fb0a1d543f253d8b18b82118239c198d"",""scraped_at"":""2026-07-19T04:34:57.140528+00:00"",""snapshot_cutoff"":""2026-07-19T04:36:28.244910+00:00"",""source_url"":""https://www.topcv.vn/viec-lam/unity-game-developer/2240368.html"",""title_normalizer_revision"":""2f434fba22de3a14c1b199331c8ca18408dc72e702071bf4bbfe380daff40f58""}"
topcv,2240758,2026-07-16,Lập Trình Viên .Net Thu Nhập 25-35Tr,Backend Developer,mid,Ha Noi,4,4,"["".NET""]",25000000.00,35000000.00,information_technology,"{""company_name"":""Công ty Cổ phần Công nghệ KiotViet"",""dataset"":""jobradar/topcv-operational-salary-snapshot"",""dataset_commit"":""first-seen-before:2026-07-19T04:36:28.244910+00:00"",""dataset_url"":""https://www.topcv.vn/viec-lam/lap-trinh-vien-net-thu-nhap-25-35tr/2240758.html"",""first_seen_at"":""2026-07-18T17:02:16.115638+00:00"",""first_seen_batch_id"":""42c0cbd6-0939-4304-ba41-2bf2766aef6a"",""license"":""NOASSERTION"",""location_normalizer_revision"":""2026-07-19.1"",""observation_semantics"":""source posting date resolved by the JobRadar adapter"",""platform"":""topcv"",""raw_payload_sha256"":""c66cedea7af1f7dda46b6c8ce73df7b0ab41d02eafb73ccd73f761e22516f9b9"",""scraped_at"":""2026-07-19T04:40:43.069081+00:00"",""snapshot_cutoff"":""2026-07-19T04:36:28.244910+00:00"",""source_url"":""https://www.topcv.vn/viec-lam/lap-trinh-vien-net-thu-nhap-25-35tr/2240758.html"",""title_normalizer_revision"":""2f434fba22de3a14c1b199331c8ca18408dc72e702071bf4bbfe380daff40f58""}"
topcv,2241547,2026-07-16,Flutter Team Lead,Flutter Team Lead,lead,Ha Noi,2,2,"[""Flutter""]",10000000.00,25000000.00,information_technology,"{""company_name"":""CÔNG TY CỔ PHẦN TINASOFT VIỆT NAM"",""dataset"":""jobradar/topcv-operational-salary-snapshot"",""dataset_commit"":""first-seen-before:2026-07-19T04:36:28.244910+00:00"",""dataset_url"":""https://www.topcv.vn/viec-lam/flutter-team-lead/2241547.html"",""first_seen_at"":""2026-07-18T17:02:16.239783+00:00"",""first_seen_batch_id"":""42c0cbd6-0939-4304-ba41-2bf2766aef6a"",""license"":""NOASSERTION"",""location_normalizer_revision"":""2026-07-19.1"",""observation_semantics"":""source posting date resolved by the JobRadar adapter"",""platform"":""topcv"",""raw_payload_sha256"":""e920b38f4b45d91bd7de6c1b0d22d97a1c9f0cb37b9b1b864e103970fca0bbd0"",""scraped_at"":""2026-07-19T04:40:52.844068+00:00"",""snapshot_cutoff"":""2026-07-19T04:36:28.244910+00:00"",""source_url"":""https://www.topcv.vn/viec-lam/flutter-team-lead/2241547.html"",""title_normalizer_revision"":""2f434fba22de3a14c1b199331c8ca18408dc72e702071bf4bbfe380daff40f58""}"
topcv,2241630,2026-07-16,Frontend (Mobile Developer),Frontend Developer,mid,Ha Noi,2,2,[],15000000.00,40000000.00,information_technology,"{""company_name"":""TỔNG CÔNG TY CỔ PHẦN BƯU CHÍNH VIETTEL"",""dataset"":""jobradar/topcv-operational-salary-snapshot"",""dataset_commit"":""first-seen-before:2026-07-19T04:36:28.244910+00:00"",""dataset_url"":""https://www.topcv.vn/viec-lam/frontend-mobile-developer/2241630.html"",""first_seen_at"":""2026-07-18T17:02:16.123302+00:00"",""first_seen_batch_id"":""42c0cbd6-0939-4304-ba41-2bf2766aef6a"",""license"":""NOASSERTION"",""location_normalizer_revision"":""2026-07-19.1"",""observation_semantics"":""source posting date resolved by the JobRadar adapter"",""platform"":""topcv"",""raw_payload_sha256"":""8b4008bf409dc82908d3f238fefc89ecd5d85fc9027c782961c9fcc647ea6a1b"",""scraped_at"":""2026-07-19T04:40:48.023991+00:00"",""snapshot_cutoff"":""2026-07-19T04:36:28.244910+00:00"",""source_url"":""https://www.topcv.vn/viec-lam/frontend-mobile-developer/2241630.html"",""title_normalizer_revision"":""2f434fba22de3a14c1b199331c8ca18408dc72e702071bf4bbfe380daff40f58""}"
topcv,2241666,2026-07-16,"Java Developer - Từ 3 Năm KN+, ĐHBK ĐHQG, BCVT, MTA, ĐH Công Nghiệp, ĐH GTVT... - Viettel Solutions",Backend Developer,mid,Ha Noi,3,3,"[""Java""]",20000000.00,60000000.00,information_technology,"{""company_name"":""TẬP ĐOÀN CÔNG NGHIỆP - VIỄN THÔNG QUÂN ĐỘI"",""dataset"":""jobradar/topcv-operational-salary-snapshot"",""dataset_commit"":""first-seen-before:2026-07-19T04:36:28.244910+00:00"",""dataset_url"":""https://www.topcv.vn/viec-lam/java-developer-tu-3-nam-kn-dhbk-dhqg-bcvt-mta-dh-cong-nghiep-dh-gtvt-viettel-solutions/2241666.html"",""first_seen_at"":""2026-07-18T17:02:15.530473+00:00"",""first_seen_batch_id"":""42c0cbd6-0939-4304-ba41-2bf2766aef6a"",""license"":""NOASSERTION"",""location_normalizer_revision"":""2026-07-19.1"",""observation_semantics"":""source posting date resolved by the JobRadar adapter"",""platform"":""topcv"",""raw_payload_sha256"":""2315c94e66c371c898090bb1ab329ec4ce08c3b0a240f7b204f8e2cddb89674b"",""scraped_at"":""2026-07-19T04:40:27.832373+00:00"",""snapshot_cutoff"":""2026-07-19T04:36:28.244910+00:00"",""source_url"":""https://www.topcv.vn/viec-lam/java-developer-tu-3-nam-kn-dhbk-dhqg-bcvt-mta-dh-cong-nghiep-dh-gtvt-viettel-solutions/2241666.html"",""title_normalizer_revision"":""2f434fba22de3a14c1b199331c8ca18408dc72e702071bf4bbfe380daff40f58""}"
topcv,2241708,2026-07-16,Kỹ Sư Lập Trình AI Vision,Kỹ Sư Lập Trình AI Vision,mid,Ha Noi,0,1,"[""Adobe Illustrator""]",12000000.00,16000000.00,information_technology,"{""company_name"":""CÔNG TY CỔ PHẦN RTC TECHNOLOGY VIỆT NAM"",""dataset"":""jobradar/topcv-operational-salary-snapshot"",""dataset_commit"":""first-seen-before:2026-07-19T04:36:28.244910+00:00"",""dataset_url"":""https://www.topcv.vn/viec-lam/ky-su-lap-trinh-ai-vision/2241708.html"",""first_seen_at"":""2026-07-18T17:02:16.247986+00:00"",""first_seen_batch_id"":""42c0cbd6-0939-4304-ba41-2bf2766aef6a"",""license"":""NOASSERTION"",""location_normalizer_revision"":""2026-07-19.1"",""observation_semantics"":""source posting date resolved by the JobRadar adapter"",""platform"":""topcv"",""raw_payload_sha256"":""0a023413995411907a48c780c45c730671392391a7069b774ae6c37249d34e6e"",""scraped_at"":""2026-07-19T04:40:52.848546+00:00"",""snapshot_cutoff"":""2026-07-19T04:36:28.244910+00:00"",""source_url"":""https://www.topcv.vn/viec-lam/ky-su-lap-trinh-ai-vision/2241708.html"",""title_normalizer_revision"":""2f434fba22de3a14c1b199331c8ca18408dc72e702071bf4bbfe380daff40f58""}"
topcv,2241921,2026-07-17,Kỹ Sư Điện Tự Động Hóa/ PLC,Kỹ Sư Điện Tự Động Hóa/ PLC,mid,Bắc Ninh,3,3,[],16000000.00,21000000.00,information_technology,"{""company_name"":""CÔNG TY TNHH DONGWOOST VINA"",""dataset"":""jobradar/topcv-operational-salary-snapshot"",""dataset_commit"":""first-seen-before:2026-07-19T04:36:28.244910+00:00"",""dataset_url"":""https://www.topcv.vn/viec-lam/ky-su-dien-tu-dong-hoa-plc/2241921.html"",""first_seen_at"":""2026-07-18T17:02:16.217913+00:00"",""first_seen_batch_id"":""42c0cbd6-0939-4304-ba41-2bf2766aef6a"",""license"":""NOASSERTION"",""location_normalizer_revision"":""2026-07-19.1"",""observation_semantics"":""source posting date resolved by the JobRadar adapter"",""platform"":""topcv"",""raw_payload_sha256"":""1b9a7d07491892991e1aa44f2aecac87965774aad3525b777a01d07d460fd162"",""scraped_at"":""2026-07-19T04:40:48.069089+00:00"",""snapshot_cutoff"":""2026-07-19T04:36:28.244910+00:00"",""source_url"":""https://www.topcv.vn/viec-lam/ky-su-dien-tu-dong-hoa-plc/2241921.html"",""title_normalizer_revision"":""2f434fba22de3a14c1b199331c8ca18408dc72e702071bf4bbfe380daff40f58""}"
topcv,639349,2026-07-04,Lập Trình Viên .NET (BACKEND / FULLSTACK),Backend Developer,mid,Ha Noi,2,2,"["".NET""]",15000000.00,20000000.00,information_technology,"{""company_name"":""CÔNG TY TNHH GIÁO DỤC EDMICRO"",""dataset"":""jobradar/topcv-operational-salary-snapshot"",""dataset_commit"":""first-seen-before:2026-07-19T04:36:28.244910+00:00"",""dataset_url"":""https://www.topcv.vn/viec-lam/lap-trinh-vien-net-backend-fullstack/639349.html"",""first_seen_at"":""2026-07-18T17:02:17.261765+00:00"",""first_seen_batch_id"":""42c0cbd6-0939-4304-ba41-2bf2766aef6a"",""license"":""NOASSERTION"",""location_normalizer_revision"":""2026-07-19.1"",""observation_semantics"":""source posting date resolved by the JobRadar adapter"",""platform"":""topcv"",""raw_payload_sha256"":""7fc532ec610b6693225a9c1d6ffbcb609097a31dd359a7838c0994bf1a1d98f1"",""scraped_at"":""2026-07-19T04:34:57.154247+00:00"",""snapshot_cutoff"":""2026-07-19T04:36:28.244910+00:00"",""source_url"":""https://www.topcv.vn/viec-lam/lap-trinh-vien-net-backend-fullstack/639349.html"",""title_normalizer_revision"":""2f434fba22de3a14c1b199331c8ca18408dc72e702071bf4bbfe380daff40f58""}"
