source,source_record_id,source_snapshot_date,title,title_normalized,job_level,location,experience_years_min,experience_years_max,skills,salary_min,salary_max,category,source_metadata
topcv,477183,2026-01-08,Backend Java Developer,Backend Developer,mid,Ha Noi,3,3,[],20000000,45000000,information_technology,"{""dataset"":""baocgb/vietnam-it-jobs-raw-data-from-topcv-2026"",""dataset_commit"":""kaggle-9263561-v1:e78ff2b6ed521ad894a70271a3254fcf434813916fdade4f7d449bc4fdf34ef9"",""dataset_url"":""https://www.kaggle.com/datasets/baocgb/vietnam-it-jobs-raw-data-from-topcv-2026"",""dataset_version"":""1"",""license"":""CC-BY-4.0"",""location_normalizer_revision"":""2026-07-19.1"",""raw_sha256"":""e78ff2b6ed521ad894a70271a3254fcf434813916fdade4f7d449bc4fdf34ef9"",""salary_source_currency"":""VND"",""source_url"":""https://www.topcv.vn/viec-lam/backend-java-developer/477183.html"",""title_normalizer_revision"":""2f434fba22de3a14c1b199331c8ca18408dc72e702071bf4bbfe380daff40f58""}"
topcv,701239,2025-12-25,Nhân Viên Phân Tích Nghiệp Vụ (Ba),Business Analyst,mid,Ho Chi Minh,2,2,[],,20000000,information_technology,"{""dataset"":""baocgb/vietnam-it-jobs-raw-data-from-topcv-2026"",""dataset_commit"":""kaggle-9263561-v1:e78ff2b6ed521ad894a70271a3254fcf434813916fdade4f7d449bc4fdf34ef9"",""dataset_url"":""https://www.kaggle.com/datasets/baocgb/vietnam-it-jobs-raw-data-from-topcv-2026"",""dataset_version"":""1"",""license"":""CC-BY-4.0"",""location_normalizer_revision"":""2026-07-19.1"",""raw_sha256"":""e78ff2b6ed521ad894a70271a3254fcf434813916fdade4f7d449bc4fdf34ef9"",""salary_source_currency"":""VND"",""source_url"":""https://www.topcv.vn/viec-lam/nhan-vien-phan-tich-nghiep-vu-ba/701239.html"",""title_normalizer_revision"":""2f434fba22de3a14c1b199331c8ca18408dc72e702071bf4bbfe380daff40f58""}"
topcv,726623,2026-01-09,MES Admin,MES Admin,mid,Thanh Hóa,2,2,[],17000000,30000000,information_technology,"{""dataset"":""baocgb/vietnam-it-jobs-raw-data-from-topcv-2026"",""dataset_commit"":""kaggle-9263561-v1:e78ff2b6ed521ad894a70271a3254fcf434813916fdade4f7d449bc4fdf34ef9"",""dataset_url"":""https://www.kaggle.com/datasets/baocgb/vietnam-it-jobs-raw-data-from-topcv-2026"",""dataset_version"":""1"",""license"":""CC-BY-4.0"",""location_normalizer_revision"":""2026-07-19.1"",""raw_sha256"":""e78ff2b6ed521ad894a70271a3254fcf434813916fdade4f7d449bc4fdf34ef9"",""salary_source_currency"":""VND"",""source_url"":""https://www.topcv.vn/viec-lam/mes-admin/726623.html"",""title_normalizer_revision"":""2f434fba22de3a14c1b199331c8ca18408dc72e702071bf4bbfe380daff40f58""}"
topcv,825359,2026-01-01,"Nhân Viên Kỹ Thuật Máy In, Máy Photocopy","Nhân Viên Kỹ Thuật Máy In, Máy Photocopy",mid,Đồng Nai,1,1,[],6000000,10000000,information_technology,"{""dataset"":""baocgb/vietnam-it-jobs-raw-data-from-topcv-2026"",""dataset_commit"":""kaggle-9263561-v1:e78ff2b6ed521ad894a70271a3254fcf434813916fdade4f7d449bc4fdf34ef9"",""dataset_url"":""https://www.kaggle.com/datasets/baocgb/vietnam-it-jobs-raw-data-from-topcv-2026"",""dataset_version"":""1"",""license"":""CC-BY-4.0"",""location_normalizer_revision"":""2026-07-19.1"",""raw_sha256"":""e78ff2b6ed521ad894a70271a3254fcf434813916fdade4f7d449bc4fdf34ef9"",""salary_source_currency"":""VND"",""source_url"":""https://www.topcv.vn/viec-lam/nhan-vien-ky-thuat-may-in-may-photocopy/825359.html"",""title_normalizer_revision"":""2f434fba22de3a14c1b199331c8ca18408dc72e702071bf4bbfe380daff40f58""}"
topcv,903632,2026-01-08,Fresher Android Talent,Fresher Android Talent,fresher,Ha Noi,1,1,[],6000000,8000000,information_technology,"{""dataset"":""baocgb/vietnam-it-jobs-raw-data-from-topcv-2026"",""dataset_commit"":""kaggle-9263561-v1:e78ff2b6ed521ad894a70271a3254fcf434813916fdade4f7d449bc4fdf34ef9"",""dataset_url"":""https://www.kaggle.com/datasets/baocgb/vietnam-it-jobs-raw-data-from-topcv-2026"",""dataset_version"":""1"",""license"":""CC-BY-4.0"",""location_normalizer_revision"":""2026-07-19.1"",""raw_sha256"":""e78ff2b6ed521ad894a70271a3254fcf434813916fdade4f7d449bc4fdf34ef9"",""salary_source_currency"":""VND"",""source_url"":""https://www.topcv.vn/brand/fptsoftwareacademy/tuyen-dung/fresher-android-talent-j903632.html"",""title_normalizer_revision"":""2f434fba22de3a14c1b199331c8ca18408dc72e702071bf4bbfe380daff40f58""}"
topcv,929689,2026-01-01,Tester Onsite,QA Engineer,mid,Ha Noi,3,3,[],18000000,30000000,information_technology,"{""dataset"":""baocgb/vietnam-it-jobs-raw-data-from-topcv-2026"",""dataset_commit"":""kaggle-9263561-v1:e78ff2b6ed521ad894a70271a3254fcf434813916fdade4f7d449bc4fdf34ef9"",""dataset_url"":""https://www.kaggle.com/datasets/baocgb/vietnam-it-jobs-raw-data-from-topcv-2026"",""dataset_version"":""1"",""license"":""CC-BY-4.0"",""location_normalizer_revision"":""2026-07-19.1"",""raw_sha256"":""e78ff2b6ed521ad894a70271a3254fcf434813916fdade4f7d449bc4fdf34ef9"",""salary_source_currency"":""VND"",""source_url"":""https://www.topcv.vn/viec-lam/tester-onsite/929689.html"",""title_normalizer_revision"":""2f434fba22de3a14c1b199331c8ca18408dc72e702071bf4bbfe380daff40f58""}"
topcv,942549,2026-01-08,Unity Developer (Casual/Puzzle) - Junior/Middle,Junior Game Developer,junior,Ha Noi,1,1,[],,30000000,information_technology,"{""dataset"":""baocgb/vietnam-it-jobs-raw-data-from-topcv-2026"",""dataset_commit"":""kaggle-9263561-v1:e78ff2b6ed521ad894a70271a3254fcf434813916fdade4f7d449bc4fdf34ef9"",""dataset_url"":""https://www.kaggle.com/datasets/baocgb/vietnam-it-jobs-raw-data-from-topcv-2026"",""dataset_version"":""1"",""license"":""CC-BY-4.0"",""location_normalizer_revision"":""2026-07-19.1"",""raw_sha256"":""e78ff2b6ed521ad894a70271a3254fcf434813916fdade4f7d449bc4fdf34ef9"",""salary_source_currency"":""VND"",""source_url"":""https://www.topcv.vn/viec-lam/unity-developer-casual-puzzle-junior-middle/942549.html"",""title_normalizer_revision"":""2f434fba22de3a14c1b199331c8ca18408dc72e702071bf4bbfe380daff40f58""}"
topcv,955292,2026-01-08,System Admin,System Admin,mid,Ha Noi,2,2,[],20000000,40000000,information_technology,"{""dataset"":""baocgb/vietnam-it-jobs-raw-data-from-topcv-2026"",""dataset_commit"":""kaggle-9263561-v1:e78ff2b6ed521ad894a70271a3254fcf434813916fdade4f7d449bc4fdf34ef9"",""dataset_url"":""https://www.kaggle.com/datasets/baocgb/vietnam-it-jobs-raw-data-from-topcv-2026"",""dataset_version"":""1"",""license"":""CC-BY-4.0"",""location_normalizer_revision"":""2026-07-19.1"",""raw_sha256"":""e78ff2b6ed521ad894a70271a3254fcf434813916fdade4f7d449bc4fdf34ef9"",""salary_source_currency"":""VND"",""source_url"":""https://www.topcv.vn/viec-lam/system-admin/955292.html"",""title_normalizer_revision"":""2f434fba22de3a14c1b199331c8ca18408dc72e702071bf4bbfe380daff40f58""}"
topcv,963455,2025-12-25,Nhân Viên Lập Trình Phay CNC (Creo/ Hypermill),Nhân Viên Lập Trình Phay CNC Creo/ Hypermill ,mid,Ho Chi Minh,1,1,[],13000000,30000000,information_technology,"{""dataset"":""baocgb/vietnam-it-jobs-raw-data-from-topcv-2026"",""dataset_commit"":""kaggle-9263561-v1:e78ff2b6ed521ad894a70271a3254fcf434813916fdade4f7d449bc4fdf34ef9"",""dataset_url"":""https://www.kaggle.com/datasets/baocgb/vietnam-it-jobs-raw-data-from-topcv-2026"",""dataset_version"":""1"",""license"":""CC-BY-4.0"",""location_normalizer_revision"":""2026-07-19.1"",""raw_sha256"":""e78ff2b6ed521ad894a70271a3254fcf434813916fdade4f7d449bc4fdf34ef9"",""salary_source_currency"":""VND"",""source_url"":""https://www.topcv.vn/viec-lam/nhan-vien-lap-trinh-phay-cnc-creo-hypermill/963455.html"",""title_normalizer_revision"":""2f434fba22de3a14c1b199331c8ca18408dc72e702071bf4bbfe380daff40f58""}"
topcv,982028,2025-12-25,Automation Tester,QA Engineer,mid,Ha Noi,4,4,[],25000000,40000000,information_technology,"{""dataset"":""baocgb/vietnam-it-jobs-raw-data-from-topcv-2026"",""dataset_commit"":""kaggle-9263561-v1:e78ff2b6ed521ad894a70271a3254fcf434813916fdade4f7d449bc4fdf34ef9"",""dataset_url"":""https://www.kaggle.com/datasets/baocgb/vietnam-it-jobs-raw-data-from-topcv-2026"",""dataset_version"":""1"",""license"":""CC-BY-4.0"",""location_normalizer_revision"":""2026-07-19.1"",""raw_sha256"":""e78ff2b6ed521ad894a70271a3254fcf434813916fdade4f7d449bc4fdf34ef9"",""salary_source_currency"":""VND"",""source_url"":""https://www.topcv.vn/viec-lam/automation-tester/982028.html"",""title_normalizer_revision"":""2f434fba22de3a14c1b199331c8ca18408dc72e702071bf4bbfe380daff40f58""}"
topcv,1007891,2026-01-08,Lập Trình Viên Front-End Junior (Angular),Junior Frontend Developer,junior,Ha Noi,1,1,[],12000000,15000000,information_technology,"{""dataset"":""baocgb/vietnam-it-jobs-raw-data-from-topcv-2026"",""dataset_commit"":""kaggle-9263561-v1:e78ff2b6ed521ad894a70271a3254fcf434813916fdade4f7d449bc4fdf34ef9"",""dataset_url"":""https://www.kaggle.com/datasets/baocgb/vietnam-it-jobs-raw-data-from-topcv-2026"",""dataset_version"":""1"",""license"":""CC-BY-4.0"",""location_normalizer_revision"":""2026-07-19.1"",""raw_sha256"":""e78ff2b6ed521ad894a70271a3254fcf434813916fdade4f7d449bc4fdf34ef9"",""salary_source_currency"":""VND"",""source_url"":""https://www.topcv.vn/viec-lam/lap-trinh-vien-front-end-junior-angular/1007891.html"",""title_normalizer_revision"":""2f434fba22de3a14c1b199331c8ca18408dc72e702071bf4bbfe380daff40f58""}"
topcv,1017119,2025-12-18,Nhân Viên Lập Trình Mobile,Mobile Developer,mid,Ha Noi,1,1,[],12000000,20000000,information_technology,"{""dataset"":""baocgb/vietnam-it-jobs-raw-data-from-topcv-2026"",""dataset_commit"":""kaggle-9263561-v1:e78ff2b6ed521ad894a70271a3254fcf434813916fdade4f7d449bc4fdf34ef9"",""dataset_url"":""https://www.kaggle.com/datasets/baocgb/vietnam-it-jobs-raw-data-from-topcv-2026"",""dataset_version"":""1"",""license"":""CC-BY-4.0"",""location_normalizer_revision"":""2026-07-19.1"",""raw_sha256"":""e78ff2b6ed521ad894a70271a3254fcf434813916fdade4f7d449bc4fdf34ef9"",""salary_source_currency"":""VND"",""source_url"":""https://www.topcv.vn/viec-lam/nhan-vien-lap-trinh-mobile/1017119.html"",""title_normalizer_revision"":""2f434fba22de3a14c1b199331c8ca18408dc72e702071bf4bbfe380daff40f58""}"
topcv,1032919,2026-01-13,Presales Networks Engineer (Tư Vấn Kỹ Thuật),Presales Networks Engineer Tư Vấn Kỹ Thuật ,mid,Ha Noi,2,2,[],10000000,20000000,information_technology,"{""dataset"":""baocgb/vietnam-it-jobs-raw-data-from-topcv-2026"",""dataset_commit"":""kaggle-9263561-v1:e78ff2b6ed521ad894a70271a3254fcf434813916fdade4f7d449bc4fdf34ef9"",""dataset_url"":""https://www.kaggle.com/datasets/baocgb/vietnam-it-jobs-raw-data-from-topcv-2026"",""dataset_version"":""1"",""license"":""CC-BY-4.0"",""location_normalizer_revision"":""2026-07-19.1"",""raw_sha256"":""e78ff2b6ed521ad894a70271a3254fcf434813916fdade4f7d449bc4fdf34ef9"",""salary_source_currency"":""VND"",""source_url"":""https://www.topcv.vn/viec-lam/presales-networks-engineer-tu-van-ky-thuat/1032919.html"",""title_normalizer_revision"":""2f434fba22de3a14c1b199331c8ca18408dc72e702071bf4bbfe380daff40f58""}"
topcv,1037496,2026-01-08,Kinh Doanh Dự Án Công Nghệ Thông Tin,Kinh Doanh Dự Án Công Nghệ Thông Tin,mid,Ha Noi,2,2,[],15000000,25000000,information_technology,"{""dataset"":""baocgb/vietnam-it-jobs-raw-data-from-topcv-2026"",""dataset_commit"":""kaggle-9263561-v1:e78ff2b6ed521ad894a70271a3254fcf434813916fdade4f7d449bc4fdf34ef9"",""dataset_url"":""https://www.kaggle.com/datasets/baocgb/vietnam-it-jobs-raw-data-from-topcv-2026"",""dataset_version"":""1"",""license"":""CC-BY-4.0"",""location_normalizer_revision"":""2026-07-19.1"",""raw_sha256"":""e78ff2b6ed521ad894a70271a3254fcf434813916fdade4f7d449bc4fdf34ef9"",""salary_source_currency"":""VND"",""source_url"":""https://www.topcv.vn/viec-lam/kinh-doanh-du-an-cong-nghe-thong-tin/1037496.html"",""title_normalizer_revision"":""2f434fba22de3a14c1b199331c8ca18408dc72e702071bf4bbfe380daff40f58""}"
topcv,1041306,2026-01-12,Lập Trình Viên Dev,Software Engineer,mid,Ha Noi,1,1,[],,40000000,information_technology,"{""dataset"":""baocgb/vietnam-it-jobs-raw-data-from-topcv-2026"",""dataset_commit"":""kaggle-9263561-v1:e78ff2b6ed521ad894a70271a3254fcf434813916fdade4f7d449bc4fdf34ef9"",""dataset_url"":""https://www.kaggle.com/datasets/baocgb/vietnam-it-jobs-raw-data-from-topcv-2026"",""dataset_version"":""1"",""license"":""CC-BY-4.0"",""location_normalizer_revision"":""2026-07-19.1"",""raw_sha256"":""e78ff2b6ed521ad894a70271a3254fcf434813916fdade4f7d449bc4fdf34ef9"",""salary_source_currency"":""VND"",""source_url"":""https://www.topcv.vn/viec-lam/lap-trinh-vien-dev/1041306.html"",""title_normalizer_revision"":""2f434fba22de3a14c1b199331c8ca18408dc72e702071bf4bbfe380daff40f58""}"
topcv,1066578,2026-01-01,Android Fresher Mobile App (Kotlin),Android Fresher Mobile App Kotlin ,fresher,Ha Noi,1,1,[],7000000,12000000,information_technology,"{""dataset"":""baocgb/vietnam-it-jobs-raw-data-from-topcv-2026"",""dataset_commit"":""kaggle-9263561-v1:e78ff2b6ed521ad894a70271a3254fcf434813916fdade4f7d449bc4fdf34ef9"",""dataset_url"":""https://www.kaggle.com/datasets/baocgb/vietnam-it-jobs-raw-data-from-topcv-2026"",""dataset_version"":""1"",""license"":""CC-BY-4.0"",""location_normalizer_revision"":""2026-07-19.1"",""raw_sha256"":""e78ff2b6ed521ad894a70271a3254fcf434813916fdade4f7d449bc4fdf34ef9"",""salary_source_currency"":""VND"",""source_url"":""https://www.topcv.vn/viec-lam/android-fresher-mobile-app-kotlin/1066578.html"",""title_normalizer_revision"":""2f434fba22de3a14c1b199331c8ca18408dc72e702071bf4bbfe380daff40f58""}"
topcv,1083709,2026-01-08,Chuyên Viên IT,Chuyên Viên IT,mid,Tây Ninh,,,[],7500000,10000000,information_technology,"{""dataset"":""baocgb/vietnam-it-jobs-raw-data-from-topcv-2026"",""dataset_commit"":""kaggle-9263561-v1:e78ff2b6ed521ad894a70271a3254fcf434813916fdade4f7d449bc4fdf34ef9"",""dataset_url"":""https://www.kaggle.com/datasets/baocgb/vietnam-it-jobs-raw-data-from-topcv-2026"",""dataset_version"":""1"",""license"":""CC-BY-4.0"",""location_normalizer_revision"":""2026-07-19.1"",""raw_sha256"":""e78ff2b6ed521ad894a70271a3254fcf434813916fdade4f7d449bc4fdf34ef9"",""salary_source_currency"":""VND"",""source_url"":""https://www.topcv.vn/viec-lam/chuyen-vien-it/1083709.html"",""title_normalizer_revision"":""2f434fba22de3a14c1b199331c8ca18408dc72e702071bf4bbfe380daff40f58""}"
topcv,1086109,2026-01-10,Nhân Viên React Native Mobile,Nhân Viên React Native Mobile,mid,Ha Noi,2,2,[],15000000,40000000,information_technology,"{""dataset"":""baocgb/vietnam-it-jobs-raw-data-from-topcv-2026"",""dataset_commit"":""kaggle-9263561-v1:e78ff2b6ed521ad894a70271a3254fcf434813916fdade4f7d449bc4fdf34ef9"",""dataset_url"":""https://www.kaggle.com/datasets/baocgb/vietnam-it-jobs-raw-data-from-topcv-2026"",""dataset_version"":""1"",""license"":""CC-BY-4.0"",""location_normalizer_revision"":""2026-07-19.1"",""raw_sha256"":""e78ff2b6ed521ad894a70271a3254fcf434813916fdade4f7d449bc4fdf34ef9"",""salary_source_currency"":""VND"",""source_url"":""https://www.topcv.vn/viec-lam/nhan-vien-react-native-mobile/1086109.html"",""title_normalizer_revision"":""2f434fba22de3a14c1b199331c8ca18408dc72e702071bf4bbfe380daff40f58""}"
topcv,1111999,2026-01-08,Nhân Viên Kinh Doanh Bán Lẻ Sản Phẩm CNTT,Nhân Viên Kinh Doanh Bán Lẻ Sản Phẩm CNTT,mid,Ha Noi,1,1,[],8000000,12000000,information_technology,"{""dataset"":""baocgb/vietnam-it-jobs-raw-data-from-topcv-2026"",""dataset_commit"":""kaggle-9263561-v1:e78ff2b6ed521ad894a70271a3254fcf434813916fdade4f7d449bc4fdf34ef9"",""dataset_url"":""https://www.kaggle.com/datasets/baocgb/vietnam-it-jobs-raw-data-from-topcv-2026"",""dataset_version"":""1"",""license"":""CC-BY-4.0"",""location_normalizer_revision"":""2026-07-19.1"",""raw_sha256"":""e78ff2b6ed521ad894a70271a3254fcf434813916fdade4f7d449bc4fdf34ef9"",""salary_source_currency"":""VND"",""source_url"":""https://www.topcv.vn/viec-lam/nhan-vien-kinh-doanh-ban-le-san-pham-cntt/1111999.html"",""title_normalizer_revision"":""2f434fba22de3a14c1b199331c8ca18408dc72e702071bf4bbfe380daff40f58""}"
topcv,1113285,2026-01-12,Phó Phòng Kỹ Thuật,Phó Phòng Kỹ Thuật,manager,Ho Chi Minh,3,3,[],15000000,20000000,information_technology,"{""dataset"":""baocgb/vietnam-it-jobs-raw-data-from-topcv-2026"",""dataset_commit"":""kaggle-9263561-v1:e78ff2b6ed521ad894a70271a3254fcf434813916fdade4f7d449bc4fdf34ef9"",""dataset_url"":""https://www.kaggle.com/datasets/baocgb/vietnam-it-jobs-raw-data-from-topcv-2026"",""dataset_version"":""1"",""license"":""CC-BY-4.0"",""location_normalizer_revision"":""2026-07-19.1"",""raw_sha256"":""e78ff2b6ed521ad894a70271a3254fcf434813916fdade4f7d449bc4fdf34ef9"",""salary_source_currency"":""VND"",""source_url"":""https://www.topcv.vn/viec-lam/pho-phong-ky-thuat/1113285.html"",""title_normalizer_revision"":""2f434fba22de3a14c1b199331c8ca18408dc72e702071bf4bbfe380daff40f58""}"
topcv,1124480,2026-01-08,Thực Tập Sinh Vận Hành Hệ Thống,Thực Tập Sinh Vận Hành Hệ Thống,intern,Ha Noi,,,[],,3000000,information_technology,"{""dataset"":""baocgb/vietnam-it-jobs-raw-data-from-topcv-2026"",""dataset_commit"":""kaggle-9263561-v1:e78ff2b6ed521ad894a70271a3254fcf434813916fdade4f7d449bc4fdf34ef9"",""dataset_url"":""https://www.kaggle.com/datasets/baocgb/vietnam-it-jobs-raw-data-from-topcv-2026"",""dataset_version"":""1"",""license"":""CC-BY-4.0"",""location_normalizer_revision"":""2026-07-19.1"",""raw_sha256"":""e78ff2b6ed521ad894a70271a3254fcf434813916fdade4f7d449bc4fdf34ef9"",""salary_source_currency"":""VND"",""source_url"":""https://www.topcv.vn/viec-lam/thuc-tap-sinh-van-hanh-he-thong/1124480.html"",""title_normalizer_revision"":""2f434fba22de3a14c1b199331c8ca18408dc72e702071bf4bbfe380daff40f58""}"
topcv,1129917,2025-12-18,Junior Tester (Lương NET Thu Nhập 10-15 Triệu/Tháng),Junior QA Engineer,junior,Ha Noi,2,2,[],10000000,15000000,information_technology,"{""dataset"":""baocgb/vietnam-it-jobs-raw-data-from-topcv-2026"",""dataset_commit"":""kaggle-9263561-v1:e78ff2b6ed521ad894a70271a3254fcf434813916fdade4f7d449bc4fdf34ef9"",""dataset_url"":""https://www.kaggle.com/datasets/baocgb/vietnam-it-jobs-raw-data-from-topcv-2026"",""dataset_version"":""1"",""license"":""CC-BY-4.0"",""location_normalizer_revision"":""2026-07-19.1"",""raw_sha256"":""e78ff2b6ed521ad894a70271a3254fcf434813916fdade4f7d449bc4fdf34ef9"",""salary_source_currency"":""VND"",""source_url"":""https://www.topcv.vn/viec-lam/junior-tester-luong-net-thu-nhap-10-15-trieu-thang/1129917.html"",""title_normalizer_revision"":""2f434fba22de3a14c1b199331c8ca18408dc72e702071bf4bbfe380daff40f58""}"
topcv,1136876,2026-01-08,"Fullstack Developer (React.JS, Node.JS)",Fullstack Developer,mid,Ha Noi,3,3,[],,40000000,information_technology,"{""dataset"":""baocgb/vietnam-it-jobs-raw-data-from-topcv-2026"",""dataset_commit"":""kaggle-9263561-v1:e78ff2b6ed521ad894a70271a3254fcf434813916fdade4f7d449bc4fdf34ef9"",""dataset_url"":""https://www.kaggle.com/datasets/baocgb/vietnam-it-jobs-raw-data-from-topcv-2026"",""dataset_version"":""1"",""license"":""CC-BY-4.0"",""location_normalizer_revision"":""2026-07-19.1"",""raw_sha256"":""e78ff2b6ed521ad894a70271a3254fcf434813916fdade4f7d449bc4fdf34ef9"",""salary_source_currency"":""VND"",""source_url"":""https://www.topcv.vn/viec-lam/fullstack-developer-react-js-node-js/1136876.html"",""title_normalizer_revision"":""2f434fba22de3a14c1b199331c8ca18408dc72e702071bf4bbfe380daff40f58""}"
topcv,1140667,2026-01-01,Lập Trình Viên Backend (.Net/ Java/ NodeJS),Backend Developer,mid,Ha Noi,3,3,[],15000000,30000000,information_technology,"{""dataset"":""baocgb/vietnam-it-jobs-raw-data-from-topcv-2026"",""dataset_commit"":""kaggle-9263561-v1:e78ff2b6ed521ad894a70271a3254fcf434813916fdade4f7d449bc4fdf34ef9"",""dataset_url"":""https://www.kaggle.com/datasets/baocgb/vietnam-it-jobs-raw-data-from-topcv-2026"",""dataset_version"":""1"",""license"":""CC-BY-4.0"",""location_normalizer_revision"":""2026-07-19.1"",""raw_sha256"":""e78ff2b6ed521ad894a70271a3254fcf434813916fdade4f7d449bc4fdf34ef9"",""salary_source_currency"":""VND"",""source_url"":""https://www.topcv.vn/viec-lam/lap-trinh-vien-backend-net-java-nodejs/1140667.html"",""title_normalizer_revision"":""2f434fba22de3a14c1b199331c8ca18408dc72e702071bf4bbfe380daff40f58""}"
topcv,1140735,2026-01-01,Lập Trình Viên Mobile (IOS/ Java/ Koltin/ Flutter),Mobile Developer,mid,Ha Noi,2,2,[],10000000,25000000,information_technology,"{""dataset"":""baocgb/vietnam-it-jobs-raw-data-from-topcv-2026"",""dataset_commit"":""kaggle-9263561-v1:e78ff2b6ed521ad894a70271a3254fcf434813916fdade4f7d449bc4fdf34ef9"",""dataset_url"":""https://www.kaggle.com/datasets/baocgb/vietnam-it-jobs-raw-data-from-topcv-2026"",""dataset_version"":""1"",""license"":""CC-BY-4.0"",""location_normalizer_revision"":""2026-07-19.1"",""raw_sha256"":""e78ff2b6ed521ad894a70271a3254fcf434813916fdade4f7d449bc4fdf34ef9"",""salary_source_currency"":""VND"",""source_url"":""https://www.topcv.vn/viec-lam/lap-trinh-vien-mobile-ios-java-koltin-flutter/1140735.html"",""title_normalizer_revision"":""2f434fba22de3a14c1b199331c8ca18408dc72e702071bf4bbfe380daff40f58""}"
topcv,1141064,2026-01-01,Chuyên Viên Tester Từ 2 Năm Kinh Nghiệm,QA Engineer,mid,Ha Noi,1,1,[],10000000,22000000,information_technology,"{""dataset"":""baocgb/vietnam-it-jobs-raw-data-from-topcv-2026"",""dataset_commit"":""kaggle-9263561-v1:e78ff2b6ed521ad894a70271a3254fcf434813916fdade4f7d449bc4fdf34ef9"",""dataset_url"":""https://www.kaggle.com/datasets/baocgb/vietnam-it-jobs-raw-data-from-topcv-2026"",""dataset_version"":""1"",""license"":""CC-BY-4.0"",""location_normalizer_revision"":""2026-07-19.1"",""raw_sha256"":""e78ff2b6ed521ad894a70271a3254fcf434813916fdade4f7d449bc4fdf34ef9"",""salary_source_currency"":""VND"",""source_url"":""https://www.topcv.vn/viec-lam/chuyen-vien-tester-tu-2-nam-kinh-nghiem/1141064.html"",""title_normalizer_revision"":""2f434fba22de3a14c1b199331c8ca18408dc72e702071bf4bbfe380daff40f58""}"
topcv,1151299,2026-01-01,Thực Tập Sinh Business Analyst - Hỗ Trợ Phụ Cấp,Business Analyst,intern,Ha Noi,,,[],,3000000,information_technology,"{""dataset"":""baocgb/vietnam-it-jobs-raw-data-from-topcv-2026"",""dataset_commit"":""kaggle-9263561-v1:e78ff2b6ed521ad894a70271a3254fcf434813916fdade4f7d449bc4fdf34ef9"",""dataset_url"":""https://www.kaggle.com/datasets/baocgb/vietnam-it-jobs-raw-data-from-topcv-2026"",""dataset_version"":""1"",""license"":""CC-BY-4.0"",""location_normalizer_revision"":""2026-07-19.1"",""raw_sha256"":""e78ff2b6ed521ad894a70271a3254fcf434813916fdade4f7d449bc4fdf34ef9"",""salary_source_currency"":""VND"",""source_url"":""https://www.topcv.vn/viec-lam/thuc-tap-sinh-business-analyst-ho-tro-phu-cap/1151299.html"",""title_normalizer_revision"":""2f434fba22de3a14c1b199331c8ca18408dc72e702071bf4bbfe380daff40f58""}"
topcv,1179409,2026-01-08,Thực Tập Sinh Tiếng Nhật - It Comtor Intern,Thực Tập Sinh Tiếng Nhật - It Comtor Intern,intern,Ha Noi,,,[],,2000000,information_technology,"{""dataset"":""baocgb/vietnam-it-jobs-raw-data-from-topcv-2026"",""dataset_commit"":""kaggle-9263561-v1:e78ff2b6ed521ad894a70271a3254fcf434813916fdade4f7d449bc4fdf34ef9"",""dataset_url"":""https://www.kaggle.com/datasets/baocgb/vietnam-it-jobs-raw-data-from-topcv-2026"",""dataset_version"":""1"",""license"":""CC-BY-4.0"",""location_normalizer_revision"":""2026-07-19.1"",""raw_sha256"":""e78ff2b6ed521ad894a70271a3254fcf434813916fdade4f7d449bc4fdf34ef9"",""salary_source_currency"":""VND"",""source_url"":""https://www.topcv.vn/viec-lam/thuc-tap-sinh-tieng-nhat-it-comtor-intern/1179409.html"",""title_normalizer_revision"":""2f434fba22de3a14c1b199331c8ca18408dc72e702071bf4bbfe380daff40f58""}"
topcv,1181009,2026-01-08,Nhân Viên Lập Trình PLC,Nhân Viên Lập Trình PLC,mid,Bắc Ninh,2,2,[],12000000,16000000,information_technology,"{""dataset"":""baocgb/vietnam-it-jobs-raw-data-from-topcv-2026"",""dataset_commit"":""kaggle-9263561-v1:e78ff2b6ed521ad894a70271a3254fcf434813916fdade4f7d449bc4fdf34ef9"",""dataset_url"":""https://www.kaggle.com/datasets/baocgb/vietnam-it-jobs-raw-data-from-topcv-2026"",""dataset_version"":""1"",""license"":""CC-BY-4.0"",""location_normalizer_revision"":""2026-07-19.1"",""raw_sha256"":""e78ff2b6ed521ad894a70271a3254fcf434813916fdade4f7d449bc4fdf34ef9"",""salary_source_currency"":""VND"",""source_url"":""https://www.topcv.vn/viec-lam/nhan-vien-lap-trinh-plc/1181009.html"",""title_normalizer_revision"":""2f434fba22de3a14c1b199331c8ca18408dc72e702071bf4bbfe380daff40f58""}"
topcv,1184995,2026-01-14,Leader Java,Leader Java,lead,Ha Noi,5,5,[],35000000,50000000,information_technology,"{""dataset"":""baocgb/vietnam-it-jobs-raw-data-from-topcv-2026"",""dataset_commit"":""kaggle-9263561-v1:e78ff2b6ed521ad894a70271a3254fcf434813916fdade4f7d449bc4fdf34ef9"",""dataset_url"":""https://www.kaggle.com/datasets/baocgb/vietnam-it-jobs-raw-data-from-topcv-2026"",""dataset_version"":""1"",""license"":""CC-BY-4.0"",""location_normalizer_revision"":""2026-07-19.1"",""raw_sha256"":""e78ff2b6ed521ad894a70271a3254fcf434813916fdade4f7d449bc4fdf34ef9"",""salary_source_currency"":""VND"",""source_url"":""https://www.topcv.vn/viec-lam/leader-java/1184995.html"",""title_normalizer_revision"":""2f434fba22de3a14c1b199331c8ca18408dc72e702071bf4bbfe380daff40f58""}"
topcv,1185856,2026-01-01,Kỹ Sư Hệ Thống - Exchange AD,System Engineer,mid,Ha Noi,3,3,[],,35000000,information_technology,"{""dataset"":""baocgb/vietnam-it-jobs-raw-data-from-topcv-2026"",""dataset_commit"":""kaggle-9263561-v1:e78ff2b6ed521ad894a70271a3254fcf434813916fdade4f7d449bc4fdf34ef9"",""dataset_url"":""https://www.kaggle.com/datasets/baocgb/vietnam-it-jobs-raw-data-from-topcv-2026"",""dataset_version"":""1"",""license"":""CC-BY-4.0"",""location_normalizer_revision"":""2026-07-19.1"",""raw_sha256"":""e78ff2b6ed521ad894a70271a3254fcf434813916fdade4f7d449bc4fdf34ef9"",""salary_source_currency"":""VND"",""source_url"":""https://www.topcv.vn/viec-lam/ky-su-he-thong-exchange-ad/1185856.html"",""title_normalizer_revision"":""2f434fba22de3a14c1b199331c8ca18408dc72e702071bf4bbfe380daff40f58""}"
topcv,1214108,2026-01-08,Kế Toán Tổng Hợp Ít Kinh Nghiệm,Kế Toán Tổng Hợp Ít Kinh Nghiệm,mid,Ho Chi Minh,2,2,[],12000000,15000000,information_technology,"{""dataset"":""baocgb/vietnam-it-jobs-raw-data-from-topcv-2026"",""dataset_commit"":""kaggle-9263561-v1:e78ff2b6ed521ad894a70271a3254fcf434813916fdade4f7d449bc4fdf34ef9"",""dataset_url"":""https://www.kaggle.com/datasets/baocgb/vietnam-it-jobs-raw-data-from-topcv-2026"",""dataset_version"":""1"",""license"":""CC-BY-4.0"",""location_normalizer_revision"":""2026-07-19.1"",""raw_sha256"":""e78ff2b6ed521ad894a70271a3254fcf434813916fdade4f7d449bc4fdf34ef9"",""salary_source_currency"":""VND"",""source_url"":""https://www.topcv.vn/viec-lam/ke-toan-tong-hop-it-kinh-nghiem/1214108.html"",""title_normalizer_revision"":""2f434fba22de3a14c1b199331c8ca18408dc72e702071bf4bbfe380daff40f58""}"
topcv,1220514,2026-01-01,Nhân Viên JavaSpring Boot,Nhân Viên JavaSpring Boot,mid,Ha Noi,1,1,[],10000000,25000000,information_technology,"{""dataset"":""baocgb/vietnam-it-jobs-raw-data-from-topcv-2026"",""dataset_commit"":""kaggle-9263561-v1:e78ff2b6ed521ad894a70271a3254fcf434813916fdade4f7d449bc4fdf34ef9"",""dataset_url"":""https://www.kaggle.com/datasets/baocgb/vietnam-it-jobs-raw-data-from-topcv-2026"",""dataset_version"":""1"",""license"":""CC-BY-4.0"",""location_normalizer_revision"":""2026-07-19.1"",""raw_sha256"":""e78ff2b6ed521ad894a70271a3254fcf434813916fdade4f7d449bc4fdf34ef9"",""salary_source_currency"":""VND"",""source_url"":""https://www.topcv.vn/viec-lam/nhan-vien-javaspring-boot/1220514.html"",""title_normalizer_revision"":""2f434fba22de3a14c1b199331c8ca18408dc72e702071bf4bbfe380daff40f58""}"
topcv,1221023,2026-01-01,Nhân Viên IT (NestJS Developer),Nhân Viên IT NestJS Developer ,mid,Ha Noi,1,1,[],10000000,25000000,information_technology,"{""dataset"":""baocgb/vietnam-it-jobs-raw-data-from-topcv-2026"",""dataset_commit"":""kaggle-9263561-v1:e78ff2b6ed521ad894a70271a3254fcf434813916fdade4f7d449bc4fdf34ef9"",""dataset_url"":""https://www.kaggle.com/datasets/baocgb/vietnam-it-jobs-raw-data-from-topcv-2026"",""dataset_version"":""1"",""license"":""CC-BY-4.0"",""location_normalizer_revision"":""2026-07-19.1"",""raw_sha256"":""e78ff2b6ed521ad894a70271a3254fcf434813916fdade4f7d449bc4fdf34ef9"",""salary_source_currency"":""VND"",""source_url"":""https://www.topcv.vn/viec-lam/nhan-vien-it-nestjs-developer/1221023.html"",""title_normalizer_revision"":""2f434fba22de3a14c1b199331c8ca18408dc72e702071bf4bbfe380daff40f58""}"
topcv,1222155,2026-01-01,Nhân Viên IT (Angular Developer),Frontend Developer,mid,Ha Noi,1,1,[],10000000,25000000,information_technology,"{""dataset"":""baocgb/vietnam-it-jobs-raw-data-from-topcv-2026"",""dataset_commit"":""kaggle-9263561-v1:e78ff2b6ed521ad894a70271a3254fcf434813916fdade4f7d449bc4fdf34ef9"",""dataset_url"":""https://www.kaggle.com/datasets/baocgb/vietnam-it-jobs-raw-data-from-topcv-2026"",""dataset_version"":""1"",""license"":""CC-BY-4.0"",""location_normalizer_revision"":""2026-07-19.1"",""raw_sha256"":""e78ff2b6ed521ad894a70271a3254fcf434813916fdade4f7d449bc4fdf34ef9"",""salary_source_currency"":""VND"",""source_url"":""https://www.topcv.vn/viec-lam/nhan-vien-it-angular-developer/1222155.html"",""title_normalizer_revision"":""2f434fba22de3a14c1b199331c8ca18408dc72e702071bf4bbfe380daff40f58""}"
topcv,1229615,2026-01-12,Nhân Viên Kinh Doanh,Nhân Viên Kinh Doanh,mid,Ha Noi,,,[],15000000,25000000,information_technology,"{""dataset"":""baocgb/vietnam-it-jobs-raw-data-from-topcv-2026"",""dataset_commit"":""kaggle-9263561-v1:e78ff2b6ed521ad894a70271a3254fcf434813916fdade4f7d449bc4fdf34ef9"",""dataset_url"":""https://www.kaggle.com/datasets/baocgb/vietnam-it-jobs-raw-data-from-topcv-2026"",""dataset_version"":""1"",""license"":""CC-BY-4.0"",""location_normalizer_revision"":""2026-07-19.1"",""raw_sha256"":""e78ff2b6ed521ad894a70271a3254fcf434813916fdade4f7d449bc4fdf34ef9"",""salary_source_currency"":""VND"",""source_url"":""https://www.topcv.vn/viec-lam/nhan-vien-kinh-doanh/1229615.html"",""title_normalizer_revision"":""2f434fba22de3a14c1b199331c8ca18408dc72e702071bf4bbfe380daff40f58""}"
topcv,1233991,2026-01-08,Full – Stack Java Developer,Backend Developer,mid,Ha Noi,3,3,[],20000000,30000000,information_technology,"{""dataset"":""baocgb/vietnam-it-jobs-raw-data-from-topcv-2026"",""dataset_commit"":""kaggle-9263561-v1:e78ff2b6ed521ad894a70271a3254fcf434813916fdade4f7d449bc4fdf34ef9"",""dataset_url"":""https://www.kaggle.com/datasets/baocgb/vietnam-it-jobs-raw-data-from-topcv-2026"",""dataset_version"":""1"",""license"":""CC-BY-4.0"",""location_normalizer_revision"":""2026-07-19.1"",""raw_sha256"":""e78ff2b6ed521ad894a70271a3254fcf434813916fdade4f7d449bc4fdf34ef9"",""salary_source_currency"":""VND"",""source_url"":""https://www.topcv.vn/viec-lam/full-stack-java-developer/1233991.html"",""title_normalizer_revision"":""2f434fba22de3a14c1b199331c8ca18408dc72e702071bf4bbfe380daff40f58""}"
topcv,1247718,2025-12-18,Fresher C/C++ Developer,Fresher C/C++ Developer,fresher,Ha Noi,,,[],6000000,8000000,information_technology,"{""dataset"":""baocgb/vietnam-it-jobs-raw-data-from-topcv-2026"",""dataset_commit"":""kaggle-9263561-v1:e78ff2b6ed521ad894a70271a3254fcf434813916fdade4f7d449bc4fdf34ef9"",""dataset_url"":""https://www.kaggle.com/datasets/baocgb/vietnam-it-jobs-raw-data-from-topcv-2026"",""dataset_version"":""1"",""license"":""CC-BY-4.0"",""location_normalizer_revision"":""2026-07-19.1"",""raw_sha256"":""e78ff2b6ed521ad894a70271a3254fcf434813916fdade4f7d449bc4fdf34ef9"",""salary_source_currency"":""VND"",""source_url"":""https://www.topcv.vn/brand/fptsoftwareacademy/tuyen-dung/fresher-c-c-developer-j1247718.html"",""title_normalizer_revision"":""2f434fba22de3a14c1b199331c8ca18408dc72e702071bf4bbfe380daff40f58""}"
topcv,1252050,2026-01-01,Nhân Viên Business Analyst,Business Analyst,mid,Ha Noi,1,1,[],10000000,22000000,information_technology,"{""dataset"":""baocgb/vietnam-it-jobs-raw-data-from-topcv-2026"",""dataset_commit"":""kaggle-9263561-v1:e78ff2b6ed521ad894a70271a3254fcf434813916fdade4f7d449bc4fdf34ef9"",""dataset_url"":""https://www.kaggle.com/datasets/baocgb/vietnam-it-jobs-raw-data-from-topcv-2026"",""dataset_version"":""1"",""license"":""CC-BY-4.0"",""location_normalizer_revision"":""2026-07-19.1"",""raw_sha256"":""e78ff2b6ed521ad894a70271a3254fcf434813916fdade4f7d449bc4fdf34ef9"",""salary_source_currency"":""VND"",""source_url"":""https://www.topcv.vn/viec-lam/nhan-vien-business-analyst/1252050.html"",""title_normalizer_revision"":""2f434fba22de3a14c1b199331c8ca18408dc72e702071bf4bbfe380daff40f58""}"
topcv,1254637,2026-01-01,Nhân Viên Tester,QA Engineer,mid,Ha Noi,1,1,[],8000000,20000000,information_technology,"{""dataset"":""baocgb/vietnam-it-jobs-raw-data-from-topcv-2026"",""dataset_commit"":""kaggle-9263561-v1:e78ff2b6ed521ad894a70271a3254fcf434813916fdade4f7d449bc4fdf34ef9"",""dataset_url"":""https://www.kaggle.com/datasets/baocgb/vietnam-it-jobs-raw-data-from-topcv-2026"",""dataset_version"":""1"",""license"":""CC-BY-4.0"",""location_normalizer_revision"":""2026-07-19.1"",""raw_sha256"":""e78ff2b6ed521ad894a70271a3254fcf434813916fdade4f7d449bc4fdf34ef9"",""salary_source_currency"":""VND"",""source_url"":""https://www.topcv.vn/viec-lam/nhan-vien-tester/1254637.html"",""title_normalizer_revision"":""2f434fba22de3a14c1b199331c8ca18408dc72e702071bf4bbfe380daff40f58""}"
topcv,1294509,2026-01-01,Thực Tập Sinh Back-End (.Net) - Lĩnh Vực Edtech,Backend Developer,intern,Ha Noi,,,[],,3000000,information_technology,"{""dataset"":""baocgb/vietnam-it-jobs-raw-data-from-topcv-2026"",""dataset_commit"":""kaggle-9263561-v1:e78ff2b6ed521ad894a70271a3254fcf434813916fdade4f7d449bc4fdf34ef9"",""dataset_url"":""https://www.kaggle.com/datasets/baocgb/vietnam-it-jobs-raw-data-from-topcv-2026"",""dataset_version"":""1"",""license"":""CC-BY-4.0"",""location_normalizer_revision"":""2026-07-19.1"",""raw_sha256"":""e78ff2b6ed521ad894a70271a3254fcf434813916fdade4f7d449bc4fdf34ef9"",""salary_source_currency"":""VND"",""source_url"":""https://www.topcv.vn/viec-lam/thuc-tap-sinh-back-end-net-linh-vuc-edtech/1294509.html"",""title_normalizer_revision"":""2f434fba22de3a14c1b199331c8ca18408dc72e702071bf4bbfe380daff40f58""}"
topcv,1295583,2025-12-25,IT Comtor,IT Comtor,mid,Da Nang,1,1,[],15000000,30000000,information_technology,"{""dataset"":""baocgb/vietnam-it-jobs-raw-data-from-topcv-2026"",""dataset_commit"":""kaggle-9263561-v1:e78ff2b6ed521ad894a70271a3254fcf434813916fdade4f7d449bc4fdf34ef9"",""dataset_url"":""https://www.kaggle.com/datasets/baocgb/vietnam-it-jobs-raw-data-from-topcv-2026"",""dataset_version"":""1"",""license"":""CC-BY-4.0"",""location_normalizer_revision"":""2026-07-19.1"",""raw_sha256"":""e78ff2b6ed521ad894a70271a3254fcf434813916fdade4f7d449bc4fdf34ef9"",""salary_source_currency"":""VND"",""source_url"":""https://www.topcv.vn/viec-lam/it-comtor/1295583.html"",""title_normalizer_revision"":""2f434fba22de3a14c1b199331c8ca18408dc72e702071bf4bbfe380daff40f58""}"
topcv,1306976,2026-01-01,Chuyên Viên IT ( Biết Tiếng Trung),Chuyên Viên IT Biết Tiếng Trung ,mid,Bắc Ninh,,,[],20000000,35000000,information_technology,"{""dataset"":""baocgb/vietnam-it-jobs-raw-data-from-topcv-2026"",""dataset_commit"":""kaggle-9263561-v1:e78ff2b6ed521ad894a70271a3254fcf434813916fdade4f7d449bc4fdf34ef9"",""dataset_url"":""https://www.kaggle.com/datasets/baocgb/vietnam-it-jobs-raw-data-from-topcv-2026"",""dataset_version"":""1"",""license"":""CC-BY-4.0"",""location_normalizer_revision"":""2026-07-19.1"",""raw_sha256"":""e78ff2b6ed521ad894a70271a3254fcf434813916fdade4f7d449bc4fdf34ef9"",""salary_source_currency"":""VND"",""source_url"":""https://www.topcv.vn/viec-lam/chuyen-vien-it-biet-tieng-trung/1306976.html"",""title_normalizer_revision"":""2f434fba22de3a14c1b199331c8ca18408dc72e702071bf4bbfe380daff40f58""}"
topcv,1320794,2026-01-08,Business Analyst,Business Analyst,mid,Ho Chi Minh,3,3,[],20000000,40000000,information_technology,"{""dataset"":""baocgb/vietnam-it-jobs-raw-data-from-topcv-2026"",""dataset_commit"":""kaggle-9263561-v1:e78ff2b6ed521ad894a70271a3254fcf434813916fdade4f7d449bc4fdf34ef9"",""dataset_url"":""https://www.kaggle.com/datasets/baocgb/vietnam-it-jobs-raw-data-from-topcv-2026"",""dataset_version"":""1"",""license"":""CC-BY-4.0"",""location_normalizer_revision"":""2026-07-19.1"",""raw_sha256"":""e78ff2b6ed521ad894a70271a3254fcf434813916fdade4f7d449bc4fdf34ef9"",""salary_source_currency"":""VND"",""source_url"":""https://www.topcv.vn/viec-lam/business-analyst/1320794.html"",""title_normalizer_revision"":""2f434fba22de3a14c1b199331c8ca18408dc72e702071bf4bbfe380daff40f58""}"
topcv,1327591,2026-01-09,Chuyên Viên Hỗ Trợ Người Dùng IT Helpdesk,IT Support,mid,Thanh Hóa,2,2,[],8000000,10000000,information_technology,"{""dataset"":""baocgb/vietnam-it-jobs-raw-data-from-topcv-2026"",""dataset_commit"":""kaggle-9263561-v1:e78ff2b6ed521ad894a70271a3254fcf434813916fdade4f7d449bc4fdf34ef9"",""dataset_url"":""https://www.kaggle.com/datasets/baocgb/vietnam-it-jobs-raw-data-from-topcv-2026"",""dataset_version"":""1"",""license"":""CC-BY-4.0"",""location_normalizer_revision"":""2026-07-19.1"",""raw_sha256"":""e78ff2b6ed521ad894a70271a3254fcf434813916fdade4f7d449bc4fdf34ef9"",""salary_source_currency"":""VND"",""source_url"":""https://www.topcv.vn/viec-lam/chuyen-vien-ho-tro-nguoi-dung-it-helpdesk/1327591.html"",""title_normalizer_revision"":""2f434fba22de3a14c1b199331c8ca18408dc72e702071bf4bbfe380daff40f58""}"
topcv,1329251,2026-01-01,Cộng Tác Viên Triển Khai Phần Mềm,Cộng Tác Viên Triển Khai Phần Mềm,mid,Ha Noi,1,1,[],4000000,5700000,information_technology,"{""dataset"":""baocgb/vietnam-it-jobs-raw-data-from-topcv-2026"",""dataset_commit"":""kaggle-9263561-v1:e78ff2b6ed521ad894a70271a3254fcf434813916fdade4f7d449bc4fdf34ef9"",""dataset_url"":""https://www.kaggle.com/datasets/baocgb/vietnam-it-jobs-raw-data-from-topcv-2026"",""dataset_version"":""1"",""license"":""CC-BY-4.0"",""location_normalizer_revision"":""2026-07-19.1"",""raw_sha256"":""e78ff2b6ed521ad894a70271a3254fcf434813916fdade4f7d449bc4fdf34ef9"",""salary_source_currency"":""VND"",""source_url"":""https://www.topcv.vn/viec-lam/cong-tac-vien-trien-khai-phan-mem/1329251.html"",""title_normalizer_revision"":""2f434fba22de3a14c1b199331c8ca18408dc72e702071bf4bbfe380daff40f58""}"
topcv,1341569,2026-01-01,Chuyên Viên Triển Khai Phần Mềm (Y Tế),Chuyên Viên Triển Khai Phần Mềm Y Tế ,mid,Ha Noi,1,1,[],,15000000,information_technology,"{""dataset"":""baocgb/vietnam-it-jobs-raw-data-from-topcv-2026"",""dataset_commit"":""kaggle-9263561-v1:e78ff2b6ed521ad894a70271a3254fcf434813916fdade4f7d449bc4fdf34ef9"",""dataset_url"":""https://www.kaggle.com/datasets/baocgb/vietnam-it-jobs-raw-data-from-topcv-2026"",""dataset_version"":""1"",""license"":""CC-BY-4.0"",""location_normalizer_revision"":""2026-07-19.1"",""raw_sha256"":""e78ff2b6ed521ad894a70271a3254fcf434813916fdade4f7d449bc4fdf34ef9"",""salary_source_currency"":""VND"",""source_url"":""https://www.topcv.vn/viec-lam/chuyen-vien-trien-khai-phan-mem-y-te/1341569.html"",""title_normalizer_revision"":""2f434fba22de3a14c1b199331c8ca18408dc72e702071bf4bbfe380daff40f58""}"
topcv,1375749,2026-01-08,Kĩ Sư IT - Nhúng,Kĩ Sư IT - Nhúng,mid,Nước Ngoài,1,1,[],40000000,50000000,information_technology,"{""dataset"":""baocgb/vietnam-it-jobs-raw-data-from-topcv-2026"",""dataset_commit"":""kaggle-9263561-v1:e78ff2b6ed521ad894a70271a3254fcf434813916fdade4f7d449bc4fdf34ef9"",""dataset_url"":""https://www.kaggle.com/datasets/baocgb/vietnam-it-jobs-raw-data-from-topcv-2026"",""dataset_version"":""1"",""license"":""CC-BY-4.0"",""location_normalizer_revision"":""2026-07-19.1"",""raw_sha256"":""e78ff2b6ed521ad894a70271a3254fcf434813916fdade4f7d449bc4fdf34ef9"",""salary_source_currency"":""VND"",""source_url"":""https://www.topcv.vn/viec-lam/ki-su-it-nhung/1375749.html"",""title_normalizer_revision"":""2f434fba22de3a14c1b199331c8ca18408dc72e702071bf4bbfe380daff40f58""}"
topcv,1379989,2025-12-25,Senior Manual Tester (Up To 35M ),Senior QA Engineer,senior,Ha Noi,5,5,[],25000000,35000000,information_technology,"{""dataset"":""baocgb/vietnam-it-jobs-raw-data-from-topcv-2026"",""dataset_commit"":""kaggle-9263561-v1:e78ff2b6ed521ad894a70271a3254fcf434813916fdade4f7d449bc4fdf34ef9"",""dataset_url"":""https://www.kaggle.com/datasets/baocgb/vietnam-it-jobs-raw-data-from-topcv-2026"",""dataset_version"":""1"",""license"":""CC-BY-4.0"",""location_normalizer_revision"":""2026-07-19.1"",""raw_sha256"":""e78ff2b6ed521ad894a70271a3254fcf434813916fdade4f7d449bc4fdf34ef9"",""salary_source_currency"":""VND"",""source_url"":""https://www.topcv.vn/viec-lam/senior-manual-tester-up-to-35m/1379989.html"",""title_normalizer_revision"":""2f434fba22de3a14c1b199331c8ca18408dc72e702071bf4bbfe380daff40f58""}"
topcv,1380255,2025-12-18,Fullstack Developer (Yêu Cầu 3 Năm Kinh Nghiệm),Fullstack Developer,mid,Ha Noi,3,3,[],20000000,50000000,information_technology,"{""dataset"":""baocgb/vietnam-it-jobs-raw-data-from-topcv-2026"",""dataset_commit"":""kaggle-9263561-v1:e78ff2b6ed521ad894a70271a3254fcf434813916fdade4f7d449bc4fdf34ef9"",""dataset_url"":""https://www.kaggle.com/datasets/baocgb/vietnam-it-jobs-raw-data-from-topcv-2026"",""dataset_version"":""1"",""license"":""CC-BY-4.0"",""location_normalizer_revision"":""2026-07-19.1"",""raw_sha256"":""e78ff2b6ed521ad894a70271a3254fcf434813916fdade4f7d449bc4fdf34ef9"",""salary_source_currency"":""VND"",""source_url"":""https://www.topcv.vn/viec-lam/fullstack-developer-yeu-cau-3-nam-kinh-nghiem/1380255.html"",""title_normalizer_revision"":""2f434fba22de3a14c1b199331c8ca18408dc72e702071bf4bbfe380daff40f58""}"
topcv,1413463,2025-12-18,Python Developer (Có Thể Onboard Sau Tết),Backend Developer,mid,Ha Noi,3,3,[],25000000,40000000,information_technology,"{""dataset"":""baocgb/vietnam-it-jobs-raw-data-from-topcv-2026"",""dataset_commit"":""kaggle-9263561-v1:e78ff2b6ed521ad894a70271a3254fcf434813916fdade4f7d449bc4fdf34ef9"",""dataset_url"":""https://www.kaggle.com/datasets/baocgb/vietnam-it-jobs-raw-data-from-topcv-2026"",""dataset_version"":""1"",""license"":""CC-BY-4.0"",""location_normalizer_revision"":""2026-07-19.1"",""raw_sha256"":""e78ff2b6ed521ad894a70271a3254fcf434813916fdade4f7d449bc4fdf34ef9"",""salary_source_currency"":""VND"",""source_url"":""https://www.topcv.vn/viec-lam/python-developer-co-the-onboard-sau-tet/1413463.html"",""title_normalizer_revision"":""2f434fba22de3a14c1b199331c8ca18408dc72e702071bf4bbfe380daff40f58""}"
topcv,1424806,2026-01-08,Chuyên Viên Phân Tích Nghiệp Vụ,Business Analyst,mid,Ha Noi,4,4,[],20000000,30000000,information_technology,"{""dataset"":""baocgb/vietnam-it-jobs-raw-data-from-topcv-2026"",""dataset_commit"":""kaggle-9263561-v1:e78ff2b6ed521ad894a70271a3254fcf434813916fdade4f7d449bc4fdf34ef9"",""dataset_url"":""https://www.kaggle.com/datasets/baocgb/vietnam-it-jobs-raw-data-from-topcv-2026"",""dataset_version"":""1"",""license"":""CC-BY-4.0"",""location_normalizer_revision"":""2026-07-19.1"",""raw_sha256"":""e78ff2b6ed521ad894a70271a3254fcf434813916fdade4f7d449bc4fdf34ef9"",""salary_source_currency"":""VND"",""source_url"":""https://www.topcv.vn/viec-lam/chuyen-vien-phan-tich-nghiep-vu/1424806.html"",""title_normalizer_revision"":""2f434fba22de3a14c1b199331c8ca18408dc72e702071bf4bbfe380daff40f58""}"
topcv,1440528,2026-01-01,Mobile Flutter Developer,Mobile Developer (Flutter),mid,Ha Noi,1,1,[],10000000,25000000,information_technology,"{""dataset"":""baocgb/vietnam-it-jobs-raw-data-from-topcv-2026"",""dataset_commit"":""kaggle-9263561-v1:e78ff2b6ed521ad894a70271a3254fcf434813916fdade4f7d449bc4fdf34ef9"",""dataset_url"":""https://www.kaggle.com/datasets/baocgb/vietnam-it-jobs-raw-data-from-topcv-2026"",""dataset_version"":""1"",""license"":""CC-BY-4.0"",""location_normalizer_revision"":""2026-07-19.1"",""raw_sha256"":""e78ff2b6ed521ad894a70271a3254fcf434813916fdade4f7d449bc4fdf34ef9"",""salary_source_currency"":""VND"",""source_url"":""https://www.topcv.vn/viec-lam/mobile-flutter-developer/1440528.html"",""title_normalizer_revision"":""2f434fba22de3a14c1b199331c8ca18408dc72e702071bf4bbfe380daff40f58""}"
topcv,1440784,2025-12-25,Nhân Viên Kỹ Thuật Phần Mềm,Nhân Viên Kỹ Thuật Phần Mềm,mid,Hải Phòng,,,[],9000000,13000000,information_technology,"{""dataset"":""baocgb/vietnam-it-jobs-raw-data-from-topcv-2026"",""dataset_commit"":""kaggle-9263561-v1:e78ff2b6ed521ad894a70271a3254fcf434813916fdade4f7d449bc4fdf34ef9"",""dataset_url"":""https://www.kaggle.com/datasets/baocgb/vietnam-it-jobs-raw-data-from-topcv-2026"",""dataset_version"":""1"",""license"":""CC-BY-4.0"",""location_normalizer_revision"":""2026-07-19.1"",""raw_sha256"":""e78ff2b6ed521ad894a70271a3254fcf434813916fdade4f7d449bc4fdf34ef9"",""salary_source_currency"":""VND"",""source_url"":""https://www.topcv.vn/viec-lam/nhan-vien-ky-thuat-phan-mem/1440784.html"",""title_normalizer_revision"":""2f434fba22de3a14c1b199331c8ca18408dc72e702071bf4bbfe380daff40f58""}"
topcv,1450382,2026-01-12,Tin mới Chuyên Viên Phân Tích Nghiệp Vụ Tiếng Hàn,Business Analyst,mid,Ha Noi,1,1,[],18000000,30000000,information_technology,"{""dataset"":""baocgb/vietnam-it-jobs-raw-data-from-topcv-2026"",""dataset_commit"":""kaggle-9263561-v1:e78ff2b6ed521ad894a70271a3254fcf434813916fdade4f7d449bc4fdf34ef9"",""dataset_url"":""https://www.kaggle.com/datasets/baocgb/vietnam-it-jobs-raw-data-from-topcv-2026"",""dataset_version"":""1"",""license"":""CC-BY-4.0"",""location_normalizer_revision"":""2026-07-19.1"",""raw_sha256"":""e78ff2b6ed521ad894a70271a3254fcf434813916fdade4f7d449bc4fdf34ef9"",""salary_source_currency"":""VND"",""source_url"":""https://www.topcv.vn/viec-lam/chuyen-vien-phan-tich-nghiep-vu-tieng-han/1450382.html"",""title_normalizer_revision"":""2f434fba22de3a14c1b199331c8ca18408dc72e702071bf4bbfe380daff40f58""}"
topcv,1452278,2025-12-18,Kỹ Sư Công Nghệ Thông Tin/Kỹ Sư Điện Tử Viễn Thông,Kỹ Sư Công Nghệ Thông Tin/Kỹ Sư Điện Tử Viễn Thông,mid,Ha Noi,,,[],7000000,16000000,information_technology,"{""dataset"":""baocgb/vietnam-it-jobs-raw-data-from-topcv-2026"",""dataset_commit"":""kaggle-9263561-v1:e78ff2b6ed521ad894a70271a3254fcf434813916fdade4f7d449bc4fdf34ef9"",""dataset_url"":""https://www.kaggle.com/datasets/baocgb/vietnam-it-jobs-raw-data-from-topcv-2026"",""dataset_version"":""1"",""license"":""CC-BY-4.0"",""location_normalizer_revision"":""2026-07-19.1"",""raw_sha256"":""e78ff2b6ed521ad894a70271a3254fcf434813916fdade4f7d449bc4fdf34ef9"",""salary_source_currency"":""VND"",""source_url"":""https://www.topcv.vn/viec-lam/ky-su-cong-nghe-thong-tin-ky-su-dien-tu-vien-thong/1452278.html"",""title_normalizer_revision"":""2f434fba22de3a14c1b199331c8ca18408dc72e702071bf4bbfe380daff40f58""}"
topcv,1463974,2026-01-01,IT Helpdesk,IT Support,mid,Ho Chi Minh,2,2,[],11000000,14000000,information_technology,"{""dataset"":""baocgb/vietnam-it-jobs-raw-data-from-topcv-2026"",""dataset_commit"":""kaggle-9263561-v1:e78ff2b6ed521ad894a70271a3254fcf434813916fdade4f7d449bc4fdf34ef9"",""dataset_url"":""https://www.kaggle.com/datasets/baocgb/vietnam-it-jobs-raw-data-from-topcv-2026"",""dataset_version"":""1"",""license"":""CC-BY-4.0"",""location_normalizer_revision"":""2026-07-19.1"",""raw_sha256"":""e78ff2b6ed521ad894a70271a3254fcf434813916fdade4f7d449bc4fdf34ef9"",""salary_source_currency"":""VND"",""source_url"":""https://www.topcv.vn/viec-lam/it-helpdesk/1463974.html"",""title_normalizer_revision"":""2f434fba22de3a14c1b199331c8ca18408dc72e702071bf4bbfe380daff40f58""}"
topcv,1465270,2025-12-25,Kỹ Sư Hệ Thống / System Engineer,System Engineer,mid,Ha Noi,1,1,[],15000000,30000000,information_technology,"{""dataset"":""baocgb/vietnam-it-jobs-raw-data-from-topcv-2026"",""dataset_commit"":""kaggle-9263561-v1:e78ff2b6ed521ad894a70271a3254fcf434813916fdade4f7d449bc4fdf34ef9"",""dataset_url"":""https://www.kaggle.com/datasets/baocgb/vietnam-it-jobs-raw-data-from-topcv-2026"",""dataset_version"":""1"",""license"":""CC-BY-4.0"",""location_normalizer_revision"":""2026-07-19.1"",""raw_sha256"":""e78ff2b6ed521ad894a70271a3254fcf434813916fdade4f7d449bc4fdf34ef9"",""salary_source_currency"":""VND"",""source_url"":""https://www.topcv.vn/viec-lam/ky-su-he-thong-system-engineer/1465270.html"",""title_normalizer_revision"":""2f434fba22de3a14c1b199331c8ca18408dc72e702071bf4bbfe380daff40f58""}"
topcv,1466922,2025-12-18,Nhân Viên Kỹ Thuật Và Công Nghệ,Nhân Viên Kỹ Thuật Và Công Nghệ,mid,Ha Noi,3,3,[],13000000,20000000,information_technology,"{""dataset"":""baocgb/vietnam-it-jobs-raw-data-from-topcv-2026"",""dataset_commit"":""kaggle-9263561-v1:e78ff2b6ed521ad894a70271a3254fcf434813916fdade4f7d449bc4fdf34ef9"",""dataset_url"":""https://www.kaggle.com/datasets/baocgb/vietnam-it-jobs-raw-data-from-topcv-2026"",""dataset_version"":""1"",""license"":""CC-BY-4.0"",""location_normalizer_revision"":""2026-07-19.1"",""raw_sha256"":""e78ff2b6ed521ad894a70271a3254fcf434813916fdade4f7d449bc4fdf34ef9"",""salary_source_currency"":""VND"",""source_url"":""https://www.topcv.vn/viec-lam/nhan-vien-ky-thuat-va-cong-nghe/1466922.html"",""title_normalizer_revision"":""2f434fba22de3a14c1b199331c8ca18408dc72e702071bf4bbfe380daff40f58""}"
topcv,1500396,2026-01-08,Fresher Fullstack ReactJS,Fullstack Developer,fresher,Ha Noi,,,[],6000000,8000000,information_technology,"{""dataset"":""baocgb/vietnam-it-jobs-raw-data-from-topcv-2026"",""dataset_commit"":""kaggle-9263561-v1:e78ff2b6ed521ad894a70271a3254fcf434813916fdade4f7d449bc4fdf34ef9"",""dataset_url"":""https://www.kaggle.com/datasets/baocgb/vietnam-it-jobs-raw-data-from-topcv-2026"",""dataset_version"":""1"",""license"":""CC-BY-4.0"",""location_normalizer_revision"":""2026-07-19.1"",""raw_sha256"":""e78ff2b6ed521ad894a70271a3254fcf434813916fdade4f7d449bc4fdf34ef9"",""salary_source_currency"":""VND"",""source_url"":""https://www.topcv.vn/brand/fptsoftwareacademy/tuyen-dung/fresher-fullstack-reactjs-j1500396.html"",""title_normalizer_revision"":""2f434fba22de3a14c1b199331c8ca18408dc72e702071bf4bbfe380daff40f58""}"
topcv,1500770,2026-01-14,Leader Nodejs - Đi Làm Ngay,Leader Nodejs - Đi Làm Ngay,lead,Ha Noi,2,2,[],15000000,20000000,information_technology,"{""dataset"":""baocgb/vietnam-it-jobs-raw-data-from-topcv-2026"",""dataset_commit"":""kaggle-9263561-v1:e78ff2b6ed521ad894a70271a3254fcf434813916fdade4f7d449bc4fdf34ef9"",""dataset_url"":""https://www.kaggle.com/datasets/baocgb/vietnam-it-jobs-raw-data-from-topcv-2026"",""dataset_version"":""1"",""license"":""CC-BY-4.0"",""location_normalizer_revision"":""2026-07-19.1"",""raw_sha256"":""e78ff2b6ed521ad894a70271a3254fcf434813916fdade4f7d449bc4fdf34ef9"",""salary_source_currency"":""VND"",""source_url"":""https://www.topcv.vn/viec-lam/leader-nodejs-di-lam-ngay/1500770.html"",""title_normalizer_revision"":""2f434fba22de3a14c1b199331c8ca18408dc72e702071bf4bbfe380daff40f58""}"
topcv,1510934,2025-12-25,Frontend Dev - PHP Wordpress Development (Mức Lương 10 - 12 Triệu),Frontend Developer,mid,Ha Noi,1,1,[],10000000,12000000,information_technology,"{""dataset"":""baocgb/vietnam-it-jobs-raw-data-from-topcv-2026"",""dataset_commit"":""kaggle-9263561-v1:e78ff2b6ed521ad894a70271a3254fcf434813916fdade4f7d449bc4fdf34ef9"",""dataset_url"":""https://www.kaggle.com/datasets/baocgb/vietnam-it-jobs-raw-data-from-topcv-2026"",""dataset_version"":""1"",""license"":""CC-BY-4.0"",""location_normalizer_revision"":""2026-07-19.1"",""raw_sha256"":""e78ff2b6ed521ad894a70271a3254fcf434813916fdade4f7d449bc4fdf34ef9"",""salary_source_currency"":""VND"",""source_url"":""https://www.topcv.vn/viec-lam/frontend-dev-php-wordpress-development-muc-luong-10-12-trieu/1510934.html"",""title_normalizer_revision"":""2f434fba22de3a14c1b199331c8ca18408dc72e702071bf4bbfe380daff40f58""}"
topcv,1515183,2026-01-01,BackEnd Developer (NodeJS),Backend Developer,mid,Ho Chi Minh,2,2,[],17000000,,information_technology,"{""dataset"":""baocgb/vietnam-it-jobs-raw-data-from-topcv-2026"",""dataset_commit"":""kaggle-9263561-v1:e78ff2b6ed521ad894a70271a3254fcf434813916fdade4f7d449bc4fdf34ef9"",""dataset_url"":""https://www.kaggle.com/datasets/baocgb/vietnam-it-jobs-raw-data-from-topcv-2026"",""dataset_version"":""1"",""license"":""CC-BY-4.0"",""location_normalizer_revision"":""2026-07-19.1"",""raw_sha256"":""e78ff2b6ed521ad894a70271a3254fcf434813916fdade4f7d449bc4fdf34ef9"",""salary_source_currency"":""VND"",""source_url"":""https://www.topcv.vn/viec-lam/backend-developer-nodejs/1515183.html"",""title_normalizer_revision"":""2f434fba22de3a14c1b199331c8ca18408dc72e702071bf4bbfe380daff40f58""}"
topcv,1515247,2026-01-08,Unity Game Developer (Từ 3 Năm Kinh Nghiệm),Game Developer,mid,Ha Noi,3,3,[],,50000000,information_technology,"{""dataset"":""baocgb/vietnam-it-jobs-raw-data-from-topcv-2026"",""dataset_commit"":""kaggle-9263561-v1:e78ff2b6ed521ad894a70271a3254fcf434813916fdade4f7d449bc4fdf34ef9"",""dataset_url"":""https://www.kaggle.com/datasets/baocgb/vietnam-it-jobs-raw-data-from-topcv-2026"",""dataset_version"":""1"",""license"":""CC-BY-4.0"",""location_normalizer_revision"":""2026-07-19.1"",""raw_sha256"":""e78ff2b6ed521ad894a70271a3254fcf434813916fdade4f7d449bc4fdf34ef9"",""salary_source_currency"":""VND"",""source_url"":""https://www.topcv.vn/viec-lam/unity-game-developer-tu-3-nam-kinh-nghiem/1515247.html"",""title_normalizer_revision"":""2f434fba22de3a14c1b199331c8ca18408dc72e702071bf4bbfe380daff40f58""}"
topcv,1518603,2026-01-13,Tin mới GẤP Lì xì Unreal Engine Artist Tại Hồ Chí Minh (Lương 10tr - 30tr) CV Tiếng Anh Và Portfolio File Video,Game Developer,mid,Ho Chi Minh,1,1,[],10000000,30000000,information_technology,"{""dataset"":""baocgb/vietnam-it-jobs-raw-data-from-topcv-2026"",""dataset_commit"":""kaggle-9263561-v1:e78ff2b6ed521ad894a70271a3254fcf434813916fdade4f7d449bc4fdf34ef9"",""dataset_url"":""https://www.kaggle.com/datasets/baocgb/vietnam-it-jobs-raw-data-from-topcv-2026"",""dataset_version"":""1"",""license"":""CC-BY-4.0"",""location_normalizer_revision"":""2026-07-19.1"",""raw_sha256"":""e78ff2b6ed521ad894a70271a3254fcf434813916fdade4f7d449bc4fdf34ef9"",""salary_source_currency"":""VND"",""source_url"":""https://www.topcv.vn/viec-lam/unreal-engine-artist-tai-ho-chi-minh-luong-10tr-30tr-cv-tieng-anh-va-portfolio-file-video/1518603.html"",""title_normalizer_revision"":""2f434fba22de3a14c1b199331c8ca18408dc72e702071bf4bbfe380daff40f58""}"
topcv,1528739,2026-01-14,Chuyên Viên IT Network,Chuyên Viên IT Network,mid,Ha Noi,3,3,[],12000000,20000000,information_technology,"{""dataset"":""baocgb/vietnam-it-jobs-raw-data-from-topcv-2026"",""dataset_commit"":""kaggle-9263561-v1:e78ff2b6ed521ad894a70271a3254fcf434813916fdade4f7d449bc4fdf34ef9"",""dataset_url"":""https://www.kaggle.com/datasets/baocgb/vietnam-it-jobs-raw-data-from-topcv-2026"",""dataset_version"":""1"",""license"":""CC-BY-4.0"",""location_normalizer_revision"":""2026-07-19.1"",""raw_sha256"":""e78ff2b6ed521ad894a70271a3254fcf434813916fdade4f7d449bc4fdf34ef9"",""salary_source_currency"":""VND"",""source_url"":""https://www.topcv.vn/viec-lam/chuyen-vien-it-network/1528739.html"",""title_normalizer_revision"":""2f434fba22de3a14c1b199331c8ca18408dc72e702071bf4bbfe380daff40f58""}"
topcv,1535301,2026-01-12,Chuyên Viên Tư Vấn Phần Mềm ERP (Tiếng Trung),Chuyên Viên Tư Vấn Phần Mềm ERP Tiếng Trung ,mid,Ho Chi Minh,1,1,[],15000000,25000000,information_technology,"{""dataset"":""baocgb/vietnam-it-jobs-raw-data-from-topcv-2026"",""dataset_commit"":""kaggle-9263561-v1:e78ff2b6ed521ad894a70271a3254fcf434813916fdade4f7d449bc4fdf34ef9"",""dataset_url"":""https://www.kaggle.com/datasets/baocgb/vietnam-it-jobs-raw-data-from-topcv-2026"",""dataset_version"":""1"",""license"":""CC-BY-4.0"",""location_normalizer_revision"":""2026-07-19.1"",""raw_sha256"":""e78ff2b6ed521ad894a70271a3254fcf434813916fdade4f7d449bc4fdf34ef9"",""salary_source_currency"":""VND"",""source_url"":""https://www.topcv.vn/viec-lam/chuyen-vien-tu-van-phan-mem-erp-tieng-trung/1535301.html"",""title_normalizer_revision"":""2f434fba22de3a14c1b199331c8ca18408dc72e702071bf4bbfe380daff40f58""}"
topcv,1535466,2026-01-10,Angular Developer (Banking),Frontend Developer,mid,Ha Noi,2,2,[],20000000,27000000,information_technology,"{""dataset"":""baocgb/vietnam-it-jobs-raw-data-from-topcv-2026"",""dataset_commit"":""kaggle-9263561-v1:e78ff2b6ed521ad894a70271a3254fcf434813916fdade4f7d449bc4fdf34ef9"",""dataset_url"":""https://www.kaggle.com/datasets/baocgb/vietnam-it-jobs-raw-data-from-topcv-2026"",""dataset_version"":""1"",""license"":""CC-BY-4.0"",""location_normalizer_revision"":""2026-07-19.1"",""raw_sha256"":""e78ff2b6ed521ad894a70271a3254fcf434813916fdade4f7d449bc4fdf34ef9"",""salary_source_currency"":""VND"",""source_url"":""https://www.topcv.vn/viec-lam/angular-developer-banking/1535466.html"",""title_normalizer_revision"":""2f434fba22de3a14c1b199331c8ca18408dc72e702071bf4bbfe380daff40f58""}"
topcv,1535702,2026-01-08,Tester Intern,QA Engineer,intern,Ha Noi,,,[],,5000000,information_technology,"{""dataset"":""baocgb/vietnam-it-jobs-raw-data-from-topcv-2026"",""dataset_commit"":""kaggle-9263561-v1:e78ff2b6ed521ad894a70271a3254fcf434813916fdade4f7d449bc4fdf34ef9"",""dataset_url"":""https://www.kaggle.com/datasets/baocgb/vietnam-it-jobs-raw-data-from-topcv-2026"",""dataset_version"":""1"",""license"":""CC-BY-4.0"",""location_normalizer_revision"":""2026-07-19.1"",""raw_sha256"":""e78ff2b6ed521ad894a70271a3254fcf434813916fdade4f7d449bc4fdf34ef9"",""salary_source_currency"":""VND"",""source_url"":""https://www.topcv.vn/viec-lam/tester-intern/1535702.html"",""title_normalizer_revision"":""2f434fba22de3a14c1b199331c8ca18408dc72e702071bf4bbfe380daff40f58""}"
topcv,1537223,2026-01-08,Fresher Business Analyst (Dịch Vụ Chuyển Đổi Số),Business Analyst,fresher,Ha Noi,1,1,[],8000000,15000000,information_technology,"{""dataset"":""baocgb/vietnam-it-jobs-raw-data-from-topcv-2026"",""dataset_commit"":""kaggle-9263561-v1:e78ff2b6ed521ad894a70271a3254fcf434813916fdade4f7d449bc4fdf34ef9"",""dataset_url"":""https://www.kaggle.com/datasets/baocgb/vietnam-it-jobs-raw-data-from-topcv-2026"",""dataset_version"":""1"",""license"":""CC-BY-4.0"",""location_normalizer_revision"":""2026-07-19.1"",""raw_sha256"":""e78ff2b6ed521ad894a70271a3254fcf434813916fdade4f7d449bc4fdf34ef9"",""salary_source_currency"":""VND"",""source_url"":""https://www.topcv.vn/viec-lam/fresher-business-analyst-dich-vu-chuyen-doi-so/1537223.html"",""title_normalizer_revision"":""2f434fba22de3a14c1b199331c8ca18408dc72e702071bf4bbfe380daff40f58""}"
topcv,1539925,2026-01-08,Graphic Designer Thiết Kế Logo Cho App Mobile,Graphic Designer Thiết Kế Logo Cho App Mobile,mid,Ha Noi,1,1,[],12000000,18000000,information_technology,"{""dataset"":""baocgb/vietnam-it-jobs-raw-data-from-topcv-2026"",""dataset_commit"":""kaggle-9263561-v1:e78ff2b6ed521ad894a70271a3254fcf434813916fdade4f7d449bc4fdf34ef9"",""dataset_url"":""https://www.kaggle.com/datasets/baocgb/vietnam-it-jobs-raw-data-from-topcv-2026"",""dataset_version"":""1"",""license"":""CC-BY-4.0"",""location_normalizer_revision"":""2026-07-19.1"",""raw_sha256"":""e78ff2b6ed521ad894a70271a3254fcf434813916fdade4f7d449bc4fdf34ef9"",""salary_source_currency"":""VND"",""source_url"":""https://www.topcv.vn/viec-lam/graphic-designer-thiet-ke-logo-cho-app-mobile/1539925.html"",""title_normalizer_revision"":""2f434fba22de3a14c1b199331c8ca18408dc72e702071bf4bbfe380daff40f58""}"
topcv,1543903,2026-01-08,Quản Lý Dự Án/Project Manager (PM),Project Manager,manager,Ha Noi,3,3,[],20000000,35000000,information_technology,"{""dataset"":""baocgb/vietnam-it-jobs-raw-data-from-topcv-2026"",""dataset_commit"":""kaggle-9263561-v1:e78ff2b6ed521ad894a70271a3254fcf434813916fdade4f7d449bc4fdf34ef9"",""dataset_url"":""https://www.kaggle.com/datasets/baocgb/vietnam-it-jobs-raw-data-from-topcv-2026"",""dataset_version"":""1"",""license"":""CC-BY-4.0"",""location_normalizer_revision"":""2026-07-19.1"",""raw_sha256"":""e78ff2b6ed521ad894a70271a3254fcf434813916fdade4f7d449bc4fdf34ef9"",""salary_source_currency"":""VND"",""source_url"":""https://www.topcv.vn/viec-lam/quan-ly-du-an-project-manager-pm/1543903.html"",""title_normalizer_revision"":""2f434fba22de3a14c1b199331c8ca18408dc72e702071bf4bbfe380daff40f58""}"
topcv,1545171,2025-12-18,Middle PHP,Middle PHP,mid,Ha Noi,3,3,[],13000000,25000000,information_technology,"{""dataset"":""baocgb/vietnam-it-jobs-raw-data-from-topcv-2026"",""dataset_commit"":""kaggle-9263561-v1:e78ff2b6ed521ad894a70271a3254fcf434813916fdade4f7d449bc4fdf34ef9"",""dataset_url"":""https://www.kaggle.com/datasets/baocgb/vietnam-it-jobs-raw-data-from-topcv-2026"",""dataset_version"":""1"",""license"":""CC-BY-4.0"",""location_normalizer_revision"":""2026-07-19.1"",""raw_sha256"":""e78ff2b6ed521ad894a70271a3254fcf434813916fdade4f7d449bc4fdf34ef9"",""salary_source_currency"":""VND"",""source_url"":""https://www.topcv.vn/viec-lam/middle-php/1545171.html"",""title_normalizer_revision"":""2f434fba22de3a14c1b199331c8ca18408dc72e702071bf4bbfe380daff40f58""}"
topcv,1549142,2026-01-01,Lập Trình Viên (Biết Tiếng Trung),Software Engineer,mid,Bắc Ninh,2,2,[],20000000,40000000,information_technology,"{""dataset"":""baocgb/vietnam-it-jobs-raw-data-from-topcv-2026"",""dataset_commit"":""kaggle-9263561-v1:e78ff2b6ed521ad894a70271a3254fcf434813916fdade4f7d449bc4fdf34ef9"",""dataset_url"":""https://www.kaggle.com/datasets/baocgb/vietnam-it-jobs-raw-data-from-topcv-2026"",""dataset_version"":""1"",""license"":""CC-BY-4.0"",""location_normalizer_revision"":""2026-07-19.1"",""raw_sha256"":""e78ff2b6ed521ad894a70271a3254fcf434813916fdade4f7d449bc4fdf34ef9"",""salary_source_currency"":""VND"",""source_url"":""https://www.topcv.vn/viec-lam/lap-trinh-vien-biet-tieng-trung/1549142.html"",""title_normalizer_revision"":""2f434fba22de3a14c1b199331c8ca18408dc72e702071bf4bbfe380daff40f58""}"
topcv,1560093,2026-01-01,Senior Unity (VR/AR),Senior Unity VR/AR ,senior,Ha Noi,5,5,[],,60000000,information_technology,"{""dataset"":""baocgb/vietnam-it-jobs-raw-data-from-topcv-2026"",""dataset_commit"":""kaggle-9263561-v1:e78ff2b6ed521ad894a70271a3254fcf434813916fdade4f7d449bc4fdf34ef9"",""dataset_url"":""https://www.kaggle.com/datasets/baocgb/vietnam-it-jobs-raw-data-from-topcv-2026"",""dataset_version"":""1"",""license"":""CC-BY-4.0"",""location_normalizer_revision"":""2026-07-19.1"",""raw_sha256"":""e78ff2b6ed521ad894a70271a3254fcf434813916fdade4f7d449bc4fdf34ef9"",""salary_source_currency"":""VND"",""source_url"":""https://www.topcv.vn/viec-lam/senior-unity-vr-ar/1560093.html"",""title_normalizer_revision"":""2f434fba22de3a14c1b199331c8ca18408dc72e702071bf4bbfe380daff40f58""}"
topcv,1560374,2026-01-01,System Engineer,System Engineer,mid,Ho Chi Minh,3,3,[],,30000000,information_technology,"{""dataset"":""baocgb/vietnam-it-jobs-raw-data-from-topcv-2026"",""dataset_commit"":""kaggle-9263561-v1:e78ff2b6ed521ad894a70271a3254fcf434813916fdade4f7d449bc4fdf34ef9"",""dataset_url"":""https://www.kaggle.com/datasets/baocgb/vietnam-it-jobs-raw-data-from-topcv-2026"",""dataset_version"":""1"",""license"":""CC-BY-4.0"",""location_normalizer_revision"":""2026-07-19.1"",""raw_sha256"":""e78ff2b6ed521ad894a70271a3254fcf434813916fdade4f7d449bc4fdf34ef9"",""salary_source_currency"":""VND"",""source_url"":""https://www.topcv.vn/viec-lam/system-engineer/1560374.html"",""title_normalizer_revision"":""2f434fba22de3a14c1b199331c8ca18408dc72e702071bf4bbfe380daff40f58""}"
topcv,1561080,2026-01-08,Chuyên Viên IT,Chuyên Viên IT,mid,Ho Chi Minh,1,1,[],10000000,25000000,information_technology,"{""dataset"":""baocgb/vietnam-it-jobs-raw-data-from-topcv-2026"",""dataset_commit"":""kaggle-9263561-v1:e78ff2b6ed521ad894a70271a3254fcf434813916fdade4f7d449bc4fdf34ef9"",""dataset_url"":""https://www.kaggle.com/datasets/baocgb/vietnam-it-jobs-raw-data-from-topcv-2026"",""dataset_version"":""1"",""license"":""CC-BY-4.0"",""location_normalizer_revision"":""2026-07-19.1"",""raw_sha256"":""e78ff2b6ed521ad894a70271a3254fcf434813916fdade4f7d449bc4fdf34ef9"",""salary_source_currency"":""VND"",""source_url"":""https://www.topcv.vn/viec-lam/chuyen-vien-it/1561080.html"",""title_normalizer_revision"":""2f434fba22de3a14c1b199331c8ca18408dc72e702071bf4bbfe380daff40f58""}"
topcv,1561212,2025-12-25,Senior Java Developer ( Up To 40M ),Senior Backend Developer,senior,Ha Noi,5,5,[],30000000,40000000,information_technology,"{""dataset"":""baocgb/vietnam-it-jobs-raw-data-from-topcv-2026"",""dataset_commit"":""kaggle-9263561-v1:e78ff2b6ed521ad894a70271a3254fcf434813916fdade4f7d449bc4fdf34ef9"",""dataset_url"":""https://www.kaggle.com/datasets/baocgb/vietnam-it-jobs-raw-data-from-topcv-2026"",""dataset_version"":""1"",""license"":""CC-BY-4.0"",""location_normalizer_revision"":""2026-07-19.1"",""raw_sha256"":""e78ff2b6ed521ad894a70271a3254fcf434813916fdade4f7d449bc4fdf34ef9"",""salary_source_currency"":""VND"",""source_url"":""https://www.topcv.vn/viec-lam/senior-java-developer-up-to-40m/1561212.html"",""title_normalizer_revision"":""2f434fba22de3a14c1b199331c8ca18408dc72e702071bf4bbfe380daff40f58""}"
topcv,1562963,2025-12-18,Business Analyst,Business Analyst,mid,Da Nang,3,3,[],12000000,20000000,information_technology,"{""dataset"":""baocgb/vietnam-it-jobs-raw-data-from-topcv-2026"",""dataset_commit"":""kaggle-9263561-v1:e78ff2b6ed521ad894a70271a3254fcf434813916fdade4f7d449bc4fdf34ef9"",""dataset_url"":""https://www.kaggle.com/datasets/baocgb/vietnam-it-jobs-raw-data-from-topcv-2026"",""dataset_version"":""1"",""license"":""CC-BY-4.0"",""location_normalizer_revision"":""2026-07-19.1"",""raw_sha256"":""e78ff2b6ed521ad894a70271a3254fcf434813916fdade4f7d449bc4fdf34ef9"",""salary_source_currency"":""VND"",""source_url"":""https://www.topcv.vn/viec-lam/business-analyst/1562963.html"",""title_normalizer_revision"":""2f434fba22de3a14c1b199331c8ca18408dc72e702071bf4bbfe380daff40f58""}"
topcv,1563425,2026-01-08,NV Kiểm Thử Phần Mềm Tester -Có Thể Đi Làm Sau Tết,QA Engineer,mid,Ha Noi,2,2,[],15000000,35000000,information_technology,"{""dataset"":""baocgb/vietnam-it-jobs-raw-data-from-topcv-2026"",""dataset_commit"":""kaggle-9263561-v1:e78ff2b6ed521ad894a70271a3254fcf434813916fdade4f7d449bc4fdf34ef9"",""dataset_url"":""https://www.kaggle.com/datasets/baocgb/vietnam-it-jobs-raw-data-from-topcv-2026"",""dataset_version"":""1"",""license"":""CC-BY-4.0"",""location_normalizer_revision"":""2026-07-19.1"",""raw_sha256"":""e78ff2b6ed521ad894a70271a3254fcf434813916fdade4f7d449bc4fdf34ef9"",""salary_source_currency"":""VND"",""source_url"":""https://www.topcv.vn/viec-lam/nv-kiem-thu-phan-mem-tester-co-the-di-lam-sau-tet/1563425.html"",""title_normalizer_revision"":""2f434fba22de3a14c1b199331c8ca18408dc72e702071bf4bbfe380daff40f58""}"
topcv,1563737,2025-12-18,Nhân Viên Kinh Doanh - Sale,Nhân Viên Kinh Doanh - Sale,mid,Ha Noi,1,1,[],8000000,10000000,information_technology,"{""dataset"":""baocgb/vietnam-it-jobs-raw-data-from-topcv-2026"",""dataset_commit"":""kaggle-9263561-v1:e78ff2b6ed521ad894a70271a3254fcf434813916fdade4f7d449bc4fdf34ef9"",""dataset_url"":""https://www.kaggle.com/datasets/baocgb/vietnam-it-jobs-raw-data-from-topcv-2026"",""dataset_version"":""1"",""license"":""CC-BY-4.0"",""location_normalizer_revision"":""2026-07-19.1"",""raw_sha256"":""e78ff2b6ed521ad894a70271a3254fcf434813916fdade4f7d449bc4fdf34ef9"",""salary_source_currency"":""VND"",""source_url"":""https://www.topcv.vn/viec-lam/nhan-vien-kinh-doanh-sale/1563737.html"",""title_normalizer_revision"":""2f434fba22de3a14c1b199331c8ca18408dc72e702071bf4bbfe380daff40f58""}"
topcv,1571379,2025-12-18,IT Teacher (HUST),IT Teacher HUST ,mid,Ha Noi,1,1,[],30000000,50000000,information_technology,"{""dataset"":""baocgb/vietnam-it-jobs-raw-data-from-topcv-2026"",""dataset_commit"":""kaggle-9263561-v1:e78ff2b6ed521ad894a70271a3254fcf434813916fdade4f7d449bc4fdf34ef9"",""dataset_url"":""https://www.kaggle.com/datasets/baocgb/vietnam-it-jobs-raw-data-from-topcv-2026"",""dataset_version"":""1"",""license"":""CC-BY-4.0"",""location_normalizer_revision"":""2026-07-19.1"",""raw_sha256"":""e78ff2b6ed521ad894a70271a3254fcf434813916fdade4f7d449bc4fdf34ef9"",""salary_source_currency"":""USD"",""source_url"":""https://www.topcv.vn/viec-lam/it-teacher-hust/1571379.html"",""title_normalizer_revision"":""2f434fba22de3a14c1b199331c8ca18408dc72e702071bf4bbfe380daff40f58"",""usd_to_vnd"":""25000""}"
topcv,1579093,2026-01-10,Nhân Viên Trợ Giảng - Công Nghệ Thông Tin,Nhân Viên Trợ Giảng - Công Nghệ Thông Tin,mid,Ho Chi Minh,1,1,[],11000000,14000000,information_technology,"{""dataset"":""baocgb/vietnam-it-jobs-raw-data-from-topcv-2026"",""dataset_commit"":""kaggle-9263561-v1:e78ff2b6ed521ad894a70271a3254fcf434813916fdade4f7d449bc4fdf34ef9"",""dataset_url"":""https://www.kaggle.com/datasets/baocgb/vietnam-it-jobs-raw-data-from-topcv-2026"",""dataset_version"":""1"",""license"":""CC-BY-4.0"",""location_normalizer_revision"":""2026-07-19.1"",""raw_sha256"":""e78ff2b6ed521ad894a70271a3254fcf434813916fdade4f7d449bc4fdf34ef9"",""salary_source_currency"":""VND"",""source_url"":""https://www.topcv.vn/viec-lam/nhan-vien-tro-giang-cong-nghe-thong-tin/1579093.html"",""title_normalizer_revision"":""2f434fba22de3a14c1b199331c8ca18408dc72e702071bf4bbfe380daff40f58""}"
topcv,1579622,2026-01-08,Mobile IOS Developer (OS Bank),Mobile Developer,mid,Ha Noi,5,5,[],30000000,35000000,information_technology,"{""dataset"":""baocgb/vietnam-it-jobs-raw-data-from-topcv-2026"",""dataset_commit"":""kaggle-9263561-v1:e78ff2b6ed521ad894a70271a3254fcf434813916fdade4f7d449bc4fdf34ef9"",""dataset_url"":""https://www.kaggle.com/datasets/baocgb/vietnam-it-jobs-raw-data-from-topcv-2026"",""dataset_version"":""1"",""license"":""CC-BY-4.0"",""location_normalizer_revision"":""2026-07-19.1"",""raw_sha256"":""e78ff2b6ed521ad894a70271a3254fcf434813916fdade4f7d449bc4fdf34ef9"",""salary_source_currency"":""VND"",""source_url"":""https://www.topcv.vn/viec-lam/mobile-ios-developer-os-bank/1579622.html"",""title_normalizer_revision"":""2f434fba22de3a14c1b199331c8ca18408dc72e702071bf4bbfe380daff40f58""}"
topcv,1587193,2025-12-25,Lập Trình Viên Backend PHP,Backend Developer,mid,Ha Noi,1,1,[],,20000000,information_technology,"{""dataset"":""baocgb/vietnam-it-jobs-raw-data-from-topcv-2026"",""dataset_commit"":""kaggle-9263561-v1:e78ff2b6ed521ad894a70271a3254fcf434813916fdade4f7d449bc4fdf34ef9"",""dataset_url"":""https://www.kaggle.com/datasets/baocgb/vietnam-it-jobs-raw-data-from-topcv-2026"",""dataset_version"":""1"",""license"":""CC-BY-4.0"",""location_normalizer_revision"":""2026-07-19.1"",""raw_sha256"":""e78ff2b6ed521ad894a70271a3254fcf434813916fdade4f7d449bc4fdf34ef9"",""salary_source_currency"":""VND"",""source_url"":""https://www.topcv.vn/viec-lam/lap-trinh-vien-backend-php/1587193.html"",""title_normalizer_revision"":""2f434fba22de3a14c1b199331c8ca18408dc72e702071bf4bbfe380daff40f58""}"
topcv,1591411,2026-01-08,Thực Tập Sinh Lập Trình Nhúng Firmware,Embedded Engineer,intern,Ha Noi,,,[],4000000,6000000,information_technology,"{""dataset"":""baocgb/vietnam-it-jobs-raw-data-from-topcv-2026"",""dataset_commit"":""kaggle-9263561-v1:e78ff2b6ed521ad894a70271a3254fcf434813916fdade4f7d449bc4fdf34ef9"",""dataset_url"":""https://www.kaggle.com/datasets/baocgb/vietnam-it-jobs-raw-data-from-topcv-2026"",""dataset_version"":""1"",""license"":""CC-BY-4.0"",""location_normalizer_revision"":""2026-07-19.1"",""raw_sha256"":""e78ff2b6ed521ad894a70271a3254fcf434813916fdade4f7d449bc4fdf34ef9"",""salary_source_currency"":""VND"",""source_url"":""https://www.topcv.vn/viec-lam/thuc-tap-sinh-lap-trinh-nhung-firmware/1591411.html"",""title_normalizer_revision"":""2f434fba22de3a14c1b199331c8ca18408dc72e702071bf4bbfe380daff40f58""}"
topcv,1594619,2026-01-08,Kỹ Sư Triển Khai Hệ Thống Phần Mềm,Kỹ Sư Triển Khai Hệ Thống Phần Mềm,mid,Ha Noi,1,1,[],15000000,125000000,information_technology,"{""dataset"":""baocgb/vietnam-it-jobs-raw-data-from-topcv-2026"",""dataset_commit"":""kaggle-9263561-v1:e78ff2b6ed521ad894a70271a3254fcf434813916fdade4f7d449bc4fdf34ef9"",""dataset_url"":""https://www.kaggle.com/datasets/baocgb/vietnam-it-jobs-raw-data-from-topcv-2026"",""dataset_version"":""1"",""license"":""CC-BY-4.0"",""location_normalizer_revision"":""2026-07-19.1"",""raw_sha256"":""e78ff2b6ed521ad894a70271a3254fcf434813916fdade4f7d449bc4fdf34ef9"",""salary_source_currency"":""USD"",""source_url"":""https://www.topcv.vn/viec-lam/ky-su-trien-khai-he-thong-phan-mem/1594619.html"",""title_normalizer_revision"":""2f434fba22de3a14c1b199331c8ca18408dc72e702071bf4bbfe380daff40f58"",""usd_to_vnd"":""25000""}"
topcv,1594646,2026-01-08,Kỹ Sư Triển Khai Hạ Tầng CNTT,Kỹ Sư Triển Khai Hạ Tầng CNTT,mid,Ha Noi,1,1,[],15000000,125000000,information_technology,"{""dataset"":""baocgb/vietnam-it-jobs-raw-data-from-topcv-2026"",""dataset_commit"":""kaggle-9263561-v1:e78ff2b6ed521ad894a70271a3254fcf434813916fdade4f7d449bc4fdf34ef9"",""dataset_url"":""https://www.kaggle.com/datasets/baocgb/vietnam-it-jobs-raw-data-from-topcv-2026"",""dataset_version"":""1"",""license"":""CC-BY-4.0"",""location_normalizer_revision"":""2026-07-19.1"",""raw_sha256"":""e78ff2b6ed521ad894a70271a3254fcf434813916fdade4f7d449bc4fdf34ef9"",""salary_source_currency"":""USD"",""source_url"":""https://www.topcv.vn/viec-lam/ky-su-trien-khai-ha-tang-cntt/1594646.html"",""title_normalizer_revision"":""2f434fba22de3a14c1b199331c8ca18408dc72e702071bf4bbfe380daff40f58"",""usd_to_vnd"":""25000""}"
topcv,1595709,2026-01-01,Chuyên Viên Phân Tích Nghiệp Vụ,Business Analyst,mid,Ha Noi,3,3,[],20000000,30000000,information_technology,"{""dataset"":""baocgb/vietnam-it-jobs-raw-data-from-topcv-2026"",""dataset_commit"":""kaggle-9263561-v1:e78ff2b6ed521ad894a70271a3254fcf434813916fdade4f7d449bc4fdf34ef9"",""dataset_url"":""https://www.kaggle.com/datasets/baocgb/vietnam-it-jobs-raw-data-from-topcv-2026"",""dataset_version"":""1"",""license"":""CC-BY-4.0"",""location_normalizer_revision"":""2026-07-19.1"",""raw_sha256"":""e78ff2b6ed521ad894a70271a3254fcf434813916fdade4f7d449bc4fdf34ef9"",""salary_source_currency"":""VND"",""source_url"":""https://www.topcv.vn/viec-lam/chuyen-vien-phan-tich-nghiep-vu/1595709.html"",""title_normalizer_revision"":""2f434fba22de3a14c1b199331c8ca18408dc72e702071bf4bbfe380daff40f58""}"
topcv,1597656,2025-12-25,Chuyên Viên Quản Lý Phần Mềm Ứng Dụng,Chuyên Viên Quản Lý Phần Mềm Ứng Dụng,manager,Ha Noi,1,1,[],12000000,15000000,information_technology,"{""dataset"":""baocgb/vietnam-it-jobs-raw-data-from-topcv-2026"",""dataset_commit"":""kaggle-9263561-v1:e78ff2b6ed521ad894a70271a3254fcf434813916fdade4f7d449bc4fdf34ef9"",""dataset_url"":""https://www.kaggle.com/datasets/baocgb/vietnam-it-jobs-raw-data-from-topcv-2026"",""dataset_version"":""1"",""license"":""CC-BY-4.0"",""location_normalizer_revision"":""2026-07-19.1"",""raw_sha256"":""e78ff2b6ed521ad894a70271a3254fcf434813916fdade4f7d449bc4fdf34ef9"",""salary_source_currency"":""VND"",""source_url"":""https://www.topcv.vn/viec-lam/chuyen-vien-quan-ly-phan-mem-ung-dung/1597656.html"",""title_normalizer_revision"":""2f434fba22de3a14c1b199331c8ca18408dc72e702071bf4bbfe380daff40f58""}"
topcv,1598493,2026-01-12,"IT Phần Cứng Laptop, PC (Thinkpad, Legion..) Nghỉ T7,CN Tại Hà Nội","IT Phần Cứng Laptop, PC Thinkpad, Legion.. Nghỉ T7,CN Tại Hà Nội",mid,Ha Noi,1,1,[],7500000,9000000,information_technology,"{""dataset"":""baocgb/vietnam-it-jobs-raw-data-from-topcv-2026"",""dataset_commit"":""kaggle-9263561-v1:e78ff2b6ed521ad894a70271a3254fcf434813916fdade4f7d449bc4fdf34ef9"",""dataset_url"":""https://www.kaggle.com/datasets/baocgb/vietnam-it-jobs-raw-data-from-topcv-2026"",""dataset_version"":""1"",""license"":""CC-BY-4.0"",""location_normalizer_revision"":""2026-07-19.1"",""raw_sha256"":""e78ff2b6ed521ad894a70271a3254fcf434813916fdade4f7d449bc4fdf34ef9"",""salary_source_currency"":""VND"",""source_url"":""https://www.topcv.vn/viec-lam/it-phan-cung-laptop-pc-thinkpad-legion-nghi-t7-cn-tai-ha-noi/1598493.html"",""title_normalizer_revision"":""2f434fba22de3a14c1b199331c8ca18408dc72e702071bf4bbfe380daff40f58""}"
topcv,1601085,2026-01-15,Tin mới Chuyên Viên Phân Tích Nghiệp Vụ Business Analyst- Hà Nội,Business Analyst,mid,Ha Noi,2,2,[],,25000000,information_technology,"{""dataset"":""baocgb/vietnam-it-jobs-raw-data-from-topcv-2026"",""dataset_commit"":""kaggle-9263561-v1:e78ff2b6ed521ad894a70271a3254fcf434813916fdade4f7d449bc4fdf34ef9"",""dataset_url"":""https://www.kaggle.com/datasets/baocgb/vietnam-it-jobs-raw-data-from-topcv-2026"",""dataset_version"":""1"",""license"":""CC-BY-4.0"",""location_normalizer_revision"":""2026-07-19.1"",""raw_sha256"":""e78ff2b6ed521ad894a70271a3254fcf434813916fdade4f7d449bc4fdf34ef9"",""salary_source_currency"":""VND"",""source_url"":""https://www.topcv.vn/brand/flyer/tuyen-dung/chuyen-vien-phan-tich-nghiep-vu-business-analyst-ha-noi-j1601085.html"",""title_normalizer_revision"":""2f434fba22de3a14c1b199331c8ca18408dc72e702071bf4bbfe380daff40f58""}"
topcv,1601494,2026-01-15,Tin mới Backend Developer (Golang),Backend Developer,mid,Ha Noi,2,2,[],,30000000,information_technology,"{""dataset"":""baocgb/vietnam-it-jobs-raw-data-from-topcv-2026"",""dataset_commit"":""kaggle-9263561-v1:e78ff2b6ed521ad894a70271a3254fcf434813916fdade4f7d449bc4fdf34ef9"",""dataset_url"":""https://www.kaggle.com/datasets/baocgb/vietnam-it-jobs-raw-data-from-topcv-2026"",""dataset_version"":""1"",""license"":""CC-BY-4.0"",""location_normalizer_revision"":""2026-07-19.1"",""raw_sha256"":""e78ff2b6ed521ad894a70271a3254fcf434813916fdade4f7d449bc4fdf34ef9"",""salary_source_currency"":""VND"",""source_url"":""https://www.topcv.vn/brand/flyer/tuyen-dung/backend-developer-golang-j1601494.html"",""title_normalizer_revision"":""2f434fba22de3a14c1b199331c8ca18408dc72e702071bf4bbfe380daff40f58""}"
topcv,1605609,2026-01-01,Thực Tập Sinh Desk IT - Tiếng Anh Giao Tiếp,Thực Tập Sinh Desk IT - Tiếng Anh Giao Tiếp,intern,Ho Chi Minh,,,[],2300000,4600000,information_technology,"{""dataset"":""baocgb/vietnam-it-jobs-raw-data-from-topcv-2026"",""dataset_commit"":""kaggle-9263561-v1:e78ff2b6ed521ad894a70271a3254fcf434813916fdade4f7d449bc4fdf34ef9"",""dataset_url"":""https://www.kaggle.com/datasets/baocgb/vietnam-it-jobs-raw-data-from-topcv-2026"",""dataset_version"":""1"",""license"":""CC-BY-4.0"",""location_normalizer_revision"":""2026-07-19.1"",""raw_sha256"":""e78ff2b6ed521ad894a70271a3254fcf434813916fdade4f7d449bc4fdf34ef9"",""salary_source_currency"":""VND"",""source_url"":""https://www.topcv.vn/viec-lam/thuc-tap-sinh-desk-it-tieng-anh-giao-tiep/1605609.html"",""title_normalizer_revision"":""2f434fba22de3a14c1b199331c8ca18408dc72e702071bf4bbfe380daff40f58""}"
topcv,1607441,2026-01-08,Tester (Onsite Dự Án Bank),QA Engineer,mid,Ha Noi,3,3,[],22000000,25000000,information_technology,"{""dataset"":""baocgb/vietnam-it-jobs-raw-data-from-topcv-2026"",""dataset_commit"":""kaggle-9263561-v1:e78ff2b6ed521ad894a70271a3254fcf434813916fdade4f7d449bc4fdf34ef9"",""dataset_url"":""https://www.kaggle.com/datasets/baocgb/vietnam-it-jobs-raw-data-from-topcv-2026"",""dataset_version"":""1"",""license"":""CC-BY-4.0"",""location_normalizer_revision"":""2026-07-19.1"",""raw_sha256"":""e78ff2b6ed521ad894a70271a3254fcf434813916fdade4f7d449bc4fdf34ef9"",""salary_source_currency"":""VND"",""source_url"":""https://www.topcv.vn/viec-lam/tester-onsite-du-an-bank/1607441.html"",""title_normalizer_revision"":""2f434fba22de3a14c1b199331c8ca18408dc72e702071bf4bbfe380daff40f58""}"
topcv,1608603,2026-01-08,Nhân Viên Kinh Doanh Phân Phối,Nhân Viên Kinh Doanh Phân Phối,mid,Ha Noi,2,2,[],15000000,25000000,information_technology,"{""dataset"":""baocgb/vietnam-it-jobs-raw-data-from-topcv-2026"",""dataset_commit"":""kaggle-9263561-v1:e78ff2b6ed521ad894a70271a3254fcf434813916fdade4f7d449bc4fdf34ef9"",""dataset_url"":""https://www.kaggle.com/datasets/baocgb/vietnam-it-jobs-raw-data-from-topcv-2026"",""dataset_version"":""1"",""license"":""CC-BY-4.0"",""location_normalizer_revision"":""2026-07-19.1"",""raw_sha256"":""e78ff2b6ed521ad894a70271a3254fcf434813916fdade4f7d449bc4fdf34ef9"",""salary_source_currency"":""VND"",""source_url"":""https://www.topcv.vn/viec-lam/nhan-vien-kinh-doanh-phan-phoi/1608603.html"",""title_normalizer_revision"":""2f434fba22de3a14c1b199331c8ca18408dc72e702071bf4bbfe380daff40f58""}"
topcv,1618136,2026-01-10,Kỹ Sư Lập Trình Nhúng(PC) - Từ 6 Tháng Kinh Nghiệm,Embedded Engineer,mid,Ha Noi,1,1,[],10000000,15000000,information_technology,"{""dataset"":""baocgb/vietnam-it-jobs-raw-data-from-topcv-2026"",""dataset_commit"":""kaggle-9263561-v1:e78ff2b6ed521ad894a70271a3254fcf434813916fdade4f7d449bc4fdf34ef9"",""dataset_url"":""https://www.kaggle.com/datasets/baocgb/vietnam-it-jobs-raw-data-from-topcv-2026"",""dataset_version"":""1"",""license"":""CC-BY-4.0"",""location_normalizer_revision"":""2026-07-19.1"",""raw_sha256"":""e78ff2b6ed521ad894a70271a3254fcf434813916fdade4f7d449bc4fdf34ef9"",""salary_source_currency"":""VND"",""source_url"":""https://www.topcv.vn/viec-lam/ky-su-lap-trinh-nhungpc-tu-6-thang-kinh-nghiem/1618136.html"",""title_normalizer_revision"":""2f434fba22de3a14c1b199331c8ca18408dc72e702071bf4bbfe380daff40f58""}"
topcv,1619268,2026-01-15,Technical Service Engineer (SysAdmin/DevOps/SE),DevOps Engineer,mid,Ha Noi,3,3,[],20000000,35000000,information_technology,"{""dataset"":""baocgb/vietnam-it-jobs-raw-data-from-topcv-2026"",""dataset_commit"":""kaggle-9263561-v1:e78ff2b6ed521ad894a70271a3254fcf434813916fdade4f7d449bc4fdf34ef9"",""dataset_url"":""https://www.kaggle.com/datasets/baocgb/vietnam-it-jobs-raw-data-from-topcv-2026"",""dataset_version"":""1"",""license"":""CC-BY-4.0"",""location_normalizer_revision"":""2026-07-19.1"",""raw_sha256"":""e78ff2b6ed521ad894a70271a3254fcf434813916fdade4f7d449bc4fdf34ef9"",""salary_source_currency"":""VND"",""source_url"":""https://www.topcv.vn/viec-lam/technical-service-engineer-sysadmin-devops-se/1619268.html"",""title_normalizer_revision"":""2f434fba22de3a14c1b199331c8ca18408dc72e702071bf4bbfe380daff40f58""}"
topcv,1620293,2025-12-25,Nhân Viên IT Helpdesk,IT Support,mid,Thanh Hóa,2,2,[],15000000,20000000,information_technology,"{""dataset"":""baocgb/vietnam-it-jobs-raw-data-from-topcv-2026"",""dataset_commit"":""kaggle-9263561-v1:e78ff2b6ed521ad894a70271a3254fcf434813916fdade4f7d449bc4fdf34ef9"",""dataset_url"":""https://www.kaggle.com/datasets/baocgb/vietnam-it-jobs-raw-data-from-topcv-2026"",""dataset_version"":""1"",""license"":""CC-BY-4.0"",""location_normalizer_revision"":""2026-07-19.1"",""raw_sha256"":""e78ff2b6ed521ad894a70271a3254fcf434813916fdade4f7d449bc4fdf34ef9"",""salary_source_currency"":""VND"",""source_url"":""https://www.topcv.vn/viec-lam/nhan-vien-it-helpdesk/1620293.html"",""title_normalizer_revision"":""2f434fba22de3a14c1b199331c8ca18408dc72e702071bf4bbfe380daff40f58""}"
topcv,1634266,2025-12-18,IoT Developer (Chuyên Về UAV),IoT Developer Chuyên Về UAV ,mid,Ho Chi Minh,,,[],10000000,30000000,information_technology,"{""dataset"":""baocgb/vietnam-it-jobs-raw-data-from-topcv-2026"",""dataset_commit"":""kaggle-9263561-v1:e78ff2b6ed521ad894a70271a3254fcf434813916fdade4f7d449bc4fdf34ef9"",""dataset_url"":""https://www.kaggle.com/datasets/baocgb/vietnam-it-jobs-raw-data-from-topcv-2026"",""dataset_version"":""1"",""license"":""CC-BY-4.0"",""location_normalizer_revision"":""2026-07-19.1"",""raw_sha256"":""e78ff2b6ed521ad894a70271a3254fcf434813916fdade4f7d449bc4fdf34ef9"",""salary_source_currency"":""VND"",""source_url"":""https://www.topcv.vn/viec-lam/iot-developer-chuyen-ve-uav/1634266.html"",""title_normalizer_revision"":""2f434fba22de3a14c1b199331c8ca18408dc72e702071bf4bbfe380daff40f58""}"
topcv,1634418,2026-01-01,System Engineer (Phòng Vận Hành Dịch Vụ Hạ Tầng),System Engineer,mid,Ho Chi Minh,2,2,[],27000000,37000000,information_technology,"{""dataset"":""baocgb/vietnam-it-jobs-raw-data-from-topcv-2026"",""dataset_commit"":""kaggle-9263561-v1:e78ff2b6ed521ad894a70271a3254fcf434813916fdade4f7d449bc4fdf34ef9"",""dataset_url"":""https://www.kaggle.com/datasets/baocgb/vietnam-it-jobs-raw-data-from-topcv-2026"",""dataset_version"":""1"",""license"":""CC-BY-4.0"",""location_normalizer_revision"":""2026-07-19.1"",""raw_sha256"":""e78ff2b6ed521ad894a70271a3254fcf434813916fdade4f7d449bc4fdf34ef9"",""salary_source_currency"":""VND"",""source_url"":""https://www.topcv.vn/viec-lam/system-engineer-phong-van-hanh-dich-vu-ha-tang/1634418.html"",""title_normalizer_revision"":""2f434fba22de3a14c1b199331c8ca18408dc72e702071bf4bbfe380daff40f58""}"
topcv,1634618,2026-01-12,Thiết Kế UI/UX (Mảng App Mobile),Thiết Kế UI/UX Mảng App Mobile ,mid,Ha Noi,1,1,[],8000000,15000000,information_technology,"{""dataset"":""baocgb/vietnam-it-jobs-raw-data-from-topcv-2026"",""dataset_commit"":""kaggle-9263561-v1:e78ff2b6ed521ad894a70271a3254fcf434813916fdade4f7d449bc4fdf34ef9"",""dataset_url"":""https://www.kaggle.com/datasets/baocgb/vietnam-it-jobs-raw-data-from-topcv-2026"",""dataset_version"":""1"",""license"":""CC-BY-4.0"",""location_normalizer_revision"":""2026-07-19.1"",""raw_sha256"":""e78ff2b6ed521ad894a70271a3254fcf434813916fdade4f7d449bc4fdf34ef9"",""salary_source_currency"":""VND"",""source_url"":""https://www.topcv.vn/viec-lam/thiet-ke-ui-ux-mang-app-mobile/1634618.html"",""title_normalizer_revision"":""2f434fba22de3a14c1b199331c8ca18408dc72e702071bf4bbfe380daff40f58""}"
topcv,1635698,2026-01-08,Front-End Team Lead,Frontend Developer,lead,Ha Noi,4,4,[],,38000000,information_technology,"{""dataset"":""baocgb/vietnam-it-jobs-raw-data-from-topcv-2026"",""dataset_commit"":""kaggle-9263561-v1:e78ff2b6ed521ad894a70271a3254fcf434813916fdade4f7d449bc4fdf34ef9"",""dataset_url"":""https://www.kaggle.com/datasets/baocgb/vietnam-it-jobs-raw-data-from-topcv-2026"",""dataset_version"":""1"",""license"":""CC-BY-4.0"",""location_normalizer_revision"":""2026-07-19.1"",""raw_sha256"":""e78ff2b6ed521ad894a70271a3254fcf434813916fdade4f7d449bc4fdf34ef9"",""salary_source_currency"":""VND"",""source_url"":""https://www.topcv.vn/viec-lam/front-end-team-lead/1635698.html"",""title_normalizer_revision"":""2f434fba22de3a14c1b199331c8ca18408dc72e702071bf4bbfe380daff40f58""}"
topcv,1637012,2026-01-09,Software Developer (C++/Golang),Software Engineer,mid,Ho Chi Minh,,,[],10000000,40000000,information_technology,"{""dataset"":""baocgb/vietnam-it-jobs-raw-data-from-topcv-2026"",""dataset_commit"":""kaggle-9263561-v1:e78ff2b6ed521ad894a70271a3254fcf434813916fdade4f7d449bc4fdf34ef9"",""dataset_url"":""https://www.kaggle.com/datasets/baocgb/vietnam-it-jobs-raw-data-from-topcv-2026"",""dataset_version"":""1"",""license"":""CC-BY-4.0"",""location_normalizer_revision"":""2026-07-19.1"",""raw_sha256"":""e78ff2b6ed521ad894a70271a3254fcf434813916fdade4f7d449bc4fdf34ef9"",""salary_source_currency"":""VND"",""source_url"":""https://www.topcv.vn/viec-lam/software-developer-c-golang/1637012.html"",""title_normalizer_revision"":""2f434fba22de3a14c1b199331c8ca18408dc72e702071bf4bbfe380daff40f58""}"
topcv,1637037,2026-01-12,Fullstack Developer - Từ 2 Năm Kinh Nghiệm Trở Lên - Gò Vấp,Fullstack Developer,mid,Ho Chi Minh,2,2,[],12000000,15000000,information_technology,"{""dataset"":""baocgb/vietnam-it-jobs-raw-data-from-topcv-2026"",""dataset_commit"":""kaggle-9263561-v1:e78ff2b6ed521ad894a70271a3254fcf434813916fdade4f7d449bc4fdf34ef9"",""dataset_url"":""https://www.kaggle.com/datasets/baocgb/vietnam-it-jobs-raw-data-from-topcv-2026"",""dataset_version"":""1"",""license"":""CC-BY-4.0"",""location_normalizer_revision"":""2026-07-19.1"",""raw_sha256"":""e78ff2b6ed521ad894a70271a3254fcf434813916fdade4f7d449bc4fdf34ef9"",""salary_source_currency"":""VND"",""source_url"":""https://www.topcv.vn/viec-lam/fullstack-developer-tu-2-nam-kinh-nghiem-tro-len-go-vap/1637037.html"",""title_normalizer_revision"":""2f434fba22de3a14c1b199331c8ca18408dc72e702071bf4bbfe380daff40f58""}"
topcv,1637178,2025-12-25,Kỹ Sư Lập Trình PLC - Từ 1 Năm Kinh Nghiệm,Kỹ Sư Lập Trình PLC - Từ 1 Năm Kinh Nghiệm,mid,Ha Noi,1,1,[],10000000,15000000,information_technology,"{""dataset"":""baocgb/vietnam-it-jobs-raw-data-from-topcv-2026"",""dataset_commit"":""kaggle-9263561-v1:e78ff2b6ed521ad894a70271a3254fcf434813916fdade4f7d449bc4fdf34ef9"",""dataset_url"":""https://www.kaggle.com/datasets/baocgb/vietnam-it-jobs-raw-data-from-topcv-2026"",""dataset_version"":""1"",""license"":""CC-BY-4.0"",""location_normalizer_revision"":""2026-07-19.1"",""raw_sha256"":""e78ff2b6ed521ad894a70271a3254fcf434813916fdade4f7d449bc4fdf34ef9"",""salary_source_currency"":""VND"",""source_url"":""https://www.topcv.vn/viec-lam/ky-su-lap-trinh-plc-tu-1-nam-kinh-nghiem/1637178.html"",""title_normalizer_revision"":""2f434fba22de3a14c1b199331c8ca18408dc72e702071bf4bbfe380daff40f58""}"
topcv,1637202,2025-12-18,Nhân Viên Kỹ Thuật Lắp Đặt Camera Đi Làm Ngay,Nhân Viên Kỹ Thuật Lắp Đặt Camera Đi Làm Ngay,mid,Hải Phòng,1,1,[],8000000,15000000,information_technology,"{""dataset"":""baocgb/vietnam-it-jobs-raw-data-from-topcv-2026"",""dataset_commit"":""kaggle-9263561-v1:e78ff2b6ed521ad894a70271a3254fcf434813916fdade4f7d449bc4fdf34ef9"",""dataset_url"":""https://www.kaggle.com/datasets/baocgb/vietnam-it-jobs-raw-data-from-topcv-2026"",""dataset_version"":""1"",""license"":""CC-BY-4.0"",""location_normalizer_revision"":""2026-07-19.1"",""raw_sha256"":""e78ff2b6ed521ad894a70271a3254fcf434813916fdade4f7d449bc4fdf34ef9"",""salary_source_currency"":""VND"",""source_url"":""https://www.topcv.vn/viec-lam/nhan-vien-ky-thuat-lap-dat-camera-di-lam-ngay/1637202.html"",""title_normalizer_revision"":""2f434fba22de3a14c1b199331c8ca18408dc72e702071bf4bbfe380daff40f58""}"
topcv,1642728,2026-01-01,Trưởng Phòng Công Nghệ Thông Tin,Trưởng Phòng Công Nghệ Thông Tin,manager,Ha Noi,5,5,[],35000000,60000000,information_technology,"{""dataset"":""baocgb/vietnam-it-jobs-raw-data-from-topcv-2026"",""dataset_commit"":""kaggle-9263561-v1:e78ff2b6ed521ad894a70271a3254fcf434813916fdade4f7d449bc4fdf34ef9"",""dataset_url"":""https://www.kaggle.com/datasets/baocgb/vietnam-it-jobs-raw-data-from-topcv-2026"",""dataset_version"":""1"",""license"":""CC-BY-4.0"",""location_normalizer_revision"":""2026-07-19.1"",""raw_sha256"":""e78ff2b6ed521ad894a70271a3254fcf434813916fdade4f7d449bc4fdf34ef9"",""salary_source_currency"":""VND"",""source_url"":""https://www.topcv.vn/viec-lam/truong-phong-cong-nghe-thong-tin/1642728.html"",""title_normalizer_revision"":""2f434fba22de3a14c1b199331c8ca18408dc72e702071bf4bbfe380daff40f58""}"
topcv,1645216,2025-12-25,Thực Tập Sinh Frontend,Frontend Developer,intern,Ha Noi,,,[],,2000000,information_technology,"{""dataset"":""baocgb/vietnam-it-jobs-raw-data-from-topcv-2026"",""dataset_commit"":""kaggle-9263561-v1:e78ff2b6ed521ad894a70271a3254fcf434813916fdade4f7d449bc4fdf34ef9"",""dataset_url"":""https://www.kaggle.com/datasets/baocgb/vietnam-it-jobs-raw-data-from-topcv-2026"",""dataset_version"":""1"",""license"":""CC-BY-4.0"",""location_normalizer_revision"":""2026-07-19.1"",""raw_sha256"":""e78ff2b6ed521ad894a70271a3254fcf434813916fdade4f7d449bc4fdf34ef9"",""salary_source_currency"":""VND"",""source_url"":""https://www.topcv.vn/viec-lam/thuc-tap-sinh-frontend/1645216.html"",""title_normalizer_revision"":""2f434fba22de3a14c1b199331c8ca18408dc72e702071bf4bbfe380daff40f58""}"
topcv,1650752,2026-01-08,Project Manager - Dự Án Khối Chính Phủ,Project Manager,manager,Ha Noi,3,3,[],40000000,55000000,information_technology,"{""dataset"":""baocgb/vietnam-it-jobs-raw-data-from-topcv-2026"",""dataset_commit"":""kaggle-9263561-v1:e78ff2b6ed521ad894a70271a3254fcf434813916fdade4f7d449bc4fdf34ef9"",""dataset_url"":""https://www.kaggle.com/datasets/baocgb/vietnam-it-jobs-raw-data-from-topcv-2026"",""dataset_version"":""1"",""license"":""CC-BY-4.0"",""location_normalizer_revision"":""2026-07-19.1"",""raw_sha256"":""e78ff2b6ed521ad894a70271a3254fcf434813916fdade4f7d449bc4fdf34ef9"",""salary_source_currency"":""VND"",""source_url"":""https://www.topcv.vn/viec-lam/project-manager-du-an-khoi-chinh-phu/1650752.html"",""title_normalizer_revision"":""2f434fba22de3a14c1b199331c8ca18408dc72e702071bf4bbfe380daff40f58""}"
topcv,1650924,2026-01-01,"Kỹ Sư Thiết Kế Điện, Lập Trình PLC Tự Động Hóa","Kỹ Sư Thiết Kế Điện, Lập Trình PLC Tự Động Hóa",mid,Ha Noi,1,1,[],12000000,20000000,information_technology,"{""dataset"":""baocgb/vietnam-it-jobs-raw-data-from-topcv-2026"",""dataset_commit"":""kaggle-9263561-v1:e78ff2b6ed521ad894a70271a3254fcf434813916fdade4f7d449bc4fdf34ef9"",""dataset_url"":""https://www.kaggle.com/datasets/baocgb/vietnam-it-jobs-raw-data-from-topcv-2026"",""dataset_version"":""1"",""license"":""CC-BY-4.0"",""location_normalizer_revision"":""2026-07-19.1"",""raw_sha256"":""e78ff2b6ed521ad894a70271a3254fcf434813916fdade4f7d449bc4fdf34ef9"",""salary_source_currency"":""VND"",""source_url"":""https://www.topcv.vn/viec-lam/ky-su-thiet-ke-dien-lap-trinh-plc-tu-dong-hoa/1650924.html"",""title_normalizer_revision"":""2f434fba22de3a14c1b199331c8ca18408dc72e702071bf4bbfe380daff40f58""}"
topcv,1651361,2026-01-11,Frontend Developer - Đi Làm Ngay Hoặc Ra Tết Đi Làm,Frontend Developer,mid,Ha Noi,2,2,[],20000000,35000000,information_technology,"{""dataset"":""baocgb/vietnam-it-jobs-raw-data-from-topcv-2026"",""dataset_commit"":""kaggle-9263561-v1:e78ff2b6ed521ad894a70271a3254fcf434813916fdade4f7d449bc4fdf34ef9"",""dataset_url"":""https://www.kaggle.com/datasets/baocgb/vietnam-it-jobs-raw-data-from-topcv-2026"",""dataset_version"":""1"",""license"":""CC-BY-4.0"",""location_normalizer_revision"":""2026-07-19.1"",""raw_sha256"":""e78ff2b6ed521ad894a70271a3254fcf434813916fdade4f7d449bc4fdf34ef9"",""salary_source_currency"":""VND"",""source_url"":""https://www.topcv.vn/viec-lam/frontend-developer-di-lam-ngay-hoac-ra-tet-di-lam/1651361.html"",""title_normalizer_revision"":""2f434fba22de3a14c1b199331c8ca18408dc72e702071bf4bbfe380daff40f58""}"
topcv,1653784,2026-01-08,Kỹ Sư Lập Trình Nhúng Firmware Điện Tử Công Suất,Embedded Engineer,mid,Ha Noi,,,[],10000000,15000000,information_technology,"{""dataset"":""baocgb/vietnam-it-jobs-raw-data-from-topcv-2026"",""dataset_commit"":""kaggle-9263561-v1:e78ff2b6ed521ad894a70271a3254fcf434813916fdade4f7d449bc4fdf34ef9"",""dataset_url"":""https://www.kaggle.com/datasets/baocgb/vietnam-it-jobs-raw-data-from-topcv-2026"",""dataset_version"":""1"",""license"":""CC-BY-4.0"",""location_normalizer_revision"":""2026-07-19.1"",""raw_sha256"":""e78ff2b6ed521ad894a70271a3254fcf434813916fdade4f7d449bc4fdf34ef9"",""salary_source_currency"":""VND"",""source_url"":""https://www.topcv.vn/viec-lam/ky-su-lap-trinh-nhung-firmware-dien-tu-cong-suat/1653784.html"",""title_normalizer_revision"":""2f434fba22de3a14c1b199331c8ca18408dc72e702071bf4bbfe380daff40f58""}"
topcv,1656173,2026-01-10,Nhân Viên Playable Ads Developer Unity,Nhân Viên Playable Ads Developer Unity,mid,Ha Noi,1,1,[],8000000,15000000,information_technology,"{""dataset"":""baocgb/vietnam-it-jobs-raw-data-from-topcv-2026"",""dataset_commit"":""kaggle-9263561-v1:e78ff2b6ed521ad894a70271a3254fcf434813916fdade4f7d449bc4fdf34ef9"",""dataset_url"":""https://www.kaggle.com/datasets/baocgb/vietnam-it-jobs-raw-data-from-topcv-2026"",""dataset_version"":""1"",""license"":""CC-BY-4.0"",""location_normalizer_revision"":""2026-07-19.1"",""raw_sha256"":""e78ff2b6ed521ad894a70271a3254fcf434813916fdade4f7d449bc4fdf34ef9"",""salary_source_currency"":""VND"",""source_url"":""https://www.topcv.vn/viec-lam/nhan-vien-playable-ads-developer-unity/1656173.html"",""title_normalizer_revision"":""2f434fba22de3a14c1b199331c8ca18408dc72e702071bf4bbfe380daff40f58""}"
topcv,1657132,2025-12-18,"Giáo Viên Full Time Công Nghệ Thông Tin, Kỹ Thuật,Stem Thu Nhập 10 -15M++/Tháng. Dành Cho Sinh Viên Mới Tốt Nghiệp[Hà Nội]","Giáo Viên Full Time Công Nghệ Thông Tin, Kỹ Thuật,Stem Thu Nhập 10 -15M++/Tháng. Dành Cho Sinh Viên Mới Tốt Nghiệp Hà Nội ",fresher,Ha Noi,,,[],10000000,15000000,information_technology,"{""dataset"":""baocgb/vietnam-it-jobs-raw-data-from-topcv-2026"",""dataset_commit"":""kaggle-9263561-v1:e78ff2b6ed521ad894a70271a3254fcf434813916fdade4f7d449bc4fdf34ef9"",""dataset_url"":""https://www.kaggle.com/datasets/baocgb/vietnam-it-jobs-raw-data-from-topcv-2026"",""dataset_version"":""1"",""license"":""CC-BY-4.0"",""location_normalizer_revision"":""2026-07-19.1"",""raw_sha256"":""e78ff2b6ed521ad894a70271a3254fcf434813916fdade4f7d449bc4fdf34ef9"",""salary_source_currency"":""VND"",""source_url"":""https://www.topcv.vn/viec-lam/giao-vien-full-time-cong-nghe-thong-tin-ky-thuat-stem-thu-nhap-10-15m-thang-danh-cho-sinh-vien-moi-tot-nghiepha-noi/1657132.html"",""title_normalizer_revision"":""2f434fba22de3a14c1b199331c8ca18408dc72e702071bf4bbfe380daff40f58""}"
topcv,1659300,2026-01-01,Chuyên Viên Hệ Thống System Engineer,System Engineer,mid,Ho Chi Minh,3,3,[],,30000000,information_technology,"{""dataset"":""baocgb/vietnam-it-jobs-raw-data-from-topcv-2026"",""dataset_commit"":""kaggle-9263561-v1:e78ff2b6ed521ad894a70271a3254fcf434813916fdade4f7d449bc4fdf34ef9"",""dataset_url"":""https://www.kaggle.com/datasets/baocgb/vietnam-it-jobs-raw-data-from-topcv-2026"",""dataset_version"":""1"",""license"":""CC-BY-4.0"",""location_normalizer_revision"":""2026-07-19.1"",""raw_sha256"":""e78ff2b6ed521ad894a70271a3254fcf434813916fdade4f7d449bc4fdf34ef9"",""salary_source_currency"":""VND"",""source_url"":""https://www.topcv.vn/viec-lam/chuyen-vien-he-thong-system-engineer/1659300.html"",""title_normalizer_revision"":""2f434fba22de3a14c1b199331c8ca18408dc72e702071bf4bbfe380daff40f58""}"
topcv,1662342,2026-01-14,Senior Java,Senior Java,senior,Ha Noi,5,5,[],30000000,40000000,information_technology,"{""dataset"":""baocgb/vietnam-it-jobs-raw-data-from-topcv-2026"",""dataset_commit"":""kaggle-9263561-v1:e78ff2b6ed521ad894a70271a3254fcf434813916fdade4f7d449bc4fdf34ef9"",""dataset_url"":""https://www.kaggle.com/datasets/baocgb/vietnam-it-jobs-raw-data-from-topcv-2026"",""dataset_version"":""1"",""license"":""CC-BY-4.0"",""location_normalizer_revision"":""2026-07-19.1"",""raw_sha256"":""e78ff2b6ed521ad894a70271a3254fcf434813916fdade4f7d449bc4fdf34ef9"",""salary_source_currency"":""VND"",""source_url"":""https://www.topcv.vn/viec-lam/senior-java/1662342.html"",""title_normalizer_revision"":""2f434fba22de3a14c1b199331c8ca18408dc72e702071bf4bbfe380daff40f58""}"
topcv,1662590,2026-01-01,Kỹ Sư IT Vận Hành Hệ Thống,Kỹ Sư IT Vận Hành Hệ Thống,mid,Ha Noi,1,1,[],18000000,40000000,information_technology,"{""dataset"":""baocgb/vietnam-it-jobs-raw-data-from-topcv-2026"",""dataset_commit"":""kaggle-9263561-v1:e78ff2b6ed521ad894a70271a3254fcf434813916fdade4f7d449bc4fdf34ef9"",""dataset_url"":""https://www.kaggle.com/datasets/baocgb/vietnam-it-jobs-raw-data-from-topcv-2026"",""dataset_version"":""1"",""license"":""CC-BY-4.0"",""location_normalizer_revision"":""2026-07-19.1"",""raw_sha256"":""e78ff2b6ed521ad894a70271a3254fcf434813916fdade4f7d449bc4fdf34ef9"",""salary_source_currency"":""VND"",""source_url"":""https://www.topcv.vn/viec-lam/ky-su-it-van-hanh-he-thong/1662590.html"",""title_normalizer_revision"":""2f434fba22de3a14c1b199331c8ca18408dc72e702071bf4bbfe380daff40f58""}"
topcv,1664006,2026-01-09,Backend Developer (Golang),Backend Developer,mid,Ho Chi Minh,1,1,[],10000000,28000000,information_technology,"{""dataset"":""baocgb/vietnam-it-jobs-raw-data-from-topcv-2026"",""dataset_commit"":""kaggle-9263561-v1:e78ff2b6ed521ad894a70271a3254fcf434813916fdade4f7d449bc4fdf34ef9"",""dataset_url"":""https://www.kaggle.com/datasets/baocgb/vietnam-it-jobs-raw-data-from-topcv-2026"",""dataset_version"":""1"",""license"":""CC-BY-4.0"",""location_normalizer_revision"":""2026-07-19.1"",""raw_sha256"":""e78ff2b6ed521ad894a70271a3254fcf434813916fdade4f7d449bc4fdf34ef9"",""salary_source_currency"":""VND"",""source_url"":""https://www.topcv.vn/viec-lam/backend-developer-golang/1664006.html"",""title_normalizer_revision"":""2f434fba22de3a14c1b199331c8ca18408dc72e702071bf4bbfe380daff40f58""}"
topcv,1665543,2026-01-13,Manual Tester (Onsite Bank),QA Engineer,mid,Ha Noi,2,2,[],,22000000,information_technology,"{""dataset"":""baocgb/vietnam-it-jobs-raw-data-from-topcv-2026"",""dataset_commit"":""kaggle-9263561-v1:e78ff2b6ed521ad894a70271a3254fcf434813916fdade4f7d449bc4fdf34ef9"",""dataset_url"":""https://www.kaggle.com/datasets/baocgb/vietnam-it-jobs-raw-data-from-topcv-2026"",""dataset_version"":""1"",""license"":""CC-BY-4.0"",""location_normalizer_revision"":""2026-07-19.1"",""raw_sha256"":""e78ff2b6ed521ad894a70271a3254fcf434813916fdade4f7d449bc4fdf34ef9"",""salary_source_currency"":""VND"",""source_url"":""https://www.topcv.vn/viec-lam/manual-tester-onsite-bank/1665543.html"",""title_normalizer_revision"":""2f434fba22de3a14c1b199331c8ca18408dc72e702071bf4bbfe380daff40f58""}"
topcv,1668450,2026-01-08,Project Manager (No Japanese),Project Manager,manager,Ha Noi,5,5,[],35000000,50000000,information_technology,"{""dataset"":""baocgb/vietnam-it-jobs-raw-data-from-topcv-2026"",""dataset_commit"":""kaggle-9263561-v1:e78ff2b6ed521ad894a70271a3254fcf434813916fdade4f7d449bc4fdf34ef9"",""dataset_url"":""https://www.kaggle.com/datasets/baocgb/vietnam-it-jobs-raw-data-from-topcv-2026"",""dataset_version"":""1"",""license"":""CC-BY-4.0"",""location_normalizer_revision"":""2026-07-19.1"",""raw_sha256"":""e78ff2b6ed521ad894a70271a3254fcf434813916fdade4f7d449bc4fdf34ef9"",""salary_source_currency"":""VND"",""source_url"":""https://www.topcv.vn/viec-lam/project-manager-no-japanese/1668450.html"",""title_normalizer_revision"":""2f434fba22de3a14c1b199331c8ca18408dc72e702071bf4bbfe380daff40f58""}"
topcv,1670475,2026-01-08,Test Auto (Onsite),Test Auto Onsite ,mid,Ha Noi,1,1,[],18000000,30000000,information_technology,"{""dataset"":""baocgb/vietnam-it-jobs-raw-data-from-topcv-2026"",""dataset_commit"":""kaggle-9263561-v1:e78ff2b6ed521ad894a70271a3254fcf434813916fdade4f7d449bc4fdf34ef9"",""dataset_url"":""https://www.kaggle.com/datasets/baocgb/vietnam-it-jobs-raw-data-from-topcv-2026"",""dataset_version"":""1"",""license"":""CC-BY-4.0"",""location_normalizer_revision"":""2026-07-19.1"",""raw_sha256"":""e78ff2b6ed521ad894a70271a3254fcf434813916fdade4f7d449bc4fdf34ef9"",""salary_source_currency"":""VND"",""source_url"":""https://www.topcv.vn/viec-lam/test-auto-onsite/1670475.html"",""title_normalizer_revision"":""2f434fba22de3a14c1b199331c8ca18408dc72e702071bf4bbfe380daff40f58""}"
topcv,1670505,2025-12-25,Nhân Viên Kinh Doanh Dự Án IT,Nhân Viên Kinh Doanh Dự Án IT,mid,Ha Noi,1,1,[],12000000,30000000,information_technology,"{""dataset"":""baocgb/vietnam-it-jobs-raw-data-from-topcv-2026"",""dataset_commit"":""kaggle-9263561-v1:e78ff2b6ed521ad894a70271a3254fcf434813916fdade4f7d449bc4fdf34ef9"",""dataset_url"":""https://www.kaggle.com/datasets/baocgb/vietnam-it-jobs-raw-data-from-topcv-2026"",""dataset_version"":""1"",""license"":""CC-BY-4.0"",""location_normalizer_revision"":""2026-07-19.1"",""raw_sha256"":""e78ff2b6ed521ad894a70271a3254fcf434813916fdade4f7d449bc4fdf34ef9"",""salary_source_currency"":""VND"",""source_url"":""https://www.topcv.vn/viec-lam/nhan-vien-kinh-doanh-du-an-it/1670505.html"",""title_normalizer_revision"":""2f434fba22de3a14c1b199331c8ca18408dc72e702071bf4bbfe380daff40f58""}"
topcv,1671850,2026-01-13,Thực Tập Sinh Game Tester (QA),QA Engineer,intern,Ha Noi,,,[],4000000,6000000,information_technology,"{""dataset"":""baocgb/vietnam-it-jobs-raw-data-from-topcv-2026"",""dataset_commit"":""kaggle-9263561-v1:e78ff2b6ed521ad894a70271a3254fcf434813916fdade4f7d449bc4fdf34ef9"",""dataset_url"":""https://www.kaggle.com/datasets/baocgb/vietnam-it-jobs-raw-data-from-topcv-2026"",""dataset_version"":""1"",""license"":""CC-BY-4.0"",""location_normalizer_revision"":""2026-07-19.1"",""raw_sha256"":""e78ff2b6ed521ad894a70271a3254fcf434813916fdade4f7d449bc4fdf34ef9"",""salary_source_currency"":""VND"",""source_url"":""https://www.topcv.vn/viec-lam/thuc-tap-sinh-game-tester-qa/1671850.html"",""title_normalizer_revision"":""2f434fba22de3a14c1b199331c8ca18408dc72e702071bf4bbfe380daff40f58""}"
topcv,1675734,2025-12-25,Java Technical Leader,Java Technical Leader,lead,Ha Noi,5,5,[],40000000,55000000,information_technology,"{""dataset"":""baocgb/vietnam-it-jobs-raw-data-from-topcv-2026"",""dataset_commit"":""kaggle-9263561-v1:e78ff2b6ed521ad894a70271a3254fcf434813916fdade4f7d449bc4fdf34ef9"",""dataset_url"":""https://www.kaggle.com/datasets/baocgb/vietnam-it-jobs-raw-data-from-topcv-2026"",""dataset_version"":""1"",""license"":""CC-BY-4.0"",""location_normalizer_revision"":""2026-07-19.1"",""raw_sha256"":""e78ff2b6ed521ad894a70271a3254fcf434813916fdade4f7d449bc4fdf34ef9"",""salary_source_currency"":""VND"",""source_url"":""https://www.topcv.vn/viec-lam/java-technical-leader/1675734.html"",""title_normalizer_revision"":""2f434fba22de3a14c1b199331c8ca18408dc72e702071bf4bbfe380daff40f58""}"
topcv,1676190,2026-01-08,Frontend Min 3 Năm Kinh Nghiệm,Frontend Developer,mid,Ha Noi,3,3,[],,34000000,information_technology,"{""dataset"":""baocgb/vietnam-it-jobs-raw-data-from-topcv-2026"",""dataset_commit"":""kaggle-9263561-v1:e78ff2b6ed521ad894a70271a3254fcf434813916fdade4f7d449bc4fdf34ef9"",""dataset_url"":""https://www.kaggle.com/datasets/baocgb/vietnam-it-jobs-raw-data-from-topcv-2026"",""dataset_version"":""1"",""license"":""CC-BY-4.0"",""location_normalizer_revision"":""2026-07-19.1"",""raw_sha256"":""e78ff2b6ed521ad894a70271a3254fcf434813916fdade4f7d449bc4fdf34ef9"",""salary_source_currency"":""VND"",""source_url"":""https://www.topcv.vn/viec-lam/frontend-min-3-nam-kinh-nghiem/1676190.html"",""title_normalizer_revision"":""2f434fba22de3a14c1b199331c8ca18408dc72e702071bf4bbfe380daff40f58""}"
topcv,1678280,2026-01-08,IT Comtor (Tiếng Nhật),IT Comtor Tiếng Nhật ,mid,Ha Noi,2,2,[],,25000000,information_technology,"{""dataset"":""baocgb/vietnam-it-jobs-raw-data-from-topcv-2026"",""dataset_commit"":""kaggle-9263561-v1:e78ff2b6ed521ad894a70271a3254fcf434813916fdade4f7d449bc4fdf34ef9"",""dataset_url"":""https://www.kaggle.com/datasets/baocgb/vietnam-it-jobs-raw-data-from-topcv-2026"",""dataset_version"":""1"",""license"":""CC-BY-4.0"",""location_normalizer_revision"":""2026-07-19.1"",""raw_sha256"":""e78ff2b6ed521ad894a70271a3254fcf434813916fdade4f7d449bc4fdf34ef9"",""salary_source_currency"":""VND"",""source_url"":""https://www.topcv.vn/viec-lam/it-comtor-tieng-nhat/1678280.html"",""title_normalizer_revision"":""2f434fba22de3a14c1b199331c8ca18408dc72e702071bf4bbfe380daff40f58""}"
topcv,1678630,2026-01-08,LTV Backend (PTPM),Backend Developer,mid,Ha Noi,1,1,[],13000000,18000000,information_technology,"{""dataset"":""baocgb/vietnam-it-jobs-raw-data-from-topcv-2026"",""dataset_commit"":""kaggle-9263561-v1:e78ff2b6ed521ad894a70271a3254fcf434813916fdade4f7d449bc4fdf34ef9"",""dataset_url"":""https://www.kaggle.com/datasets/baocgb/vietnam-it-jobs-raw-data-from-topcv-2026"",""dataset_version"":""1"",""license"":""CC-BY-4.0"",""location_normalizer_revision"":""2026-07-19.1"",""raw_sha256"":""e78ff2b6ed521ad894a70271a3254fcf434813916fdade4f7d449bc4fdf34ef9"",""salary_source_currency"":""VND"",""source_url"":""https://www.topcv.vn/viec-lam/ltv-backend-ptpm/1678630.html"",""title_normalizer_revision"":""2f434fba22de3a14c1b199331c8ca18408dc72e702071bf4bbfe380daff40f58""}"
topcv,1685349,2026-01-09,Business Analyst Data Min 3 Năm Kinh Nghiệm,Business Analyst,mid,Ha Noi,3,3,[],,40500000,information_technology,"{""dataset"":""baocgb/vietnam-it-jobs-raw-data-from-topcv-2026"",""dataset_commit"":""kaggle-9263561-v1:e78ff2b6ed521ad894a70271a3254fcf434813916fdade4f7d449bc4fdf34ef9"",""dataset_url"":""https://www.kaggle.com/datasets/baocgb/vietnam-it-jobs-raw-data-from-topcv-2026"",""dataset_version"":""1"",""license"":""CC-BY-4.0"",""location_normalizer_revision"":""2026-07-19.1"",""raw_sha256"":""e78ff2b6ed521ad894a70271a3254fcf434813916fdade4f7d449bc4fdf34ef9"",""salary_source_currency"":""VND"",""source_url"":""https://www.topcv.vn/viec-lam/business-analyst-data-min-3-nam-kinh-nghiem/1685349.html"",""title_normalizer_revision"":""2f434fba22de3a14c1b199331c8ca18408dc72e702071bf4bbfe380daff40f58""}"
topcv,1689493,2026-01-12,Senior JavaScript Developer,Senior JavaScript Developer,senior,Ha Noi,5,5,[],42500000,50000000,information_technology,"{""dataset"":""baocgb/vietnam-it-jobs-raw-data-from-topcv-2026"",""dataset_commit"":""kaggle-9263561-v1:e78ff2b6ed521ad894a70271a3254fcf434813916fdade4f7d449bc4fdf34ef9"",""dataset_url"":""https://www.kaggle.com/datasets/baocgb/vietnam-it-jobs-raw-data-from-topcv-2026"",""dataset_version"":""1"",""license"":""CC-BY-4.0"",""location_normalizer_revision"":""2026-07-19.1"",""raw_sha256"":""e78ff2b6ed521ad894a70271a3254fcf434813916fdade4f7d449bc4fdf34ef9"",""salary_source_currency"":""USD"",""source_url"":""https://www.topcv.vn/viec-lam/senior-javascript-developer/1689493.html"",""title_normalizer_revision"":""2f434fba22de3a14c1b199331c8ca18408dc72e702071bf4bbfe380daff40f58"",""usd_to_vnd"":""25000""}"
topcv,1690658,2026-01-01,Nhân Viên Kinh Doanh Thiết Bị Smart Home,Nhân Viên Kinh Doanh Thiết Bị Smart Home,mid,Ho Chi Minh,,,[],9000000,,information_technology,"{""dataset"":""baocgb/vietnam-it-jobs-raw-data-from-topcv-2026"",""dataset_commit"":""kaggle-9263561-v1:e78ff2b6ed521ad894a70271a3254fcf434813916fdade4f7d449bc4fdf34ef9"",""dataset_url"":""https://www.kaggle.com/datasets/baocgb/vietnam-it-jobs-raw-data-from-topcv-2026"",""dataset_version"":""1"",""license"":""CC-BY-4.0"",""location_normalizer_revision"":""2026-07-19.1"",""raw_sha256"":""e78ff2b6ed521ad894a70271a3254fcf434813916fdade4f7d449bc4fdf34ef9"",""salary_source_currency"":""VND"",""source_url"":""https://www.topcv.vn/viec-lam/nhan-vien-kinh-doanh-thiet-bi-smart-home/1690658.html"",""title_normalizer_revision"":""2f434fba22de3a14c1b199331c8ca18408dc72e702071bf4bbfe380daff40f58""}"
topcv,1695427,2025-12-18,Nhân Viên Bán Hàng (CP07),Nhân Viên Bán Hàng CP07 ,mid,Ho Chi Minh,1,1,[],8000000,12000000,information_technology,"{""dataset"":""baocgb/vietnam-it-jobs-raw-data-from-topcv-2026"",""dataset_commit"":""kaggle-9263561-v1:e78ff2b6ed521ad894a70271a3254fcf434813916fdade4f7d449bc4fdf34ef9"",""dataset_url"":""https://www.kaggle.com/datasets/baocgb/vietnam-it-jobs-raw-data-from-topcv-2026"",""dataset_version"":""1"",""license"":""CC-BY-4.0"",""location_normalizer_revision"":""2026-07-19.1"",""raw_sha256"":""e78ff2b6ed521ad894a70271a3254fcf434813916fdade4f7d449bc4fdf34ef9"",""salary_source_currency"":""VND"",""source_url"":""https://www.topcv.vn/viec-lam/nhan-vien-ban-hang-cp07/1695427.html"",""title_normalizer_revision"":""2f434fba22de3a14c1b199331c8ca18408dc72e702071bf4bbfe380daff40f58""}"
topcv,1695429,2025-12-25,Nhân Viên Bán Hàng (CP66),Nhân Viên Bán Hàng CP66 ,mid,Ha Noi,1,1,[],7000000,9000000,information_technology,"{""dataset"":""baocgb/vietnam-it-jobs-raw-data-from-topcv-2026"",""dataset_commit"":""kaggle-9263561-v1:e78ff2b6ed521ad894a70271a3254fcf434813916fdade4f7d449bc4fdf34ef9"",""dataset_url"":""https://www.kaggle.com/datasets/baocgb/vietnam-it-jobs-raw-data-from-topcv-2026"",""dataset_version"":""1"",""license"":""CC-BY-4.0"",""location_normalizer_revision"":""2026-07-19.1"",""raw_sha256"":""e78ff2b6ed521ad894a70271a3254fcf434813916fdade4f7d449bc4fdf34ef9"",""salary_source_currency"":""VND"",""source_url"":""https://www.topcv.vn/viec-lam/nhan-vien-ban-hang-cp66/1695429.html"",""title_normalizer_revision"":""2f434fba22de3a14c1b199331c8ca18408dc72e702071bf4bbfe380daff40f58""}"
topcv,1695434,2025-12-18,Nhân Viên Bán Hàng (CP62),Nhân Viên Bán Hàng CP62 ,mid,Ho Chi Minh,1,1,[],8000000,12000000,information_technology,"{""dataset"":""baocgb/vietnam-it-jobs-raw-data-from-topcv-2026"",""dataset_commit"":""kaggle-9263561-v1:e78ff2b6ed521ad894a70271a3254fcf434813916fdade4f7d449bc4fdf34ef9"",""dataset_url"":""https://www.kaggle.com/datasets/baocgb/vietnam-it-jobs-raw-data-from-topcv-2026"",""dataset_version"":""1"",""license"":""CC-BY-4.0"",""location_normalizer_revision"":""2026-07-19.1"",""raw_sha256"":""e78ff2b6ed521ad894a70271a3254fcf434813916fdade4f7d449bc4fdf34ef9"",""salary_source_currency"":""VND"",""source_url"":""https://www.topcv.vn/viec-lam/nhan-vien-ban-hang-cp62/1695434.html"",""title_normalizer_revision"":""2f434fba22de3a14c1b199331c8ca18408dc72e702071bf4bbfe380daff40f58""}"
topcv,1696587,2025-12-25,User Acquisition (Mobile App),User Acquisition Mobile App ,mid,Ha Noi,1,1,[],10000000,20000000,information_technology,"{""dataset"":""baocgb/vietnam-it-jobs-raw-data-from-topcv-2026"",""dataset_commit"":""kaggle-9263561-v1:e78ff2b6ed521ad894a70271a3254fcf434813916fdade4f7d449bc4fdf34ef9"",""dataset_url"":""https://www.kaggle.com/datasets/baocgb/vietnam-it-jobs-raw-data-from-topcv-2026"",""dataset_version"":""1"",""license"":""CC-BY-4.0"",""location_normalizer_revision"":""2026-07-19.1"",""raw_sha256"":""e78ff2b6ed521ad894a70271a3254fcf434813916fdade4f7d449bc4fdf34ef9"",""salary_source_currency"":""VND"",""source_url"":""https://www.topcv.vn/viec-lam/user-acquisition-mobile-app/1696587.html"",""title_normalizer_revision"":""2f434fba22de3a14c1b199331c8ca18408dc72e702071bf4bbfe380daff40f58""}"
topcv,1698585,2026-01-09,Thực Tập Sinh Backend,Backend Developer,intern,Ho Chi Minh,1,1,[],1000000,,information_technology,"{""dataset"":""baocgb/vietnam-it-jobs-raw-data-from-topcv-2026"",""dataset_commit"":""kaggle-9263561-v1:e78ff2b6ed521ad894a70271a3254fcf434813916fdade4f7d449bc4fdf34ef9"",""dataset_url"":""https://www.kaggle.com/datasets/baocgb/vietnam-it-jobs-raw-data-from-topcv-2026"",""dataset_version"":""1"",""license"":""CC-BY-4.0"",""location_normalizer_revision"":""2026-07-19.1"",""raw_sha256"":""e78ff2b6ed521ad894a70271a3254fcf434813916fdade4f7d449bc4fdf34ef9"",""salary_source_currency"":""VND"",""source_url"":""https://www.topcv.vn/viec-lam/thuc-tap-sinh-backend/1698585.html"",""title_normalizer_revision"":""2f434fba22de3a14c1b199331c8ca18408dc72e702071bf4bbfe380daff40f58""}"
topcv,1699516,2025-12-18,Angular Developer (Lương 15-25 Triệu) Đi Làm Ngay,Frontend Developer,mid,Ha Noi,1,1,[],15000000,25000000,information_technology,"{""dataset"":""baocgb/vietnam-it-jobs-raw-data-from-topcv-2026"",""dataset_commit"":""kaggle-9263561-v1:e78ff2b6ed521ad894a70271a3254fcf434813916fdade4f7d449bc4fdf34ef9"",""dataset_url"":""https://www.kaggle.com/datasets/baocgb/vietnam-it-jobs-raw-data-from-topcv-2026"",""dataset_version"":""1"",""license"":""CC-BY-4.0"",""location_normalizer_revision"":""2026-07-19.1"",""raw_sha256"":""e78ff2b6ed521ad894a70271a3254fcf434813916fdade4f7d449bc4fdf34ef9"",""salary_source_currency"":""VND"",""source_url"":""https://www.topcv.vn/viec-lam/angular-developer-luong-15-25-trieu-di-lam-ngay/1699516.html"",""title_normalizer_revision"":""2f434fba22de3a14c1b199331c8ca18408dc72e702071bf4bbfe380daff40f58""}"
topcv,1702022,2026-01-01,IT Helpdesk,IT Support,mid,Ho Chi Minh,1,1,[],9000000,11000000,information_technology,"{""dataset"":""baocgb/vietnam-it-jobs-raw-data-from-topcv-2026"",""dataset_commit"":""kaggle-9263561-v1:e78ff2b6ed521ad894a70271a3254fcf434813916fdade4f7d449bc4fdf34ef9"",""dataset_url"":""https://www.kaggle.com/datasets/baocgb/vietnam-it-jobs-raw-data-from-topcv-2026"",""dataset_version"":""1"",""license"":""CC-BY-4.0"",""location_normalizer_revision"":""2026-07-19.1"",""raw_sha256"":""e78ff2b6ed521ad894a70271a3254fcf434813916fdade4f7d449bc4fdf34ef9"",""salary_source_currency"":""VND"",""source_url"":""https://www.topcv.vn/viec-lam/it-helpdesk/1702022.html"",""title_normalizer_revision"":""2f434fba22de3a14c1b199331c8ca18408dc72e702071bf4bbfe380daff40f58""}"
topcv,1702177,2026-01-12,Senior Mobile/Flutter Developer,Senior Mobile Developer (Flutter),senior,Ha Noi,5,5,[],42500000,50000000,information_technology,"{""dataset"":""baocgb/vietnam-it-jobs-raw-data-from-topcv-2026"",""dataset_commit"":""kaggle-9263561-v1:e78ff2b6ed521ad894a70271a3254fcf434813916fdade4f7d449bc4fdf34ef9"",""dataset_url"":""https://www.kaggle.com/datasets/baocgb/vietnam-it-jobs-raw-data-from-topcv-2026"",""dataset_version"":""1"",""license"":""CC-BY-4.0"",""location_normalizer_revision"":""2026-07-19.1"",""raw_sha256"":""e78ff2b6ed521ad894a70271a3254fcf434813916fdade4f7d449bc4fdf34ef9"",""salary_source_currency"":""USD"",""source_url"":""https://www.topcv.vn/viec-lam/senior-mobile-flutter-developer/1702177.html"",""title_normalizer_revision"":""2f434fba22de3a14c1b199331c8ca18408dc72e702071bf4bbfe380daff40f58"",""usd_to_vnd"":""25000""}"
topcv,1703730,2026-01-14,Kỹ Thuật IT Support / Helpdesk,IT Support,mid,Ho Chi Minh,1,1,[],10000000,13000000,information_technology,"{""dataset"":""baocgb/vietnam-it-jobs-raw-data-from-topcv-2026"",""dataset_commit"":""kaggle-9263561-v1:e78ff2b6ed521ad894a70271a3254fcf434813916fdade4f7d449bc4fdf34ef9"",""dataset_url"":""https://www.kaggle.com/datasets/baocgb/vietnam-it-jobs-raw-data-from-topcv-2026"",""dataset_version"":""1"",""license"":""CC-BY-4.0"",""location_normalizer_revision"":""2026-07-19.1"",""raw_sha256"":""e78ff2b6ed521ad894a70271a3254fcf434813916fdade4f7d449bc4fdf34ef9"",""salary_source_currency"":""VND"",""source_url"":""https://www.topcv.vn/viec-lam/ky-thuat-it-support-helpdesk/1703730.html"",""title_normalizer_revision"":""2f434fba22de3a14c1b199331c8ca18408dc72e702071bf4bbfe380daff40f58""}"
topcv,1704185,2025-12-18,Trưởng Nhóm Phân Tích Nghiệp Vụ (Leader BA),Business Analyst,lead,Ha Noi,5,5,[],20000000,30000000,information_technology,"{""dataset"":""baocgb/vietnam-it-jobs-raw-data-from-topcv-2026"",""dataset_commit"":""kaggle-9263561-v1:e78ff2b6ed521ad894a70271a3254fcf434813916fdade4f7d449bc4fdf34ef9"",""dataset_url"":""https://www.kaggle.com/datasets/baocgb/vietnam-it-jobs-raw-data-from-topcv-2026"",""dataset_version"":""1"",""license"":""CC-BY-4.0"",""location_normalizer_revision"":""2026-07-19.1"",""raw_sha256"":""e78ff2b6ed521ad894a70271a3254fcf434813916fdade4f7d449bc4fdf34ef9"",""salary_source_currency"":""VND"",""source_url"":""https://www.topcv.vn/viec-lam/truong-nhom-phan-tich-nghiep-vu-leader-ba/1704185.html"",""title_normalizer_revision"":""2f434fba22de3a14c1b199331c8ca18408dc72e702071bf4bbfe380daff40f58""}"
topcv,1704768,2026-01-08,IT Business Analyst (Bảo Hiểm Bank),Business Analyst,mid,Ha Noi,2,2,[],25000000,40000000,information_technology,"{""dataset"":""baocgb/vietnam-it-jobs-raw-data-from-topcv-2026"",""dataset_commit"":""kaggle-9263561-v1:e78ff2b6ed521ad894a70271a3254fcf434813916fdade4f7d449bc4fdf34ef9"",""dataset_url"":""https://www.kaggle.com/datasets/baocgb/vietnam-it-jobs-raw-data-from-topcv-2026"",""dataset_version"":""1"",""license"":""CC-BY-4.0"",""location_normalizer_revision"":""2026-07-19.1"",""raw_sha256"":""e78ff2b6ed521ad894a70271a3254fcf434813916fdade4f7d449bc4fdf34ef9"",""salary_source_currency"":""VND"",""source_url"":""https://www.topcv.vn/viec-lam/it-business-analyst-bao-hiem-bank/1704768.html"",""title_normalizer_revision"":""2f434fba22de3a14c1b199331c8ca18408dc72e702071bf4bbfe380daff40f58""}"
topcv,1705554,2026-01-01,"Trưởng Nhóm Lập Trình PLC, Điện Tự Động Hóa","Trưởng Nhóm Lập Trình PLC, Điện Tự Động Hóa",lead,Ha Noi,3,3,[],25000000,30000000,information_technology,"{""dataset"":""baocgb/vietnam-it-jobs-raw-data-from-topcv-2026"",""dataset_commit"":""kaggle-9263561-v1:e78ff2b6ed521ad894a70271a3254fcf434813916fdade4f7d449bc4fdf34ef9"",""dataset_url"":""https://www.kaggle.com/datasets/baocgb/vietnam-it-jobs-raw-data-from-topcv-2026"",""dataset_version"":""1"",""license"":""CC-BY-4.0"",""location_normalizer_revision"":""2026-07-19.1"",""raw_sha256"":""e78ff2b6ed521ad894a70271a3254fcf434813916fdade4f7d449bc4fdf34ef9"",""salary_source_currency"":""VND"",""source_url"":""https://www.topcv.vn/viec-lam/truong-nhom-lap-trinh-plc-dien-tu-dong-hoa/1705554.html"",""title_normalizer_revision"":""2f434fba22de3a14c1b199331c8ca18408dc72e702071bf4bbfe380daff40f58""}"
topcv,1706622,2026-01-13,Product Owner (Mobile App),Product Owner,mid,Ha Noi,1,1,[],10000000,30000000,information_technology,"{""dataset"":""baocgb/vietnam-it-jobs-raw-data-from-topcv-2026"",""dataset_commit"":""kaggle-9263561-v1:e78ff2b6ed521ad894a70271a3254fcf434813916fdade4f7d449bc4fdf34ef9"",""dataset_url"":""https://www.kaggle.com/datasets/baocgb/vietnam-it-jobs-raw-data-from-topcv-2026"",""dataset_version"":""1"",""license"":""CC-BY-4.0"",""location_normalizer_revision"":""2026-07-19.1"",""raw_sha256"":""e78ff2b6ed521ad894a70271a3254fcf434813916fdade4f7d449bc4fdf34ef9"",""salary_source_currency"":""VND"",""source_url"":""https://www.topcv.vn/viec-lam/product-owner-mobile-app/1706622.html"",""title_normalizer_revision"":""2f434fba22de3a14c1b199331c8ca18408dc72e702071bf4bbfe380daff40f58""}"
topcv,1707225,2026-01-09,Kỹ Thuật Viên IT (CP54),Kỹ Thuật Viên IT CP54 ,mid,Bắc Ninh,1,1,[],8000000,10000000,information_technology,"{""dataset"":""baocgb/vietnam-it-jobs-raw-data-from-topcv-2026"",""dataset_commit"":""kaggle-9263561-v1:e78ff2b6ed521ad894a70271a3254fcf434813916fdade4f7d449bc4fdf34ef9"",""dataset_url"":""https://www.kaggle.com/datasets/baocgb/vietnam-it-jobs-raw-data-from-topcv-2026"",""dataset_version"":""1"",""license"":""CC-BY-4.0"",""location_normalizer_revision"":""2026-07-19.1"",""raw_sha256"":""e78ff2b6ed521ad894a70271a3254fcf434813916fdade4f7d449bc4fdf34ef9"",""salary_source_currency"":""VND"",""source_url"":""https://www.topcv.vn/viec-lam/ky-thuat-vien-it-cp54/1707225.html"",""title_normalizer_revision"":""2f434fba22de3a14c1b199331c8ca18408dc72e702071bf4bbfe380daff40f58""}"
topcv,1708515,2026-01-08,Nhân Viên Trực Tổng Đài Ứng Dụng Viettel Money,Nhân Viên Trực Tổng Đài Ứng Dụng Viettel Money,mid,Ha Noi,,,[],7000000,9000000,information_technology,"{""dataset"":""baocgb/vietnam-it-jobs-raw-data-from-topcv-2026"",""dataset_commit"":""kaggle-9263561-v1:e78ff2b6ed521ad894a70271a3254fcf434813916fdade4f7d449bc4fdf34ef9"",""dataset_url"":""https://www.kaggle.com/datasets/baocgb/vietnam-it-jobs-raw-data-from-topcv-2026"",""dataset_version"":""1"",""license"":""CC-BY-4.0"",""location_normalizer_revision"":""2026-07-19.1"",""raw_sha256"":""e78ff2b6ed521ad894a70271a3254fcf434813916fdade4f7d449bc4fdf34ef9"",""salary_source_currency"":""VND"",""source_url"":""https://www.topcv.vn/viec-lam/nhan-vien-truc-tong-dai-ung-dung-viettel-money/1708515.html"",""title_normalizer_revision"":""2f434fba22de3a14c1b199331c8ca18408dc72e702071bf4bbfe380daff40f58""}"
topcv,1709531,2026-01-08,"Tư Vấn Giải Pháp Kỹ Thuật (ELV, ME)","Tư Vấn Giải Pháp Kỹ Thuật ELV, ME ",mid,Ho Chi Minh,1,1,[],15000000,25000000,information_technology,"{""dataset"":""baocgb/vietnam-it-jobs-raw-data-from-topcv-2026"",""dataset_commit"":""kaggle-9263561-v1:e78ff2b6ed521ad894a70271a3254fcf434813916fdade4f7d449bc4fdf34ef9"",""dataset_url"":""https://www.kaggle.com/datasets/baocgb/vietnam-it-jobs-raw-data-from-topcv-2026"",""dataset_version"":""1"",""license"":""CC-BY-4.0"",""location_normalizer_revision"":""2026-07-19.1"",""raw_sha256"":""e78ff2b6ed521ad894a70271a3254fcf434813916fdade4f7d449bc4fdf34ef9"",""salary_source_currency"":""VND"",""source_url"":""https://www.topcv.vn/viec-lam/tu-van-giai-phap-ky-thuat-elv-me/1709531.html"",""title_normalizer_revision"":""2f434fba22de3a14c1b199331c8ca18408dc72e702071bf4bbfe380daff40f58""}"
topcv,1710486,2026-01-01,SAP Consultant - Chuyên Viên Tư Vấn Hệ Thống ERP,SAP Consultant - Chuyên Viên Tư Vấn Hệ Thống ERP,mid,Ha Noi,1,1,[],11000000,20000000,information_technology,"{""dataset"":""baocgb/vietnam-it-jobs-raw-data-from-topcv-2026"",""dataset_commit"":""kaggle-9263561-v1:e78ff2b6ed521ad894a70271a3254fcf434813916fdade4f7d449bc4fdf34ef9"",""dataset_url"":""https://www.kaggle.com/datasets/baocgb/vietnam-it-jobs-raw-data-from-topcv-2026"",""dataset_version"":""1"",""license"":""CC-BY-4.0"",""location_normalizer_revision"":""2026-07-19.1"",""raw_sha256"":""e78ff2b6ed521ad894a70271a3254fcf434813916fdade4f7d449bc4fdf34ef9"",""salary_source_currency"":""VND"",""source_url"":""https://www.topcv.vn/viec-lam/sap-consultant-chuyen-vien-tu-van-he-thong-erp/1710486.html"",""title_normalizer_revision"":""2f434fba22de3a14c1b199331c8ca18408dc72e702071bf4bbfe380daff40f58""}"
topcv,1714047,2025-12-18,Technical Support (Night Shift),Technical Support Night Shift ,mid,Ho Chi Minh,1,1,[],12000000,14000000,information_technology,"{""dataset"":""baocgb/vietnam-it-jobs-raw-data-from-topcv-2026"",""dataset_commit"":""kaggle-9263561-v1:e78ff2b6ed521ad894a70271a3254fcf434813916fdade4f7d449bc4fdf34ef9"",""dataset_url"":""https://www.kaggle.com/datasets/baocgb/vietnam-it-jobs-raw-data-from-topcv-2026"",""dataset_version"":""1"",""license"":""CC-BY-4.0"",""location_normalizer_revision"":""2026-07-19.1"",""raw_sha256"":""e78ff2b6ed521ad894a70271a3254fcf434813916fdade4f7d449bc4fdf34ef9"",""salary_source_currency"":""VND"",""source_url"":""https://www.topcv.vn/viec-lam/technical-support-night-shift/1714047.html"",""title_normalizer_revision"":""2f434fba22de3a14c1b199331c8ca18408dc72e702071bf4bbfe380daff40f58""}"
topcv,1714603,2026-01-08,Quản Trị Hệ Thống (IT System),System Engineer,mid,Ha Noi,2,2,[],15000000,22000000,information_technology,"{""dataset"":""baocgb/vietnam-it-jobs-raw-data-from-topcv-2026"",""dataset_commit"":""kaggle-9263561-v1:e78ff2b6ed521ad894a70271a3254fcf434813916fdade4f7d449bc4fdf34ef9"",""dataset_url"":""https://www.kaggle.com/datasets/baocgb/vietnam-it-jobs-raw-data-from-topcv-2026"",""dataset_version"":""1"",""license"":""CC-BY-4.0"",""location_normalizer_revision"":""2026-07-19.1"",""raw_sha256"":""e78ff2b6ed521ad894a70271a3254fcf434813916fdade4f7d449bc4fdf34ef9"",""salary_source_currency"":""VND"",""source_url"":""https://www.topcv.vn/viec-lam/quan-tri-he-thong-it-system/1714603.html"",""title_normalizer_revision"":""2f434fba22de3a14c1b199331c8ca18408dc72e702071bf4bbfe380daff40f58""}"
topcv,1716984,2026-01-08,"Chuyên Viên IT Comtor Tiếng Nhật (N2, N1, J1)","Chuyên Viên IT Comtor Tiếng Nhật N2, N1, J1 ",mid,Ha Noi,2,2,[],15000000,30000000,information_technology,"{""dataset"":""baocgb/vietnam-it-jobs-raw-data-from-topcv-2026"",""dataset_commit"":""kaggle-9263561-v1:e78ff2b6ed521ad894a70271a3254fcf434813916fdade4f7d449bc4fdf34ef9"",""dataset_url"":""https://www.kaggle.com/datasets/baocgb/vietnam-it-jobs-raw-data-from-topcv-2026"",""dataset_version"":""1"",""license"":""CC-BY-4.0"",""location_normalizer_revision"":""2026-07-19.1"",""raw_sha256"":""e78ff2b6ed521ad894a70271a3254fcf434813916fdade4f7d449bc4fdf34ef9"",""salary_source_currency"":""VND"",""source_url"":""https://www.topcv.vn/viec-lam/chuyen-vien-it-comtor-tieng-nhat-n2-n1-j1/1716984.html"",""title_normalizer_revision"":""2f434fba22de3a14c1b199331c8ca18408dc72e702071bf4bbfe380daff40f58""}"
topcv,1717477,2026-01-08,Manual Tester Min 3 Năm Kinh Nghiệm,QA Engineer,mid,Ha Noi,3,3,[],,28000000,information_technology,"{""dataset"":""baocgb/vietnam-it-jobs-raw-data-from-topcv-2026"",""dataset_commit"":""kaggle-9263561-v1:e78ff2b6ed521ad894a70271a3254fcf434813916fdade4f7d449bc4fdf34ef9"",""dataset_url"":""https://www.kaggle.com/datasets/baocgb/vietnam-it-jobs-raw-data-from-topcv-2026"",""dataset_version"":""1"",""license"":""CC-BY-4.0"",""location_normalizer_revision"":""2026-07-19.1"",""raw_sha256"":""e78ff2b6ed521ad894a70271a3254fcf434813916fdade4f7d449bc4fdf34ef9"",""salary_source_currency"":""VND"",""source_url"":""https://www.topcv.vn/viec-lam/manual-tester-min-3-nam-kinh-nghiem/1717477.html"",""title_normalizer_revision"":""2f434fba22de3a14c1b199331c8ca18408dc72e702071bf4bbfe380daff40f58""}"
topcv,1718524,2026-01-08,Business Analyst,Business Analyst,mid,Ha Noi,3,3,[],,34000000,information_technology,"{""dataset"":""baocgb/vietnam-it-jobs-raw-data-from-topcv-2026"",""dataset_commit"":""kaggle-9263561-v1:e78ff2b6ed521ad894a70271a3254fcf434813916fdade4f7d449bc4fdf34ef9"",""dataset_url"":""https://www.kaggle.com/datasets/baocgb/vietnam-it-jobs-raw-data-from-topcv-2026"",""dataset_version"":""1"",""license"":""CC-BY-4.0"",""location_normalizer_revision"":""2026-07-19.1"",""raw_sha256"":""e78ff2b6ed521ad894a70271a3254fcf434813916fdade4f7d449bc4fdf34ef9"",""salary_source_currency"":""VND"",""source_url"":""https://www.topcv.vn/viec-lam/business-analyst/1718524.html"",""title_normalizer_revision"":""2f434fba22de3a14c1b199331c8ca18408dc72e702071bf4bbfe380daff40f58""}"
topcv,1718554,2026-01-01,Android Developer,Mobile Developer,mid,Ha Noi,1,1,[],12000000,25000000,information_technology,"{""dataset"":""baocgb/vietnam-it-jobs-raw-data-from-topcv-2026"",""dataset_commit"":""kaggle-9263561-v1:e78ff2b6ed521ad894a70271a3254fcf434813916fdade4f7d449bc4fdf34ef9"",""dataset_url"":""https://www.kaggle.com/datasets/baocgb/vietnam-it-jobs-raw-data-from-topcv-2026"",""dataset_version"":""1"",""license"":""CC-BY-4.0"",""location_normalizer_revision"":""2026-07-19.1"",""raw_sha256"":""e78ff2b6ed521ad894a70271a3254fcf434813916fdade4f7d449bc4fdf34ef9"",""salary_source_currency"":""VND"",""source_url"":""https://www.topcv.vn/viec-lam/android-developer/1718554.html"",""title_normalizer_revision"":""2f434fba22de3a14c1b199331c8ca18408dc72e702071bf4bbfe380daff40f58""}"
topcv,1718577,2026-01-08,Performance Tester Min 2 Năm Kinh Nghiệm,QA Engineer,mid,Ha Noi,2,2,[],,36000000,information_technology,"{""dataset"":""baocgb/vietnam-it-jobs-raw-data-from-topcv-2026"",""dataset_commit"":""kaggle-9263561-v1:e78ff2b6ed521ad894a70271a3254fcf434813916fdade4f7d449bc4fdf34ef9"",""dataset_url"":""https://www.kaggle.com/datasets/baocgb/vietnam-it-jobs-raw-data-from-topcv-2026"",""dataset_version"":""1"",""license"":""CC-BY-4.0"",""location_normalizer_revision"":""2026-07-19.1"",""raw_sha256"":""e78ff2b6ed521ad894a70271a3254fcf434813916fdade4f7d449bc4fdf34ef9"",""salary_source_currency"":""VND"",""source_url"":""https://www.topcv.vn/viec-lam/performance-tester-min-2-nam-kinh-nghiem/1718577.html"",""title_normalizer_revision"":""2f434fba22de3a14c1b199331c8ca18408dc72e702071bf4bbfe380daff40f58""}"
topcv,1720478,2026-01-08,Nhân Viên Kinh Doanh Máy Chủ Và Linh Kiện Máy Chủ,Nhân Viên Kinh Doanh Máy Chủ Và Linh Kiện Máy Chủ,mid,Ha Noi,1,1,[],8000000,12000000,information_technology,"{""dataset"":""baocgb/vietnam-it-jobs-raw-data-from-topcv-2026"",""dataset_commit"":""kaggle-9263561-v1:e78ff2b6ed521ad894a70271a3254fcf434813916fdade4f7d449bc4fdf34ef9"",""dataset_url"":""https://www.kaggle.com/datasets/baocgb/vietnam-it-jobs-raw-data-from-topcv-2026"",""dataset_version"":""1"",""license"":""CC-BY-4.0"",""location_normalizer_revision"":""2026-07-19.1"",""raw_sha256"":""e78ff2b6ed521ad894a70271a3254fcf434813916fdade4f7d449bc4fdf34ef9"",""salary_source_currency"":""VND"",""source_url"":""https://www.topcv.vn/viec-lam/nhan-vien-kinh-doanh-may-chu-va-linh-kien-may-chu/1720478.html"",""title_normalizer_revision"":""2f434fba22de3a14c1b199331c8ca18408dc72e702071bf4bbfe380daff40f58""}"
topcv,1725317,2026-01-12,"SAP Consultant (FICO) | Lương Lên Đến $3000 (Hồ Chí Minh, Hà Nội)","SAP Consultant FICO | Lương Lên Đến $3000 Hồ Chí Minh, Hà Nội ",mid,Ho Chi Minh,3,3,[],,75000000,information_technology,"{""dataset"":""baocgb/vietnam-it-jobs-raw-data-from-topcv-2026"",""dataset_commit"":""kaggle-9263561-v1:e78ff2b6ed521ad894a70271a3254fcf434813916fdade4f7d449bc4fdf34ef9"",""dataset_url"":""https://www.kaggle.com/datasets/baocgb/vietnam-it-jobs-raw-data-from-topcv-2026"",""dataset_version"":""1"",""license"":""CC-BY-4.0"",""location_normalizer_revision"":""2026-07-19.1"",""raw_sha256"":""e78ff2b6ed521ad894a70271a3254fcf434813916fdade4f7d449bc4fdf34ef9"",""salary_source_currency"":""USD"",""source_url"":""https://www.topcv.vn/viec-lam/sap-consultant-fico-luong-len-den-3000-ho-chi-minh-ha-noi/1725317.html"",""title_normalizer_revision"":""2f434fba22de3a14c1b199331c8ca18408dc72e702071bf4bbfe380daff40f58"",""usd_to_vnd"":""25000""}"
topcv,1727976,2026-01-08,Manual Tester [Dự Án Banking],QA Engineer,mid,Ha Noi,3,3,[],20000000,30000000,information_technology,"{""dataset"":""baocgb/vietnam-it-jobs-raw-data-from-topcv-2026"",""dataset_commit"":""kaggle-9263561-v1:e78ff2b6ed521ad894a70271a3254fcf434813916fdade4f7d449bc4fdf34ef9"",""dataset_url"":""https://www.kaggle.com/datasets/baocgb/vietnam-it-jobs-raw-data-from-topcv-2026"",""dataset_version"":""1"",""license"":""CC-BY-4.0"",""location_normalizer_revision"":""2026-07-19.1"",""raw_sha256"":""e78ff2b6ed521ad894a70271a3254fcf434813916fdade4f7d449bc4fdf34ef9"",""salary_source_currency"":""VND"",""source_url"":""https://www.topcv.vn/viec-lam/manual-tester-du-an-banking/1727976.html"",""title_normalizer_revision"":""2f434fba22de3a14c1b199331c8ca18408dc72e702071bf4bbfe380daff40f58""}"
topcv,1728286,2026-01-08,Test Lead,Test Lead,lead,Ha Noi,4,4,[],,30000000,information_technology,"{""dataset"":""baocgb/vietnam-it-jobs-raw-data-from-topcv-2026"",""dataset_commit"":""kaggle-9263561-v1:e78ff2b6ed521ad894a70271a3254fcf434813916fdade4f7d449bc4fdf34ef9"",""dataset_url"":""https://www.kaggle.com/datasets/baocgb/vietnam-it-jobs-raw-data-from-topcv-2026"",""dataset_version"":""1"",""license"":""CC-BY-4.0"",""location_normalizer_revision"":""2026-07-19.1"",""raw_sha256"":""e78ff2b6ed521ad894a70271a3254fcf434813916fdade4f7d449bc4fdf34ef9"",""salary_source_currency"":""VND"",""source_url"":""https://www.topcv.vn/viec-lam/test-lead/1728286.html"",""title_normalizer_revision"":""2f434fba22de3a14c1b199331c8ca18408dc72e702071bf4bbfe380daff40f58""}"
topcv,1730162,2026-01-01,Thực Tập Sinh Triển Khai Phần Mềm,Thực Tập Sinh Triển Khai Phần Mềm,intern,Ha Noi,,,[],2000000,3000000,information_technology,"{""dataset"":""baocgb/vietnam-it-jobs-raw-data-from-topcv-2026"",""dataset_commit"":""kaggle-9263561-v1:e78ff2b6ed521ad894a70271a3254fcf434813916fdade4f7d449bc4fdf34ef9"",""dataset_url"":""https://www.kaggle.com/datasets/baocgb/vietnam-it-jobs-raw-data-from-topcv-2026"",""dataset_version"":""1"",""license"":""CC-BY-4.0"",""location_normalizer_revision"":""2026-07-19.1"",""raw_sha256"":""e78ff2b6ed521ad894a70271a3254fcf434813916fdade4f7d449bc4fdf34ef9"",""salary_source_currency"":""VND"",""source_url"":""https://www.topcv.vn/viec-lam/thuc-tap-sinh-trien-khai-phan-mem/1730162.html"",""title_normalizer_revision"":""2f434fba22de3a14c1b199331c8ca18408dc72e702071bf4bbfe380daff40f58""}"
topcv,1731786,2025-12-18,Nhân Viên Triển Khai (IT Triển Khai),Nhân Viên Triển Khai IT Triển Khai ,mid,Ho Chi Minh,1,1,[],9000000,11000000,information_technology,"{""dataset"":""baocgb/vietnam-it-jobs-raw-data-from-topcv-2026"",""dataset_commit"":""kaggle-9263561-v1:e78ff2b6ed521ad894a70271a3254fcf434813916fdade4f7d449bc4fdf34ef9"",""dataset_url"":""https://www.kaggle.com/datasets/baocgb/vietnam-it-jobs-raw-data-from-topcv-2026"",""dataset_version"":""1"",""license"":""CC-BY-4.0"",""location_normalizer_revision"":""2026-07-19.1"",""raw_sha256"":""e78ff2b6ed521ad894a70271a3254fcf434813916fdade4f7d449bc4fdf34ef9"",""salary_source_currency"":""VND"",""source_url"":""https://www.topcv.vn/viec-lam/nhan-vien-trien-khai-it-trien-khai/1731786.html"",""title_normalizer_revision"":""2f434fba22de3a14c1b199331c8ca18408dc72e702071bf4bbfe380daff40f58""}"
topcv,1733887,2026-01-01,Junior Mobile Flutter Developer - Lĩnh Vực Edtech,Junior Mobile Developer (Flutter),junior,Ha Noi,1,1,[],10000000,15000000,information_technology,"{""dataset"":""baocgb/vietnam-it-jobs-raw-data-from-topcv-2026"",""dataset_commit"":""kaggle-9263561-v1:e78ff2b6ed521ad894a70271a3254fcf434813916fdade4f7d449bc4fdf34ef9"",""dataset_url"":""https://www.kaggle.com/datasets/baocgb/vietnam-it-jobs-raw-data-from-topcv-2026"",""dataset_version"":""1"",""license"":""CC-BY-4.0"",""location_normalizer_revision"":""2026-07-19.1"",""raw_sha256"":""e78ff2b6ed521ad894a70271a3254fcf434813916fdade4f7d449bc4fdf34ef9"",""salary_source_currency"":""VND"",""source_url"":""https://www.topcv.vn/viec-lam/junior-mobile-flutter-developer-linh-vuc-edtech/1733887.html"",""title_normalizer_revision"":""2f434fba22de3a14c1b199331c8ca18408dc72e702071bf4bbfe380daff40f58""}"
topcv,1734838,2026-01-08,Trợ Lý Công Nghệ Thông Tin (BA),Trợ Lý Công Nghệ Thông Tin BA ,mid,Ha Noi,,,[],18000000,25000000,information_technology,"{""dataset"":""baocgb/vietnam-it-jobs-raw-data-from-topcv-2026"",""dataset_commit"":""kaggle-9263561-v1:e78ff2b6ed521ad894a70271a3254fcf434813916fdade4f7d449bc4fdf34ef9"",""dataset_url"":""https://www.kaggle.com/datasets/baocgb/vietnam-it-jobs-raw-data-from-topcv-2026"",""dataset_version"":""1"",""license"":""CC-BY-4.0"",""location_normalizer_revision"":""2026-07-19.1"",""raw_sha256"":""e78ff2b6ed521ad894a70271a3254fcf434813916fdade4f7d449bc4fdf34ef9"",""salary_source_currency"":""VND"",""source_url"":""https://www.topcv.vn/viec-lam/tro-ly-cong-nghe-thong-tin-ba/1734838.html"",""title_normalizer_revision"":""2f434fba22de3a14c1b199331c8ca18408dc72e702071bf4bbfe380daff40f58""}"
topcv,1735706,2026-01-08,Trợ Lý Tổng Giám Đốc - Mảng Công Nghệ Thông Tin,Trợ Lý Tổng Giám Đốc - Mảng Công Nghệ Thông Tin,director,Ha Noi,1,1,[],15000000,20000000,information_technology,"{""dataset"":""baocgb/vietnam-it-jobs-raw-data-from-topcv-2026"",""dataset_commit"":""kaggle-9263561-v1:e78ff2b6ed521ad894a70271a3254fcf434813916fdade4f7d449bc4fdf34ef9"",""dataset_url"":""https://www.kaggle.com/datasets/baocgb/vietnam-it-jobs-raw-data-from-topcv-2026"",""dataset_version"":""1"",""license"":""CC-BY-4.0"",""location_normalizer_revision"":""2026-07-19.1"",""raw_sha256"":""e78ff2b6ed521ad894a70271a3254fcf434813916fdade4f7d449bc4fdf34ef9"",""salary_source_currency"":""VND"",""source_url"":""https://www.topcv.vn/viec-lam/tro-ly-tong-giam-doc-mang-cong-nghe-thong-tin/1735706.html"",""title_normalizer_revision"":""2f434fba22de3a14c1b199331c8ca18408dc72e702071bf4bbfe380daff40f58""}"
topcv,1738832,2026-01-13,IT Project Manager,Project Manager,manager,Ha Noi,1,1,[],,25000000,information_technology,"{""dataset"":""baocgb/vietnam-it-jobs-raw-data-from-topcv-2026"",""dataset_commit"":""kaggle-9263561-v1:e78ff2b6ed521ad894a70271a3254fcf434813916fdade4f7d449bc4fdf34ef9"",""dataset_url"":""https://www.kaggle.com/datasets/baocgb/vietnam-it-jobs-raw-data-from-topcv-2026"",""dataset_version"":""1"",""license"":""CC-BY-4.0"",""location_normalizer_revision"":""2026-07-19.1"",""raw_sha256"":""e78ff2b6ed521ad894a70271a3254fcf434813916fdade4f7d449bc4fdf34ef9"",""salary_source_currency"":""VND"",""source_url"":""https://www.topcv.vn/viec-lam/it-project-manager/1738832.html"",""title_normalizer_revision"":""2f434fba22de3a14c1b199331c8ca18408dc72e702071bf4bbfe380daff40f58""}"
topcv,1753713,2026-01-08,"Nhân Viên Lập Trình Phay, Tiện","Nhân Viên Lập Trình Phay, Tiện",mid,Ho Chi Minh,1,1,[],8000000,15000000,information_technology,"{""dataset"":""baocgb/vietnam-it-jobs-raw-data-from-topcv-2026"",""dataset_commit"":""kaggle-9263561-v1:e78ff2b6ed521ad894a70271a3254fcf434813916fdade4f7d449bc4fdf34ef9"",""dataset_url"":""https://www.kaggle.com/datasets/baocgb/vietnam-it-jobs-raw-data-from-topcv-2026"",""dataset_version"":""1"",""license"":""CC-BY-4.0"",""location_normalizer_revision"":""2026-07-19.1"",""raw_sha256"":""e78ff2b6ed521ad894a70271a3254fcf434813916fdade4f7d449bc4fdf34ef9"",""salary_source_currency"":""VND"",""source_url"":""https://www.topcv.vn/viec-lam/nhan-vien-lap-trinh-phay-tien/1753713.html"",""title_normalizer_revision"":""2f434fba22de3a14c1b199331c8ca18408dc72e702071bf4bbfe380daff40f58""}"
topcv,1757549,2025-12-25,Phân Tích Nghiệp Vụ Và Kiểm Thử Phần Mềm,Business Analyst,mid,Ha Noi,3,3,[],18000000,25000000,information_technology,"{""dataset"":""baocgb/vietnam-it-jobs-raw-data-from-topcv-2026"",""dataset_commit"":""kaggle-9263561-v1:e78ff2b6ed521ad894a70271a3254fcf434813916fdade4f7d449bc4fdf34ef9"",""dataset_url"":""https://www.kaggle.com/datasets/baocgb/vietnam-it-jobs-raw-data-from-topcv-2026"",""dataset_version"":""1"",""license"":""CC-BY-4.0"",""location_normalizer_revision"":""2026-07-19.1"",""raw_sha256"":""e78ff2b6ed521ad894a70271a3254fcf434813916fdade4f7d449bc4fdf34ef9"",""salary_source_currency"":""VND"",""source_url"":""https://www.topcv.vn/viec-lam/phan-tich-nghiep-vu-va-kiem-thu-phan-mem/1757549.html"",""title_normalizer_revision"":""2f434fba22de3a14c1b199331c8ca18408dc72e702071bf4bbfe380daff40f58""}"
topcv,1760464,2026-01-01,Quản Trị Hệ Thống & Thiết Bị Cửa Hàng,System Engineer,mid,Ho Chi Minh,1,1,[],9000000,11000000,information_technology,"{""dataset"":""baocgb/vietnam-it-jobs-raw-data-from-topcv-2026"",""dataset_commit"":""kaggle-9263561-v1:e78ff2b6ed521ad894a70271a3254fcf434813916fdade4f7d449bc4fdf34ef9"",""dataset_url"":""https://www.kaggle.com/datasets/baocgb/vietnam-it-jobs-raw-data-from-topcv-2026"",""dataset_version"":""1"",""license"":""CC-BY-4.0"",""location_normalizer_revision"":""2026-07-19.1"",""raw_sha256"":""e78ff2b6ed521ad894a70271a3254fcf434813916fdade4f7d449bc4fdf34ef9"",""salary_source_currency"":""VND"",""source_url"":""https://www.topcv.vn/viec-lam/quan-tri-he-thong-thiet-bi-cua-hang/1760464.html"",""title_normalizer_revision"":""2f434fba22de3a14c1b199331c8ca18408dc72e702071bf4bbfe380daff40f58""}"
topcv,1761414,2026-01-11,Java Developer - Đi Làm Ngay Hoặc Ra Tết Đi Làm,Backend Developer,mid,Ha Noi,2,2,[],20000000,35000000,information_technology,"{""dataset"":""baocgb/vietnam-it-jobs-raw-data-from-topcv-2026"",""dataset_commit"":""kaggle-9263561-v1:e78ff2b6ed521ad894a70271a3254fcf434813916fdade4f7d449bc4fdf34ef9"",""dataset_url"":""https://www.kaggle.com/datasets/baocgb/vietnam-it-jobs-raw-data-from-topcv-2026"",""dataset_version"":""1"",""license"":""CC-BY-4.0"",""location_normalizer_revision"":""2026-07-19.1"",""raw_sha256"":""e78ff2b6ed521ad894a70271a3254fcf434813916fdade4f7d449bc4fdf34ef9"",""salary_source_currency"":""VND"",""source_url"":""https://www.topcv.vn/viec-lam/java-developer-di-lam-ngay-hoac-ra-tet-di-lam/1761414.html"",""title_normalizer_revision"":""2f434fba22de3a14c1b199331c8ca18408dc72e702071bf4bbfe380daff40f58""}"
topcv,1768263,2026-01-08,Fullstack,Fullstack Developer,mid,Ha Noi,2,2,[],20000000,30000000,information_technology,"{""dataset"":""baocgb/vietnam-it-jobs-raw-data-from-topcv-2026"",""dataset_commit"":""kaggle-9263561-v1:e78ff2b6ed521ad894a70271a3254fcf434813916fdade4f7d449bc4fdf34ef9"",""dataset_url"":""https://www.kaggle.com/datasets/baocgb/vietnam-it-jobs-raw-data-from-topcv-2026"",""dataset_version"":""1"",""license"":""CC-BY-4.0"",""location_normalizer_revision"":""2026-07-19.1"",""raw_sha256"":""e78ff2b6ed521ad894a70271a3254fcf434813916fdade4f7d449bc4fdf34ef9"",""salary_source_currency"":""VND"",""source_url"":""https://www.topcv.vn/viec-lam/fullstack/1768263.html"",""title_normalizer_revision"":""2f434fba22de3a14c1b199331c8ca18408dc72e702071bf4bbfe380daff40f58""}"
topcv,1771950,2026-01-01,Flutter Developer,Mobile Developer (Flutter),mid,Ha Noi,1,1,[],12000000,18000000,information_technology,"{""dataset"":""baocgb/vietnam-it-jobs-raw-data-from-topcv-2026"",""dataset_commit"":""kaggle-9263561-v1:e78ff2b6ed521ad894a70271a3254fcf434813916fdade4f7d449bc4fdf34ef9"",""dataset_url"":""https://www.kaggle.com/datasets/baocgb/vietnam-it-jobs-raw-data-from-topcv-2026"",""dataset_version"":""1"",""license"":""CC-BY-4.0"",""location_normalizer_revision"":""2026-07-19.1"",""raw_sha256"":""e78ff2b6ed521ad894a70271a3254fcf434813916fdade4f7d449bc4fdf34ef9"",""salary_source_currency"":""VND"",""source_url"":""https://www.topcv.vn/viec-lam/flutter-developer/1771950.html"",""title_normalizer_revision"":""2f434fba22de3a14c1b199331c8ca18408dc72e702071bf4bbfe380daff40f58""}"
topcv,1773313,2026-01-14,Chuyên Viên Chuyển Đổi Số,Chuyên Viên Chuyển Đổi Số,mid,Ho Chi Minh,1,1,[],15000000,20000000,information_technology,"{""dataset"":""baocgb/vietnam-it-jobs-raw-data-from-topcv-2026"",""dataset_commit"":""kaggle-9263561-v1:e78ff2b6ed521ad894a70271a3254fcf434813916fdade4f7d449bc4fdf34ef9"",""dataset_url"":""https://www.kaggle.com/datasets/baocgb/vietnam-it-jobs-raw-data-from-topcv-2026"",""dataset_version"":""1"",""license"":""CC-BY-4.0"",""location_normalizer_revision"":""2026-07-19.1"",""raw_sha256"":""e78ff2b6ed521ad894a70271a3254fcf434813916fdade4f7d449bc4fdf34ef9"",""salary_source_currency"":""VND"",""source_url"":""https://www.topcv.vn/viec-lam/chuyen-vien-chuyen-doi-so/1773313.html"",""title_normalizer_revision"":""2f434fba22de3a14c1b199331c8ca18408dc72e702071bf4bbfe380daff40f58""}"
topcv,1775388,2026-01-01,Chuyên Viên Chuyển Đổi Số,Chuyên Viên Chuyển Đổi Số,mid,Ho Chi Minh,1,1,[],15000000,20000000,information_technology,"{""dataset"":""baocgb/vietnam-it-jobs-raw-data-from-topcv-2026"",""dataset_commit"":""kaggle-9263561-v1:e78ff2b6ed521ad894a70271a3254fcf434813916fdade4f7d449bc4fdf34ef9"",""dataset_url"":""https://www.kaggle.com/datasets/baocgb/vietnam-it-jobs-raw-data-from-topcv-2026"",""dataset_version"":""1"",""license"":""CC-BY-4.0"",""location_normalizer_revision"":""2026-07-19.1"",""raw_sha256"":""e78ff2b6ed521ad894a70271a3254fcf434813916fdade4f7d449bc4fdf34ef9"",""salary_source_currency"":""VND"",""source_url"":""https://www.topcv.vn/viec-lam/chuyen-vien-chuyen-doi-so/1775388.html"",""title_normalizer_revision"":""2f434fba22de3a14c1b199331c8ca18408dc72e702071bf4bbfe380daff40f58""}"
topcv,1779180,2025-12-18,IOS Developer (Swift) – Level Junior/ Middle | Từ 2 - 3 Năm Kinh Nghiệm Code Swift Hoặc Objective-C | Thu Nhập Tới 30 Triệu,Junior Mobile Developer,junior,Ha Noi,2,2,[],,30000000,information_technology,"{""dataset"":""baocgb/vietnam-it-jobs-raw-data-from-topcv-2026"",""dataset_commit"":""kaggle-9263561-v1:e78ff2b6ed521ad894a70271a3254fcf434813916fdade4f7d449bc4fdf34ef9"",""dataset_url"":""https://www.kaggle.com/datasets/baocgb/vietnam-it-jobs-raw-data-from-topcv-2026"",""dataset_version"":""1"",""license"":""CC-BY-4.0"",""location_normalizer_revision"":""2026-07-19.1"",""raw_sha256"":""e78ff2b6ed521ad894a70271a3254fcf434813916fdade4f7d449bc4fdf34ef9"",""salary_source_currency"":""VND"",""source_url"":""https://www.topcv.vn/viec-lam/ios-developer-swift-level-junior-middle-tu-2-3-nam-kinh-nghiem-code-swift-hoac-objective-c-thu-nhap-toi-30-trieu/1779180.html"",""title_normalizer_revision"":""2f434fba22de3a14c1b199331c8ca18408dc72e702071bf4bbfe380daff40f58""}"
topcv,1780310,2026-01-08,Chuyên Viên Chuyển Đổi Số,Chuyên Viên Chuyển Đổi Số,mid,Ho Chi Minh,2,2,[],11000000,17000000,information_technology,"{""dataset"":""baocgb/vietnam-it-jobs-raw-data-from-topcv-2026"",""dataset_commit"":""kaggle-9263561-v1:e78ff2b6ed521ad894a70271a3254fcf434813916fdade4f7d449bc4fdf34ef9"",""dataset_url"":""https://www.kaggle.com/datasets/baocgb/vietnam-it-jobs-raw-data-from-topcv-2026"",""dataset_version"":""1"",""license"":""CC-BY-4.0"",""location_normalizer_revision"":""2026-07-19.1"",""raw_sha256"":""e78ff2b6ed521ad894a70271a3254fcf434813916fdade4f7d449bc4fdf34ef9"",""salary_source_currency"":""VND"",""source_url"":""https://www.topcv.vn/viec-lam/chuyen-vien-chuyen-doi-so/1780310.html"",""title_normalizer_revision"":""2f434fba22de3a14c1b199331c8ca18408dc72e702071bf4bbfe380daff40f58""}"
topcv,1780886,2026-01-08,Nhân Viên SEO Website Ít Kinh Nghiệm,Nhân Viên SEO Website Ít Kinh Nghiệm,mid,Ha Noi,1,1,[],8000000,12000000,information_technology,"{""dataset"":""baocgb/vietnam-it-jobs-raw-data-from-topcv-2026"",""dataset_commit"":""kaggle-9263561-v1:e78ff2b6ed521ad894a70271a3254fcf434813916fdade4f7d449bc4fdf34ef9"",""dataset_url"":""https://www.kaggle.com/datasets/baocgb/vietnam-it-jobs-raw-data-from-topcv-2026"",""dataset_version"":""1"",""license"":""CC-BY-4.0"",""location_normalizer_revision"":""2026-07-19.1"",""raw_sha256"":""e78ff2b6ed521ad894a70271a3254fcf434813916fdade4f7d449bc4fdf34ef9"",""salary_source_currency"":""VND"",""source_url"":""https://www.topcv.vn/viec-lam/nhan-vien-seo-website-it-kinh-nghiem/1780886.html"",""title_normalizer_revision"":""2f434fba22de3a14c1b199331c8ca18408dc72e702071bf4bbfe380daff40f58""}"
topcv,1781998,2026-01-08,Mobile Developer Kotlin - Junior Level (Android/ Product)-Lương Upto 25.000.000đ- Hà Nội- Đi Làm Luôn,Junior Mobile Developer,junior,Ha Noi,2,2,[],15000000,25000000,information_technology,"{""dataset"":""baocgb/vietnam-it-jobs-raw-data-from-topcv-2026"",""dataset_commit"":""kaggle-9263561-v1:e78ff2b6ed521ad894a70271a3254fcf434813916fdade4f7d449bc4fdf34ef9"",""dataset_url"":""https://www.kaggle.com/datasets/baocgb/vietnam-it-jobs-raw-data-from-topcv-2026"",""dataset_version"":""1"",""license"":""CC-BY-4.0"",""location_normalizer_revision"":""2026-07-19.1"",""raw_sha256"":""e78ff2b6ed521ad894a70271a3254fcf434813916fdade4f7d449bc4fdf34ef9"",""salary_source_currency"":""VND"",""source_url"":""https://www.topcv.vn/brand/ahv/tuyen-dung/mobile-developer-kotlin-junior-level-android-product-luong-upto-25-000-000d-ha-noi-di-lam-luon-j1781998.html"",""title_normalizer_revision"":""2f434fba22de3a14c1b199331c8ca18408dc72e702071bf4bbfe380daff40f58""}"
topcv,1785496,2026-01-01,Unity Developer,Game Developer,mid,Ha Noi,3,3,[],18000000,25000000,information_technology,"{""dataset"":""baocgb/vietnam-it-jobs-raw-data-from-topcv-2026"",""dataset_commit"":""kaggle-9263561-v1:e78ff2b6ed521ad894a70271a3254fcf434813916fdade4f7d449bc4fdf34ef9"",""dataset_url"":""https://www.kaggle.com/datasets/baocgb/vietnam-it-jobs-raw-data-from-topcv-2026"",""dataset_version"":""1"",""license"":""CC-BY-4.0"",""location_normalizer_revision"":""2026-07-19.1"",""raw_sha256"":""e78ff2b6ed521ad894a70271a3254fcf434813916fdade4f7d449bc4fdf34ef9"",""salary_source_currency"":""VND"",""source_url"":""https://www.topcv.vn/viec-lam/unity-developer/1785496.html"",""title_normalizer_revision"":""2f434fba22de3a14c1b199331c8ca18408dc72e702071bf4bbfe380daff40f58""}"
topcv,1785633,2026-01-08,Backend Developer - Senior Level (Pythonl) Upto 40M,Senior Backend Developer,senior,Ha Noi,2,2,[],,40000000,information_technology,"{""dataset"":""baocgb/vietnam-it-jobs-raw-data-from-topcv-2026"",""dataset_commit"":""kaggle-9263561-v1:e78ff2b6ed521ad894a70271a3254fcf434813916fdade4f7d449bc4fdf34ef9"",""dataset_url"":""https://www.kaggle.com/datasets/baocgb/vietnam-it-jobs-raw-data-from-topcv-2026"",""dataset_version"":""1"",""license"":""CC-BY-4.0"",""location_normalizer_revision"":""2026-07-19.1"",""raw_sha256"":""e78ff2b6ed521ad894a70271a3254fcf434813916fdade4f7d449bc4fdf34ef9"",""salary_source_currency"":""VND"",""source_url"":""https://www.topcv.vn/viec-lam/backend-developer-senior-level-pythonl-upto-40m/1785633.html"",""title_normalizer_revision"":""2f434fba22de3a14c1b199331c8ca18408dc72e702071bf4bbfe380daff40f58""}"
topcv,1787066,2026-01-08,Intern PHP,Intern PHP,intern,Ha Noi,,,[],,5000000,information_technology,"{""dataset"":""baocgb/vietnam-it-jobs-raw-data-from-topcv-2026"",""dataset_commit"":""kaggle-9263561-v1:e78ff2b6ed521ad894a70271a3254fcf434813916fdade4f7d449bc4fdf34ef9"",""dataset_url"":""https://www.kaggle.com/datasets/baocgb/vietnam-it-jobs-raw-data-from-topcv-2026"",""dataset_version"":""1"",""license"":""CC-BY-4.0"",""location_normalizer_revision"":""2026-07-19.1"",""raw_sha256"":""e78ff2b6ed521ad894a70271a3254fcf434813916fdade4f7d449bc4fdf34ef9"",""salary_source_currency"":""VND"",""source_url"":""https://www.topcv.vn/viec-lam/intern-php/1787066.html"",""title_normalizer_revision"":""2f434fba22de3a14c1b199331c8ca18408dc72e702071bf4bbfe380daff40f58""}"
topcv,1790286,2025-12-25,AI Engineer (LLM/RAG/Knowledge Graphs),AI Engineer,mid,Ha Noi,2,2,[],,40000000,information_technology,"{""dataset"":""baocgb/vietnam-it-jobs-raw-data-from-topcv-2026"",""dataset_commit"":""kaggle-9263561-v1:e78ff2b6ed521ad894a70271a3254fcf434813916fdade4f7d449bc4fdf34ef9"",""dataset_url"":""https://www.kaggle.com/datasets/baocgb/vietnam-it-jobs-raw-data-from-topcv-2026"",""dataset_version"":""1"",""license"":""CC-BY-4.0"",""location_normalizer_revision"":""2026-07-19.1"",""raw_sha256"":""e78ff2b6ed521ad894a70271a3254fcf434813916fdade4f7d449bc4fdf34ef9"",""salary_source_currency"":""VND"",""source_url"":""https://www.topcv.vn/viec-lam/ai-engineer-llm-rag-knowledge-graphs/1790286.html"",""title_normalizer_revision"":""2f434fba22de3a14c1b199331c8ca18408dc72e702071bf4bbfe380daff40f58""}"
topcv,1791222,2026-01-14,Thực Tập Sinh Lập Trình Unity Game 3D (Fulltime),Thực Tập Sinh Lập Trình Unity Game 3D Fulltime ,intern,Ha Noi,1,1,[],4000000,5000000,information_technology,"{""dataset"":""baocgb/vietnam-it-jobs-raw-data-from-topcv-2026"",""dataset_commit"":""kaggle-9263561-v1:e78ff2b6ed521ad894a70271a3254fcf434813916fdade4f7d449bc4fdf34ef9"",""dataset_url"":""https://www.kaggle.com/datasets/baocgb/vietnam-it-jobs-raw-data-from-topcv-2026"",""dataset_version"":""1"",""license"":""CC-BY-4.0"",""location_normalizer_revision"":""2026-07-19.1"",""raw_sha256"":""e78ff2b6ed521ad894a70271a3254fcf434813916fdade4f7d449bc4fdf34ef9"",""salary_source_currency"":""VND"",""source_url"":""https://www.topcv.vn/viec-lam/thuc-tap-sinh-lap-trinh-unity-game-3d-fulltime/1791222.html"",""title_normalizer_revision"":""2f434fba22de3a14c1b199331c8ca18408dc72e702071bf4bbfe380daff40f58""}"
topcv,1791843,2026-01-10,Business Analyst (Japanese),Business Analyst,mid,Ha Noi,2,2,[],,40000000,information_technology,"{""dataset"":""baocgb/vietnam-it-jobs-raw-data-from-topcv-2026"",""dataset_commit"":""kaggle-9263561-v1:e78ff2b6ed521ad894a70271a3254fcf434813916fdade4f7d449bc4fdf34ef9"",""dataset_url"":""https://www.kaggle.com/datasets/baocgb/vietnam-it-jobs-raw-data-from-topcv-2026"",""dataset_version"":""1"",""license"":""CC-BY-4.0"",""location_normalizer_revision"":""2026-07-19.1"",""raw_sha256"":""e78ff2b6ed521ad894a70271a3254fcf434813916fdade4f7d449bc4fdf34ef9"",""salary_source_currency"":""VND"",""source_url"":""https://www.topcv.vn/viec-lam/business-analyst-japanese/1791843.html"",""title_normalizer_revision"":""2f434fba22de3a14c1b199331c8ca18408dc72e702071bf4bbfe380daff40f58""}"
topcv,1791913,2026-01-14,Thực Tập Sinh Lập Trình Unity Game 3D,Thực Tập Sinh Lập Trình Unity Game 3D,intern,Ha Noi,1,1,[],4000000,4500000,information_technology,"{""dataset"":""baocgb/vietnam-it-jobs-raw-data-from-topcv-2026"",""dataset_commit"":""kaggle-9263561-v1:e78ff2b6ed521ad894a70271a3254fcf434813916fdade4f7d449bc4fdf34ef9"",""dataset_url"":""https://www.kaggle.com/datasets/baocgb/vietnam-it-jobs-raw-data-from-topcv-2026"",""dataset_version"":""1"",""license"":""CC-BY-4.0"",""location_normalizer_revision"":""2026-07-19.1"",""raw_sha256"":""e78ff2b6ed521ad894a70271a3254fcf434813916fdade4f7d449bc4fdf34ef9"",""salary_source_currency"":""VND"",""source_url"":""https://www.topcv.vn/viec-lam/thuc-tap-sinh-lap-trinh-unity-game-3d/1791913.html"",""title_normalizer_revision"":""2f434fba22de3a14c1b199331c8ca18408dc72e702071bf4bbfe380daff40f58""}"
topcv,1793046,2026-01-08,"Nhân Viên IT (IT Helpdesk, Làm Việc Tại Đông Triều, Quảng Ninh)",IT Support,mid,Quảng Ninh,2,2,[],8000000,10000000,information_technology,"{""dataset"":""baocgb/vietnam-it-jobs-raw-data-from-topcv-2026"",""dataset_commit"":""kaggle-9263561-v1:e78ff2b6ed521ad894a70271a3254fcf434813916fdade4f7d449bc4fdf34ef9"",""dataset_url"":""https://www.kaggle.com/datasets/baocgb/vietnam-it-jobs-raw-data-from-topcv-2026"",""dataset_version"":""1"",""license"":""CC-BY-4.0"",""location_normalizer_revision"":""2026-07-19.1"",""raw_sha256"":""e78ff2b6ed521ad894a70271a3254fcf434813916fdade4f7d449bc4fdf34ef9"",""salary_source_currency"":""VND"",""source_url"":""https://www.topcv.vn/viec-lam/nhan-vien-it-it-helpdesk-lam-viec-tai-dong-trieu-quang-ninh/1793046.html"",""title_normalizer_revision"":""2f434fba22de3a14c1b199331c8ca18408dc72e702071bf4bbfe380daff40f58""}"
topcv,1794761,2026-01-08,IT Auditor_Chuyên Viên Kiểm Toán CNTT,IT Auditor_Chuyên Viên Kiểm Toán CNTT,mid,Ho Chi Minh,3,3,[],15000000,20000000,information_technology,"{""dataset"":""baocgb/vietnam-it-jobs-raw-data-from-topcv-2026"",""dataset_commit"":""kaggle-9263561-v1:e78ff2b6ed521ad894a70271a3254fcf434813916fdade4f7d449bc4fdf34ef9"",""dataset_url"":""https://www.kaggle.com/datasets/baocgb/vietnam-it-jobs-raw-data-from-topcv-2026"",""dataset_version"":""1"",""license"":""CC-BY-4.0"",""location_normalizer_revision"":""2026-07-19.1"",""raw_sha256"":""e78ff2b6ed521ad894a70271a3254fcf434813916fdade4f7d449bc4fdf34ef9"",""salary_source_currency"":""VND"",""source_url"":""https://www.topcv.vn/viec-lam/it-auditor-chuyen-vien-kiem-toan-cntt/1794761.html"",""title_normalizer_revision"":""2f434fba22de3a14c1b199331c8ca18408dc72e702071bf4bbfe380daff40f58""}"
topcv,1796085,2025-12-25,Business Development Executive,Business Development Executive,mid,Ha Noi,1,1,[],10000000,15000000,information_technology,"{""dataset"":""baocgb/vietnam-it-jobs-raw-data-from-topcv-2026"",""dataset_commit"":""kaggle-9263561-v1:e78ff2b6ed521ad894a70271a3254fcf434813916fdade4f7d449bc4fdf34ef9"",""dataset_url"":""https://www.kaggle.com/datasets/baocgb/vietnam-it-jobs-raw-data-from-topcv-2026"",""dataset_version"":""1"",""license"":""CC-BY-4.0"",""location_normalizer_revision"":""2026-07-19.1"",""raw_sha256"":""e78ff2b6ed521ad894a70271a3254fcf434813916fdade4f7d449bc4fdf34ef9"",""salary_source_currency"":""VND"",""source_url"":""https://www.topcv.vn/viec-lam/business-development-executive/1796085.html"",""title_normalizer_revision"":""2f434fba22de3a14c1b199331c8ca18408dc72e702071bf4bbfe380daff40f58""}"
topcv,1800108,2026-01-01,BrSE - Kỹ Sư Cầu Nối,BrSE - Kỹ Sư Cầu Nối,mid,Da Nang,1,1,[],,75000000,information_technology,"{""dataset"":""baocgb/vietnam-it-jobs-raw-data-from-topcv-2026"",""dataset_commit"":""kaggle-9263561-v1:e78ff2b6ed521ad894a70271a3254fcf434813916fdade4f7d449bc4fdf34ef9"",""dataset_url"":""https://www.kaggle.com/datasets/baocgb/vietnam-it-jobs-raw-data-from-topcv-2026"",""dataset_version"":""1"",""license"":""CC-BY-4.0"",""location_normalizer_revision"":""2026-07-19.1"",""raw_sha256"":""e78ff2b6ed521ad894a70271a3254fcf434813916fdade4f7d449bc4fdf34ef9"",""salary_source_currency"":""USD"",""source_url"":""https://www.topcv.vn/viec-lam/brse-ky-su-cau-noi/1800108.html"",""title_normalizer_revision"":""2f434fba22de3a14c1b199331c8ca18408dc72e702071bf4bbfe380daff40f58"",""usd_to_vnd"":""25000""}"
topcv,1807756,2026-01-01,Nhân Viên Kỹ Thuật Điều Phối Bảo Hành Topcare,Nhân Viên Kỹ Thuật Điều Phối Bảo Hành Topcare,mid,Khánh Hòa,1,1,[],12000000,15000000,information_technology,"{""dataset"":""baocgb/vietnam-it-jobs-raw-data-from-topcv-2026"",""dataset_commit"":""kaggle-9263561-v1:e78ff2b6ed521ad894a70271a3254fcf434813916fdade4f7d449bc4fdf34ef9"",""dataset_url"":""https://www.kaggle.com/datasets/baocgb/vietnam-it-jobs-raw-data-from-topcv-2026"",""dataset_version"":""1"",""license"":""CC-BY-4.0"",""location_normalizer_revision"":""2026-07-19.1"",""raw_sha256"":""e78ff2b6ed521ad894a70271a3254fcf434813916fdade4f7d449bc4fdf34ef9"",""salary_source_currency"":""VND"",""source_url"":""https://www.topcv.vn/viec-lam/nhan-vien-ky-thuat-dieu-phoi-bao-hanh-topcare/1807756.html"",""title_normalizer_revision"":""2f434fba22de3a14c1b199331c8ca18408dc72e702071bf4bbfe380daff40f58""}"
topcv,1808164,2026-01-09,Nhân Viên Kinh Doanh Công Nghệ Thông Tin MobiFone,Nhân Viên Kinh Doanh Công Nghệ Thông Tin MobiFone,mid,Ho Chi Minh,,,[],9000000,20000000,information_technology,"{""dataset"":""baocgb/vietnam-it-jobs-raw-data-from-topcv-2026"",""dataset_commit"":""kaggle-9263561-v1:e78ff2b6ed521ad894a70271a3254fcf434813916fdade4f7d449bc4fdf34ef9"",""dataset_url"":""https://www.kaggle.com/datasets/baocgb/vietnam-it-jobs-raw-data-from-topcv-2026"",""dataset_version"":""1"",""license"":""CC-BY-4.0"",""location_normalizer_revision"":""2026-07-19.1"",""raw_sha256"":""e78ff2b6ed521ad894a70271a3254fcf434813916fdade4f7d449bc4fdf34ef9"",""salary_source_currency"":""VND"",""source_url"":""https://www.topcv.vn/viec-lam/nhan-vien-kinh-doanh-cong-nghe-thong-tin-mobifone/1808164.html"",""title_normalizer_revision"":""2f434fba22de3a14c1b199331c8ca18408dc72e702071bf4bbfe380daff40f58""}"
topcv,1814764,2026-01-01,Software Quality Support Intern,Software Quality Support Intern,intern,Ha Noi,,,[],2000000,2500000,information_technology,"{""dataset"":""baocgb/vietnam-it-jobs-raw-data-from-topcv-2026"",""dataset_commit"":""kaggle-9263561-v1:e78ff2b6ed521ad894a70271a3254fcf434813916fdade4f7d449bc4fdf34ef9"",""dataset_url"":""https://www.kaggle.com/datasets/baocgb/vietnam-it-jobs-raw-data-from-topcv-2026"",""dataset_version"":""1"",""license"":""CC-BY-4.0"",""location_normalizer_revision"":""2026-07-19.1"",""raw_sha256"":""e78ff2b6ed521ad894a70271a3254fcf434813916fdade4f7d449bc4fdf34ef9"",""salary_source_currency"":""VND"",""source_url"":""https://www.topcv.vn/viec-lam/software-quality-support-intern/1814764.html"",""title_normalizer_revision"":""2f434fba22de3a14c1b199331c8ca18408dc72e702071bf4bbfe380daff40f58""}"
topcv,1816001,2026-01-12,Project Assistant Trainee,Project Assistant Trainee,mid,Ha Noi,,,[],3000000,5000000,information_technology,"{""dataset"":""baocgb/vietnam-it-jobs-raw-data-from-topcv-2026"",""dataset_commit"":""kaggle-9263561-v1:e78ff2b6ed521ad894a70271a3254fcf434813916fdade4f7d449bc4fdf34ef9"",""dataset_url"":""https://www.kaggle.com/datasets/baocgb/vietnam-it-jobs-raw-data-from-topcv-2026"",""dataset_version"":""1"",""license"":""CC-BY-4.0"",""location_normalizer_revision"":""2026-07-19.1"",""raw_sha256"":""e78ff2b6ed521ad894a70271a3254fcf434813916fdade4f7d449bc4fdf34ef9"",""salary_source_currency"":""VND"",""source_url"":""https://www.topcv.vn/viec-lam/project-assistant-trainee/1816001.html"",""title_normalizer_revision"":""2f434fba22de3a14c1b199331c8ca18408dc72e702071bf4bbfe380daff40f58""}"
topcv,1821347,2026-01-10,Manual Tester Intern,QA Engineer,intern,Da Nang,,,[],3000000,10000000,information_technology,"{""dataset"":""baocgb/vietnam-it-jobs-raw-data-from-topcv-2026"",""dataset_commit"":""kaggle-9263561-v1:e78ff2b6ed521ad894a70271a3254fcf434813916fdade4f7d449bc4fdf34ef9"",""dataset_url"":""https://www.kaggle.com/datasets/baocgb/vietnam-it-jobs-raw-data-from-topcv-2026"",""dataset_version"":""1"",""license"":""CC-BY-4.0"",""location_normalizer_revision"":""2026-07-19.1"",""raw_sha256"":""e78ff2b6ed521ad894a70271a3254fcf434813916fdade4f7d449bc4fdf34ef9"",""salary_source_currency"":""VND"",""source_url"":""https://www.topcv.vn/viec-lam/manual-tester-intern/1821347.html"",""title_normalizer_revision"":""2f434fba22de3a14c1b199331c8ca18408dc72e702071bf4bbfe380daff40f58""}"
topcv,1821916,2026-01-01,Thực Tập Sinh Phân Tích Và Triển Khai Nghiệp Vụ,Thực Tập Sinh Phân Tích Và Triển Khai Nghiệp Vụ,intern,Ha Noi,,,[],2000000,4000000,information_technology,"{""dataset"":""baocgb/vietnam-it-jobs-raw-data-from-topcv-2026"",""dataset_commit"":""kaggle-9263561-v1:e78ff2b6ed521ad894a70271a3254fcf434813916fdade4f7d449bc4fdf34ef9"",""dataset_url"":""https://www.kaggle.com/datasets/baocgb/vietnam-it-jobs-raw-data-from-topcv-2026"",""dataset_version"":""1"",""license"":""CC-BY-4.0"",""location_normalizer_revision"":""2026-07-19.1"",""raw_sha256"":""e78ff2b6ed521ad894a70271a3254fcf434813916fdade4f7d449bc4fdf34ef9"",""salary_source_currency"":""VND"",""source_url"":""https://www.topcv.vn/viec-lam/thuc-tap-sinh-phan-tich-va-trien-khai-nghiep-vu/1821916.html"",""title_normalizer_revision"":""2f434fba22de3a14c1b199331c8ca18408dc72e702071bf4bbfe380daff40f58""}"
topcv,1823095,2026-01-08,"Senior JAVA Developer (5 Năm Kinh Nghiệm) Lương Từ 20 - 45 Triệu Tại Hà Nội, Đi Làm Ngay",Senior Backend Developer,senior,Ha Noi,5,5,[],20000000,45000000,information_technology,"{""dataset"":""baocgb/vietnam-it-jobs-raw-data-from-topcv-2026"",""dataset_commit"":""kaggle-9263561-v1:e78ff2b6ed521ad894a70271a3254fcf434813916fdade4f7d449bc4fdf34ef9"",""dataset_url"":""https://www.kaggle.com/datasets/baocgb/vietnam-it-jobs-raw-data-from-topcv-2026"",""dataset_version"":""1"",""license"":""CC-BY-4.0"",""location_normalizer_revision"":""2026-07-19.1"",""raw_sha256"":""e78ff2b6ed521ad894a70271a3254fcf434813916fdade4f7d449bc4fdf34ef9"",""salary_source_currency"":""VND"",""source_url"":""https://www.topcv.vn/viec-lam/senior-java-developer-5-nam-kinh-nghiem-luong-tu-20-45-trieu-tai-ha-noi-di-lam-ngay/1823095.html"",""title_normalizer_revision"":""2f434fba22de3a14c1b199331c8ca18408dc72e702071bf4bbfe380daff40f58""}"
topcv,1823145,2026-01-13,Senior Business Analyst (Chuyển Đổi Số Khối CP),Senior Business Analyst,senior,Ha Noi,3,3,[],18000000,35000000,information_technology,"{""dataset"":""baocgb/vietnam-it-jobs-raw-data-from-topcv-2026"",""dataset_commit"":""kaggle-9263561-v1:e78ff2b6ed521ad894a70271a3254fcf434813916fdade4f7d449bc4fdf34ef9"",""dataset_url"":""https://www.kaggle.com/datasets/baocgb/vietnam-it-jobs-raw-data-from-topcv-2026"",""dataset_version"":""1"",""license"":""CC-BY-4.0"",""location_normalizer_revision"":""2026-07-19.1"",""raw_sha256"":""e78ff2b6ed521ad894a70271a3254fcf434813916fdade4f7d449bc4fdf34ef9"",""salary_source_currency"":""VND"",""source_url"":""https://www.topcv.vn/viec-lam/senior-business-analyst-chuyen-doi-so-khoi-cp/1823145.html"",""title_normalizer_revision"":""2f434fba22de3a14c1b199331c8ca18408dc72e702071bf4bbfe380daff40f58""}"
topcv,1824453,2026-01-01,Nhân Viên IT Phần Cứng,Nhân Viên IT Phần Cứng,mid,Hải Phòng,2,2,[],10000000,17000000,information_technology,"{""dataset"":""baocgb/vietnam-it-jobs-raw-data-from-topcv-2026"",""dataset_commit"":""kaggle-9263561-v1:e78ff2b6ed521ad894a70271a3254fcf434813916fdade4f7d449bc4fdf34ef9"",""dataset_url"":""https://www.kaggle.com/datasets/baocgb/vietnam-it-jobs-raw-data-from-topcv-2026"",""dataset_version"":""1"",""license"":""CC-BY-4.0"",""location_normalizer_revision"":""2026-07-19.1"",""raw_sha256"":""e78ff2b6ed521ad894a70271a3254fcf434813916fdade4f7d449bc4fdf34ef9"",""salary_source_currency"":""VND"",""source_url"":""https://www.topcv.vn/viec-lam/nhan-vien-it-phan-cung/1824453.html"",""title_normalizer_revision"":""2f434fba22de3a14c1b199331c8ca18408dc72e702071bf4bbfe380daff40f58""}"
topcv,1828478,2025-12-25,"Business Analyst [Hà Nội] - Tuyển Nam, Thu Nhập Upto 15 Triệu, Tối Thiểu 1 Năm Kinh Nghiệm",Business Analyst,mid,Ha Noi,1,1,[],11000000,15000000,information_technology,"{""dataset"":""baocgb/vietnam-it-jobs-raw-data-from-topcv-2026"",""dataset_commit"":""kaggle-9263561-v1:e78ff2b6ed521ad894a70271a3254fcf434813916fdade4f7d449bc4fdf34ef9"",""dataset_url"":""https://www.kaggle.com/datasets/baocgb/vietnam-it-jobs-raw-data-from-topcv-2026"",""dataset_version"":""1"",""license"":""CC-BY-4.0"",""location_normalizer_revision"":""2026-07-19.1"",""raw_sha256"":""e78ff2b6ed521ad894a70271a3254fcf434813916fdade4f7d449bc4fdf34ef9"",""salary_source_currency"":""VND"",""source_url"":""https://www.topcv.vn/viec-lam/business-analyst-ha-noi-tuyen-nam-thu-nhap-upto-15-trieu-toi-thieu-1-nam-kinh-nghiem/1828478.html"",""title_normalizer_revision"":""2f434fba22de3a14c1b199331c8ca18408dc72e702071bf4bbfe380daff40f58""}"
topcv,1828745,2026-01-01,Project Manager,Project Manager,manager,Nhật Bản,5,5,[],65000000,105000000,information_technology,"{""dataset"":""baocgb/vietnam-it-jobs-raw-data-from-topcv-2026"",""dataset_commit"":""kaggle-9263561-v1:e78ff2b6ed521ad894a70271a3254fcf434813916fdade4f7d449bc4fdf34ef9"",""dataset_url"":""https://www.kaggle.com/datasets/baocgb/vietnam-it-jobs-raw-data-from-topcv-2026"",""dataset_version"":""1"",""license"":""CC-BY-4.0"",""location_normalizer_revision"":""2026-07-19.1"",""raw_sha256"":""e78ff2b6ed521ad894a70271a3254fcf434813916fdade4f7d449bc4fdf34ef9"",""salary_source_currency"":""VND"",""source_url"":""https://www.topcv.vn/viec-lam/project-manager/1828745.html"",""title_normalizer_revision"":""2f434fba22de3a14c1b199331c8ca18408dc72e702071bf4bbfe380daff40f58""}"
topcv,1828919,2026-01-01,User Acquisition Marketing/ IOS UA/ UA Marketing (Có Kinh Nghiệm Ads Campaign),User Acquisition Marketing/ IOS UA/ UA Marketing Có Kinh Nghiệm Ads Campaign ,mid,Ha Noi,1,1,[],12000000,25000000,information_technology,"{""dataset"":""baocgb/vietnam-it-jobs-raw-data-from-topcv-2026"",""dataset_commit"":""kaggle-9263561-v1:e78ff2b6ed521ad894a70271a3254fcf434813916fdade4f7d449bc4fdf34ef9"",""dataset_url"":""https://www.kaggle.com/datasets/baocgb/vietnam-it-jobs-raw-data-from-topcv-2026"",""dataset_version"":""1"",""license"":""CC-BY-4.0"",""location_normalizer_revision"":""2026-07-19.1"",""raw_sha256"":""e78ff2b6ed521ad894a70271a3254fcf434813916fdade4f7d449bc4fdf34ef9"",""salary_source_currency"":""VND"",""source_url"":""https://www.topcv.vn/viec-lam/user-acquisition-marketing-ios-ua-ua-marketing-co-kinh-nghiem-ads-campaign/1828919.html"",""title_normalizer_revision"":""2f434fba22de3a14c1b199331c8ca18408dc72e702071bf4bbfe380daff40f58""}"
topcv,1829457,2026-01-08,Chuyên Viên Phát Triển Game Unity (Casual/Puzzle),Game Developer,mid,Ha Noi,3,3,[],,40000000,information_technology,"{""dataset"":""baocgb/vietnam-it-jobs-raw-data-from-topcv-2026"",""dataset_commit"":""kaggle-9263561-v1:e78ff2b6ed521ad894a70271a3254fcf434813916fdade4f7d449bc4fdf34ef9"",""dataset_url"":""https://www.kaggle.com/datasets/baocgb/vietnam-it-jobs-raw-data-from-topcv-2026"",""dataset_version"":""1"",""license"":""CC-BY-4.0"",""location_normalizer_revision"":""2026-07-19.1"",""raw_sha256"":""e78ff2b6ed521ad894a70271a3254fcf434813916fdade4f7d449bc4fdf34ef9"",""salary_source_currency"":""VND"",""source_url"":""https://www.topcv.vn/viec-lam/chuyen-vien-phat-trien-game-unity-casual-puzzle/1829457.html"",""title_normalizer_revision"":""2f434fba22de3a14c1b199331c8ca18408dc72e702071bf4bbfe380daff40f58""}"
topcv,1830793,2026-01-01,Java Developer (KHDN),Backend Developer,mid,Ha Noi,2,2,[],25000000,34000000,information_technology,"{""dataset"":""baocgb/vietnam-it-jobs-raw-data-from-topcv-2026"",""dataset_commit"":""kaggle-9263561-v1:e78ff2b6ed521ad894a70271a3254fcf434813916fdade4f7d449bc4fdf34ef9"",""dataset_url"":""https://www.kaggle.com/datasets/baocgb/vietnam-it-jobs-raw-data-from-topcv-2026"",""dataset_version"":""1"",""license"":""CC-BY-4.0"",""location_normalizer_revision"":""2026-07-19.1"",""raw_sha256"":""e78ff2b6ed521ad894a70271a3254fcf434813916fdade4f7d449bc4fdf34ef9"",""salary_source_currency"":""VND"",""source_url"":""https://www.topcv.vn/viec-lam/java-developer-khdn/1830793.html"",""title_normalizer_revision"":""2f434fba22de3a14c1b199331c8ca18408dc72e702071bf4bbfe380daff40f58""}"
topcv,1831112,2026-01-14,Lập Trình IOS,Mobile Developer,mid,Ha Noi,3,3,[],25000000,40000000,information_technology,"{""dataset"":""baocgb/vietnam-it-jobs-raw-data-from-topcv-2026"",""dataset_commit"":""kaggle-9263561-v1:e78ff2b6ed521ad894a70271a3254fcf434813916fdade4f7d449bc4fdf34ef9"",""dataset_url"":""https://www.kaggle.com/datasets/baocgb/vietnam-it-jobs-raw-data-from-topcv-2026"",""dataset_version"":""1"",""license"":""CC-BY-4.0"",""location_normalizer_revision"":""2026-07-19.1"",""raw_sha256"":""e78ff2b6ed521ad894a70271a3254fcf434813916fdade4f7d449bc4fdf34ef9"",""salary_source_currency"":""VND"",""source_url"":""https://www.topcv.vn/viec-lam/lap-trinh-ios/1831112.html"",""title_normalizer_revision"":""2f434fba22de3a14c1b199331c8ca18408dc72e702071bf4bbfe380daff40f58""}"
topcv,1831236,2026-01-08,IT Business Development (B2B | Software Services),IT Business Development B2B | Software Services ,mid,Ha Noi,,,[],,20000000,information_technology,"{""dataset"":""baocgb/vietnam-it-jobs-raw-data-from-topcv-2026"",""dataset_commit"":""kaggle-9263561-v1:e78ff2b6ed521ad894a70271a3254fcf434813916fdade4f7d449bc4fdf34ef9"",""dataset_url"":""https://www.kaggle.com/datasets/baocgb/vietnam-it-jobs-raw-data-from-topcv-2026"",""dataset_version"":""1"",""license"":""CC-BY-4.0"",""location_normalizer_revision"":""2026-07-19.1"",""raw_sha256"":""e78ff2b6ed521ad894a70271a3254fcf434813916fdade4f7d449bc4fdf34ef9"",""salary_source_currency"":""VND"",""source_url"":""https://www.topcv.vn/viec-lam/it-business-development-b2b-software-services/1831236.html"",""title_normalizer_revision"":""2f434fba22de3a14c1b199331c8ca18408dc72e702071bf4bbfe380daff40f58""}"
topcv,1832296,2026-01-01,Senior PO/BA,Senior PO/BA,senior,Ha Noi,5,5,[],37500000,75000000,information_technology,"{""dataset"":""baocgb/vietnam-it-jobs-raw-data-from-topcv-2026"",""dataset_commit"":""kaggle-9263561-v1:e78ff2b6ed521ad894a70271a3254fcf434813916fdade4f7d449bc4fdf34ef9"",""dataset_url"":""https://www.kaggle.com/datasets/baocgb/vietnam-it-jobs-raw-data-from-topcv-2026"",""dataset_version"":""1"",""license"":""CC-BY-4.0"",""location_normalizer_revision"":""2026-07-19.1"",""raw_sha256"":""e78ff2b6ed521ad894a70271a3254fcf434813916fdade4f7d449bc4fdf34ef9"",""salary_source_currency"":""USD"",""source_url"":""https://www.topcv.vn/viec-lam/senior-po-ba/1832296.html"",""title_normalizer_revision"":""2f434fba22de3a14c1b199331c8ca18408dc72e702071bf4bbfe380daff40f58"",""usd_to_vnd"":""25000""}"
topcv,1833827,2026-01-08,Backend Engineer,Backend Developer,mid,Ho Chi Minh,4,4,[],40000000,55000000,information_technology,"{""dataset"":""baocgb/vietnam-it-jobs-raw-data-from-topcv-2026"",""dataset_commit"":""kaggle-9263561-v1:e78ff2b6ed521ad894a70271a3254fcf434813916fdade4f7d449bc4fdf34ef9"",""dataset_url"":""https://www.kaggle.com/datasets/baocgb/vietnam-it-jobs-raw-data-from-topcv-2026"",""dataset_version"":""1"",""license"":""CC-BY-4.0"",""location_normalizer_revision"":""2026-07-19.1"",""raw_sha256"":""e78ff2b6ed521ad894a70271a3254fcf434813916fdade4f7d449bc4fdf34ef9"",""salary_source_currency"":""VND"",""source_url"":""https://www.topcv.vn/viec-lam/backend-engineer/1833827.html"",""title_normalizer_revision"":""2f434fba22de3a14c1b199331c8ca18408dc72e702071bf4bbfe380daff40f58""}"
topcv,1835045,2026-01-13,"GẤP Fullstack Developer (.NET, React, SQL, C#) - Open Đi Làm Sau Tết Âm",Fullstack Developer,mid,Ha Noi,2,2,[],,37500000,information_technology,"{""dataset"":""baocgb/vietnam-it-jobs-raw-data-from-topcv-2026"",""dataset_commit"":""kaggle-9263561-v1:e78ff2b6ed521ad894a70271a3254fcf434813916fdade4f7d449bc4fdf34ef9"",""dataset_url"":""https://www.kaggle.com/datasets/baocgb/vietnam-it-jobs-raw-data-from-topcv-2026"",""dataset_version"":""1"",""license"":""CC-BY-4.0"",""location_normalizer_revision"":""2026-07-19.1"",""raw_sha256"":""e78ff2b6ed521ad894a70271a3254fcf434813916fdade4f7d449bc4fdf34ef9"",""salary_source_currency"":""USD"",""source_url"":""https://www.topcv.vn/viec-lam/fullstack-developer-net-react-sql-c-open-di-lam-sau-tet-am/1835045.html"",""title_normalizer_revision"":""2f434fba22de3a14c1b199331c8ca18408dc72e702071bf4bbfe380daff40f58"",""usd_to_vnd"":""25000""}"
topcv,1835272,2026-01-08,Data Tester Min 3 Năm Kinh Nghiệm,QA Engineer,mid,Ha Noi,3,3,[],,31000000,information_technology,"{""dataset"":""baocgb/vietnam-it-jobs-raw-data-from-topcv-2026"",""dataset_commit"":""kaggle-9263561-v1:e78ff2b6ed521ad894a70271a3254fcf434813916fdade4f7d449bc4fdf34ef9"",""dataset_url"":""https://www.kaggle.com/datasets/baocgb/vietnam-it-jobs-raw-data-from-topcv-2026"",""dataset_version"":""1"",""license"":""CC-BY-4.0"",""location_normalizer_revision"":""2026-07-19.1"",""raw_sha256"":""e78ff2b6ed521ad894a70271a3254fcf434813916fdade4f7d449bc4fdf34ef9"",""salary_source_currency"":""VND"",""source_url"":""https://www.topcv.vn/viec-lam/data-tester-min-3-nam-kinh-nghiem/1835272.html"",""title_normalizer_revision"":""2f434fba22de3a14c1b199331c8ca18408dc72e702071bf4bbfe380daff40f58""}"
topcv,1836177,2026-01-12,Network Security Engineer,Security Engineer,mid,Ha Noi,4,4,[],25000000,30000000,information_technology,"{""dataset"":""baocgb/vietnam-it-jobs-raw-data-from-topcv-2026"",""dataset_commit"":""kaggle-9263561-v1:e78ff2b6ed521ad894a70271a3254fcf434813916fdade4f7d449bc4fdf34ef9"",""dataset_url"":""https://www.kaggle.com/datasets/baocgb/vietnam-it-jobs-raw-data-from-topcv-2026"",""dataset_version"":""1"",""license"":""CC-BY-4.0"",""location_normalizer_revision"":""2026-07-19.1"",""raw_sha256"":""e78ff2b6ed521ad894a70271a3254fcf434813916fdade4f7d449bc4fdf34ef9"",""salary_source_currency"":""VND"",""source_url"":""https://www.topcv.vn/viec-lam/network-security-engineer/1836177.html"",""title_normalizer_revision"":""2f434fba22de3a14c1b199331c8ca18408dc72e702071bf4bbfe380daff40f58""}"
topcv,1838607,2026-01-01,Kiểm Thử Game,QA Engineer,mid,Ha Noi,1,1,[],10000000,20000000,information_technology,"{""dataset"":""baocgb/vietnam-it-jobs-raw-data-from-topcv-2026"",""dataset_commit"":""kaggle-9263561-v1:e78ff2b6ed521ad894a70271a3254fcf434813916fdade4f7d449bc4fdf34ef9"",""dataset_url"":""https://www.kaggle.com/datasets/baocgb/vietnam-it-jobs-raw-data-from-topcv-2026"",""dataset_version"":""1"",""license"":""CC-BY-4.0"",""location_normalizer_revision"":""2026-07-19.1"",""raw_sha256"":""e78ff2b6ed521ad894a70271a3254fcf434813916fdade4f7d449bc4fdf34ef9"",""salary_source_currency"":""VND"",""source_url"":""https://www.topcv.vn/viec-lam/kiem-thu-game/1838607.html"",""title_normalizer_revision"":""2f434fba22de3a14c1b199331c8ca18408dc72e702071bf4bbfe380daff40f58""}"
topcv,1842948,2026-01-08,Angular Developer - 2 Năm Kinh Nghiệm,Frontend Developer,mid,Ha Noi,2,2,[],,26000000,information_technology,"{""dataset"":""baocgb/vietnam-it-jobs-raw-data-from-topcv-2026"",""dataset_commit"":""kaggle-9263561-v1:e78ff2b6ed521ad894a70271a3254fcf434813916fdade4f7d449bc4fdf34ef9"",""dataset_url"":""https://www.kaggle.com/datasets/baocgb/vietnam-it-jobs-raw-data-from-topcv-2026"",""dataset_version"":""1"",""license"":""CC-BY-4.0"",""location_normalizer_revision"":""2026-07-19.1"",""raw_sha256"":""e78ff2b6ed521ad894a70271a3254fcf434813916fdade4f7d449bc4fdf34ef9"",""salary_source_currency"":""VND"",""source_url"":""https://www.topcv.vn/viec-lam/angular-developer-2-nam-kinh-nghiem/1842948.html"",""title_normalizer_revision"":""2f434fba22de3a14c1b199331c8ca18408dc72e702071bf4bbfe380daff40f58""}"
topcv,1843432,2025-12-18,Nhân Viên Lập Trình CNC,Nhân Viên Lập Trình CNC,mid,Ha Noi,2,2,[],15000000,25000000,information_technology,"{""dataset"":""baocgb/vietnam-it-jobs-raw-data-from-topcv-2026"",""dataset_commit"":""kaggle-9263561-v1:e78ff2b6ed521ad894a70271a3254fcf434813916fdade4f7d449bc4fdf34ef9"",""dataset_url"":""https://www.kaggle.com/datasets/baocgb/vietnam-it-jobs-raw-data-from-topcv-2026"",""dataset_version"":""1"",""license"":""CC-BY-4.0"",""location_normalizer_revision"":""2026-07-19.1"",""raw_sha256"":""e78ff2b6ed521ad894a70271a3254fcf434813916fdade4f7d449bc4fdf34ef9"",""salary_source_currency"":""VND"",""source_url"":""https://www.topcv.vn/viec-lam/nhan-vien-lap-trinh-cnc/1843432.html"",""title_normalizer_revision"":""2f434fba22de3a14c1b199331c8ca18408dc72e702071bf4bbfe380daff40f58""}"
topcv,1847270,2025-12-25,Chuyên Viên Business Analyst Tối Thiểu 3 Năm Kinh Nghiệm - Thu Nhập Từ 12 - 20 Triệu + Thưởng Dự Án,Business Analyst,mid,Ho Chi Minh,3,3,[],12000000,20000000,information_technology,"{""dataset"":""baocgb/vietnam-it-jobs-raw-data-from-topcv-2026"",""dataset_commit"":""kaggle-9263561-v1:e78ff2b6ed521ad894a70271a3254fcf434813916fdade4f7d449bc4fdf34ef9"",""dataset_url"":""https://www.kaggle.com/datasets/baocgb/vietnam-it-jobs-raw-data-from-topcv-2026"",""dataset_version"":""1"",""license"":""CC-BY-4.0"",""location_normalizer_revision"":""2026-07-19.1"",""raw_sha256"":""e78ff2b6ed521ad894a70271a3254fcf434813916fdade4f7d449bc4fdf34ef9"",""salary_source_currency"":""VND"",""source_url"":""https://www.topcv.vn/viec-lam/chuyen-vien-business-analyst-toi-thieu-3-nam-kinh-nghiem-thu-nhap-tu-12-20-trieu-thuong-du-an/1847270.html"",""title_normalizer_revision"":""2f434fba22de3a14c1b199331c8ca18408dc72e702071bf4bbfe380daff40f58""}"
topcv,1851443,2025-12-25,Business Analyst,Business Analyst,mid,Ha Noi,2,2,[],25000000,35000000,information_technology,"{""dataset"":""baocgb/vietnam-it-jobs-raw-data-from-topcv-2026"",""dataset_commit"":""kaggle-9263561-v1:e78ff2b6ed521ad894a70271a3254fcf434813916fdade4f7d449bc4fdf34ef9"",""dataset_url"":""https://www.kaggle.com/datasets/baocgb/vietnam-it-jobs-raw-data-from-topcv-2026"",""dataset_version"":""1"",""license"":""CC-BY-4.0"",""location_normalizer_revision"":""2026-07-19.1"",""raw_sha256"":""e78ff2b6ed521ad894a70271a3254fcf434813916fdade4f7d449bc4fdf34ef9"",""salary_source_currency"":""VND"",""source_url"":""https://www.topcv.vn/viec-lam/business-analyst/1851443.html"",""title_normalizer_revision"":""2f434fba22de3a14c1b199331c8ca18408dc72e702071bf4bbfe380daff40f58""}"
topcv,1851828,2026-01-08,TTS Marketing/ Digital Marketing Fullstack,Fullstack Developer,mid,Ha Noi,,,[],2000000,4000000,information_technology,"{""dataset"":""baocgb/vietnam-it-jobs-raw-data-from-topcv-2026"",""dataset_commit"":""kaggle-9263561-v1:e78ff2b6ed521ad894a70271a3254fcf434813916fdade4f7d449bc4fdf34ef9"",""dataset_url"":""https://www.kaggle.com/datasets/baocgb/vietnam-it-jobs-raw-data-from-topcv-2026"",""dataset_version"":""1"",""license"":""CC-BY-4.0"",""location_normalizer_revision"":""2026-07-19.1"",""raw_sha256"":""e78ff2b6ed521ad894a70271a3254fcf434813916fdade4f7d449bc4fdf34ef9"",""salary_source_currency"":""VND"",""source_url"":""https://www.topcv.vn/viec-lam/tts-marketing-digital-marketing-fullstack/1851828.html"",""title_normalizer_revision"":""2f434fba22de3a14c1b199331c8ca18408dc72e702071bf4bbfe380daff40f58""}"
topcv,1855681,2025-12-25,Manual Tester (App Banking),QA Engineer,mid,Ha Noi,2,2,[],20000000,28000000,information_technology,"{""dataset"":""baocgb/vietnam-it-jobs-raw-data-from-topcv-2026"",""dataset_commit"":""kaggle-9263561-v1:e78ff2b6ed521ad894a70271a3254fcf434813916fdade4f7d449bc4fdf34ef9"",""dataset_url"":""https://www.kaggle.com/datasets/baocgb/vietnam-it-jobs-raw-data-from-topcv-2026"",""dataset_version"":""1"",""license"":""CC-BY-4.0"",""location_normalizer_revision"":""2026-07-19.1"",""raw_sha256"":""e78ff2b6ed521ad894a70271a3254fcf434813916fdade4f7d449bc4fdf34ef9"",""salary_source_currency"":""VND"",""source_url"":""https://www.topcv.vn/viec-lam/manual-tester-app-banking/1855681.html"",""title_normalizer_revision"":""2f434fba22de3a14c1b199331c8ca18408dc72e702071bf4bbfe380daff40f58""}"
topcv,1856752,2025-12-25,Business Analyst - OS Bank,Business Analyst,mid,Ha Noi,2,2,[],15000000,22000000,information_technology,"{""dataset"":""baocgb/vietnam-it-jobs-raw-data-from-topcv-2026"",""dataset_commit"":""kaggle-9263561-v1:e78ff2b6ed521ad894a70271a3254fcf434813916fdade4f7d449bc4fdf34ef9"",""dataset_url"":""https://www.kaggle.com/datasets/baocgb/vietnam-it-jobs-raw-data-from-topcv-2026"",""dataset_version"":""1"",""license"":""CC-BY-4.0"",""location_normalizer_revision"":""2026-07-19.1"",""raw_sha256"":""e78ff2b6ed521ad894a70271a3254fcf434813916fdade4f7d449bc4fdf34ef9"",""salary_source_currency"":""VND"",""source_url"":""https://www.topcv.vn/viec-lam/business-analyst-os-bank/1856752.html"",""title_normalizer_revision"":""2f434fba22de3a14c1b199331c8ca18408dc72e702071bf4bbfe380daff40f58""}"
topcv,1856959,2025-12-25,Thực Tập Sinh Lập Trình PLC (PLC Intern),Thực Tập Sinh Lập Trình PLC PLC Intern ,intern,Ha Noi,,,[],,1500000,information_technology,"{""dataset"":""baocgb/vietnam-it-jobs-raw-data-from-topcv-2026"",""dataset_commit"":""kaggle-9263561-v1:e78ff2b6ed521ad894a70271a3254fcf434813916fdade4f7d449bc4fdf34ef9"",""dataset_url"":""https://www.kaggle.com/datasets/baocgb/vietnam-it-jobs-raw-data-from-topcv-2026"",""dataset_version"":""1"",""license"":""CC-BY-4.0"",""location_normalizer_revision"":""2026-07-19.1"",""raw_sha256"":""e78ff2b6ed521ad894a70271a3254fcf434813916fdade4f7d449bc4fdf34ef9"",""salary_source_currency"":""VND"",""source_url"":""https://www.topcv.vn/viec-lam/thuc-tap-sinh-lap-trinh-plc-plc-intern/1856959.html"",""title_normalizer_revision"":""2f434fba22de3a14c1b199331c8ca18408dc72e702071bf4bbfe380daff40f58""}"
topcv,1863389,2026-01-08,Nhân Viên IT(Tiếng Anh/Tiếng Trung),Nhân Viên IT Tiếng Anh/Tiếng Trung ,mid,Ninh Bình,1,1,[],10000000,18000000,information_technology,"{""dataset"":""baocgb/vietnam-it-jobs-raw-data-from-topcv-2026"",""dataset_commit"":""kaggle-9263561-v1:e78ff2b6ed521ad894a70271a3254fcf434813916fdade4f7d449bc4fdf34ef9"",""dataset_url"":""https://www.kaggle.com/datasets/baocgb/vietnam-it-jobs-raw-data-from-topcv-2026"",""dataset_version"":""1"",""license"":""CC-BY-4.0"",""location_normalizer_revision"":""2026-07-19.1"",""raw_sha256"":""e78ff2b6ed521ad894a70271a3254fcf434813916fdade4f7d449bc4fdf34ef9"",""salary_source_currency"":""VND"",""source_url"":""https://www.topcv.vn/viec-lam/nhan-vien-ittieng-anh-tieng-trung/1863389.html"",""title_normalizer_revision"":""2f434fba22de3a14c1b199331c8ca18408dc72e702071bf4bbfe380daff40f58""}"
topcv,1865729,2026-01-08,System Admin 247,System Admin 247,mid,Ha Noi,2,2,[],15000000,30000000,information_technology,"{""dataset"":""baocgb/vietnam-it-jobs-raw-data-from-topcv-2026"",""dataset_commit"":""kaggle-9263561-v1:e78ff2b6ed521ad894a70271a3254fcf434813916fdade4f7d449bc4fdf34ef9"",""dataset_url"":""https://www.kaggle.com/datasets/baocgb/vietnam-it-jobs-raw-data-from-topcv-2026"",""dataset_version"":""1"",""license"":""CC-BY-4.0"",""location_normalizer_revision"":""2026-07-19.1"",""raw_sha256"":""e78ff2b6ed521ad894a70271a3254fcf434813916fdade4f7d449bc4fdf34ef9"",""salary_source_currency"":""VND"",""source_url"":""https://www.topcv.vn/viec-lam/system-admin-247/1865729.html"",""title_normalizer_revision"":""2f434fba22de3a14c1b199331c8ca18408dc72e702071bf4bbfe380daff40f58""}"
topcv,1866829,2025-12-25,PMO – Project Management Officer,PMO – Project Management Officer,mid,Ha Noi,4,4,[],,40000000,information_technology,"{""dataset"":""baocgb/vietnam-it-jobs-raw-data-from-topcv-2026"",""dataset_commit"":""kaggle-9263561-v1:e78ff2b6ed521ad894a70271a3254fcf434813916fdade4f7d449bc4fdf34ef9"",""dataset_url"":""https://www.kaggle.com/datasets/baocgb/vietnam-it-jobs-raw-data-from-topcv-2026"",""dataset_version"":""1"",""license"":""CC-BY-4.0"",""location_normalizer_revision"":""2026-07-19.1"",""raw_sha256"":""e78ff2b6ed521ad894a70271a3254fcf434813916fdade4f7d449bc4fdf34ef9"",""salary_source_currency"":""VND"",""source_url"":""https://www.topcv.vn/viec-lam/pmo-project-management-officer/1866829.html"",""title_normalizer_revision"":""2f434fba22de3a14c1b199331c8ca18408dc72e702071bf4bbfe380daff40f58""}"
topcv,1867976,2026-01-01,IT Comtor Tiếng Hàn Lương Cao - Ra Tết Onboard,IT Comtor Tiếng Hàn Lương Cao - Ra Tết Onboard,mid,Da Nang,3,3,[],19000000,22000000,information_technology,"{""dataset"":""baocgb/vietnam-it-jobs-raw-data-from-topcv-2026"",""dataset_commit"":""kaggle-9263561-v1:e78ff2b6ed521ad894a70271a3254fcf434813916fdade4f7d449bc4fdf34ef9"",""dataset_url"":""https://www.kaggle.com/datasets/baocgb/vietnam-it-jobs-raw-data-from-topcv-2026"",""dataset_version"":""1"",""license"":""CC-BY-4.0"",""location_normalizer_revision"":""2026-07-19.1"",""raw_sha256"":""e78ff2b6ed521ad894a70271a3254fcf434813916fdade4f7d449bc4fdf34ef9"",""salary_source_currency"":""VND"",""source_url"":""https://www.topcv.vn/viec-lam/it-comtor-tieng-han-luong-cao-ra-tet-onboard/1867976.html"",""title_normalizer_revision"":""2f434fba22de3a14c1b199331c8ca18408dc72e702071bf4bbfe380daff40f58""}"
topcv,1870210,2026-01-12,Chuyên Viên Tuyển Dụng IT_Tiếng Nhật,Chuyên Viên Tuyển Dụng IT_Tiếng Nhật,mid,Ho Chi Minh,2,2,[],15000000,20000000,information_technology,"{""dataset"":""baocgb/vietnam-it-jobs-raw-data-from-topcv-2026"",""dataset_commit"":""kaggle-9263561-v1:e78ff2b6ed521ad894a70271a3254fcf434813916fdade4f7d449bc4fdf34ef9"",""dataset_url"":""https://www.kaggle.com/datasets/baocgb/vietnam-it-jobs-raw-data-from-topcv-2026"",""dataset_version"":""1"",""license"":""CC-BY-4.0"",""location_normalizer_revision"":""2026-07-19.1"",""raw_sha256"":""e78ff2b6ed521ad894a70271a3254fcf434813916fdade4f7d449bc4fdf34ef9"",""salary_source_currency"":""VND"",""source_url"":""https://www.topcv.vn/viec-lam/chuyen-vien-tuyen-dung-it-tieng-nhat/1870210.html"",""title_normalizer_revision"":""2f434fba22de3a14c1b199331c8ca18408dc72e702071bf4bbfe380daff40f58""}"
topcv,1870584,2026-01-10,Nhân Viên Unity Playable Ads,Nhân Viên Unity Playable Ads,mid,Ha Noi,1,1,[],8000000,15000000,information_technology,"{""dataset"":""baocgb/vietnam-it-jobs-raw-data-from-topcv-2026"",""dataset_commit"":""kaggle-9263561-v1:e78ff2b6ed521ad894a70271a3254fcf434813916fdade4f7d449bc4fdf34ef9"",""dataset_url"":""https://www.kaggle.com/datasets/baocgb/vietnam-it-jobs-raw-data-from-topcv-2026"",""dataset_version"":""1"",""license"":""CC-BY-4.0"",""location_normalizer_revision"":""2026-07-19.1"",""raw_sha256"":""e78ff2b6ed521ad894a70271a3254fcf434813916fdade4f7d449bc4fdf34ef9"",""salary_source_currency"":""VND"",""source_url"":""https://www.topcv.vn/viec-lam/nhan-vien-unity-playable-ads/1870584.html"",""title_normalizer_revision"":""2f434fba22de3a14c1b199331c8ca18408dc72e702071bf4bbfe380daff40f58""}"
topcv,1870933,2026-01-14,Nhân Viên Kinh Doanh - Ngành Công Nghệ Thông Tin,Nhân Viên Kinh Doanh - Ngành Công Nghệ Thông Tin,mid,Ha Noi,,,[],15000000,25000000,information_technology,"{""dataset"":""baocgb/vietnam-it-jobs-raw-data-from-topcv-2026"",""dataset_commit"":""kaggle-9263561-v1:e78ff2b6ed521ad894a70271a3254fcf434813916fdade4f7d449bc4fdf34ef9"",""dataset_url"":""https://www.kaggle.com/datasets/baocgb/vietnam-it-jobs-raw-data-from-topcv-2026"",""dataset_version"":""1"",""license"":""CC-BY-4.0"",""location_normalizer_revision"":""2026-07-19.1"",""raw_sha256"":""e78ff2b6ed521ad894a70271a3254fcf434813916fdade4f7d449bc4fdf34ef9"",""salary_source_currency"":""VND"",""source_url"":""https://www.topcv.vn/viec-lam/nhan-vien-kinh-doanh-nganh-cong-nghe-thong-tin/1870933.html"",""title_normalizer_revision"":""2f434fba22de3a14c1b199331c8ca18408dc72e702071bf4bbfe380daff40f58""}"
topcv,1871183,2026-01-09,Android Developer (Banking),Mobile Developer,mid,Ha Noi,2,2,[],24000000,30000000,information_technology,"{""dataset"":""baocgb/vietnam-it-jobs-raw-data-from-topcv-2026"",""dataset_commit"":""kaggle-9263561-v1:e78ff2b6ed521ad894a70271a3254fcf434813916fdade4f7d449bc4fdf34ef9"",""dataset_url"":""https://www.kaggle.com/datasets/baocgb/vietnam-it-jobs-raw-data-from-topcv-2026"",""dataset_version"":""1"",""license"":""CC-BY-4.0"",""location_normalizer_revision"":""2026-07-19.1"",""raw_sha256"":""e78ff2b6ed521ad894a70271a3254fcf434813916fdade4f7d449bc4fdf34ef9"",""salary_source_currency"":""VND"",""source_url"":""https://www.topcv.vn/viec-lam/android-developer-banking/1871183.html"",""title_normalizer_revision"":""2f434fba22de3a14c1b199331c8ca18408dc72e702071bf4bbfe380daff40f58""}"
topcv,1871416,2026-01-08,Intern BA,Intern BA,intern,Ha Noi,,,[],,5000000,information_technology,"{""dataset"":""baocgb/vietnam-it-jobs-raw-data-from-topcv-2026"",""dataset_commit"":""kaggle-9263561-v1:e78ff2b6ed521ad894a70271a3254fcf434813916fdade4f7d449bc4fdf34ef9"",""dataset_url"":""https://www.kaggle.com/datasets/baocgb/vietnam-it-jobs-raw-data-from-topcv-2026"",""dataset_version"":""1"",""license"":""CC-BY-4.0"",""location_normalizer_revision"":""2026-07-19.1"",""raw_sha256"":""e78ff2b6ed521ad894a70271a3254fcf434813916fdade4f7d449bc4fdf34ef9"",""salary_source_currency"":""VND"",""source_url"":""https://www.topcv.vn/viec-lam/intern-ba/1871416.html"",""title_normalizer_revision"":""2f434fba22de3a14c1b199331c8ca18408dc72e702071bf4bbfe380daff40f58""}"
topcv,1876424,2025-12-18,Nhân Viên Vẽ Lập Trình CNC,Nhân Viên Vẽ Lập Trình CNC,mid,Ho Chi Minh,,,[],8000000,12000000,information_technology,"{""dataset"":""baocgb/vietnam-it-jobs-raw-data-from-topcv-2026"",""dataset_commit"":""kaggle-9263561-v1:e78ff2b6ed521ad894a70271a3254fcf434813916fdade4f7d449bc4fdf34ef9"",""dataset_url"":""https://www.kaggle.com/datasets/baocgb/vietnam-it-jobs-raw-data-from-topcv-2026"",""dataset_version"":""1"",""license"":""CC-BY-4.0"",""location_normalizer_revision"":""2026-07-19.1"",""raw_sha256"":""e78ff2b6ed521ad894a70271a3254fcf434813916fdade4f7d449bc4fdf34ef9"",""salary_source_currency"":""VND"",""source_url"":""https://www.topcv.vn/viec-lam/nhan-vien-ve-lap-trinh-cnc/1876424.html"",""title_normalizer_revision"":""2f434fba22de3a14c1b199331c8ca18408dc72e702071bf4bbfe380daff40f58""}"
topcv,1877729,2026-01-12,Trưởng Nhóm Business Analyst,Business Analyst,lead,Ha Noi,2,2,[],20000000,25000000,information_technology,"{""dataset"":""baocgb/vietnam-it-jobs-raw-data-from-topcv-2026"",""dataset_commit"":""kaggle-9263561-v1:e78ff2b6ed521ad894a70271a3254fcf434813916fdade4f7d449bc4fdf34ef9"",""dataset_url"":""https://www.kaggle.com/datasets/baocgb/vietnam-it-jobs-raw-data-from-topcv-2026"",""dataset_version"":""1"",""license"":""CC-BY-4.0"",""location_normalizer_revision"":""2026-07-19.1"",""raw_sha256"":""e78ff2b6ed521ad894a70271a3254fcf434813916fdade4f7d449bc4fdf34ef9"",""salary_source_currency"":""VND"",""source_url"":""https://www.topcv.vn/viec-lam/truong-nhom-business-analyst/1877729.html"",""title_normalizer_revision"":""2f434fba22de3a14c1b199331c8ca18408dc72e702071bf4bbfe380daff40f58""}"
topcv,1878271,2025-12-25,Kỹ Sư Phần Mềm Ứng Dụng Desktop,Software Engineer,mid,Ha Noi,1,1,[],12500000,25000000,information_technology,"{""dataset"":""baocgb/vietnam-it-jobs-raw-data-from-topcv-2026"",""dataset_commit"":""kaggle-9263561-v1:e78ff2b6ed521ad894a70271a3254fcf434813916fdade4f7d449bc4fdf34ef9"",""dataset_url"":""https://www.kaggle.com/datasets/baocgb/vietnam-it-jobs-raw-data-from-topcv-2026"",""dataset_version"":""1"",""license"":""CC-BY-4.0"",""location_normalizer_revision"":""2026-07-19.1"",""raw_sha256"":""e78ff2b6ed521ad894a70271a3254fcf434813916fdade4f7d449bc4fdf34ef9"",""salary_source_currency"":""USD"",""source_url"":""https://www.topcv.vn/viec-lam/ky-su-phan-mem-ung-dung-desktop/1878271.html"",""title_normalizer_revision"":""2f434fba22de3a14c1b199331c8ca18408dc72e702071bf4bbfe380daff40f58"",""usd_to_vnd"":""25000""}"
topcv,1878338,2026-01-08,Nhân Viên Kinh Doanh Dự Án CNTT,Nhân Viên Kinh Doanh Dự Án CNTT,mid,Ho Chi Minh,3,3,[],9000000,15000000,information_technology,"{""dataset"":""baocgb/vietnam-it-jobs-raw-data-from-topcv-2026"",""dataset_commit"":""kaggle-9263561-v1:e78ff2b6ed521ad894a70271a3254fcf434813916fdade4f7d449bc4fdf34ef9"",""dataset_url"":""https://www.kaggle.com/datasets/baocgb/vietnam-it-jobs-raw-data-from-topcv-2026"",""dataset_version"":""1"",""license"":""CC-BY-4.0"",""location_normalizer_revision"":""2026-07-19.1"",""raw_sha256"":""e78ff2b6ed521ad894a70271a3254fcf434813916fdade4f7d449bc4fdf34ef9"",""salary_source_currency"":""VND"",""source_url"":""https://www.topcv.vn/viec-lam/nhan-vien-kinh-doanh-du-an-cntt/1878338.html"",""title_normalizer_revision"":""2f434fba22de3a14c1b199331c8ca18408dc72e702071bf4bbfe380daff40f58""}"
topcv,1878539,2026-01-08,Nhân Viên Kinh Doanh Bán Lẻ Linh Kiện CNTT,Nhân Viên Kinh Doanh Bán Lẻ Linh Kiện CNTT,mid,Ho Chi Minh,2,2,[],9000000,15000000,information_technology,"{""dataset"":""baocgb/vietnam-it-jobs-raw-data-from-topcv-2026"",""dataset_commit"":""kaggle-9263561-v1:e78ff2b6ed521ad894a70271a3254fcf434813916fdade4f7d449bc4fdf34ef9"",""dataset_url"":""https://www.kaggle.com/datasets/baocgb/vietnam-it-jobs-raw-data-from-topcv-2026"",""dataset_version"":""1"",""license"":""CC-BY-4.0"",""location_normalizer_revision"":""2026-07-19.1"",""raw_sha256"":""e78ff2b6ed521ad894a70271a3254fcf434813916fdade4f7d449bc4fdf34ef9"",""salary_source_currency"":""VND"",""source_url"":""https://www.topcv.vn/viec-lam/nhan-vien-kinh-doanh-ban-le-linh-kien-cntt/1878539.html"",""title_normalizer_revision"":""2f434fba22de3a14c1b199331c8ca18408dc72e702071bf4bbfe380daff40f58""}"
topcv,1879831,2025-12-16,Nhân Viên Kinh Doanh B2B – IT / Laptop (HCM & HN),Nhân Viên Kinh Doanh B2B – IT / Laptop HCM & HN ,mid,Ha Noi,1,1,[],15000000,20000000,information_technology,"{""dataset"":""baocgb/vietnam-it-jobs-raw-data-from-topcv-2026"",""dataset_commit"":""kaggle-9263561-v1:e78ff2b6ed521ad894a70271a3254fcf434813916fdade4f7d449bc4fdf34ef9"",""dataset_url"":""https://www.kaggle.com/datasets/baocgb/vietnam-it-jobs-raw-data-from-topcv-2026"",""dataset_version"":""1"",""license"":""CC-BY-4.0"",""location_normalizer_revision"":""2026-07-19.1"",""raw_sha256"":""e78ff2b6ed521ad894a70271a3254fcf434813916fdade4f7d449bc4fdf34ef9"",""salary_source_currency"":""VND"",""source_url"":""https://www.topcv.vn/viec-lam/nhan-vien-kinh-doanh-b2b-it-laptop-hcm-hn/1879831.html"",""title_normalizer_revision"":""2f434fba22de3a14c1b199331c8ca18408dc72e702071bf4bbfe380daff40f58""}"
topcv,1881136,2026-01-08,IT Infrastructure Team Leader,IT Infrastructure Team Leader,lead,Ha Noi,5,5,[],25000000,32000000,information_technology,"{""dataset"":""baocgb/vietnam-it-jobs-raw-data-from-topcv-2026"",""dataset_commit"":""kaggle-9263561-v1:e78ff2b6ed521ad894a70271a3254fcf434813916fdade4f7d449bc4fdf34ef9"",""dataset_url"":""https://www.kaggle.com/datasets/baocgb/vietnam-it-jobs-raw-data-from-topcv-2026"",""dataset_version"":""1"",""license"":""CC-BY-4.0"",""location_normalizer_revision"":""2026-07-19.1"",""raw_sha256"":""e78ff2b6ed521ad894a70271a3254fcf434813916fdade4f7d449bc4fdf34ef9"",""salary_source_currency"":""VND"",""source_url"":""https://www.topcv.vn/viec-lam/it-infrastructure-team-leader/1881136.html"",""title_normalizer_revision"":""2f434fba22de3a14c1b199331c8ca18408dc72e702071bf4bbfe380daff40f58""}"
topcv,1881282,2025-12-25,Trưởng Nhóm Marketing (FullStack-Marketing Leader),Fullstack Developer,lead,Ha Noi,2,2,[],15000000,25000000,information_technology,"{""dataset"":""baocgb/vietnam-it-jobs-raw-data-from-topcv-2026"",""dataset_commit"":""kaggle-9263561-v1:e78ff2b6ed521ad894a70271a3254fcf434813916fdade4f7d449bc4fdf34ef9"",""dataset_url"":""https://www.kaggle.com/datasets/baocgb/vietnam-it-jobs-raw-data-from-topcv-2026"",""dataset_version"":""1"",""license"":""CC-BY-4.0"",""location_normalizer_revision"":""2026-07-19.1"",""raw_sha256"":""e78ff2b6ed521ad894a70271a3254fcf434813916fdade4f7d449bc4fdf34ef9"",""salary_source_currency"":""VND"",""source_url"":""https://www.topcv.vn/viec-lam/truong-nhom-marketing-fullstack-marketing-leader/1881282.html"",""title_normalizer_revision"":""2f434fba22de3a14c1b199331c8ca18408dc72e702071bf4bbfe380daff40f58""}"
topcv,1881850,2026-01-10,MANUAL TESTER (Need React JS Experience),QA Engineer,mid,Da Nang,1,1,[],8000000,10000000,information_technology,"{""dataset"":""baocgb/vietnam-it-jobs-raw-data-from-topcv-2026"",""dataset_commit"":""kaggle-9263561-v1:e78ff2b6ed521ad894a70271a3254fcf434813916fdade4f7d449bc4fdf34ef9"",""dataset_url"":""https://www.kaggle.com/datasets/baocgb/vietnam-it-jobs-raw-data-from-topcv-2026"",""dataset_version"":""1"",""license"":""CC-BY-4.0"",""location_normalizer_revision"":""2026-07-19.1"",""raw_sha256"":""e78ff2b6ed521ad894a70271a3254fcf434813916fdade4f7d449bc4fdf34ef9"",""salary_source_currency"":""VND"",""source_url"":""https://www.topcv.vn/viec-lam/manual-tester-need-react-js-experience/1881850.html"",""title_normalizer_revision"":""2f434fba22de3a14c1b199331c8ca18408dc72e702071bf4bbfe380daff40f58""}"
topcv,1881994,2026-01-13,Trợ Lý Mảng Công Nghệ (Senior BA),Senior Trợ Lý Mảng Công Nghệ Senior BA ,senior,Ha Noi,2,2,[],15000000,20000000,information_technology,"{""dataset"":""baocgb/vietnam-it-jobs-raw-data-from-topcv-2026"",""dataset_commit"":""kaggle-9263561-v1:e78ff2b6ed521ad894a70271a3254fcf434813916fdade4f7d449bc4fdf34ef9"",""dataset_url"":""https://www.kaggle.com/datasets/baocgb/vietnam-it-jobs-raw-data-from-topcv-2026"",""dataset_version"":""1"",""license"":""CC-BY-4.0"",""location_normalizer_revision"":""2026-07-19.1"",""raw_sha256"":""e78ff2b6ed521ad894a70271a3254fcf434813916fdade4f7d449bc4fdf34ef9"",""salary_source_currency"":""VND"",""source_url"":""https://www.topcv.vn/viec-lam/tro-ly-mang-cong-nghe-senior-ba/1881994.html"",""title_normalizer_revision"":""2f434fba22de3a14c1b199331c8ca18408dc72e702071bf4bbfe380daff40f58""}"
topcv,1882782,2026-01-08,Nhân Viên Kỹ Thuật Điện PLC,Nhân Viên Kỹ Thuật Điện PLC,mid,Đồng Nai,3,3,[],10000000,15000000,information_technology,"{""dataset"":""baocgb/vietnam-it-jobs-raw-data-from-topcv-2026"",""dataset_commit"":""kaggle-9263561-v1:e78ff2b6ed521ad894a70271a3254fcf434813916fdade4f7d449bc4fdf34ef9"",""dataset_url"":""https://www.kaggle.com/datasets/baocgb/vietnam-it-jobs-raw-data-from-topcv-2026"",""dataset_version"":""1"",""license"":""CC-BY-4.0"",""location_normalizer_revision"":""2026-07-19.1"",""raw_sha256"":""e78ff2b6ed521ad894a70271a3254fcf434813916fdade4f7d449bc4fdf34ef9"",""salary_source_currency"":""VND"",""source_url"":""https://www.topcv.vn/viec-lam/nhan-vien-ky-thuat-dien-plc/1882782.html"",""title_normalizer_revision"":""2f434fba22de3a14c1b199331c8ca18408dc72e702071bf4bbfe380daff40f58""}"
topcv,1883006,2026-01-08,Chuyên Viên Phân Tích Công Nghệ/Middle BA,Chuyên Viên Phân Tích Công Nghệ/Middle BA,mid,Ha Noi,1,1,[],16000000,25000000,information_technology,"{""dataset"":""baocgb/vietnam-it-jobs-raw-data-from-topcv-2026"",""dataset_commit"":""kaggle-9263561-v1:e78ff2b6ed521ad894a70271a3254fcf434813916fdade4f7d449bc4fdf34ef9"",""dataset_url"":""https://www.kaggle.com/datasets/baocgb/vietnam-it-jobs-raw-data-from-topcv-2026"",""dataset_version"":""1"",""license"":""CC-BY-4.0"",""location_normalizer_revision"":""2026-07-19.1"",""raw_sha256"":""e78ff2b6ed521ad894a70271a3254fcf434813916fdade4f7d449bc4fdf34ef9"",""salary_source_currency"":""VND"",""source_url"":""https://www.topcv.vn/viec-lam/chuyen-vien-phan-tich-cong-nghe-middle-ba/1883006.html"",""title_normalizer_revision"":""2f434fba22de3a14c1b199331c8ca18408dc72e702071bf4bbfe380daff40f58""}"
topcv,1883817,2026-01-08,"Trợ Lý Ứng Dụng AI (Domain ERP, EdTech)- Senior BA","Senior Trợ Lý Ứng Dụng AI Domain ERP, EdTech - Senior BA",senior,Ha Noi,1,1,[],15000000,25000000,information_technology,"{""dataset"":""baocgb/vietnam-it-jobs-raw-data-from-topcv-2026"",""dataset_commit"":""kaggle-9263561-v1:e78ff2b6ed521ad894a70271a3254fcf434813916fdade4f7d449bc4fdf34ef9"",""dataset_url"":""https://www.kaggle.com/datasets/baocgb/vietnam-it-jobs-raw-data-from-topcv-2026"",""dataset_version"":""1"",""license"":""CC-BY-4.0"",""location_normalizer_revision"":""2026-07-19.1"",""raw_sha256"":""e78ff2b6ed521ad894a70271a3254fcf434813916fdade4f7d449bc4fdf34ef9"",""salary_source_currency"":""VND"",""source_url"":""https://www.topcv.vn/viec-lam/tro-ly-ung-dung-ai-domain-erp-edtech-senior-ba/1883817.html"",""title_normalizer_revision"":""2f434fba22de3a14c1b199331c8ca18408dc72e702071bf4bbfe380daff40f58""}"
topcv,1885617,2026-01-01,Middle NextJS,Middle NextJS,mid,Ha Noi,5,5,[],,31000000,information_technology,"{""dataset"":""baocgb/vietnam-it-jobs-raw-data-from-topcv-2026"",""dataset_commit"":""kaggle-9263561-v1:e78ff2b6ed521ad894a70271a3254fcf434813916fdade4f7d449bc4fdf34ef9"",""dataset_url"":""https://www.kaggle.com/datasets/baocgb/vietnam-it-jobs-raw-data-from-topcv-2026"",""dataset_version"":""1"",""license"":""CC-BY-4.0"",""location_normalizer_revision"":""2026-07-19.1"",""raw_sha256"":""e78ff2b6ed521ad894a70271a3254fcf434813916fdade4f7d449bc4fdf34ef9"",""salary_source_currency"":""VND"",""source_url"":""https://www.topcv.vn/viec-lam/middle-nextjs/1885617.html"",""title_normalizer_revision"":""2f434fba22de3a14c1b199331c8ca18408dc72e702071bf4bbfe380daff40f58""}"
topcv,1886042,2026-01-08,Frontend Developer,Frontend Developer,mid,Ha Noi,4,4,[],,55000000,information_technology,"{""dataset"":""baocgb/vietnam-it-jobs-raw-data-from-topcv-2026"",""dataset_commit"":""kaggle-9263561-v1:e78ff2b6ed521ad894a70271a3254fcf434813916fdade4f7d449bc4fdf34ef9"",""dataset_url"":""https://www.kaggle.com/datasets/baocgb/vietnam-it-jobs-raw-data-from-topcv-2026"",""dataset_version"":""1"",""license"":""CC-BY-4.0"",""location_normalizer_revision"":""2026-07-19.1"",""raw_sha256"":""e78ff2b6ed521ad894a70271a3254fcf434813916fdade4f7d449bc4fdf34ef9"",""salary_source_currency"":""VND"",""source_url"":""https://www.topcv.vn/viec-lam/frontend-developer/1886042.html"",""title_normalizer_revision"":""2f434fba22de3a14c1b199331c8ca18408dc72e702071bf4bbfe380daff40f58""}"
topcv,1886068,2026-01-08,Senior Tester,Senior QA Engineer,senior,Ha Noi,4,4,[],35000000,50000000,information_technology,"{""dataset"":""baocgb/vietnam-it-jobs-raw-data-from-topcv-2026"",""dataset_commit"":""kaggle-9263561-v1:e78ff2b6ed521ad894a70271a3254fcf434813916fdade4f7d449bc4fdf34ef9"",""dataset_url"":""https://www.kaggle.com/datasets/baocgb/vietnam-it-jobs-raw-data-from-topcv-2026"",""dataset_version"":""1"",""license"":""CC-BY-4.0"",""location_normalizer_revision"":""2026-07-19.1"",""raw_sha256"":""e78ff2b6ed521ad894a70271a3254fcf434813916fdade4f7d449bc4fdf34ef9"",""salary_source_currency"":""VND"",""source_url"":""https://www.topcv.vn/viec-lam/senior-tester/1886068.html"",""title_normalizer_revision"":""2f434fba22de3a14c1b199331c8ca18408dc72e702071bf4bbfe380daff40f58""}"
topcv,1886198,2026-01-08,Product Manager,Product Manager,manager,Ha Noi,3,3,[],,50000000,information_technology,"{""dataset"":""baocgb/vietnam-it-jobs-raw-data-from-topcv-2026"",""dataset_commit"":""kaggle-9263561-v1:e78ff2b6ed521ad894a70271a3254fcf434813916fdade4f7d449bc4fdf34ef9"",""dataset_url"":""https://www.kaggle.com/datasets/baocgb/vietnam-it-jobs-raw-data-from-topcv-2026"",""dataset_version"":""1"",""license"":""CC-BY-4.0"",""location_normalizer_revision"":""2026-07-19.1"",""raw_sha256"":""e78ff2b6ed521ad894a70271a3254fcf434813916fdade4f7d449bc4fdf34ef9"",""salary_source_currency"":""VND"",""source_url"":""https://www.topcv.vn/viec-lam/product-manager/1886198.html"",""title_normalizer_revision"":""2f434fba22de3a14c1b199331c8ca18408dc72e702071bf4bbfe380daff40f58""}"
topcv,1887317,2026-01-08,Business Analyst,Business Analyst,mid,Ha Noi,4,4,[],,37500000,information_technology,"{""dataset"":""baocgb/vietnam-it-jobs-raw-data-from-topcv-2026"",""dataset_commit"":""kaggle-9263561-v1:e78ff2b6ed521ad894a70271a3254fcf434813916fdade4f7d449bc4fdf34ef9"",""dataset_url"":""https://www.kaggle.com/datasets/baocgb/vietnam-it-jobs-raw-data-from-topcv-2026"",""dataset_version"":""1"",""license"":""CC-BY-4.0"",""location_normalizer_revision"":""2026-07-19.1"",""raw_sha256"":""e78ff2b6ed521ad894a70271a3254fcf434813916fdade4f7d449bc4fdf34ef9"",""salary_source_currency"":""USD"",""source_url"":""https://www.topcv.vn/viec-lam/business-analyst/1887317.html"",""title_normalizer_revision"":""2f434fba22de3a14c1b199331c8ca18408dc72e702071bf4bbfe380daff40f58"",""usd_to_vnd"":""25000""}"
topcv,1887527,2026-01-08,Chuyên Viên Giải Pháp Phần Mềm,Chuyên Viên Giải Pháp Phần Mềm,mid,Ha Noi,3,3,[],15000000,25000000,information_technology,"{""dataset"":""baocgb/vietnam-it-jobs-raw-data-from-topcv-2026"",""dataset_commit"":""kaggle-9263561-v1:e78ff2b6ed521ad894a70271a3254fcf434813916fdade4f7d449bc4fdf34ef9"",""dataset_url"":""https://www.kaggle.com/datasets/baocgb/vietnam-it-jobs-raw-data-from-topcv-2026"",""dataset_version"":""1"",""license"":""CC-BY-4.0"",""location_normalizer_revision"":""2026-07-19.1"",""raw_sha256"":""e78ff2b6ed521ad894a70271a3254fcf434813916fdade4f7d449bc4fdf34ef9"",""salary_source_currency"":""VND"",""source_url"":""https://www.topcv.vn/viec-lam/chuyen-vien-giai-phap-phan-mem/1887527.html"",""title_normalizer_revision"":""2f434fba22de3a14c1b199331c8ca18408dc72e702071bf4bbfe380daff40f58""}"
topcv,1887798,2026-01-08,Kĩ Sư Tự Động Hóa-Lập Trình PLC,Kĩ Sư Tự Động Hóa-Lập Trình PLC,mid,Hải Phòng,2,2,[],12000000,20000000,information_technology,"{""dataset"":""baocgb/vietnam-it-jobs-raw-data-from-topcv-2026"",""dataset_commit"":""kaggle-9263561-v1:e78ff2b6ed521ad894a70271a3254fcf434813916fdade4f7d449bc4fdf34ef9"",""dataset_url"":""https://www.kaggle.com/datasets/baocgb/vietnam-it-jobs-raw-data-from-topcv-2026"",""dataset_version"":""1"",""license"":""CC-BY-4.0"",""location_normalizer_revision"":""2026-07-19.1"",""raw_sha256"":""e78ff2b6ed521ad894a70271a3254fcf434813916fdade4f7d449bc4fdf34ef9"",""salary_source_currency"":""VND"",""source_url"":""https://www.topcv.vn/viec-lam/ki-su-tu-dong-hoa-lap-trinh-plc/1887798.html"",""title_normalizer_revision"":""2f434fba22de3a14c1b199331c8ca18408dc72e702071bf4bbfe380daff40f58""}"
topcv,1888709,2026-01-08,Playable Ads Developer,Playable Ads Developer,mid,Ha Noi,1,1,[],,18000000,information_technology,"{""dataset"":""baocgb/vietnam-it-jobs-raw-data-from-topcv-2026"",""dataset_commit"":""kaggle-9263561-v1:e78ff2b6ed521ad894a70271a3254fcf434813916fdade4f7d449bc4fdf34ef9"",""dataset_url"":""https://www.kaggle.com/datasets/baocgb/vietnam-it-jobs-raw-data-from-topcv-2026"",""dataset_version"":""1"",""license"":""CC-BY-4.0"",""location_normalizer_revision"":""2026-07-19.1"",""raw_sha256"":""e78ff2b6ed521ad894a70271a3254fcf434813916fdade4f7d449bc4fdf34ef9"",""salary_source_currency"":""VND"",""source_url"":""https://www.topcv.vn/viec-lam/playable-ads-developer/1888709.html"",""title_normalizer_revision"":""2f434fba22de3a14c1b199331c8ca18408dc72e702071bf4bbfe380daff40f58""}"
topcv,1888824,2026-01-08,Chuyên Viên Phân Tích Nghiệp Vụ (BA),Business Analyst,mid,Ha Noi,3,3,[],,28000000,information_technology,"{""dataset"":""baocgb/vietnam-it-jobs-raw-data-from-topcv-2026"",""dataset_commit"":""kaggle-9263561-v1:e78ff2b6ed521ad894a70271a3254fcf434813916fdade4f7d449bc4fdf34ef9"",""dataset_url"":""https://www.kaggle.com/datasets/baocgb/vietnam-it-jobs-raw-data-from-topcv-2026"",""dataset_version"":""1"",""license"":""CC-BY-4.0"",""location_normalizer_revision"":""2026-07-19.1"",""raw_sha256"":""e78ff2b6ed521ad894a70271a3254fcf434813916fdade4f7d449bc4fdf34ef9"",""salary_source_currency"":""VND"",""source_url"":""https://www.topcv.vn/viec-lam/chuyen-vien-phan-tich-nghiep-vu-ba/1888824.html"",""title_normalizer_revision"":""2f434fba22de3a14c1b199331c8ca18408dc72e702071bf4bbfe380daff40f58""}"
topcv,1889691,2025-12-25,Software Engineer (Java),Software Engineer,mid,Ha Noi,4,4,[],,45000000,information_technology,"{""dataset"":""baocgb/vietnam-it-jobs-raw-data-from-topcv-2026"",""dataset_commit"":""kaggle-9263561-v1:e78ff2b6ed521ad894a70271a3254fcf434813916fdade4f7d449bc4fdf34ef9"",""dataset_url"":""https://www.kaggle.com/datasets/baocgb/vietnam-it-jobs-raw-data-from-topcv-2026"",""dataset_version"":""1"",""license"":""CC-BY-4.0"",""location_normalizer_revision"":""2026-07-19.1"",""raw_sha256"":""e78ff2b6ed521ad894a70271a3254fcf434813916fdade4f7d449bc4fdf34ef9"",""salary_source_currency"":""USD"",""source_url"":""https://www.topcv.vn/viec-lam/software-engineer-java/1889691.html"",""title_normalizer_revision"":""2f434fba22de3a14c1b199331c8ca18408dc72e702071bf4bbfe380daff40f58"",""usd_to_vnd"":""25000""}"
topcv,1889942,2026-01-10,Trợ Giảng Lập Trình Intern- Fresher,Trợ Giảng Lập Trình Intern- Fresher,intern,Ha Noi,,,[],4000000,7000000,information_technology,"{""dataset"":""baocgb/vietnam-it-jobs-raw-data-from-topcv-2026"",""dataset_commit"":""kaggle-9263561-v1:e78ff2b6ed521ad894a70271a3254fcf434813916fdade4f7d449bc4fdf34ef9"",""dataset_url"":""https://www.kaggle.com/datasets/baocgb/vietnam-it-jobs-raw-data-from-topcv-2026"",""dataset_version"":""1"",""license"":""CC-BY-4.0"",""location_normalizer_revision"":""2026-07-19.1"",""raw_sha256"":""e78ff2b6ed521ad894a70271a3254fcf434813916fdade4f7d449bc4fdf34ef9"",""salary_source_currency"":""VND"",""source_url"":""https://www.topcv.vn/viec-lam/tro-giang-lap-trinh-intern-fresher/1889942.html"",""title_normalizer_revision"":""2f434fba22de3a14c1b199331c8ca18408dc72e702071bf4bbfe380daff40f58""}"
topcv,1891866,2026-01-08,Embedded System Developer - Điện Tử Công Suất,Embedded System Developer - Điện Tử Công Suất,mid,Ha Noi,2,2,[],18000000,30000000,information_technology,"{""dataset"":""baocgb/vietnam-it-jobs-raw-data-from-topcv-2026"",""dataset_commit"":""kaggle-9263561-v1:e78ff2b6ed521ad894a70271a3254fcf434813916fdade4f7d449bc4fdf34ef9"",""dataset_url"":""https://www.kaggle.com/datasets/baocgb/vietnam-it-jobs-raw-data-from-topcv-2026"",""dataset_version"":""1"",""license"":""CC-BY-4.0"",""location_normalizer_revision"":""2026-07-19.1"",""raw_sha256"":""e78ff2b6ed521ad894a70271a3254fcf434813916fdade4f7d449bc4fdf34ef9"",""salary_source_currency"":""VND"",""source_url"":""https://www.topcv.vn/viec-lam/embedded-system-developer-dien-tu-cong-suat/1891866.html"",""title_normalizer_revision"":""2f434fba22de3a14c1b199331c8ca18408dc72e702071bf4bbfe380daff40f58""}"
topcv,1897130,2025-12-25,IT COMTOR (Tiếng Nhật N2),IT COMTOR Tiếng Nhật N2 ,mid,Ha Noi,1,1,[],15000000,30000000,information_technology,"{""dataset"":""baocgb/vietnam-it-jobs-raw-data-from-topcv-2026"",""dataset_commit"":""kaggle-9263561-v1:e78ff2b6ed521ad894a70271a3254fcf434813916fdade4f7d449bc4fdf34ef9"",""dataset_url"":""https://www.kaggle.com/datasets/baocgb/vietnam-it-jobs-raw-data-from-topcv-2026"",""dataset_version"":""1"",""license"":""CC-BY-4.0"",""location_normalizer_revision"":""2026-07-19.1"",""raw_sha256"":""e78ff2b6ed521ad894a70271a3254fcf434813916fdade4f7d449bc4fdf34ef9"",""salary_source_currency"":""VND"",""source_url"":""https://www.topcv.vn/viec-lam/it-comtor-tieng-nhat-n2/1897130.html"",""title_normalizer_revision"":""2f434fba22de3a14c1b199331c8ca18408dc72e702071bf4bbfe380daff40f58""}"
topcv,1898002,2026-01-01,Python Developer - 3 Năm Kinh Nghiệm,Backend Developer,mid,Ha Noi,3,3,[],,30000000,information_technology,"{""dataset"":""baocgb/vietnam-it-jobs-raw-data-from-topcv-2026"",""dataset_commit"":""kaggle-9263561-v1:e78ff2b6ed521ad894a70271a3254fcf434813916fdade4f7d449bc4fdf34ef9"",""dataset_url"":""https://www.kaggle.com/datasets/baocgb/vietnam-it-jobs-raw-data-from-topcv-2026"",""dataset_version"":""1"",""license"":""CC-BY-4.0"",""location_normalizer_revision"":""2026-07-19.1"",""raw_sha256"":""e78ff2b6ed521ad894a70271a3254fcf434813916fdade4f7d449bc4fdf34ef9"",""salary_source_currency"":""VND"",""source_url"":""https://www.topcv.vn/viec-lam/python-developer-3-nam-kinh-nghiem/1898002.html"",""title_normalizer_revision"":""2f434fba22de3a14c1b199331c8ca18408dc72e702071bf4bbfe380daff40f58""}"
topcv,1898693,2026-01-08,Nhân Viên Presales Engineer - Thiết Kế Giải Pháp,Nhân Viên Presales Engineer - Thiết Kế Giải Pháp,mid,Ho Chi Minh,1,1,[],15000000,18000000,information_technology,"{""dataset"":""baocgb/vietnam-it-jobs-raw-data-from-topcv-2026"",""dataset_commit"":""kaggle-9263561-v1:e78ff2b6ed521ad894a70271a3254fcf434813916fdade4f7d449bc4fdf34ef9"",""dataset_url"":""https://www.kaggle.com/datasets/baocgb/vietnam-it-jobs-raw-data-from-topcv-2026"",""dataset_version"":""1"",""license"":""CC-BY-4.0"",""location_normalizer_revision"":""2026-07-19.1"",""raw_sha256"":""e78ff2b6ed521ad894a70271a3254fcf434813916fdade4f7d449bc4fdf34ef9"",""salary_source_currency"":""VND"",""source_url"":""https://www.topcv.vn/viec-lam/nhan-vien-presales-engineer-thiet-ke-giai-phap/1898693.html"",""title_normalizer_revision"":""2f434fba22de3a14c1b199331c8ca18408dc72e702071bf4bbfe380daff40f58""}"
topcv,1898906,2026-01-01,Project Manager (Dự Án Khối Chính Phủ),Project Manager,manager,Ha Noi,3,3,[],25000000,35000000,information_technology,"{""dataset"":""baocgb/vietnam-it-jobs-raw-data-from-topcv-2026"",""dataset_commit"":""kaggle-9263561-v1:e78ff2b6ed521ad894a70271a3254fcf434813916fdade4f7d449bc4fdf34ef9"",""dataset_url"":""https://www.kaggle.com/datasets/baocgb/vietnam-it-jobs-raw-data-from-topcv-2026"",""dataset_version"":""1"",""license"":""CC-BY-4.0"",""location_normalizer_revision"":""2026-07-19.1"",""raw_sha256"":""e78ff2b6ed521ad894a70271a3254fcf434813916fdade4f7d449bc4fdf34ef9"",""salary_source_currency"":""VND"",""source_url"":""https://www.topcv.vn/viec-lam/project-manager-du-an-khoi-chinh-phu/1898906.html"",""title_normalizer_revision"":""2f434fba22de3a14c1b199331c8ca18408dc72e702071bf4bbfe380daff40f58""}"
topcv,1899784,2026-01-01,Chuyên Viên Tuyển Dụng - Talent Acquisition Business Partner (IT/BO),Chuyên Viên Tuyển Dụng - Talent Acquisition Business Partner IT/BO ,mid,Ha Noi,1,1,[],12000000,17000000,information_technology,"{""dataset"":""baocgb/vietnam-it-jobs-raw-data-from-topcv-2026"",""dataset_commit"":""kaggle-9263561-v1:e78ff2b6ed521ad894a70271a3254fcf434813916fdade4f7d449bc4fdf34ef9"",""dataset_url"":""https://www.kaggle.com/datasets/baocgb/vietnam-it-jobs-raw-data-from-topcv-2026"",""dataset_version"":""1"",""license"":""CC-BY-4.0"",""location_normalizer_revision"":""2026-07-19.1"",""raw_sha256"":""e78ff2b6ed521ad894a70271a3254fcf434813916fdade4f7d449bc4fdf34ef9"",""salary_source_currency"":""VND"",""source_url"":""https://www.topcv.vn/brand/sapovn/tuyen-dung/chuyen-vien-tuyen-dung-talent-acquisition-business-partner-it-bo-j1899784.html"",""title_normalizer_revision"":""2f434fba22de3a14c1b199331c8ca18408dc72e702071bf4bbfe380daff40f58""}"
topcv,1899998,2026-01-13,Nhân Viên Kỹ Thuật CNC,Nhân Viên Kỹ Thuật CNC,mid,Đồng Nai,2,2,[],12000000,15000000,information_technology,"{""dataset"":""baocgb/vietnam-it-jobs-raw-data-from-topcv-2026"",""dataset_commit"":""kaggle-9263561-v1:e78ff2b6ed521ad894a70271a3254fcf434813916fdade4f7d449bc4fdf34ef9"",""dataset_url"":""https://www.kaggle.com/datasets/baocgb/vietnam-it-jobs-raw-data-from-topcv-2026"",""dataset_version"":""1"",""license"":""CC-BY-4.0"",""location_normalizer_revision"":""2026-07-19.1"",""raw_sha256"":""e78ff2b6ed521ad894a70271a3254fcf434813916fdade4f7d449bc4fdf34ef9"",""salary_source_currency"":""VND"",""source_url"":""https://www.topcv.vn/viec-lam/nhan-vien-ky-thuat-cnc/1899998.html"",""title_normalizer_revision"":""2f434fba22de3a14c1b199331c8ca18408dc72e702071bf4bbfe380daff40f58""}"
topcv,1900141,2025-12-25,IT Helpdesk,IT Support,mid,Tây Ninh,1,1,[],10000000,12000000,information_technology,"{""dataset"":""baocgb/vietnam-it-jobs-raw-data-from-topcv-2026"",""dataset_commit"":""kaggle-9263561-v1:e78ff2b6ed521ad894a70271a3254fcf434813916fdade4f7d449bc4fdf34ef9"",""dataset_url"":""https://www.kaggle.com/datasets/baocgb/vietnam-it-jobs-raw-data-from-topcv-2026"",""dataset_version"":""1"",""license"":""CC-BY-4.0"",""location_normalizer_revision"":""2026-07-19.1"",""raw_sha256"":""e78ff2b6ed521ad894a70271a3254fcf434813916fdade4f7d449bc4fdf34ef9"",""salary_source_currency"":""VND"",""source_url"":""https://www.topcv.vn/viec-lam/it-helpdesk/1900141.html"",""title_normalizer_revision"":""2f434fba22de3a14c1b199331c8ca18408dc72e702071bf4bbfe380daff40f58""}"
topcv,1900474,2026-01-08,Frontend Developer PHP,Frontend Developer,mid,Ha Noi,1,1,[],,50000000,information_technology,"{""dataset"":""baocgb/vietnam-it-jobs-raw-data-from-topcv-2026"",""dataset_commit"":""kaggle-9263561-v1:e78ff2b6ed521ad894a70271a3254fcf434813916fdade4f7d449bc4fdf34ef9"",""dataset_url"":""https://www.kaggle.com/datasets/baocgb/vietnam-it-jobs-raw-data-from-topcv-2026"",""dataset_version"":""1"",""license"":""CC-BY-4.0"",""location_normalizer_revision"":""2026-07-19.1"",""raw_sha256"":""e78ff2b6ed521ad894a70271a3254fcf434813916fdade4f7d449bc4fdf34ef9"",""salary_source_currency"":""VND"",""source_url"":""https://www.topcv.vn/viec-lam/frontend-developer-php/1900474.html"",""title_normalizer_revision"":""2f434fba22de3a14c1b199331c8ca18408dc72e702071bf4bbfe380daff40f58""}"
topcv,1901184,2026-01-01,Middle Fullstack Developer (PHP/Laravel),Fullstack Developer,mid,Ha Noi,2,2,[],,40000000,information_technology,"{""dataset"":""baocgb/vietnam-it-jobs-raw-data-from-topcv-2026"",""dataset_commit"":""kaggle-9263561-v1:e78ff2b6ed521ad894a70271a3254fcf434813916fdade4f7d449bc4fdf34ef9"",""dataset_url"":""https://www.kaggle.com/datasets/baocgb/vietnam-it-jobs-raw-data-from-topcv-2026"",""dataset_version"":""1"",""license"":""CC-BY-4.0"",""location_normalizer_revision"":""2026-07-19.1"",""raw_sha256"":""e78ff2b6ed521ad894a70271a3254fcf434813916fdade4f7d449bc4fdf34ef9"",""salary_source_currency"":""VND"",""source_url"":""https://www.topcv.vn/viec-lam/middle-fullstack-developer-php-laravel/1901184.html"",""title_normalizer_revision"":""2f434fba22de3a14c1b199331c8ca18408dc72e702071bf4bbfe380daff40f58""}"
topcv,1901395,2025-12-18,IT Risk & Compliance Chief,IT Risk & Compliance Chief,mid,Ho Chi Minh,3,3,[],20000000,25000000,information_technology,"{""dataset"":""baocgb/vietnam-it-jobs-raw-data-from-topcv-2026"",""dataset_commit"":""kaggle-9263561-v1:e78ff2b6ed521ad894a70271a3254fcf434813916fdade4f7d449bc4fdf34ef9"",""dataset_url"":""https://www.kaggle.com/datasets/baocgb/vietnam-it-jobs-raw-data-from-topcv-2026"",""dataset_version"":""1"",""license"":""CC-BY-4.0"",""location_normalizer_revision"":""2026-07-19.1"",""raw_sha256"":""e78ff2b6ed521ad894a70271a3254fcf434813916fdade4f7d449bc4fdf34ef9"",""salary_source_currency"":""VND"",""source_url"":""https://www.topcv.vn/viec-lam/it-risk-compliance-chief/1901395.html"",""title_normalizer_revision"":""2f434fba22de3a14c1b199331c8ca18408dc72e702071bf4bbfe380daff40f58""}"
topcv,1901590,2026-01-01,IT Project Manager - Upto 55M,Project Manager,manager,Ha Noi,5,5,[],,55000000,information_technology,"{""dataset"":""baocgb/vietnam-it-jobs-raw-data-from-topcv-2026"",""dataset_commit"":""kaggle-9263561-v1:e78ff2b6ed521ad894a70271a3254fcf434813916fdade4f7d449bc4fdf34ef9"",""dataset_url"":""https://www.kaggle.com/datasets/baocgb/vietnam-it-jobs-raw-data-from-topcv-2026"",""dataset_version"":""1"",""license"":""CC-BY-4.0"",""location_normalizer_revision"":""2026-07-19.1"",""raw_sha256"":""e78ff2b6ed521ad894a70271a3254fcf434813916fdade4f7d449bc4fdf34ef9"",""salary_source_currency"":""VND"",""source_url"":""https://www.topcv.vn/viec-lam/it-project-manager-upto-55m/1901590.html"",""title_normalizer_revision"":""2f434fba22de3a14c1b199331c8ca18408dc72e702071bf4bbfe380daff40f58""}"
topcv,1903100,2026-01-08,Kỹ Thuật Phần Mềm Cửa Hàng Điện Thoại,Kỹ Thuật Phần Mềm Cửa Hàng Điện Thoại,mid,Ho Chi Minh,,,[],7000000,15000000,information_technology,"{""dataset"":""baocgb/vietnam-it-jobs-raw-data-from-topcv-2026"",""dataset_commit"":""kaggle-9263561-v1:e78ff2b6ed521ad894a70271a3254fcf434813916fdade4f7d449bc4fdf34ef9"",""dataset_url"":""https://www.kaggle.com/datasets/baocgb/vietnam-it-jobs-raw-data-from-topcv-2026"",""dataset_version"":""1"",""license"":""CC-BY-4.0"",""location_normalizer_revision"":""2026-07-19.1"",""raw_sha256"":""e78ff2b6ed521ad894a70271a3254fcf434813916fdade4f7d449bc4fdf34ef9"",""salary_source_currency"":""VND"",""source_url"":""https://www.topcv.vn/viec-lam/ky-thuat-phan-mem-cua-hang-dien-thoai/1903100.html"",""title_normalizer_revision"":""2f434fba22de3a14c1b199331c8ca18408dc72e702071bf4bbfe380daff40f58""}"
topcv,1907233,2025-12-25,Flutter Developer,Mobile Developer (Flutter),mid,Ha Noi,3,3,[],25000000,30000000,information_technology,"{""dataset"":""baocgb/vietnam-it-jobs-raw-data-from-topcv-2026"",""dataset_commit"":""kaggle-9263561-v1:e78ff2b6ed521ad894a70271a3254fcf434813916fdade4f7d449bc4fdf34ef9"",""dataset_url"":""https://www.kaggle.com/datasets/baocgb/vietnam-it-jobs-raw-data-from-topcv-2026"",""dataset_version"":""1"",""license"":""CC-BY-4.0"",""location_normalizer_revision"":""2026-07-19.1"",""raw_sha256"":""e78ff2b6ed521ad894a70271a3254fcf434813916fdade4f7d449bc4fdf34ef9"",""salary_source_currency"":""VND"",""source_url"":""https://www.topcv.vn/viec-lam/flutter-developer/1907233.html"",""title_normalizer_revision"":""2f434fba22de3a14c1b199331c8ca18408dc72e702071bf4bbfe380daff40f58""}"
topcv,1910196,2026-01-08,Chuyên Viên Hồ Sơ Kĩ Thuật Thầu,Chuyên Viên Hồ Sơ Kĩ Thuật Thầu,mid,Ha Noi,2,2,[],30000000,35000000,information_technology,"{""dataset"":""baocgb/vietnam-it-jobs-raw-data-from-topcv-2026"",""dataset_commit"":""kaggle-9263561-v1:e78ff2b6ed521ad894a70271a3254fcf434813916fdade4f7d449bc4fdf34ef9"",""dataset_url"":""https://www.kaggle.com/datasets/baocgb/vietnam-it-jobs-raw-data-from-topcv-2026"",""dataset_version"":""1"",""license"":""CC-BY-4.0"",""location_normalizer_revision"":""2026-07-19.1"",""raw_sha256"":""e78ff2b6ed521ad894a70271a3254fcf434813916fdade4f7d449bc4fdf34ef9"",""salary_source_currency"":""VND"",""source_url"":""https://www.topcv.vn/viec-lam/chuyen-vien-ho-so-ki-thuat-thau/1910196.html"",""title_normalizer_revision"":""2f434fba22de3a14c1b199331c8ca18408dc72e702071bf4bbfe380daff40f58""}"
topcv,1912699,2025-12-18,Senior Tech Lead (Fullstack),Senior Fullstack Developer,senior,Da Nang,5,5,[],75000000,110000000,information_technology,"{""dataset"":""baocgb/vietnam-it-jobs-raw-data-from-topcv-2026"",""dataset_commit"":""kaggle-9263561-v1:e78ff2b6ed521ad894a70271a3254fcf434813916fdade4f7d449bc4fdf34ef9"",""dataset_url"":""https://www.kaggle.com/datasets/baocgb/vietnam-it-jobs-raw-data-from-topcv-2026"",""dataset_version"":""1"",""license"":""CC-BY-4.0"",""location_normalizer_revision"":""2026-07-19.1"",""raw_sha256"":""e78ff2b6ed521ad894a70271a3254fcf434813916fdade4f7d449bc4fdf34ef9"",""salary_source_currency"":""VND"",""source_url"":""https://www.topcv.vn/viec-lam/senior-tech-lead-fullstack/1912699.html"",""title_normalizer_revision"":""2f434fba22de3a14c1b199331c8ca18408dc72e702071bf4bbfe380daff40f58""}"
topcv,1913558,2026-01-01,Nhân Viên Quản Trị Hệ Thống,System Engineer,mid,Nghệ An,1,1,[],8000000,12000000,information_technology,"{""dataset"":""baocgb/vietnam-it-jobs-raw-data-from-topcv-2026"",""dataset_commit"":""kaggle-9263561-v1:e78ff2b6ed521ad894a70271a3254fcf434813916fdade4f7d449bc4fdf34ef9"",""dataset_url"":""https://www.kaggle.com/datasets/baocgb/vietnam-it-jobs-raw-data-from-topcv-2026"",""dataset_version"":""1"",""license"":""CC-BY-4.0"",""location_normalizer_revision"":""2026-07-19.1"",""raw_sha256"":""e78ff2b6ed521ad894a70271a3254fcf434813916fdade4f7d449bc4fdf34ef9"",""salary_source_currency"":""VND"",""source_url"":""https://www.topcv.vn/viec-lam/nhan-vien-quan-tri-he-thong/1913558.html"",""title_normalizer_revision"":""2f434fba22de3a14c1b199331c8ca18408dc72e702071bf4bbfe380daff40f58""}"
topcv,1913864,2026-01-08,IT Helpdesk,IT Support,mid,Ha Noi,1,1,[],,22000000,information_technology,"{""dataset"":""baocgb/vietnam-it-jobs-raw-data-from-topcv-2026"",""dataset_commit"":""kaggle-9263561-v1:e78ff2b6ed521ad894a70271a3254fcf434813916fdade4f7d449bc4fdf34ef9"",""dataset_url"":""https://www.kaggle.com/datasets/baocgb/vietnam-it-jobs-raw-data-from-topcv-2026"",""dataset_version"":""1"",""license"":""CC-BY-4.0"",""location_normalizer_revision"":""2026-07-19.1"",""raw_sha256"":""e78ff2b6ed521ad894a70271a3254fcf434813916fdade4f7d449bc4fdf34ef9"",""salary_source_currency"":""VND"",""source_url"":""https://www.topcv.vn/viec-lam/it-helpdesk/1913864.html"",""title_normalizer_revision"":""2f434fba22de3a14c1b199331c8ca18408dc72e702071bf4bbfe380daff40f58""}"
topcv,1914066,2026-01-08,Nhân Viên Làm Hồ Sơ Thầu,Nhân Viên Làm Hồ Sơ Thầu,mid,Ha Noi,,,[],8000000,15000000,information_technology,"{""dataset"":""baocgb/vietnam-it-jobs-raw-data-from-topcv-2026"",""dataset_commit"":""kaggle-9263561-v1:e78ff2b6ed521ad894a70271a3254fcf434813916fdade4f7d449bc4fdf34ef9"",""dataset_url"":""https://www.kaggle.com/datasets/baocgb/vietnam-it-jobs-raw-data-from-topcv-2026"",""dataset_version"":""1"",""license"":""CC-BY-4.0"",""location_normalizer_revision"":""2026-07-19.1"",""raw_sha256"":""e78ff2b6ed521ad894a70271a3254fcf434813916fdade4f7d449bc4fdf34ef9"",""salary_source_currency"":""VND"",""source_url"":""https://www.topcv.vn/viec-lam/nhan-vien-lam-ho-so-thau/1914066.html"",""title_normalizer_revision"":""2f434fba22de3a14c1b199331c8ca18408dc72e702071bf4bbfe380daff40f58""}"
topcv,1914776,2026-01-01,Fullstack Developer - Từ 01 Đến 02 Năm Kinh Nghiệm Trở Lên - Lương Upto 30 Triệu - Quận Hà Đông (Hà Nội),Fullstack Developer,mid,Ha Noi,1,1,[],12000000,30000000,information_technology,"{""dataset"":""baocgb/vietnam-it-jobs-raw-data-from-topcv-2026"",""dataset_commit"":""kaggle-9263561-v1:e78ff2b6ed521ad894a70271a3254fcf434813916fdade4f7d449bc4fdf34ef9"",""dataset_url"":""https://www.kaggle.com/datasets/baocgb/vietnam-it-jobs-raw-data-from-topcv-2026"",""dataset_version"":""1"",""license"":""CC-BY-4.0"",""location_normalizer_revision"":""2026-07-19.1"",""raw_sha256"":""e78ff2b6ed521ad894a70271a3254fcf434813916fdade4f7d449bc4fdf34ef9"",""salary_source_currency"":""VND"",""source_url"":""https://www.topcv.vn/viec-lam/fullstack-developer-tu-01-den-02-nam-kinh-nghiem-tro-len-luong-upto-30-trieu-quan-ha-dong-ha-noi/1914776.html"",""title_normalizer_revision"":""2f434fba22de3a14c1b199331c8ca18408dc72e702071bf4bbfe380daff40f58""}"
topcv,1914882,2025-12-18,Senior Developer With AI Skill (Java/ C++/ Python/ C#) - Thu Nhập Từ 15-30 Triệu [Hà Nội],Senior Developer With AI Skill Java/ C++/ Python/ C# - Thu Nhập Từ 15-30 Triệu Hà Nội ,senior,Ha Noi,3,3,[],15000000,30000000,information_technology,"{""dataset"":""baocgb/vietnam-it-jobs-raw-data-from-topcv-2026"",""dataset_commit"":""kaggle-9263561-v1:e78ff2b6ed521ad894a70271a3254fcf434813916fdade4f7d449bc4fdf34ef9"",""dataset_url"":""https://www.kaggle.com/datasets/baocgb/vietnam-it-jobs-raw-data-from-topcv-2026"",""dataset_version"":""1"",""license"":""CC-BY-4.0"",""location_normalizer_revision"":""2026-07-19.1"",""raw_sha256"":""e78ff2b6ed521ad894a70271a3254fcf434813916fdade4f7d449bc4fdf34ef9"",""salary_source_currency"":""VND"",""source_url"":""https://www.topcv.vn/viec-lam/senior-developer-with-ai-skill-java-c-python-c-thu-nhap-tu-15-30-trieu-ha-noi/1914882.html"",""title_normalizer_revision"":""2f434fba22de3a14c1b199331c8ca18408dc72e702071bf4bbfe380daff40f58""}"
topcv,1915622,2026-01-01,Business Analyst Lead,Business Analyst,lead,Ha Noi,5,5,[],25000000,35000000,information_technology,"{""dataset"":""baocgb/vietnam-it-jobs-raw-data-from-topcv-2026"",""dataset_commit"":""kaggle-9263561-v1:e78ff2b6ed521ad894a70271a3254fcf434813916fdade4f7d449bc4fdf34ef9"",""dataset_url"":""https://www.kaggle.com/datasets/baocgb/vietnam-it-jobs-raw-data-from-topcv-2026"",""dataset_version"":""1"",""license"":""CC-BY-4.0"",""location_normalizer_revision"":""2026-07-19.1"",""raw_sha256"":""e78ff2b6ed521ad894a70271a3254fcf434813916fdade4f7d449bc4fdf34ef9"",""salary_source_currency"":""VND"",""source_url"":""https://www.topcv.vn/viec-lam/business-analyst-lead/1915622.html"",""title_normalizer_revision"":""2f434fba22de3a14c1b199331c8ca18408dc72e702071bf4bbfe380daff40f58""}"
topcv,1918110,2026-01-14,Lập Trình Mobile App,Mobile Developer,mid,Ha Noi,3,3,[],20000000,,information_technology,"{""dataset"":""baocgb/vietnam-it-jobs-raw-data-from-topcv-2026"",""dataset_commit"":""kaggle-9263561-v1:e78ff2b6ed521ad894a70271a3254fcf434813916fdade4f7d449bc4fdf34ef9"",""dataset_url"":""https://www.kaggle.com/datasets/baocgb/vietnam-it-jobs-raw-data-from-topcv-2026"",""dataset_version"":""1"",""license"":""CC-BY-4.0"",""location_normalizer_revision"":""2026-07-19.1"",""raw_sha256"":""e78ff2b6ed521ad894a70271a3254fcf434813916fdade4f7d449bc4fdf34ef9"",""salary_source_currency"":""VND"",""source_url"":""https://www.topcv.vn/viec-lam/lap-trinh-mobile-app/1918110.html"",""title_normalizer_revision"":""2f434fba22de3a14c1b199331c8ca18408dc72e702071bf4bbfe380daff40f58""}"
topcv,1919008,2025-12-25,Software Engineer (Fullstack Java/Reactjs),Fullstack Developer,mid,Ha Noi,3,3,[],,30000000,information_technology,"{""dataset"":""baocgb/vietnam-it-jobs-raw-data-from-topcv-2026"",""dataset_commit"":""kaggle-9263561-v1:e78ff2b6ed521ad894a70271a3254fcf434813916fdade4f7d449bc4fdf34ef9"",""dataset_url"":""https://www.kaggle.com/datasets/baocgb/vietnam-it-jobs-raw-data-from-topcv-2026"",""dataset_version"":""1"",""license"":""CC-BY-4.0"",""location_normalizer_revision"":""2026-07-19.1"",""raw_sha256"":""e78ff2b6ed521ad894a70271a3254fcf434813916fdade4f7d449bc4fdf34ef9"",""salary_source_currency"":""USD"",""source_url"":""https://www.topcv.vn/viec-lam/software-engineer-fullstack-java-reactjs/1919008.html"",""title_normalizer_revision"":""2f434fba22de3a14c1b199331c8ca18408dc72e702071bf4bbfe380daff40f58"",""usd_to_vnd"":""25000""}"
topcv,1919019,2026-01-08,Chuyên Viên Kinh Doanh - KiotViet Software,Chuyên Viên Kinh Doanh - KiotViet Software,mid,Ha Noi,1,1,[],15000000,30000000,information_technology,"{""dataset"":""baocgb/vietnam-it-jobs-raw-data-from-topcv-2026"",""dataset_commit"":""kaggle-9263561-v1:e78ff2b6ed521ad894a70271a3254fcf434813916fdade4f7d449bc4fdf34ef9"",""dataset_url"":""https://www.kaggle.com/datasets/baocgb/vietnam-it-jobs-raw-data-from-topcv-2026"",""dataset_version"":""1"",""license"":""CC-BY-4.0"",""location_normalizer_revision"":""2026-07-19.1"",""raw_sha256"":""e78ff2b6ed521ad894a70271a3254fcf434813916fdade4f7d449bc4fdf34ef9"",""salary_source_currency"":""VND"",""source_url"":""https://www.topcv.vn/viec-lam/chuyen-vien-kinh-doanh-kiotviet-software/1919019.html"",""title_normalizer_revision"":""2f434fba22de3a14c1b199331c8ca18408dc72e702071bf4bbfe380daff40f58""}"
topcv,1920545,2025-12-25,Business Analyst,Business Analyst,mid,Ha Noi,3,3,[],25000000,30000000,information_technology,"{""dataset"":""baocgb/vietnam-it-jobs-raw-data-from-topcv-2026"",""dataset_commit"":""kaggle-9263561-v1:e78ff2b6ed521ad894a70271a3254fcf434813916fdade4f7d449bc4fdf34ef9"",""dataset_url"":""https://www.kaggle.com/datasets/baocgb/vietnam-it-jobs-raw-data-from-topcv-2026"",""dataset_version"":""1"",""license"":""CC-BY-4.0"",""location_normalizer_revision"":""2026-07-19.1"",""raw_sha256"":""e78ff2b6ed521ad894a70271a3254fcf434813916fdade4f7d449bc4fdf34ef9"",""salary_source_currency"":""VND"",""source_url"":""https://www.topcv.vn/viec-lam/business-analyst/1920545.html"",""title_normalizer_revision"":""2f434fba22de3a14c1b199331c8ca18408dc72e702071bf4bbfe380daff40f58""}"
topcv,1920592,2026-01-08,Lập Trình Unity Game 3D,Lập Trình Unity Game 3D,mid,Ha Noi,1,1,[],10000000,20000000,information_technology,"{""dataset"":""baocgb/vietnam-it-jobs-raw-data-from-topcv-2026"",""dataset_commit"":""kaggle-9263561-v1:e78ff2b6ed521ad894a70271a3254fcf434813916fdade4f7d449bc4fdf34ef9"",""dataset_url"":""https://www.kaggle.com/datasets/baocgb/vietnam-it-jobs-raw-data-from-topcv-2026"",""dataset_version"":""1"",""license"":""CC-BY-4.0"",""location_normalizer_revision"":""2026-07-19.1"",""raw_sha256"":""e78ff2b6ed521ad894a70271a3254fcf434813916fdade4f7d449bc4fdf34ef9"",""salary_source_currency"":""VND"",""source_url"":""https://www.topcv.vn/viec-lam/lap-trinh-unity-game-3d/1920592.html"",""title_normalizer_revision"":""2f434fba22de3a14c1b199331c8ca18408dc72e702071bf4bbfe380daff40f58""}"
topcv,1921036,2026-01-01,Trưởng Nhóm IT,Trưởng Nhóm IT,lead,Ha Noi,3,3,[],20000000,25000000,information_technology,"{""dataset"":""baocgb/vietnam-it-jobs-raw-data-from-topcv-2026"",""dataset_commit"":""kaggle-9263561-v1:e78ff2b6ed521ad894a70271a3254fcf434813916fdade4f7d449bc4fdf34ef9"",""dataset_url"":""https://www.kaggle.com/datasets/baocgb/vietnam-it-jobs-raw-data-from-topcv-2026"",""dataset_version"":""1"",""license"":""CC-BY-4.0"",""location_normalizer_revision"":""2026-07-19.1"",""raw_sha256"":""e78ff2b6ed521ad894a70271a3254fcf434813916fdade4f7d449bc4fdf34ef9"",""salary_source_currency"":""VND"",""source_url"":""https://www.topcv.vn/viec-lam/truong-nhom-it/1921036.html"",""title_normalizer_revision"":""2f434fba22de3a14c1b199331c8ca18408dc72e702071bf4bbfe380daff40f58""}"
topcv,1921258,2025-12-25,Business Analyst,Business Analyst,mid,Ha Noi,1,1,[],10000000,14000000,information_technology,"{""dataset"":""baocgb/vietnam-it-jobs-raw-data-from-topcv-2026"",""dataset_commit"":""kaggle-9263561-v1:e78ff2b6ed521ad894a70271a3254fcf434813916fdade4f7d449bc4fdf34ef9"",""dataset_url"":""https://www.kaggle.com/datasets/baocgb/vietnam-it-jobs-raw-data-from-topcv-2026"",""dataset_version"":""1"",""license"":""CC-BY-4.0"",""location_normalizer_revision"":""2026-07-19.1"",""raw_sha256"":""e78ff2b6ed521ad894a70271a3254fcf434813916fdade4f7d449bc4fdf34ef9"",""salary_source_currency"":""VND"",""source_url"":""https://www.topcv.vn/viec-lam/business-analyst/1921258.html"",""title_normalizer_revision"":""2f434fba22de3a14c1b199331c8ca18408dc72e702071bf4bbfe380daff40f58""}"
topcv,1921779,2025-12-25,Nhân Viên Kỹ Thuật Dự Án (Camera - Thiết Bị IT),Nhân Viên Kỹ Thuật Dự Án Camera - Thiết Bị IT ,mid,Ho Chi Minh,1,1,[],15000000,,information_technology,"{""dataset"":""baocgb/vietnam-it-jobs-raw-data-from-topcv-2026"",""dataset_commit"":""kaggle-9263561-v1:e78ff2b6ed521ad894a70271a3254fcf434813916fdade4f7d449bc4fdf34ef9"",""dataset_url"":""https://www.kaggle.com/datasets/baocgb/vietnam-it-jobs-raw-data-from-topcv-2026"",""dataset_version"":""1"",""license"":""CC-BY-4.0"",""location_normalizer_revision"":""2026-07-19.1"",""raw_sha256"":""e78ff2b6ed521ad894a70271a3254fcf434813916fdade4f7d449bc4fdf34ef9"",""salary_source_currency"":""VND"",""source_url"":""https://www.topcv.vn/viec-lam/nhan-vien-ky-thuat-du-an-camera-thiet-bi-it/1921779.html"",""title_normalizer_revision"":""2f434fba22de3a14c1b199331c8ca18408dc72e702071bf4bbfe380daff40f58""}"
topcv,1921811,2026-01-01,Nhân Viên Kỹ Thuật Hệ Thống,Nhân Viên Kỹ Thuật Hệ Thống,mid,Ha Noi,2,2,[],12000000,20000000,information_technology,"{""dataset"":""baocgb/vietnam-it-jobs-raw-data-from-topcv-2026"",""dataset_commit"":""kaggle-9263561-v1:e78ff2b6ed521ad894a70271a3254fcf434813916fdade4f7d449bc4fdf34ef9"",""dataset_url"":""https://www.kaggle.com/datasets/baocgb/vietnam-it-jobs-raw-data-from-topcv-2026"",""dataset_version"":""1"",""license"":""CC-BY-4.0"",""location_normalizer_revision"":""2026-07-19.1"",""raw_sha256"":""e78ff2b6ed521ad894a70271a3254fcf434813916fdade4f7d449bc4fdf34ef9"",""salary_source_currency"":""VND"",""source_url"":""https://www.topcv.vn/viec-lam/nhan-vien-ky-thuat-he-thong/1921811.html"",""title_normalizer_revision"":""2f434fba22de3a14c1b199331c8ca18408dc72e702071bf4bbfe380daff40f58""}"
topcv,1921944,2025-12-25,Nhân Viên Kỹ Thuật Dự Án (Camera - Thiết Bị IT),Nhân Viên Kỹ Thuật Dự Án Camera - Thiết Bị IT ,mid,Ho Chi Minh,1,1,[],15000000,,information_technology,"{""dataset"":""baocgb/vietnam-it-jobs-raw-data-from-topcv-2026"",""dataset_commit"":""kaggle-9263561-v1:e78ff2b6ed521ad894a70271a3254fcf434813916fdade4f7d449bc4fdf34ef9"",""dataset_url"":""https://www.kaggle.com/datasets/baocgb/vietnam-it-jobs-raw-data-from-topcv-2026"",""dataset_version"":""1"",""license"":""CC-BY-4.0"",""location_normalizer_revision"":""2026-07-19.1"",""raw_sha256"":""e78ff2b6ed521ad894a70271a3254fcf434813916fdade4f7d449bc4fdf34ef9"",""salary_source_currency"":""VND"",""source_url"":""https://www.topcv.vn/viec-lam/nhan-vien-ky-thuat-du-an-camera-thiet-bi-it/1921944.html"",""title_normalizer_revision"":""2f434fba22de3a14c1b199331c8ca18408dc72e702071bf4bbfe380daff40f58""}"
topcv,1923289,2026-01-01,Chuyên Viên Sản Phẩm (Product Executive),Chuyên Viên Sản Phẩm Product Executive ,mid,Ha Noi,,,[],10000000,15000000,information_technology,"{""dataset"":""baocgb/vietnam-it-jobs-raw-data-from-topcv-2026"",""dataset_commit"":""kaggle-9263561-v1:e78ff2b6ed521ad894a70271a3254fcf434813916fdade4f7d449bc4fdf34ef9"",""dataset_url"":""https://www.kaggle.com/datasets/baocgb/vietnam-it-jobs-raw-data-from-topcv-2026"",""dataset_version"":""1"",""license"":""CC-BY-4.0"",""location_normalizer_revision"":""2026-07-19.1"",""raw_sha256"":""e78ff2b6ed521ad894a70271a3254fcf434813916fdade4f7d449bc4fdf34ef9"",""salary_source_currency"":""USD"",""source_url"":""https://www.topcv.vn/viec-lam/chuyen-vien-san-pham-product-executive/1923289.html"",""title_normalizer_revision"":""2f434fba22de3a14c1b199331c8ca18408dc72e702071bf4bbfe380daff40f58"",""usd_to_vnd"":""25000""}"
topcv,1925104,2026-01-01,Trưởng Nhóm IT,Trưởng Nhóm IT,lead,Ho Chi Minh,3,3,[],19000000,24000000,information_technology,"{""dataset"":""baocgb/vietnam-it-jobs-raw-data-from-topcv-2026"",""dataset_commit"":""kaggle-9263561-v1:e78ff2b6ed521ad894a70271a3254fcf434813916fdade4f7d449bc4fdf34ef9"",""dataset_url"":""https://www.kaggle.com/datasets/baocgb/vietnam-it-jobs-raw-data-from-topcv-2026"",""dataset_version"":""1"",""license"":""CC-BY-4.0"",""location_normalizer_revision"":""2026-07-19.1"",""raw_sha256"":""e78ff2b6ed521ad894a70271a3254fcf434813916fdade4f7d449bc4fdf34ef9"",""salary_source_currency"":""VND"",""source_url"":""https://www.topcv.vn/viec-lam/truong-nhom-it/1925104.html"",""title_normalizer_revision"":""2f434fba22de3a14c1b199331c8ca18408dc72e702071bf4bbfe380daff40f58""}"
topcv,1925998,2026-01-08,SAP Consultant Intern,SAP Consultant Intern,intern,Ho Chi Minh,,,[],,1500000,information_technology,"{""dataset"":""baocgb/vietnam-it-jobs-raw-data-from-topcv-2026"",""dataset_commit"":""kaggle-9263561-v1:e78ff2b6ed521ad894a70271a3254fcf434813916fdade4f7d449bc4fdf34ef9"",""dataset_url"":""https://www.kaggle.com/datasets/baocgb/vietnam-it-jobs-raw-data-from-topcv-2026"",""dataset_version"":""1"",""license"":""CC-BY-4.0"",""location_normalizer_revision"":""2026-07-19.1"",""raw_sha256"":""e78ff2b6ed521ad894a70271a3254fcf434813916fdade4f7d449bc4fdf34ef9"",""salary_source_currency"":""VND"",""source_url"":""https://www.topcv.vn/viec-lam/sap-consultant-intern/1925998.html"",""title_normalizer_revision"":""2f434fba22de3a14c1b199331c8ca18408dc72e702071bf4bbfe380daff40f58""}"
topcv,1926778,2026-01-08,Java Developer(Senior),Senior Backend Developer,senior,Ha Noi,5,5,[],30000000,50000000,information_technology,"{""dataset"":""baocgb/vietnam-it-jobs-raw-data-from-topcv-2026"",""dataset_commit"":""kaggle-9263561-v1:e78ff2b6ed521ad894a70271a3254fcf434813916fdade4f7d449bc4fdf34ef9"",""dataset_url"":""https://www.kaggle.com/datasets/baocgb/vietnam-it-jobs-raw-data-from-topcv-2026"",""dataset_version"":""1"",""license"":""CC-BY-4.0"",""location_normalizer_revision"":""2026-07-19.1"",""raw_sha256"":""e78ff2b6ed521ad894a70271a3254fcf434813916fdade4f7d449bc4fdf34ef9"",""salary_source_currency"":""VND"",""source_url"":""https://www.topcv.vn/viec-lam/java-developersenior/1926778.html"",""title_normalizer_revision"":""2f434fba22de3a14c1b199331c8ca18408dc72e702071bf4bbfe380daff40f58""}"
topcv,1926793,2026-01-08,Network Security Engineer,Security Engineer,mid,Ha Noi,1,1,[],,35000000,information_technology,"{""dataset"":""baocgb/vietnam-it-jobs-raw-data-from-topcv-2026"",""dataset_commit"":""kaggle-9263561-v1:e78ff2b6ed521ad894a70271a3254fcf434813916fdade4f7d449bc4fdf34ef9"",""dataset_url"":""https://www.kaggle.com/datasets/baocgb/vietnam-it-jobs-raw-data-from-topcv-2026"",""dataset_version"":""1"",""license"":""CC-BY-4.0"",""location_normalizer_revision"":""2026-07-19.1"",""raw_sha256"":""e78ff2b6ed521ad894a70271a3254fcf434813916fdade4f7d449bc4fdf34ef9"",""salary_source_currency"":""VND"",""source_url"":""https://www.topcv.vn/viec-lam/network-security-engineer/1926793.html"",""title_normalizer_revision"":""2f434fba22de3a14c1b199331c8ca18408dc72e702071bf4bbfe380daff40f58""}"
topcv,1927330,2026-01-12,Chuyên Viên Tư Vấn Giải Pháp (Presale),Chuyên Viên Tư Vấn Giải Pháp Presale ,mid,Ha Noi,2,2,[],15000000,40000000,information_technology,"{""dataset"":""baocgb/vietnam-it-jobs-raw-data-from-topcv-2026"",""dataset_commit"":""kaggle-9263561-v1:e78ff2b6ed521ad894a70271a3254fcf434813916fdade4f7d449bc4fdf34ef9"",""dataset_url"":""https://www.kaggle.com/datasets/baocgb/vietnam-it-jobs-raw-data-from-topcv-2026"",""dataset_version"":""1"",""license"":""CC-BY-4.0"",""location_normalizer_revision"":""2026-07-19.1"",""raw_sha256"":""e78ff2b6ed521ad894a70271a3254fcf434813916fdade4f7d449bc4fdf34ef9"",""salary_source_currency"":""VND"",""source_url"":""https://www.topcv.vn/viec-lam/chuyen-vien-tu-van-giai-phap-presale/1927330.html"",""title_normalizer_revision"":""2f434fba22de3a14c1b199331c8ca18408dc72e702071bf4bbfe380daff40f58""}"
topcv,1927367,2026-01-01,Business Analyst - Từ 2 Năm Kinh Nghiệm,Business Analyst,mid,Ha Noi,2,2,[],,30000000,information_technology,"{""dataset"":""baocgb/vietnam-it-jobs-raw-data-from-topcv-2026"",""dataset_commit"":""kaggle-9263561-v1:e78ff2b6ed521ad894a70271a3254fcf434813916fdade4f7d449bc4fdf34ef9"",""dataset_url"":""https://www.kaggle.com/datasets/baocgb/vietnam-it-jobs-raw-data-from-topcv-2026"",""dataset_version"":""1"",""license"":""CC-BY-4.0"",""location_normalizer_revision"":""2026-07-19.1"",""raw_sha256"":""e78ff2b6ed521ad894a70271a3254fcf434813916fdade4f7d449bc4fdf34ef9"",""salary_source_currency"":""VND"",""source_url"":""https://www.topcv.vn/viec-lam/business-analyst-tu-2-nam-kinh-nghiem/1927367.html"",""title_normalizer_revision"":""2f434fba22de3a14c1b199331c8ca18408dc72e702071bf4bbfe380daff40f58""}"
topcv,1927508,2026-01-08,Lập Trình Game Mobile Unity 3D (Level Junior),Junior Game Developer,junior,Ha Noi,1,1,[],10000000,18000000,information_technology,"{""dataset"":""baocgb/vietnam-it-jobs-raw-data-from-topcv-2026"",""dataset_commit"":""kaggle-9263561-v1:e78ff2b6ed521ad894a70271a3254fcf434813916fdade4f7d449bc4fdf34ef9"",""dataset_url"":""https://www.kaggle.com/datasets/baocgb/vietnam-it-jobs-raw-data-from-topcv-2026"",""dataset_version"":""1"",""license"":""CC-BY-4.0"",""location_normalizer_revision"":""2026-07-19.1"",""raw_sha256"":""e78ff2b6ed521ad894a70271a3254fcf434813916fdade4f7d449bc4fdf34ef9"",""salary_source_currency"":""VND"",""source_url"":""https://www.topcv.vn/viec-lam/lap-trinh-game-mobile-unity-3d-level-junior/1927508.html"",""title_normalizer_revision"":""2f434fba22de3a14c1b199331c8ca18408dc72e702071bf4bbfe380daff40f58""}"
topcv,1927681,2025-12-18,Backend Developer (Java/Go) Upto $3000,Backend Developer,mid,Ha Noi,5,5,[],,75000000,information_technology,"{""dataset"":""baocgb/vietnam-it-jobs-raw-data-from-topcv-2026"",""dataset_commit"":""kaggle-9263561-v1:e78ff2b6ed521ad894a70271a3254fcf434813916fdade4f7d449bc4fdf34ef9"",""dataset_url"":""https://www.kaggle.com/datasets/baocgb/vietnam-it-jobs-raw-data-from-topcv-2026"",""dataset_version"":""1"",""license"":""CC-BY-4.0"",""location_normalizer_revision"":""2026-07-19.1"",""raw_sha256"":""e78ff2b6ed521ad894a70271a3254fcf434813916fdade4f7d449bc4fdf34ef9"",""salary_source_currency"":""USD"",""source_url"":""https://www.topcv.vn/viec-lam/backend-developer-java-go-upto-3000/1927681.html"",""title_normalizer_revision"":""2f434fba22de3a14c1b199331c8ca18408dc72e702071bf4bbfe380daff40f58"",""usd_to_vnd"":""25000""}"
topcv,1928420,2026-01-01,Manual Tester (QA/QC),QA Engineer,mid,Ha Noi,3,3,[],16000000,26000000,information_technology,"{""dataset"":""baocgb/vietnam-it-jobs-raw-data-from-topcv-2026"",""dataset_commit"":""kaggle-9263561-v1:e78ff2b6ed521ad894a70271a3254fcf434813916fdade4f7d449bc4fdf34ef9"",""dataset_url"":""https://www.kaggle.com/datasets/baocgb/vietnam-it-jobs-raw-data-from-topcv-2026"",""dataset_version"":""1"",""license"":""CC-BY-4.0"",""location_normalizer_revision"":""2026-07-19.1"",""raw_sha256"":""e78ff2b6ed521ad894a70271a3254fcf434813916fdade4f7d449bc4fdf34ef9"",""salary_source_currency"":""VND"",""source_url"":""https://www.topcv.vn/viec-lam/manual-tester-qa-qc/1928420.html"",""title_normalizer_revision"":""2f434fba22de3a14c1b199331c8ca18408dc72e702071bf4bbfe380daff40f58""}"
topcv,1928929,2026-01-12,Chuyên Viên Lập Trình CNC - CNC Programmer,Chuyên Viên Lập Trình CNC - CNC Programmer,mid,Ho Chi Minh,3,3,[],20000000,28000000,information_technology,"{""dataset"":""baocgb/vietnam-it-jobs-raw-data-from-topcv-2026"",""dataset_commit"":""kaggle-9263561-v1:e78ff2b6ed521ad894a70271a3254fcf434813916fdade4f7d449bc4fdf34ef9"",""dataset_url"":""https://www.kaggle.com/datasets/baocgb/vietnam-it-jobs-raw-data-from-topcv-2026"",""dataset_version"":""1"",""license"":""CC-BY-4.0"",""location_normalizer_revision"":""2026-07-19.1"",""raw_sha256"":""e78ff2b6ed521ad894a70271a3254fcf434813916fdade4f7d449bc4fdf34ef9"",""salary_source_currency"":""VND"",""source_url"":""https://www.topcv.vn/viec-lam/chuyen-vien-lap-trinh-cnc-cnc-programmer/1928929.html"",""title_normalizer_revision"":""2f434fba22de3a14c1b199331c8ca18408dc72e702071bf4bbfe380daff40f58""}"
topcv,1931269,2026-01-01,IT Manager,IT Manager,manager,Hải Phòng,5,5,[],37500000,50000000,information_technology,"{""dataset"":""baocgb/vietnam-it-jobs-raw-data-from-topcv-2026"",""dataset_commit"":""kaggle-9263561-v1:e78ff2b6ed521ad894a70271a3254fcf434813916fdade4f7d449bc4fdf34ef9"",""dataset_url"":""https://www.kaggle.com/datasets/baocgb/vietnam-it-jobs-raw-data-from-topcv-2026"",""dataset_version"":""1"",""license"":""CC-BY-4.0"",""location_normalizer_revision"":""2026-07-19.1"",""raw_sha256"":""e78ff2b6ed521ad894a70271a3254fcf434813916fdade4f7d449bc4fdf34ef9"",""salary_source_currency"":""USD"",""source_url"":""https://www.topcv.vn/viec-lam/it-manager/1931269.html"",""title_normalizer_revision"":""2f434fba22de3a14c1b199331c8ca18408dc72e702071bf4bbfe380daff40f58"",""usd_to_vnd"":""25000""}"
topcv,1932570,2026-01-08,Embedded Linux Engineer,Embedded Engineer,mid,Ha Noi,2,2,[],12000000,30000000,information_technology,"{""dataset"":""baocgb/vietnam-it-jobs-raw-data-from-topcv-2026"",""dataset_commit"":""kaggle-9263561-v1:e78ff2b6ed521ad894a70271a3254fcf434813916fdade4f7d449bc4fdf34ef9"",""dataset_url"":""https://www.kaggle.com/datasets/baocgb/vietnam-it-jobs-raw-data-from-topcv-2026"",""dataset_version"":""1"",""license"":""CC-BY-4.0"",""location_normalizer_revision"":""2026-07-19.1"",""raw_sha256"":""e78ff2b6ed521ad894a70271a3254fcf434813916fdade4f7d449bc4fdf34ef9"",""salary_source_currency"":""VND"",""source_url"":""https://www.topcv.vn/viec-lam/embedded-linux-engineer/1932570.html"",""title_normalizer_revision"":""2f434fba22de3a14c1b199331c8ca18408dc72e702071bf4bbfe380daff40f58""}"
topcv,1933473,2026-01-08,Kỹ Sư Lập Trình Máy CNC,Kỹ Sư Lập Trình Máy CNC,mid,Ha Noi,,,[],13000000,16000000,information_technology,"{""dataset"":""baocgb/vietnam-it-jobs-raw-data-from-topcv-2026"",""dataset_commit"":""kaggle-9263561-v1:e78ff2b6ed521ad894a70271a3254fcf434813916fdade4f7d449bc4fdf34ef9"",""dataset_url"":""https://www.kaggle.com/datasets/baocgb/vietnam-it-jobs-raw-data-from-topcv-2026"",""dataset_version"":""1"",""license"":""CC-BY-4.0"",""location_normalizer_revision"":""2026-07-19.1"",""raw_sha256"":""e78ff2b6ed521ad894a70271a3254fcf434813916fdade4f7d449bc4fdf34ef9"",""salary_source_currency"":""VND"",""source_url"":""https://www.topcv.vn/viec-lam/ky-su-lap-trinh-may-cnc/1933473.html"",""title_normalizer_revision"":""2f434fba22de3a14c1b199331c8ca18408dc72e702071bf4bbfe380daff40f58""}"
topcv,1933788,2026-01-08,Giảng Viên Đào Tạo Lập Trình,Giảng Viên Đào Tạo Lập Trình,mid,Ha Noi,2,2,[],15000000,25000000,information_technology,"{""dataset"":""baocgb/vietnam-it-jobs-raw-data-from-topcv-2026"",""dataset_commit"":""kaggle-9263561-v1:e78ff2b6ed521ad894a70271a3254fcf434813916fdade4f7d449bc4fdf34ef9"",""dataset_url"":""https://www.kaggle.com/datasets/baocgb/vietnam-it-jobs-raw-data-from-topcv-2026"",""dataset_version"":""1"",""license"":""CC-BY-4.0"",""location_normalizer_revision"":""2026-07-19.1"",""raw_sha256"":""e78ff2b6ed521ad894a70271a3254fcf434813916fdade4f7d449bc4fdf34ef9"",""salary_source_currency"":""VND"",""source_url"":""https://www.topcv.vn/viec-lam/giang-vien-dao-tao-lap-trinh/1933788.html"",""title_normalizer_revision"":""2f434fba22de3a14c1b199331c8ca18408dc72e702071bf4bbfe380daff40f58""}"
topcv,1934985,2026-01-14,Leader QA Có Kinh Nghiệm Test,QA Engineer,lead,Ha Noi,4,4,[],12000000,20000000,information_technology,"{""dataset"":""baocgb/vietnam-it-jobs-raw-data-from-topcv-2026"",""dataset_commit"":""kaggle-9263561-v1:e78ff2b6ed521ad894a70271a3254fcf434813916fdade4f7d449bc4fdf34ef9"",""dataset_url"":""https://www.kaggle.com/datasets/baocgb/vietnam-it-jobs-raw-data-from-topcv-2026"",""dataset_version"":""1"",""license"":""CC-BY-4.0"",""location_normalizer_revision"":""2026-07-19.1"",""raw_sha256"":""e78ff2b6ed521ad894a70271a3254fcf434813916fdade4f7d449bc4fdf34ef9"",""salary_source_currency"":""VND"",""source_url"":""https://www.topcv.vn/viec-lam/leader-qa-co-kinh-nghiem-test/1934985.html"",""title_normalizer_revision"":""2f434fba22de3a14c1b199331c8ca18408dc72e702071bf4bbfe380daff40f58""}"
topcv,1935099,2025-12-25,"Middle/Senior Backend Engineer (Java, Fullstack)",Senior Backend Developer,senior,Ho Chi Minh,4,4,[],25000000,75000000,information_technology,"{""dataset"":""baocgb/vietnam-it-jobs-raw-data-from-topcv-2026"",""dataset_commit"":""kaggle-9263561-v1:e78ff2b6ed521ad894a70271a3254fcf434813916fdade4f7d449bc4fdf34ef9"",""dataset_url"":""https://www.kaggle.com/datasets/baocgb/vietnam-it-jobs-raw-data-from-topcv-2026"",""dataset_version"":""1"",""license"":""CC-BY-4.0"",""location_normalizer_revision"":""2026-07-19.1"",""raw_sha256"":""e78ff2b6ed521ad894a70271a3254fcf434813916fdade4f7d449bc4fdf34ef9"",""salary_source_currency"":""USD"",""source_url"":""https://www.topcv.vn/viec-lam/middle-senior-backend-engineer-java-fullstack/1935099.html"",""title_normalizer_revision"":""2f434fba22de3a14c1b199331c8ca18408dc72e702071bf4bbfe380daff40f58"",""usd_to_vnd"":""25000""}"
topcv,1935112,2025-12-25,"Middle/Senior Frontend Engineer(ReactJS,Fullstack)",Senior Frontend Developer,senior,Ho Chi Minh,4,4,[],25000000,75000000,information_technology,"{""dataset"":""baocgb/vietnam-it-jobs-raw-data-from-topcv-2026"",""dataset_commit"":""kaggle-9263561-v1:e78ff2b6ed521ad894a70271a3254fcf434813916fdade4f7d449bc4fdf34ef9"",""dataset_url"":""https://www.kaggle.com/datasets/baocgb/vietnam-it-jobs-raw-data-from-topcv-2026"",""dataset_version"":""1"",""license"":""CC-BY-4.0"",""location_normalizer_revision"":""2026-07-19.1"",""raw_sha256"":""e78ff2b6ed521ad894a70271a3254fcf434813916fdade4f7d449bc4fdf34ef9"",""salary_source_currency"":""USD"",""source_url"":""https://www.topcv.vn/viec-lam/middle-senior-frontend-engineerreactjs-fullstack/1935112.html"",""title_normalizer_revision"":""2f434fba22de3a14c1b199331c8ca18408dc72e702071bf4bbfe380daff40f58"",""usd_to_vnd"":""25000""}"
topcv,1935681,2026-01-08,Kỹ Sư Presale,Kỹ Sư Presale,mid,Ho Chi Minh,2,2,[],15000000,25000000,information_technology,"{""dataset"":""baocgb/vietnam-it-jobs-raw-data-from-topcv-2026"",""dataset_commit"":""kaggle-9263561-v1:e78ff2b6ed521ad894a70271a3254fcf434813916fdade4f7d449bc4fdf34ef9"",""dataset_url"":""https://www.kaggle.com/datasets/baocgb/vietnam-it-jobs-raw-data-from-topcv-2026"",""dataset_version"":""1"",""license"":""CC-BY-4.0"",""location_normalizer_revision"":""2026-07-19.1"",""raw_sha256"":""e78ff2b6ed521ad894a70271a3254fcf434813916fdade4f7d449bc4fdf34ef9"",""salary_source_currency"":""VND"",""source_url"":""https://www.topcv.vn/viec-lam/ky-su-presale/1935681.html"",""title_normalizer_revision"":""2f434fba22de3a14c1b199331c8ca18408dc72e702071bf4bbfe380daff40f58""}"
topcv,1936837,2026-01-09,Data Integration Engineer,Data Integration Engineer,mid,Ha Noi,4,4,[],,65000000,information_technology,"{""dataset"":""baocgb/vietnam-it-jobs-raw-data-from-topcv-2026"",""dataset_commit"":""kaggle-9263561-v1:e78ff2b6ed521ad894a70271a3254fcf434813916fdade4f7d449bc4fdf34ef9"",""dataset_url"":""https://www.kaggle.com/datasets/baocgb/vietnam-it-jobs-raw-data-from-topcv-2026"",""dataset_version"":""1"",""license"":""CC-BY-4.0"",""location_normalizer_revision"":""2026-07-19.1"",""raw_sha256"":""e78ff2b6ed521ad894a70271a3254fcf434813916fdade4f7d449bc4fdf34ef9"",""salary_source_currency"":""VND"",""source_url"":""https://www.topcv.vn/viec-lam/data-integration-engineer/1936837.html"",""title_normalizer_revision"":""2f434fba22de3a14c1b199331c8ca18408dc72e702071bf4bbfe380daff40f58""}"
topcv,1939454,2026-01-08,.NET Developer,Backend Developer,mid,Ha Noi,3,3,[],25000000,35000000,information_technology,"{""dataset"":""baocgb/vietnam-it-jobs-raw-data-from-topcv-2026"",""dataset_commit"":""kaggle-9263561-v1:e78ff2b6ed521ad894a70271a3254fcf434813916fdade4f7d449bc4fdf34ef9"",""dataset_url"":""https://www.kaggle.com/datasets/baocgb/vietnam-it-jobs-raw-data-from-topcv-2026"",""dataset_version"":""1"",""license"":""CC-BY-4.0"",""location_normalizer_revision"":""2026-07-19.1"",""raw_sha256"":""e78ff2b6ed521ad894a70271a3254fcf434813916fdade4f7d449bc4fdf34ef9"",""salary_source_currency"":""VND"",""source_url"":""https://www.topcv.vn/viec-lam/net-developer/1939454.html"",""title_normalizer_revision"":""2f434fba22de3a14c1b199331c8ca18408dc72e702071bf4bbfe380daff40f58""}"
topcv,1939839,2026-01-14,System Engineer (Linux Operation/ DBA),Database Administrator,mid,Ha Noi,1,1,[],20000000,45000000,information_technology,"{""dataset"":""baocgb/vietnam-it-jobs-raw-data-from-topcv-2026"",""dataset_commit"":""kaggle-9263561-v1:e78ff2b6ed521ad894a70271a3254fcf434813916fdade4f7d449bc4fdf34ef9"",""dataset_url"":""https://www.kaggle.com/datasets/baocgb/vietnam-it-jobs-raw-data-from-topcv-2026"",""dataset_version"":""1"",""license"":""CC-BY-4.0"",""location_normalizer_revision"":""2026-07-19.1"",""raw_sha256"":""e78ff2b6ed521ad894a70271a3254fcf434813916fdade4f7d449bc4fdf34ef9"",""salary_source_currency"":""VND"",""source_url"":""https://www.topcv.vn/viec-lam/system-engineer-linux-operation-dba/1939839.html"",""title_normalizer_revision"":""2f434fba22de3a14c1b199331c8ca18408dc72e702071bf4bbfe380daff40f58""}"
topcv,1940217,2025-12-25,Trưởng Nhóm IT-Vận Hành,Trưởng Nhóm IT-Vận Hành,lead,Ha Noi,2,2,[],13000000,15000000,information_technology,"{""dataset"":""baocgb/vietnam-it-jobs-raw-data-from-topcv-2026"",""dataset_commit"":""kaggle-9263561-v1:e78ff2b6ed521ad894a70271a3254fcf434813916fdade4f7d449bc4fdf34ef9"",""dataset_url"":""https://www.kaggle.com/datasets/baocgb/vietnam-it-jobs-raw-data-from-topcv-2026"",""dataset_version"":""1"",""license"":""CC-BY-4.0"",""location_normalizer_revision"":""2026-07-19.1"",""raw_sha256"":""e78ff2b6ed521ad894a70271a3254fcf434813916fdade4f7d449bc4fdf34ef9"",""salary_source_currency"":""VND"",""source_url"":""https://www.topcv.vn/viec-lam/truong-nhom-it-van-hanh/1940217.html"",""title_normalizer_revision"":""2f434fba22de3a14c1b199331c8ca18408dc72e702071bf4bbfe380daff40f58""}"
topcv,1940696,2025-12-18,Lập Trình Viên Mobile,Mobile Developer,mid,Ha Noi,3,3,[],20000000,30000000,information_technology,"{""dataset"":""baocgb/vietnam-it-jobs-raw-data-from-topcv-2026"",""dataset_commit"":""kaggle-9263561-v1:e78ff2b6ed521ad894a70271a3254fcf434813916fdade4f7d449bc4fdf34ef9"",""dataset_url"":""https://www.kaggle.com/datasets/baocgb/vietnam-it-jobs-raw-data-from-topcv-2026"",""dataset_version"":""1"",""license"":""CC-BY-4.0"",""location_normalizer_revision"":""2026-07-19.1"",""raw_sha256"":""e78ff2b6ed521ad894a70271a3254fcf434813916fdade4f7d449bc4fdf34ef9"",""salary_source_currency"":""VND"",""source_url"":""https://www.topcv.vn/viec-lam/lap-trinh-vien-mobile/1940696.html"",""title_normalizer_revision"":""2f434fba22de3a14c1b199331c8ca18408dc72e702071bf4bbfe380daff40f58""}"
topcv,1941864,2025-12-16,IT Helpdesk (Có Phụ Cấp Đi Lại & Nhà Ở),IT Support,mid,Ho Chi Minh,1,1,[],15000000,18000000,information_technology,"{""dataset"":""baocgb/vietnam-it-jobs-raw-data-from-topcv-2026"",""dataset_commit"":""kaggle-9263561-v1:e78ff2b6ed521ad894a70271a3254fcf434813916fdade4f7d449bc4fdf34ef9"",""dataset_url"":""https://www.kaggle.com/datasets/baocgb/vietnam-it-jobs-raw-data-from-topcv-2026"",""dataset_version"":""1"",""license"":""CC-BY-4.0"",""location_normalizer_revision"":""2026-07-19.1"",""raw_sha256"":""e78ff2b6ed521ad894a70271a3254fcf434813916fdade4f7d449bc4fdf34ef9"",""salary_source_currency"":""VND"",""source_url"":""https://www.topcv.vn/viec-lam/it-helpdesk-co-phu-cap-di-lai-nha-o/1941864.html"",""title_normalizer_revision"":""2f434fba22de3a14c1b199331c8ca18408dc72e702071bf4bbfe380daff40f58""}"
topcv,1942516,2026-01-13,Nhân Viên Mobile App,Nhân Viên Mobile App,mid,Ha Noi,2,2,[],15000000,20000000,information_technology,"{""dataset"":""baocgb/vietnam-it-jobs-raw-data-from-topcv-2026"",""dataset_commit"":""kaggle-9263561-v1:e78ff2b6ed521ad894a70271a3254fcf434813916fdade4f7d449bc4fdf34ef9"",""dataset_url"":""https://www.kaggle.com/datasets/baocgb/vietnam-it-jobs-raw-data-from-topcv-2026"",""dataset_version"":""1"",""license"":""CC-BY-4.0"",""location_normalizer_revision"":""2026-07-19.1"",""raw_sha256"":""e78ff2b6ed521ad894a70271a3254fcf434813916fdade4f7d449bc4fdf34ef9"",""salary_source_currency"":""VND"",""source_url"":""https://www.topcv.vn/viec-lam/nhan-vien-mobile-app/1942516.html"",""title_normalizer_revision"":""2f434fba22de3a14c1b199331c8ca18408dc72e702071bf4bbfe380daff40f58""}"
topcv,1943058,2026-01-08,Nhân Viên Kinh Doanh,Nhân Viên Kinh Doanh,mid,Ho Chi Minh,,,[],10000000,30000000,information_technology,"{""dataset"":""baocgb/vietnam-it-jobs-raw-data-from-topcv-2026"",""dataset_commit"":""kaggle-9263561-v1:e78ff2b6ed521ad894a70271a3254fcf434813916fdade4f7d449bc4fdf34ef9"",""dataset_url"":""https://www.kaggle.com/datasets/baocgb/vietnam-it-jobs-raw-data-from-topcv-2026"",""dataset_version"":""1"",""license"":""CC-BY-4.0"",""location_normalizer_revision"":""2026-07-19.1"",""raw_sha256"":""e78ff2b6ed521ad894a70271a3254fcf434813916fdade4f7d449bc4fdf34ef9"",""salary_source_currency"":""VND"",""source_url"":""https://www.topcv.vn/viec-lam/nhan-vien-kinh-doanh/1943058.html"",""title_normalizer_revision"":""2f434fba22de3a14c1b199331c8ca18408dc72e702071bf4bbfe380daff40f58""}"
topcv,1945595,2025-12-25,Chuyên Viên IT - Từ 2 Năm Kinh Nghiệm,Chuyên Viên IT - Từ 2 Năm Kinh Nghiệm,mid,Ho Chi Minh,2,2,[],9000000,14000000,information_technology,"{""dataset"":""baocgb/vietnam-it-jobs-raw-data-from-topcv-2026"",""dataset_commit"":""kaggle-9263561-v1:e78ff2b6ed521ad894a70271a3254fcf434813916fdade4f7d449bc4fdf34ef9"",""dataset_url"":""https://www.kaggle.com/datasets/baocgb/vietnam-it-jobs-raw-data-from-topcv-2026"",""dataset_version"":""1"",""license"":""CC-BY-4.0"",""location_normalizer_revision"":""2026-07-19.1"",""raw_sha256"":""e78ff2b6ed521ad894a70271a3254fcf434813916fdade4f7d449bc4fdf34ef9"",""salary_source_currency"":""VND"",""source_url"":""https://www.topcv.vn/viec-lam/chuyen-vien-it-tu-2-nam-kinh-nghiem/1945595.html"",""title_normalizer_revision"":""2f434fba22de3a14c1b199331c8ca18408dc72e702071bf4bbfe380daff40f58""}"
topcv,1946319,2026-01-08,Senior Java Developer,Senior Backend Developer,senior,Ha Noi,4,4,[],25000000,45000000,information_technology,"{""dataset"":""baocgb/vietnam-it-jobs-raw-data-from-topcv-2026"",""dataset_commit"":""kaggle-9263561-v1:e78ff2b6ed521ad894a70271a3254fcf434813916fdade4f7d449bc4fdf34ef9"",""dataset_url"":""https://www.kaggle.com/datasets/baocgb/vietnam-it-jobs-raw-data-from-topcv-2026"",""dataset_version"":""1"",""license"":""CC-BY-4.0"",""location_normalizer_revision"":""2026-07-19.1"",""raw_sha256"":""e78ff2b6ed521ad894a70271a3254fcf434813916fdade4f7d449bc4fdf34ef9"",""salary_source_currency"":""VND"",""source_url"":""https://www.topcv.vn/viec-lam/senior-java-developer/1946319.html"",""title_normalizer_revision"":""2f434fba22de3a14c1b199331c8ca18408dc72e702071bf4bbfe380daff40f58""}"
topcv,1948477,2026-01-08,"Front-End Developer Shopify (Up To $2,500/Month)",Frontend Developer,mid,Ha Noi,2,2,[],,62500000,information_technology,"{""dataset"":""baocgb/vietnam-it-jobs-raw-data-from-topcv-2026"",""dataset_commit"":""kaggle-9263561-v1:e78ff2b6ed521ad894a70271a3254fcf434813916fdade4f7d449bc4fdf34ef9"",""dataset_url"":""https://www.kaggle.com/datasets/baocgb/vietnam-it-jobs-raw-data-from-topcv-2026"",""dataset_version"":""1"",""license"":""CC-BY-4.0"",""location_normalizer_revision"":""2026-07-19.1"",""raw_sha256"":""e78ff2b6ed521ad894a70271a3254fcf434813916fdade4f7d449bc4fdf34ef9"",""salary_source_currency"":""USD"",""source_url"":""https://www.topcv.vn/viec-lam/front-end-developer-shopify-up-to-2-500-month/1948477.html"",""title_normalizer_revision"":""2f434fba22de3a14c1b199331c8ca18408dc72e702071bf4bbfe380daff40f58"",""usd_to_vnd"":""25000""}"
topcv,1948588,2025-12-25,Business Development,Business Development,mid,Ha Noi,1,1,[],15000000,25000000,information_technology,"{""dataset"":""baocgb/vietnam-it-jobs-raw-data-from-topcv-2026"",""dataset_commit"":""kaggle-9263561-v1:e78ff2b6ed521ad894a70271a3254fcf434813916fdade4f7d449bc4fdf34ef9"",""dataset_url"":""https://www.kaggle.com/datasets/baocgb/vietnam-it-jobs-raw-data-from-topcv-2026"",""dataset_version"":""1"",""license"":""CC-BY-4.0"",""location_normalizer_revision"":""2026-07-19.1"",""raw_sha256"":""e78ff2b6ed521ad894a70271a3254fcf434813916fdade4f7d449bc4fdf34ef9"",""salary_source_currency"":""VND"",""source_url"":""https://www.topcv.vn/viec-lam/business-development/1948588.html"",""title_normalizer_revision"":""2f434fba22de3a14c1b199331c8ca18408dc72e702071bf4bbfe380daff40f58""}"
topcv,1949112,2025-12-25,Business Analyst,Business Analyst,mid,Ha Noi,1,1,[],10000000,15000000,information_technology,"{""dataset"":""baocgb/vietnam-it-jobs-raw-data-from-topcv-2026"",""dataset_commit"":""kaggle-9263561-v1:e78ff2b6ed521ad894a70271a3254fcf434813916fdade4f7d449bc4fdf34ef9"",""dataset_url"":""https://www.kaggle.com/datasets/baocgb/vietnam-it-jobs-raw-data-from-topcv-2026"",""dataset_version"":""1"",""license"":""CC-BY-4.0"",""location_normalizer_revision"":""2026-07-19.1"",""raw_sha256"":""e78ff2b6ed521ad894a70271a3254fcf434813916fdade4f7d449bc4fdf34ef9"",""salary_source_currency"":""VND"",""source_url"":""https://www.topcv.vn/viec-lam/business-analyst/1949112.html"",""title_normalizer_revision"":""2f434fba22de3a14c1b199331c8ca18408dc72e702071bf4bbfe380daff40f58""}"
topcv,1949175,2026-01-08,Kỹ Sư Lập Trình Camera,Kỹ Sư Lập Trình Camera,mid,Ha Noi,1,1,[],30000000,35000000,information_technology,"{""dataset"":""baocgb/vietnam-it-jobs-raw-data-from-topcv-2026"",""dataset_commit"":""kaggle-9263561-v1:e78ff2b6ed521ad894a70271a3254fcf434813916fdade4f7d449bc4fdf34ef9"",""dataset_url"":""https://www.kaggle.com/datasets/baocgb/vietnam-it-jobs-raw-data-from-topcv-2026"",""dataset_version"":""1"",""license"":""CC-BY-4.0"",""location_normalizer_revision"":""2026-07-19.1"",""raw_sha256"":""e78ff2b6ed521ad894a70271a3254fcf434813916fdade4f7d449bc4fdf34ef9"",""salary_source_currency"":""VND"",""source_url"":""https://www.topcv.vn/viec-lam/ky-su-lap-trinh-camera/1949175.html"",""title_normalizer_revision"":""2f434fba22de3a14c1b199331c8ca18408dc72e702071bf4bbfe380daff40f58""}"
topcv,1949296,2026-01-01,IT Project Coordinator,IT Project Coordinator,mid,Ha Noi,2,2,[],,20000000,information_technology,"{""dataset"":""baocgb/vietnam-it-jobs-raw-data-from-topcv-2026"",""dataset_commit"":""kaggle-9263561-v1:e78ff2b6ed521ad894a70271a3254fcf434813916fdade4f7d449bc4fdf34ef9"",""dataset_url"":""https://www.kaggle.com/datasets/baocgb/vietnam-it-jobs-raw-data-from-topcv-2026"",""dataset_version"":""1"",""license"":""CC-BY-4.0"",""location_normalizer_revision"":""2026-07-19.1"",""raw_sha256"":""e78ff2b6ed521ad894a70271a3254fcf434813916fdade4f7d449bc4fdf34ef9"",""salary_source_currency"":""VND"",""source_url"":""https://www.topcv.vn/viec-lam/it-project-coordinator/1949296.html"",""title_normalizer_revision"":""2f434fba22de3a14c1b199331c8ca18408dc72e702071bf4bbfe380daff40f58""}"
topcv,1949543,2025-12-25,Kỹ Sư Triển Khai Dự Án Hệ Thống (Postsale System),Kỹ Sư Triển Khai Dự Án Hệ Thống Postsale System ,mid,Ha Noi,2,2,[],20000000,40000000,information_technology,"{""dataset"":""baocgb/vietnam-it-jobs-raw-data-from-topcv-2026"",""dataset_commit"":""kaggle-9263561-v1:e78ff2b6ed521ad894a70271a3254fcf434813916fdade4f7d449bc4fdf34ef9"",""dataset_url"":""https://www.kaggle.com/datasets/baocgb/vietnam-it-jobs-raw-data-from-topcv-2026"",""dataset_version"":""1"",""license"":""CC-BY-4.0"",""location_normalizer_revision"":""2026-07-19.1"",""raw_sha256"":""e78ff2b6ed521ad894a70271a3254fcf434813916fdade4f7d449bc4fdf34ef9"",""salary_source_currency"":""VND"",""source_url"":""https://www.topcv.vn/viec-lam/ky-su-trien-khai-du-an-he-thong-postsale-system/1949543.html"",""title_normalizer_revision"":""2f434fba22de3a14c1b199331c8ca18408dc72e702071bf4bbfe380daff40f58""}"
topcv,1949600,2025-12-18,Tester - Từ 2 Năm Kinh Nghiệm,QA Engineer,mid,Ha Noi,2,2,[],15000000,30000000,information_technology,"{""dataset"":""baocgb/vietnam-it-jobs-raw-data-from-topcv-2026"",""dataset_commit"":""kaggle-9263561-v1:e78ff2b6ed521ad894a70271a3254fcf434813916fdade4f7d449bc4fdf34ef9"",""dataset_url"":""https://www.kaggle.com/datasets/baocgb/vietnam-it-jobs-raw-data-from-topcv-2026"",""dataset_version"":""1"",""license"":""CC-BY-4.0"",""location_normalizer_revision"":""2026-07-19.1"",""raw_sha256"":""e78ff2b6ed521ad894a70271a3254fcf434813916fdade4f7d449bc4fdf34ef9"",""salary_source_currency"":""VND"",""source_url"":""https://www.topcv.vn/viec-lam/tester-tu-2-nam-kinh-nghiem/1949600.html"",""title_normalizer_revision"":""2f434fba22de3a14c1b199331c8ca18408dc72e702071bf4bbfe380daff40f58""}"
topcv,1951641,2025-12-25,Nhân Viên Kinh Doanh,Nhân Viên Kinh Doanh,mid,Ho Chi Minh,,,[],7000000,20000000,information_technology,"{""dataset"":""baocgb/vietnam-it-jobs-raw-data-from-topcv-2026"",""dataset_commit"":""kaggle-9263561-v1:e78ff2b6ed521ad894a70271a3254fcf434813916fdade4f7d449bc4fdf34ef9"",""dataset_url"":""https://www.kaggle.com/datasets/baocgb/vietnam-it-jobs-raw-data-from-topcv-2026"",""dataset_version"":""1"",""license"":""CC-BY-4.0"",""location_normalizer_revision"":""2026-07-19.1"",""raw_sha256"":""e78ff2b6ed521ad894a70271a3254fcf434813916fdade4f7d449bc4fdf34ef9"",""salary_source_currency"":""VND"",""source_url"":""https://www.topcv.vn/viec-lam/nhan-vien-kinh-doanh/1951641.html"",""title_normalizer_revision"":""2f434fba22de3a14c1b199331c8ca18408dc72e702071bf4bbfe380daff40f58""}"
topcv,1951697,2025-12-25,"Kỹ Sư Lập Trình PLC, Robot (Thiết Kế Điện, Robot)","Kỹ Sư Lập Trình PLC, Robot Thiết Kế Điện, Robot ",mid,Ha Noi,,,[],10000000,15000000,information_technology,"{""dataset"":""baocgb/vietnam-it-jobs-raw-data-from-topcv-2026"",""dataset_commit"":""kaggle-9263561-v1:e78ff2b6ed521ad894a70271a3254fcf434813916fdade4f7d449bc4fdf34ef9"",""dataset_url"":""https://www.kaggle.com/datasets/baocgb/vietnam-it-jobs-raw-data-from-topcv-2026"",""dataset_version"":""1"",""license"":""CC-BY-4.0"",""location_normalizer_revision"":""2026-07-19.1"",""raw_sha256"":""e78ff2b6ed521ad894a70271a3254fcf434813916fdade4f7d449bc4fdf34ef9"",""salary_source_currency"":""VND"",""source_url"":""https://www.topcv.vn/viec-lam/ky-su-lap-trinh-plc-robot-thiet-ke-dien-robot/1951697.html"",""title_normalizer_revision"":""2f434fba22de3a14c1b199331c8ca18408dc72e702071bf4bbfe380daff40f58""}"
topcv,1951918,2026-01-09,Project Manager,Project Manager,manager,Ha Noi,2,2,[],15000000,22000000,information_technology,"{""dataset"":""baocgb/vietnam-it-jobs-raw-data-from-topcv-2026"",""dataset_commit"":""kaggle-9263561-v1:e78ff2b6ed521ad894a70271a3254fcf434813916fdade4f7d449bc4fdf34ef9"",""dataset_url"":""https://www.kaggle.com/datasets/baocgb/vietnam-it-jobs-raw-data-from-topcv-2026"",""dataset_version"":""1"",""license"":""CC-BY-4.0"",""location_normalizer_revision"":""2026-07-19.1"",""raw_sha256"":""e78ff2b6ed521ad894a70271a3254fcf434813916fdade4f7d449bc4fdf34ef9"",""salary_source_currency"":""VND"",""source_url"":""https://www.topcv.vn/viec-lam/project-manager/1951918.html"",""title_normalizer_revision"":""2f434fba22de3a14c1b199331c8ca18408dc72e702071bf4bbfe380daff40f58""}"
topcv,1952019,2025-12-16,"Fresher Tester (Từ 6 Tháng Kinh Nghiệm, Offer 8-13tr/Tháng)",QA Engineer,fresher,Ha Noi,1,1,[],8000000,13000000,information_technology,"{""dataset"":""baocgb/vietnam-it-jobs-raw-data-from-topcv-2026"",""dataset_commit"":""kaggle-9263561-v1:e78ff2b6ed521ad894a70271a3254fcf434813916fdade4f7d449bc4fdf34ef9"",""dataset_url"":""https://www.kaggle.com/datasets/baocgb/vietnam-it-jobs-raw-data-from-topcv-2026"",""dataset_version"":""1"",""license"":""CC-BY-4.0"",""location_normalizer_revision"":""2026-07-19.1"",""raw_sha256"":""e78ff2b6ed521ad894a70271a3254fcf434813916fdade4f7d449bc4fdf34ef9"",""salary_source_currency"":""VND"",""source_url"":""https://www.topcv.vn/brand/softdreams/tuyen-dung/fresher-tester-tu-6-thang-kinh-nghiem-offer-8-13tr-thang-j1952019.html"",""title_normalizer_revision"":""2f434fba22de3a14c1b199331c8ca18408dc72e702071bf4bbfe380daff40f58""}"
topcv,1952097,2026-01-15,Trưởng Nhóm Học Thuật Về Lập Trình - Thủ Dầu Một (Bình Dương Cũ),Trưởng Nhóm Học Thuật Về Lập Trình - Thủ Dầu Một Bình Dương Cũ ,lead,Ho Chi Minh,2,2,[],12000000,13000000,information_technology,"{""dataset"":""baocgb/vietnam-it-jobs-raw-data-from-topcv-2026"",""dataset_commit"":""kaggle-9263561-v1:e78ff2b6ed521ad894a70271a3254fcf434813916fdade4f7d449bc4fdf34ef9"",""dataset_url"":""https://www.kaggle.com/datasets/baocgb/vietnam-it-jobs-raw-data-from-topcv-2026"",""dataset_version"":""1"",""license"":""CC-BY-4.0"",""location_normalizer_revision"":""2026-07-19.1"",""raw_sha256"":""e78ff2b6ed521ad894a70271a3254fcf434813916fdade4f7d449bc4fdf34ef9"",""salary_source_currency"":""VND"",""source_url"":""https://www.topcv.vn/viec-lam/truong-nhom-hoc-thuat-ve-lap-trinh-thu-dau-mot-binh-duong-cu/1952097.html"",""title_normalizer_revision"":""2f434fba22de3a14c1b199331c8ca18408dc72e702071bf4bbfe380daff40f58""}"
topcv,1953855,2025-12-25,"Fresher System Admin (6 Tháng- 1 Năm Kinh Nghiệm,Thu Nhập 9-15tr/Tháng)","Fresher System Admin 6 Tháng- 1 Năm Kinh Nghiệm,Thu Nhập 9-15tr/Tháng ",fresher,Ha Noi,1,1,[],9000000,15000000,information_technology,"{""dataset"":""baocgb/vietnam-it-jobs-raw-data-from-topcv-2026"",""dataset_commit"":""kaggle-9263561-v1:e78ff2b6ed521ad894a70271a3254fcf434813916fdade4f7d449bc4fdf34ef9"",""dataset_url"":""https://www.kaggle.com/datasets/baocgb/vietnam-it-jobs-raw-data-from-topcv-2026"",""dataset_version"":""1"",""license"":""CC-BY-4.0"",""location_normalizer_revision"":""2026-07-19.1"",""raw_sha256"":""e78ff2b6ed521ad894a70271a3254fcf434813916fdade4f7d449bc4fdf34ef9"",""salary_source_currency"":""VND"",""source_url"":""https://www.topcv.vn/brand/softdreams/tuyen-dung/fresher-system-admin-6-thang-1-nam-kinh-nghiem-thu-nhap-9-15tr-thang-j1953855.html"",""title_normalizer_revision"":""2f434fba22de3a14c1b199331c8ca18408dc72e702071bf4bbfe380daff40f58""}"
topcv,1954032,2026-01-09,Nhân Viên Kiểm Thử Phần Mềm - Software QA,QA Engineer,mid,An Giang,1,1,[],5000000,12000000,information_technology,"{""dataset"":""baocgb/vietnam-it-jobs-raw-data-from-topcv-2026"",""dataset_commit"":""kaggle-9263561-v1:e78ff2b6ed521ad894a70271a3254fcf434813916fdade4f7d449bc4fdf34ef9"",""dataset_url"":""https://www.kaggle.com/datasets/baocgb/vietnam-it-jobs-raw-data-from-topcv-2026"",""dataset_version"":""1"",""license"":""CC-BY-4.0"",""location_normalizer_revision"":""2026-07-19.1"",""raw_sha256"":""e78ff2b6ed521ad894a70271a3254fcf434813916fdade4f7d449bc4fdf34ef9"",""salary_source_currency"":""VND"",""source_url"":""https://www.topcv.vn/viec-lam/nhan-vien-kiem-thu-phan-mem-software-qa/1954032.html"",""title_normalizer_revision"":""2f434fba22de3a14c1b199331c8ca18408dc72e702071bf4bbfe380daff40f58""}"
topcv,1954519,2025-12-18,"Fresher Java (6 Tháng-1 Năm Kinh Nghiệm, Thu Nhập 8-12tr/Tháng)","Fresher Java 6 Tháng-1 Năm Kinh Nghiệm, Thu Nhập 8-12tr/Tháng ",fresher,Ha Noi,1,1,[],8000000,15000000,information_technology,"{""dataset"":""baocgb/vietnam-it-jobs-raw-data-from-topcv-2026"",""dataset_commit"":""kaggle-9263561-v1:e78ff2b6ed521ad894a70271a3254fcf434813916fdade4f7d449bc4fdf34ef9"",""dataset_url"":""https://www.kaggle.com/datasets/baocgb/vietnam-it-jobs-raw-data-from-topcv-2026"",""dataset_version"":""1"",""license"":""CC-BY-4.0"",""location_normalizer_revision"":""2026-07-19.1"",""raw_sha256"":""e78ff2b6ed521ad894a70271a3254fcf434813916fdade4f7d449bc4fdf34ef9"",""salary_source_currency"":""VND"",""source_url"":""https://www.topcv.vn/brand/softdreams/tuyen-dung/fresher-java-6-thang-1-nam-kinh-nghiem-thu-nhap-8-12tr-thang-j1954519.html"",""title_normalizer_revision"":""2f434fba22de3a14c1b199331c8ca18408dc72e702071bf4bbfe380daff40f58""}"
topcv,1954840,2026-01-09,Backend Java Developer (Từ 2 Năm Kinh Nghiệm),Backend Developer,mid,Ha Noi,2,2,[],,40000000,information_technology,"{""dataset"":""baocgb/vietnam-it-jobs-raw-data-from-topcv-2026"",""dataset_commit"":""kaggle-9263561-v1:e78ff2b6ed521ad894a70271a3254fcf434813916fdade4f7d449bc4fdf34ef9"",""dataset_url"":""https://www.kaggle.com/datasets/baocgb/vietnam-it-jobs-raw-data-from-topcv-2026"",""dataset_version"":""1"",""license"":""CC-BY-4.0"",""location_normalizer_revision"":""2026-07-19.1"",""raw_sha256"":""e78ff2b6ed521ad894a70271a3254fcf434813916fdade4f7d449bc4fdf34ef9"",""salary_source_currency"":""VND"",""source_url"":""https://www.topcv.vn/viec-lam/backend-java-developer-tu-2-nam-kinh-nghiem/1954840.html"",""title_normalizer_revision"":""2f434fba22de3a14c1b199331c8ca18408dc72e702071bf4bbfe380daff40f58""}"
topcv,1954954,2026-01-08,Nhân Viên Giám Sát Hệ Thống (NOC),Nhân Viên Giám Sát Hệ Thống NOC ,mid,Ho Chi Minh,1,1,[],9000000,12000000,information_technology,"{""dataset"":""baocgb/vietnam-it-jobs-raw-data-from-topcv-2026"",""dataset_commit"":""kaggle-9263561-v1:e78ff2b6ed521ad894a70271a3254fcf434813916fdade4f7d449bc4fdf34ef9"",""dataset_url"":""https://www.kaggle.com/datasets/baocgb/vietnam-it-jobs-raw-data-from-topcv-2026"",""dataset_version"":""1"",""license"":""CC-BY-4.0"",""location_normalizer_revision"":""2026-07-19.1"",""raw_sha256"":""e78ff2b6ed521ad894a70271a3254fcf434813916fdade4f7d449bc4fdf34ef9"",""salary_source_currency"":""VND"",""source_url"":""https://www.topcv.vn/viec-lam/nhan-vien-giam-sat-he-thong-noc/1954954.html"",""title_normalizer_revision"":""2f434fba22de3a14c1b199331c8ca18408dc72e702071bf4bbfe380daff40f58""}"
topcv,1955528,2026-01-09,Fullstack Developer,Fullstack Developer,mid,Ho Chi Minh,3,3,[],,35000000,information_technology,"{""dataset"":""baocgb/vietnam-it-jobs-raw-data-from-topcv-2026"",""dataset_commit"":""kaggle-9263561-v1:e78ff2b6ed521ad894a70271a3254fcf434813916fdade4f7d449bc4fdf34ef9"",""dataset_url"":""https://www.kaggle.com/datasets/baocgb/vietnam-it-jobs-raw-data-from-topcv-2026"",""dataset_version"":""1"",""license"":""CC-BY-4.0"",""location_normalizer_revision"":""2026-07-19.1"",""raw_sha256"":""e78ff2b6ed521ad894a70271a3254fcf434813916fdade4f7d449bc4fdf34ef9"",""salary_source_currency"":""VND"",""source_url"":""https://www.topcv.vn/brand/phanmemmor/tuyen-dung/fullstack-developer-j1955528.html"",""title_normalizer_revision"":""2f434fba22de3a14c1b199331c8ca18408dc72e702071bf4bbfe380daff40f58""}"
topcv,1955537,2025-12-25,Nhân Viên Kiểm Thử (Tester),QA Engineer,mid,Ha Noi,2,2,[],,10000000,information_technology,"{""dataset"":""baocgb/vietnam-it-jobs-raw-data-from-topcv-2026"",""dataset_commit"":""kaggle-9263561-v1:e78ff2b6ed521ad894a70271a3254fcf434813916fdade4f7d449bc4fdf34ef9"",""dataset_url"":""https://www.kaggle.com/datasets/baocgb/vietnam-it-jobs-raw-data-from-topcv-2026"",""dataset_version"":""1"",""license"":""CC-BY-4.0"",""location_normalizer_revision"":""2026-07-19.1"",""raw_sha256"":""e78ff2b6ed521ad894a70271a3254fcf434813916fdade4f7d449bc4fdf34ef9"",""salary_source_currency"":""VND"",""source_url"":""https://www.topcv.vn/viec-lam/nhan-vien-kiem-thu-tester/1955537.html"",""title_normalizer_revision"":""2f434fba22de3a14c1b199331c8ca18408dc72e702071bf4bbfe380daff40f58""}"
topcv,1955598,2026-01-12,Quản Trị Hệ Thống Hạ Tầng CNTT,System Engineer,mid,Ha Noi,1,1,[],10000000,15000000,information_technology,"{""dataset"":""baocgb/vietnam-it-jobs-raw-data-from-topcv-2026"",""dataset_commit"":""kaggle-9263561-v1:e78ff2b6ed521ad894a70271a3254fcf434813916fdade4f7d449bc4fdf34ef9"",""dataset_url"":""https://www.kaggle.com/datasets/baocgb/vietnam-it-jobs-raw-data-from-topcv-2026"",""dataset_version"":""1"",""license"":""CC-BY-4.0"",""location_normalizer_revision"":""2026-07-19.1"",""raw_sha256"":""e78ff2b6ed521ad894a70271a3254fcf434813916fdade4f7d449bc4fdf34ef9"",""salary_source_currency"":""VND"",""source_url"":""https://www.topcv.vn/viec-lam/quan-tri-he-thong-ha-tang-cntt/1955598.html"",""title_normalizer_revision"":""2f434fba22de3a14c1b199331c8ca18408dc72e702071bf4bbfe380daff40f58""}"
topcv,1955622,2025-12-25,"Backend Developer (.Net, C#)",Backend Developer,mid,Ha Noi,3,3,[],,20000000,information_technology,"{""dataset"":""baocgb/vietnam-it-jobs-raw-data-from-topcv-2026"",""dataset_commit"":""kaggle-9263561-v1:e78ff2b6ed521ad894a70271a3254fcf434813916fdade4f7d449bc4fdf34ef9"",""dataset_url"":""https://www.kaggle.com/datasets/baocgb/vietnam-it-jobs-raw-data-from-topcv-2026"",""dataset_version"":""1"",""license"":""CC-BY-4.0"",""location_normalizer_revision"":""2026-07-19.1"",""raw_sha256"":""e78ff2b6ed521ad894a70271a3254fcf434813916fdade4f7d449bc4fdf34ef9"",""salary_source_currency"":""VND"",""source_url"":""https://www.topcv.vn/viec-lam/backend-developer-net-c/1955622.html"",""title_normalizer_revision"":""2f434fba22de3a14c1b199331c8ca18408dc72e702071bf4bbfe380daff40f58""}"
topcv,1955674,2026-01-15,Mobile App Developer,Mobile App Developer,mid,Da Nang,1,1,[],15000000,18000000,information_technology,"{""dataset"":""baocgb/vietnam-it-jobs-raw-data-from-topcv-2026"",""dataset_commit"":""kaggle-9263561-v1:e78ff2b6ed521ad894a70271a3254fcf434813916fdade4f7d449bc4fdf34ef9"",""dataset_url"":""https://www.kaggle.com/datasets/baocgb/vietnam-it-jobs-raw-data-from-topcv-2026"",""dataset_version"":""1"",""license"":""CC-BY-4.0"",""location_normalizer_revision"":""2026-07-19.1"",""raw_sha256"":""e78ff2b6ed521ad894a70271a3254fcf434813916fdade4f7d449bc4fdf34ef9"",""salary_source_currency"":""VND"",""source_url"":""https://www.topcv.vn/viec-lam/mobile-app-developer/1955674.html"",""title_normalizer_revision"":""2f434fba22de3a14c1b199331c8ca18408dc72e702071bf4bbfe380daff40f58""}"
topcv,1955811,2026-01-01,Nhân Viên Lập Trình Ruby On Rails,Nhân Viên Lập Trình Ruby On Rails,mid,Ha Noi,2,2,[],15000000,25000000,information_technology,"{""dataset"":""baocgb/vietnam-it-jobs-raw-data-from-topcv-2026"",""dataset_commit"":""kaggle-9263561-v1:e78ff2b6ed521ad894a70271a3254fcf434813916fdade4f7d449bc4fdf34ef9"",""dataset_url"":""https://www.kaggle.com/datasets/baocgb/vietnam-it-jobs-raw-data-from-topcv-2026"",""dataset_version"":""1"",""license"":""CC-BY-4.0"",""location_normalizer_revision"":""2026-07-19.1"",""raw_sha256"":""e78ff2b6ed521ad894a70271a3254fcf434813916fdade4f7d449bc4fdf34ef9"",""salary_source_currency"":""VND"",""source_url"":""https://www.topcv.vn/viec-lam/nhan-vien-lap-trinh-ruby-on-rails/1955811.html"",""title_normalizer_revision"":""2f434fba22de3a14c1b199331c8ca18408dc72e702071bf4bbfe380daff40f58""}"
topcv,1956007,2025-12-25,Chuyên Viên Quản Trị Page Tin Tức Tuyền Văn Hóa (Ít Nhất 1 Năm Kinh Nghiệm),Chuyên Viên Quản Trị Page Tin Tức Tuyền Văn Hóa Ít Nhất 1 Năm Kinh Nghiệm ,mid,Ha Noi,1,1,[],10000000,30000000,information_technology,"{""dataset"":""baocgb/vietnam-it-jobs-raw-data-from-topcv-2026"",""dataset_commit"":""kaggle-9263561-v1:e78ff2b6ed521ad894a70271a3254fcf434813916fdade4f7d449bc4fdf34ef9"",""dataset_url"":""https://www.kaggle.com/datasets/baocgb/vietnam-it-jobs-raw-data-from-topcv-2026"",""dataset_version"":""1"",""license"":""CC-BY-4.0"",""location_normalizer_revision"":""2026-07-19.1"",""raw_sha256"":""e78ff2b6ed521ad894a70271a3254fcf434813916fdade4f7d449bc4fdf34ef9"",""salary_source_currency"":""VND"",""source_url"":""https://www.topcv.vn/viec-lam/chuyen-vien-quan-tri-page-tin-tuc-tuyen-van-hoa-it-nhat-1-nam-kinh-nghiem/1956007.html"",""title_normalizer_revision"":""2f434fba22de3a14c1b199331c8ca18408dc72e702071bf4bbfe380daff40f58""}"
topcv,1956241,2025-12-25,Kỹ Sư Công Nghệ Thông Tin,Kỹ Sư Công Nghệ Thông Tin,mid,Đồng Nai,3,3,[],15000000,18000000,information_technology,"{""dataset"":""baocgb/vietnam-it-jobs-raw-data-from-topcv-2026"",""dataset_commit"":""kaggle-9263561-v1:e78ff2b6ed521ad894a70271a3254fcf434813916fdade4f7d449bc4fdf34ef9"",""dataset_url"":""https://www.kaggle.com/datasets/baocgb/vietnam-it-jobs-raw-data-from-topcv-2026"",""dataset_version"":""1"",""license"":""CC-BY-4.0"",""location_normalizer_revision"":""2026-07-19.1"",""raw_sha256"":""e78ff2b6ed521ad894a70271a3254fcf434813916fdade4f7d449bc4fdf34ef9"",""salary_source_currency"":""VND"",""source_url"":""https://www.topcv.vn/viec-lam/ky-su-cong-nghe-thong-tin/1956241.html"",""title_normalizer_revision"":""2f434fba22de3a14c1b199331c8ca18408dc72e702071bf4bbfe380daff40f58""}"
topcv,1958195,2026-01-08,Onboard 2026 _ Middle IT Comtor,Onboard 2026 _ Middle IT Comtor,mid,Ha Noi,3,3,[],,40000000,information_technology,"{""dataset"":""baocgb/vietnam-it-jobs-raw-data-from-topcv-2026"",""dataset_commit"":""kaggle-9263561-v1:e78ff2b6ed521ad894a70271a3254fcf434813916fdade4f7d449bc4fdf34ef9"",""dataset_url"":""https://www.kaggle.com/datasets/baocgb/vietnam-it-jobs-raw-data-from-topcv-2026"",""dataset_version"":""1"",""license"":""CC-BY-4.0"",""location_normalizer_revision"":""2026-07-19.1"",""raw_sha256"":""e78ff2b6ed521ad894a70271a3254fcf434813916fdade4f7d449bc4fdf34ef9"",""salary_source_currency"":""VND"",""source_url"":""https://www.topcv.vn/viec-lam/onboard-2026-middle-it-comtor/1958195.html"",""title_normalizer_revision"":""2f434fba22de3a14c1b199331c8ca18408dc72e702071bf4bbfe380daff40f58""}"
topcv,1958349,2025-12-25,Triển Khai Phần Mềm Quản Lý Tổng Thể Bệnh Viện,Triển Khai Phần Mềm Quản Lý Tổng Thể Bệnh Viện,manager,Khánh Hòa,1,1,[],6000000,15000000,information_technology,"{""dataset"":""baocgb/vietnam-it-jobs-raw-data-from-topcv-2026"",""dataset_commit"":""kaggle-9263561-v1:e78ff2b6ed521ad894a70271a3254fcf434813916fdade4f7d449bc4fdf34ef9"",""dataset_url"":""https://www.kaggle.com/datasets/baocgb/vietnam-it-jobs-raw-data-from-topcv-2026"",""dataset_version"":""1"",""license"":""CC-BY-4.0"",""location_normalizer_revision"":""2026-07-19.1"",""raw_sha256"":""e78ff2b6ed521ad894a70271a3254fcf434813916fdade4f7d449bc4fdf34ef9"",""salary_source_currency"":""VND"",""source_url"":""https://www.topcv.vn/viec-lam/trien-khai-phan-mem-quan-ly-tong-the-benh-vien/1958349.html"",""title_normalizer_revision"":""2f434fba22de3a14c1b199331c8ca18408dc72e702071bf4bbfe380daff40f58""}"
topcv,1959120,2025-12-25,Kỹ Sư Lập Trình PLC,Kỹ Sư Lập Trình PLC,mid,Ha Noi,1,1,[],10000000,20000000,information_technology,"{""dataset"":""baocgb/vietnam-it-jobs-raw-data-from-topcv-2026"",""dataset_commit"":""kaggle-9263561-v1:e78ff2b6ed521ad894a70271a3254fcf434813916fdade4f7d449bc4fdf34ef9"",""dataset_url"":""https://www.kaggle.com/datasets/baocgb/vietnam-it-jobs-raw-data-from-topcv-2026"",""dataset_version"":""1"",""license"":""CC-BY-4.0"",""location_normalizer_revision"":""2026-07-19.1"",""raw_sha256"":""e78ff2b6ed521ad894a70271a3254fcf434813916fdade4f7d449bc4fdf34ef9"",""salary_source_currency"":""VND"",""source_url"":""https://www.topcv.vn/viec-lam/ky-su-lap-trinh-plc/1959120.html"",""title_normalizer_revision"":""2f434fba22de3a14c1b199331c8ca18408dc72e702071bf4bbfe380daff40f58""}"
topcv,1959682,2025-12-25,Mobile Developer (Android),Mobile Developer,mid,Ha Noi,3,3,[],20000000,25000000,information_technology,"{""dataset"":""baocgb/vietnam-it-jobs-raw-data-from-topcv-2026"",""dataset_commit"":""kaggle-9263561-v1:e78ff2b6ed521ad894a70271a3254fcf434813916fdade4f7d449bc4fdf34ef9"",""dataset_url"":""https://www.kaggle.com/datasets/baocgb/vietnam-it-jobs-raw-data-from-topcv-2026"",""dataset_version"":""1"",""license"":""CC-BY-4.0"",""location_normalizer_revision"":""2026-07-19.1"",""raw_sha256"":""e78ff2b6ed521ad894a70271a3254fcf434813916fdade4f7d449bc4fdf34ef9"",""salary_source_currency"":""VND"",""source_url"":""https://www.topcv.vn/viec-lam/mobile-developer-android/1959682.html"",""title_normalizer_revision"":""2f434fba22de3a14c1b199331c8ca18408dc72e702071bf4bbfe380daff40f58""}"
topcv,1960208,2026-01-08,Nhân Viên IT Helpdesk Kho SPX,IT Support,mid,Vĩnh Long,1,1,[],13000000,16000000,information_technology,"{""dataset"":""baocgb/vietnam-it-jobs-raw-data-from-topcv-2026"",""dataset_commit"":""kaggle-9263561-v1:e78ff2b6ed521ad894a70271a3254fcf434813916fdade4f7d449bc4fdf34ef9"",""dataset_url"":""https://www.kaggle.com/datasets/baocgb/vietnam-it-jobs-raw-data-from-topcv-2026"",""dataset_version"":""1"",""license"":""CC-BY-4.0"",""location_normalizer_revision"":""2026-07-19.1"",""raw_sha256"":""e78ff2b6ed521ad894a70271a3254fcf434813916fdade4f7d449bc4fdf34ef9"",""salary_source_currency"":""VND"",""source_url"":""https://www.topcv.vn/viec-lam/nhan-vien-it-helpdesk-kho-spx/1960208.html"",""title_normalizer_revision"":""2f434fba22de3a14c1b199331c8ca18408dc72e702071bf4bbfe380daff40f58""}"
topcv,1960338,2026-01-08,Nhân Viên Kỹ Thuật Bảo Trì,Nhân Viên Kỹ Thuật Bảo Trì,mid,Tây Ninh,,,[],7500000,9000000,information_technology,"{""dataset"":""baocgb/vietnam-it-jobs-raw-data-from-topcv-2026"",""dataset_commit"":""kaggle-9263561-v1:e78ff2b6ed521ad894a70271a3254fcf434813916fdade4f7d449bc4fdf34ef9"",""dataset_url"":""https://www.kaggle.com/datasets/baocgb/vietnam-it-jobs-raw-data-from-topcv-2026"",""dataset_version"":""1"",""license"":""CC-BY-4.0"",""location_normalizer_revision"":""2026-07-19.1"",""raw_sha256"":""e78ff2b6ed521ad894a70271a3254fcf434813916fdade4f7d449bc4fdf34ef9"",""salary_source_currency"":""VND"",""source_url"":""https://www.topcv.vn/viec-lam/nhan-vien-ky-thuat-bao-tri/1960338.html"",""title_normalizer_revision"":""2f434fba22de3a14c1b199331c8ca18408dc72e702071bf4bbfe380daff40f58""}"
topcv,1960479,2025-12-25,Quality Control (Data Platform/DWH/Data Lake),Quality Control Data Platform/DWH/Data Lake ,mid,Ha Noi,2,2,[],21000000,32000000,information_technology,"{""dataset"":""baocgb/vietnam-it-jobs-raw-data-from-topcv-2026"",""dataset_commit"":""kaggle-9263561-v1:e78ff2b6ed521ad894a70271a3254fcf434813916fdade4f7d449bc4fdf34ef9"",""dataset_url"":""https://www.kaggle.com/datasets/baocgb/vietnam-it-jobs-raw-data-from-topcv-2026"",""dataset_version"":""1"",""license"":""CC-BY-4.0"",""location_normalizer_revision"":""2026-07-19.1"",""raw_sha256"":""e78ff2b6ed521ad894a70271a3254fcf434813916fdade4f7d449bc4fdf34ef9"",""salary_source_currency"":""VND"",""source_url"":""https://www.topcv.vn/viec-lam/quality-control-data-platform-dwh-data-lake/1960479.html"",""title_normalizer_revision"":""2f434fba22de3a14c1b199331c8ca18408dc72e702071bf4bbfe380daff40f58""}"
topcv,1960492,2025-12-25,Performance Tester,QA Engineer,mid,Ha Noi,1,1,[],25000000,33000000,information_technology,"{""dataset"":""baocgb/vietnam-it-jobs-raw-data-from-topcv-2026"",""dataset_commit"":""kaggle-9263561-v1:e78ff2b6ed521ad894a70271a3254fcf434813916fdade4f7d449bc4fdf34ef9"",""dataset_url"":""https://www.kaggle.com/datasets/baocgb/vietnam-it-jobs-raw-data-from-topcv-2026"",""dataset_version"":""1"",""license"":""CC-BY-4.0"",""location_normalizer_revision"":""2026-07-19.1"",""raw_sha256"":""e78ff2b6ed521ad894a70271a3254fcf434813916fdade4f7d449bc4fdf34ef9"",""salary_source_currency"":""VND"",""source_url"":""https://www.topcv.vn/viec-lam/performance-tester/1960492.html"",""title_normalizer_revision"":""2f434fba22de3a14c1b199331c8ca18408dc72e702071bf4bbfe380daff40f58""}"
topcv,1960518,2026-01-01,Chuyên Viên Giải Pháp Cloud,Chuyên Viên Giải Pháp Cloud,mid,Ha Noi,3,3,[],25000000,35000000,information_technology,"{""dataset"":""baocgb/vietnam-it-jobs-raw-data-from-topcv-2026"",""dataset_commit"":""kaggle-9263561-v1:e78ff2b6ed521ad894a70271a3254fcf434813916fdade4f7d449bc4fdf34ef9"",""dataset_url"":""https://www.kaggle.com/datasets/baocgb/vietnam-it-jobs-raw-data-from-topcv-2026"",""dataset_version"":""1"",""license"":""CC-BY-4.0"",""location_normalizer_revision"":""2026-07-19.1"",""raw_sha256"":""e78ff2b6ed521ad894a70271a3254fcf434813916fdade4f7d449bc4fdf34ef9"",""salary_source_currency"":""VND"",""source_url"":""https://www.topcv.vn/viec-lam/chuyen-vien-giai-phap-cloud/1960518.html"",""title_normalizer_revision"":""2f434fba22de3a14c1b199331c8ca18408dc72e702071bf4bbfe380daff40f58""}"
topcv,1960943,2026-01-08,Senior Tester,Senior QA Engineer,senior,Ha Noi,3,3,[],15000000,20000000,information_technology,"{""dataset"":""baocgb/vietnam-it-jobs-raw-data-from-topcv-2026"",""dataset_commit"":""kaggle-9263561-v1:e78ff2b6ed521ad894a70271a3254fcf434813916fdade4f7d449bc4fdf34ef9"",""dataset_url"":""https://www.kaggle.com/datasets/baocgb/vietnam-it-jobs-raw-data-from-topcv-2026"",""dataset_version"":""1"",""license"":""CC-BY-4.0"",""location_normalizer_revision"":""2026-07-19.1"",""raw_sha256"":""e78ff2b6ed521ad894a70271a3254fcf434813916fdade4f7d449bc4fdf34ef9"",""salary_source_currency"":""VND"",""source_url"":""https://www.topcv.vn/viec-lam/senior-tester/1960943.html"",""title_normalizer_revision"":""2f434fba22de3a14c1b199331c8ca18408dc72e702071bf4bbfe380daff40f58""}"
topcv,1961121,2026-01-08,Lập Trình Game Dòng Casual/Puzzle,Game Developer,mid,Ha Noi,3,3,[],20000000,30000000,information_technology,"{""dataset"":""baocgb/vietnam-it-jobs-raw-data-from-topcv-2026"",""dataset_commit"":""kaggle-9263561-v1:e78ff2b6ed521ad894a70271a3254fcf434813916fdade4f7d449bc4fdf34ef9"",""dataset_url"":""https://www.kaggle.com/datasets/baocgb/vietnam-it-jobs-raw-data-from-topcv-2026"",""dataset_version"":""1"",""license"":""CC-BY-4.0"",""location_normalizer_revision"":""2026-07-19.1"",""raw_sha256"":""e78ff2b6ed521ad894a70271a3254fcf434813916fdade4f7d449bc4fdf34ef9"",""salary_source_currency"":""VND"",""source_url"":""https://www.topcv.vn/viec-lam/lap-trinh-game-dong-casual-puzzle/1961121.html"",""title_normalizer_revision"":""2f434fba22de3a14c1b199331c8ca18408dc72e702071bf4bbfe380daff40f58""}"
topcv,1961510,2026-01-08,Chuyên Viên Phát Triển Game Unity (Casual/Puzzle),Game Developer,mid,Ha Noi,3,3,[],20000000,30000000,information_technology,"{""dataset"":""baocgb/vietnam-it-jobs-raw-data-from-topcv-2026"",""dataset_commit"":""kaggle-9263561-v1:e78ff2b6ed521ad894a70271a3254fcf434813916fdade4f7d449bc4fdf34ef9"",""dataset_url"":""https://www.kaggle.com/datasets/baocgb/vietnam-it-jobs-raw-data-from-topcv-2026"",""dataset_version"":""1"",""license"":""CC-BY-4.0"",""location_normalizer_revision"":""2026-07-19.1"",""raw_sha256"":""e78ff2b6ed521ad894a70271a3254fcf434813916fdade4f7d449bc4fdf34ef9"",""salary_source_currency"":""VND"",""source_url"":""https://www.topcv.vn/viec-lam/chuyen-vien-phat-trien-game-unity-casual-puzzle/1961510.html"",""title_normalizer_revision"":""2f434fba22de3a14c1b199331c8ca18408dc72e702071bf4bbfe380daff40f58""}"
topcv,1961651,2026-01-01,Kỹ Sư Giải Pháp Hệ Thống Microsoft,Kỹ Sư Giải Pháp Hệ Thống Microsoft,mid,Ho Chi Minh,1,1,[],15000000,25000000,information_technology,"{""dataset"":""baocgb/vietnam-it-jobs-raw-data-from-topcv-2026"",""dataset_commit"":""kaggle-9263561-v1:e78ff2b6ed521ad894a70271a3254fcf434813916fdade4f7d449bc4fdf34ef9"",""dataset_url"":""https://www.kaggle.com/datasets/baocgb/vietnam-it-jobs-raw-data-from-topcv-2026"",""dataset_version"":""1"",""license"":""CC-BY-4.0"",""location_normalizer_revision"":""2026-07-19.1"",""raw_sha256"":""e78ff2b6ed521ad894a70271a3254fcf434813916fdade4f7d449bc4fdf34ef9"",""salary_source_currency"":""VND"",""source_url"":""https://www.topcv.vn/viec-lam/ky-su-giai-phap-he-thong-microsoft/1961651.html"",""title_normalizer_revision"":""2f434fba22de3a14c1b199331c8ca18408dc72e702071bf4bbfe380daff40f58""}"
topcv,1962034,2026-01-11,Business Analyst - Đi Làm Ngay Hoặc Ra Tết Đi Làm,Business Analyst,mid,Ha Noi,2,2,[],15000000,35000000,information_technology,"{""dataset"":""baocgb/vietnam-it-jobs-raw-data-from-topcv-2026"",""dataset_commit"":""kaggle-9263561-v1:e78ff2b6ed521ad894a70271a3254fcf434813916fdade4f7d449bc4fdf34ef9"",""dataset_url"":""https://www.kaggle.com/datasets/baocgb/vietnam-it-jobs-raw-data-from-topcv-2026"",""dataset_version"":""1"",""license"":""CC-BY-4.0"",""location_normalizer_revision"":""2026-07-19.1"",""raw_sha256"":""e78ff2b6ed521ad894a70271a3254fcf434813916fdade4f7d449bc4fdf34ef9"",""salary_source_currency"":""VND"",""source_url"":""https://www.topcv.vn/viec-lam/business-analyst-di-lam-ngay-hoac-ra-tet-di-lam/1962034.html"",""title_normalizer_revision"":""2f434fba22de3a14c1b199331c8ca18408dc72e702071bf4bbfe380daff40f58""}"
topcv,1962076,2026-01-09,Business Analyst (Fintech),Business Analyst,mid,Ha Noi,3,3,[],30000000,45000000,information_technology,"{""dataset"":""baocgb/vietnam-it-jobs-raw-data-from-topcv-2026"",""dataset_commit"":""kaggle-9263561-v1:e78ff2b6ed521ad894a70271a3254fcf434813916fdade4f7d449bc4fdf34ef9"",""dataset_url"":""https://www.kaggle.com/datasets/baocgb/vietnam-it-jobs-raw-data-from-topcv-2026"",""dataset_version"":""1"",""license"":""CC-BY-4.0"",""location_normalizer_revision"":""2026-07-19.1"",""raw_sha256"":""e78ff2b6ed521ad894a70271a3254fcf434813916fdade4f7d449bc4fdf34ef9"",""salary_source_currency"":""VND"",""source_url"":""https://www.topcv.vn/viec-lam/business-analyst-fintech/1962076.html"",""title_normalizer_revision"":""2f434fba22de3a14c1b199331c8ca18408dc72e702071bf4bbfe380daff40f58""}"
topcv,1962115,2026-01-01,Senior .Net Developer,Senior Backend Developer,senior,Ha Noi,2,2,[],15000000,25000000,information_technology,"{""dataset"":""baocgb/vietnam-it-jobs-raw-data-from-topcv-2026"",""dataset_commit"":""kaggle-9263561-v1:e78ff2b6ed521ad894a70271a3254fcf434813916fdade4f7d449bc4fdf34ef9"",""dataset_url"":""https://www.kaggle.com/datasets/baocgb/vietnam-it-jobs-raw-data-from-topcv-2026"",""dataset_version"":""1"",""license"":""CC-BY-4.0"",""location_normalizer_revision"":""2026-07-19.1"",""raw_sha256"":""e78ff2b6ed521ad894a70271a3254fcf434813916fdade4f7d449bc4fdf34ef9"",""salary_source_currency"":""VND"",""source_url"":""https://www.topcv.vn/viec-lam/senior-net-developer/1962115.html"",""title_normalizer_revision"":""2f434fba22de3a14c1b199331c8ca18408dc72e702071bf4bbfe380daff40f58""}"
topcv,1962743,2026-01-01,Nổi bật Middle SAP MM/SD Consultant,Nổi bật Middle SAP MM/SD Consultant,mid,Ha Noi,3,3,[],,30000000,information_technology,"{""dataset"":""baocgb/vietnam-it-jobs-raw-data-from-topcv-2026"",""dataset_commit"":""kaggle-9263561-v1:e78ff2b6ed521ad894a70271a3254fcf434813916fdade4f7d449bc4fdf34ef9"",""dataset_url"":""https://www.kaggle.com/datasets/baocgb/vietnam-it-jobs-raw-data-from-topcv-2026"",""dataset_version"":""1"",""license"":""CC-BY-4.0"",""location_normalizer_revision"":""2026-07-19.1"",""raw_sha256"":""e78ff2b6ed521ad894a70271a3254fcf434813916fdade4f7d449bc4fdf34ef9"",""salary_source_currency"":""VND"",""source_url"":""https://www.topcv.vn/viec-lam/middle-sap-mm-sd-consultant/1962743.html"",""title_normalizer_revision"":""2f434fba22de3a14c1b199331c8ca18408dc72e702071bf4bbfe380daff40f58""}"
topcv,1962771,2026-01-08,.NET Developer (DX/Senior),Senior Backend Developer,senior,Ha Noi,5,5,[],,40000000,information_technology,"{""dataset"":""baocgb/vietnam-it-jobs-raw-data-from-topcv-2026"",""dataset_commit"":""kaggle-9263561-v1:e78ff2b6ed521ad894a70271a3254fcf434813916fdade4f7d449bc4fdf34ef9"",""dataset_url"":""https://www.kaggle.com/datasets/baocgb/vietnam-it-jobs-raw-data-from-topcv-2026"",""dataset_version"":""1"",""license"":""CC-BY-4.0"",""location_normalizer_revision"":""2026-07-19.1"",""raw_sha256"":""e78ff2b6ed521ad894a70271a3254fcf434813916fdade4f7d449bc4fdf34ef9"",""salary_source_currency"":""VND"",""source_url"":""https://www.topcv.vn/viec-lam/net-developer-dx-senior/1962771.html"",""title_normalizer_revision"":""2f434fba22de3a14c1b199331c8ca18408dc72e702071bf4bbfe380daff40f58""}"
topcv,1963000,2026-01-13,"Chuyên Viên DevOps Engineer (Database, SQL)",DevOps Engineer,mid,Ho Chi Minh,2,2,[],18000000,28000000,information_technology,"{""dataset"":""baocgb/vietnam-it-jobs-raw-data-from-topcv-2026"",""dataset_commit"":""kaggle-9263561-v1:e78ff2b6ed521ad894a70271a3254fcf434813916fdade4f7d449bc4fdf34ef9"",""dataset_url"":""https://www.kaggle.com/datasets/baocgb/vietnam-it-jobs-raw-data-from-topcv-2026"",""dataset_version"":""1"",""license"":""CC-BY-4.0"",""location_normalizer_revision"":""2026-07-19.1"",""raw_sha256"":""e78ff2b6ed521ad894a70271a3254fcf434813916fdade4f7d449bc4fdf34ef9"",""salary_source_currency"":""VND"",""source_url"":""https://www.topcv.vn/viec-lam/chuyen-vien-devops-engineer-database-sql/1963000.html"",""title_normalizer_revision"":""2f434fba22de3a14c1b199331c8ca18408dc72e702071bf4bbfe380daff40f58""}"
topcv,1963010,2026-01-01,Nhân Viên Vận Hành Giải Pháp (IT Golf),Nhân Viên Vận Hành Giải Pháp IT Golf ,mid,Ha Noi,1,1,[],9000000,12000000,information_technology,"{""dataset"":""baocgb/vietnam-it-jobs-raw-data-from-topcv-2026"",""dataset_commit"":""kaggle-9263561-v1:e78ff2b6ed521ad894a70271a3254fcf434813916fdade4f7d449bc4fdf34ef9"",""dataset_url"":""https://www.kaggle.com/datasets/baocgb/vietnam-it-jobs-raw-data-from-topcv-2026"",""dataset_version"":""1"",""license"":""CC-BY-4.0"",""location_normalizer_revision"":""2026-07-19.1"",""raw_sha256"":""e78ff2b6ed521ad894a70271a3254fcf434813916fdade4f7d449bc4fdf34ef9"",""salary_source_currency"":""VND"",""source_url"":""https://www.topcv.vn/viec-lam/nhan-vien-van-hanh-giai-phap-it-golf/1963010.html"",""title_normalizer_revision"":""2f434fba22de3a14c1b199331c8ca18408dc72e702071bf4bbfe380daff40f58""}"
topcv,1963058,2026-01-12,.NET Developer,Backend Developer,mid,Ha Noi,2,2,[],15000000,19000000,information_technology,"{""dataset"":""baocgb/vietnam-it-jobs-raw-data-from-topcv-2026"",""dataset_commit"":""kaggle-9263561-v1:e78ff2b6ed521ad894a70271a3254fcf434813916fdade4f7d449bc4fdf34ef9"",""dataset_url"":""https://www.kaggle.com/datasets/baocgb/vietnam-it-jobs-raw-data-from-topcv-2026"",""dataset_version"":""1"",""license"":""CC-BY-4.0"",""location_normalizer_revision"":""2026-07-19.1"",""raw_sha256"":""e78ff2b6ed521ad894a70271a3254fcf434813916fdade4f7d449bc4fdf34ef9"",""salary_source_currency"":""VND"",""source_url"":""https://www.topcv.vn/viec-lam/net-developer/1963058.html"",""title_normalizer_revision"":""2f434fba22de3a14c1b199331c8ca18408dc72e702071bf4bbfe380daff40f58""}"
topcv,1963632,2026-01-01,Lập Trình Viên Backend Middle Node.Js (Thu Nhập 18-25Tr++/Tháng),Backend Developer,mid,Ha Noi,2,2,[],18000000,25000000,information_technology,"{""dataset"":""baocgb/vietnam-it-jobs-raw-data-from-topcv-2026"",""dataset_commit"":""kaggle-9263561-v1:e78ff2b6ed521ad894a70271a3254fcf434813916fdade4f7d449bc4fdf34ef9"",""dataset_url"":""https://www.kaggle.com/datasets/baocgb/vietnam-it-jobs-raw-data-from-topcv-2026"",""dataset_version"":""1"",""license"":""CC-BY-4.0"",""location_normalizer_revision"":""2026-07-19.1"",""raw_sha256"":""e78ff2b6ed521ad894a70271a3254fcf434813916fdade4f7d449bc4fdf34ef9"",""salary_source_currency"":""VND"",""source_url"":""https://www.topcv.vn/viec-lam/lap-trinh-vien-backend-middle-node-js-thu-nhap-18-25tr-thang/1963632.html"",""title_normalizer_revision"":""2f434fba22de3a14c1b199331c8ca18408dc72e702071bf4bbfe380daff40f58""}"
topcv,1963905,2026-01-01,Chuyên Viên Hạ Tầng Và Bảo Mật Cấp Trung,Chuyên Viên Hạ Tầng Và Bảo Mật Cấp Trung,mid,Quảng Ninh,3,3,[],16000000,,information_technology,"{""dataset"":""baocgb/vietnam-it-jobs-raw-data-from-topcv-2026"",""dataset_commit"":""kaggle-9263561-v1:e78ff2b6ed521ad894a70271a3254fcf434813916fdade4f7d449bc4fdf34ef9"",""dataset_url"":""https://www.kaggle.com/datasets/baocgb/vietnam-it-jobs-raw-data-from-topcv-2026"",""dataset_version"":""1"",""license"":""CC-BY-4.0"",""location_normalizer_revision"":""2026-07-19.1"",""raw_sha256"":""e78ff2b6ed521ad894a70271a3254fcf434813916fdade4f7d449bc4fdf34ef9"",""salary_source_currency"":""VND"",""source_url"":""https://www.topcv.vn/viec-lam/chuyen-vien-ha-tang-va-bao-mat-cap-trung/1963905.html"",""title_normalizer_revision"":""2f434fba22de3a14c1b199331c8ca18408dc72e702071bf4bbfe380daff40f58""}"
topcv,1964069,2026-01-01,Chuyên Viên Công Nghệ Thông Tin (Chuyển Đổi Số),Chuyên Viên Công Nghệ Thông Tin Chuyển Đổi Số ,mid,Bắc Ninh,2,2,[],15000000,20000000,information_technology,"{""dataset"":""baocgb/vietnam-it-jobs-raw-data-from-topcv-2026"",""dataset_commit"":""kaggle-9263561-v1:e78ff2b6ed521ad894a70271a3254fcf434813916fdade4f7d449bc4fdf34ef9"",""dataset_url"":""https://www.kaggle.com/datasets/baocgb/vietnam-it-jobs-raw-data-from-topcv-2026"",""dataset_version"":""1"",""license"":""CC-BY-4.0"",""location_normalizer_revision"":""2026-07-19.1"",""raw_sha256"":""e78ff2b6ed521ad894a70271a3254fcf434813916fdade4f7d449bc4fdf34ef9"",""salary_source_currency"":""VND"",""source_url"":""https://www.topcv.vn/brand/congnghiepkimsen/tuyen-dung/chuyen-vien-cong-nghe-thong-tin-chuyen-doi-so-j1964069.html"",""title_normalizer_revision"":""2f434fba22de3a14c1b199331c8ca18408dc72e702071bf4bbfe380daff40f58""}"
topcv,1964240,2026-01-08,Kỹ Sư Triển Khai Hệ Thống,Kỹ Sư Triển Khai Hệ Thống,mid,Ho Chi Minh,2,2,[],15000000,22000000,information_technology,"{""dataset"":""baocgb/vietnam-it-jobs-raw-data-from-topcv-2026"",""dataset_commit"":""kaggle-9263561-v1:e78ff2b6ed521ad894a70271a3254fcf434813916fdade4f7d449bc4fdf34ef9"",""dataset_url"":""https://www.kaggle.com/datasets/baocgb/vietnam-it-jobs-raw-data-from-topcv-2026"",""dataset_version"":""1"",""license"":""CC-BY-4.0"",""location_normalizer_revision"":""2026-07-19.1"",""raw_sha256"":""e78ff2b6ed521ad894a70271a3254fcf434813916fdade4f7d449bc4fdf34ef9"",""salary_source_currency"":""VND"",""source_url"":""https://www.topcv.vn/viec-lam/ky-su-trien-khai-he-thong/1964240.html"",""title_normalizer_revision"":""2f434fba22de3a14c1b199331c8ca18408dc72e702071bf4bbfe380daff40f58""}"
topcv,1964272,2026-01-14,Lập Trình Game Unity 3D (Intern),Game Developer,intern,Ha Noi,1,1,[],4000000,5000000,information_technology,"{""dataset"":""baocgb/vietnam-it-jobs-raw-data-from-topcv-2026"",""dataset_commit"":""kaggle-9263561-v1:e78ff2b6ed521ad894a70271a3254fcf434813916fdade4f7d449bc4fdf34ef9"",""dataset_url"":""https://www.kaggle.com/datasets/baocgb/vietnam-it-jobs-raw-data-from-topcv-2026"",""dataset_version"":""1"",""license"":""CC-BY-4.0"",""location_normalizer_revision"":""2026-07-19.1"",""raw_sha256"":""e78ff2b6ed521ad894a70271a3254fcf434813916fdade4f7d449bc4fdf34ef9"",""salary_source_currency"":""VND"",""source_url"":""https://www.topcv.vn/viec-lam/lap-trinh-game-unity-3d-intern/1964272.html"",""title_normalizer_revision"":""2f434fba22de3a14c1b199331c8ca18408dc72e702071bf4bbfe380daff40f58""}"
topcv,1964340,2026-01-08,Quản Lý Ca Trực Nhà Hàng - Kinh Nghiệm Ít Nhất 6 Tháng Trong F&B - McDonald'S Khu Vực Phú Quốc ( Thu Nhập Lên Đến 15 Triệu),Quản Lý Ca Trực Nhà Hàng - Kinh Nghiệm Ít Nhất 6 Tháng Trong F&B - McDonald'S Khu Vực Phú Quốc Thu Nhập Lên Đến 15 Triệu ,manager,An Giang,1,1,[],8000000,15000000,information_technology,"{""dataset"":""baocgb/vietnam-it-jobs-raw-data-from-topcv-2026"",""dataset_commit"":""kaggle-9263561-v1:e78ff2b6ed521ad894a70271a3254fcf434813916fdade4f7d449bc4fdf34ef9"",""dataset_url"":""https://www.kaggle.com/datasets/baocgb/vietnam-it-jobs-raw-data-from-topcv-2026"",""dataset_version"":""1"",""license"":""CC-BY-4.0"",""location_normalizer_revision"":""2026-07-19.1"",""raw_sha256"":""e78ff2b6ed521ad894a70271a3254fcf434813916fdade4f7d449bc4fdf34ef9"",""salary_source_currency"":""VND"",""source_url"":""https://www.topcv.vn/viec-lam/quan-ly-ca-truc-nha-hang-kinh-nghiem-it-nhat-6-thang-trong-fb-mcdonalds-khu-vuc-phu-quoc-thu-nhap-len-den-15-trieu/1964340.html"",""title_normalizer_revision"":""2f434fba22de3a14c1b199331c8ca18408dc72e702071bf4bbfe380daff40f58""}"
topcv,1965139,2026-01-01,Thực Tập Sinh Trợ Lý Điều Hành – Quản Lý Vận Hành,Thực Tập Sinh Trợ Lý Điều Hành – Quản Lý Vận Hành,intern,Ho Chi Minh,,,[],2000000,,information_technology,"{""dataset"":""baocgb/vietnam-it-jobs-raw-data-from-topcv-2026"",""dataset_commit"":""kaggle-9263561-v1:e78ff2b6ed521ad894a70271a3254fcf434813916fdade4f7d449bc4fdf34ef9"",""dataset_url"":""https://www.kaggle.com/datasets/baocgb/vietnam-it-jobs-raw-data-from-topcv-2026"",""dataset_version"":""1"",""license"":""CC-BY-4.0"",""location_normalizer_revision"":""2026-07-19.1"",""raw_sha256"":""e78ff2b6ed521ad894a70271a3254fcf434813916fdade4f7d449bc4fdf34ef9"",""salary_source_currency"":""VND"",""source_url"":""https://www.topcv.vn/viec-lam/thuc-tap-sinh-tro-ly-dieu-hanh-quan-ly-van-hanh/1965139.html"",""title_normalizer_revision"":""2f434fba22de3a14c1b199331c8ca18408dc72e702071bf4bbfe380daff40f58""}"
topcv,1965628,2026-01-09,Chuyên Viên Kiểm Thử Phần Mềm,QA Engineer,mid,Ha Noi,2,2,[],15000000,27000000,information_technology,"{""dataset"":""baocgb/vietnam-it-jobs-raw-data-from-topcv-2026"",""dataset_commit"":""kaggle-9263561-v1:e78ff2b6ed521ad894a70271a3254fcf434813916fdade4f7d449bc4fdf34ef9"",""dataset_url"":""https://www.kaggle.com/datasets/baocgb/vietnam-it-jobs-raw-data-from-topcv-2026"",""dataset_version"":""1"",""license"":""CC-BY-4.0"",""location_normalizer_revision"":""2026-07-19.1"",""raw_sha256"":""e78ff2b6ed521ad894a70271a3254fcf434813916fdade4f7d449bc4fdf34ef9"",""salary_source_currency"":""VND"",""source_url"":""https://www.topcv.vn/viec-lam/chuyen-vien-kiem-thu-phan-mem/1965628.html"",""title_normalizer_revision"":""2f434fba22de3a14c1b199331c8ca18408dc72e702071bf4bbfe380daff40f58""}"
topcv,1966231,2026-01-01,Product Owner Mobile APP,Product Owner,mid,Ha Noi,1,1,[],10000000,30000000,information_technology,"{""dataset"":""baocgb/vietnam-it-jobs-raw-data-from-topcv-2026"",""dataset_commit"":""kaggle-9263561-v1:e78ff2b6ed521ad894a70271a3254fcf434813916fdade4f7d449bc4fdf34ef9"",""dataset_url"":""https://www.kaggle.com/datasets/baocgb/vietnam-it-jobs-raw-data-from-topcv-2026"",""dataset_version"":""1"",""license"":""CC-BY-4.0"",""location_normalizer_revision"":""2026-07-19.1"",""raw_sha256"":""e78ff2b6ed521ad894a70271a3254fcf434813916fdade4f7d449bc4fdf34ef9"",""salary_source_currency"":""VND"",""source_url"":""https://www.topcv.vn/viec-lam/product-owner-mobile-app/1966231.html"",""title_normalizer_revision"":""2f434fba22de3a14c1b199331c8ca18408dc72e702071bf4bbfe380daff40f58""}"
topcv,1966463,2026-01-09,Nhân Viên Tư Vấn Sale Online/ Chăm Sóc Khách Hàng (Game) - Thu Nhập Hấp Dẫn,Nhân Viên Tư Vấn Sale Online/ Chăm Sóc Khách Hàng Game - Thu Nhập Hấp Dẫn,mid,Ho Chi Minh,,,[],7000000,12000000,information_technology,"{""dataset"":""baocgb/vietnam-it-jobs-raw-data-from-topcv-2026"",""dataset_commit"":""kaggle-9263561-v1:e78ff2b6ed521ad894a70271a3254fcf434813916fdade4f7d449bc4fdf34ef9"",""dataset_url"":""https://www.kaggle.com/datasets/baocgb/vietnam-it-jobs-raw-data-from-topcv-2026"",""dataset_version"":""1"",""license"":""CC-BY-4.0"",""location_normalizer_revision"":""2026-07-19.1"",""raw_sha256"":""e78ff2b6ed521ad894a70271a3254fcf434813916fdade4f7d449bc4fdf34ef9"",""salary_source_currency"":""VND"",""source_url"":""https://www.topcv.vn/viec-lam/nhan-vien-tu-van-sale-online-cham-soc-khach-hang-game-thu-nhap-hap-dan/1966463.html"",""title_normalizer_revision"":""2f434fba22de3a14c1b199331c8ca18408dc72e702071bf4bbfe380daff40f58""}"
topcv,1967531,2026-01-08,Nhân Viên Mạng,Nhân Viên Mạng,mid,Ninh Bình,1,1,[],9000000,15000000,information_technology,"{""dataset"":""baocgb/vietnam-it-jobs-raw-data-from-topcv-2026"",""dataset_commit"":""kaggle-9263561-v1:e78ff2b6ed521ad894a70271a3254fcf434813916fdade4f7d449bc4fdf34ef9"",""dataset_url"":""https://www.kaggle.com/datasets/baocgb/vietnam-it-jobs-raw-data-from-topcv-2026"",""dataset_version"":""1"",""license"":""CC-BY-4.0"",""location_normalizer_revision"":""2026-07-19.1"",""raw_sha256"":""e78ff2b6ed521ad894a70271a3254fcf434813916fdade4f7d449bc4fdf34ef9"",""salary_source_currency"":""VND"",""source_url"":""https://www.topcv.vn/viec-lam/nhan-vien-mang/1967531.html"",""title_normalizer_revision"":""2f434fba22de3a14c1b199331c8ca18408dc72e702071bf4bbfe380daff40f58""}"
topcv,1967715,2026-01-08,Senior Frontend Developer (React.Js/Next.Js) - Mức Lương Upto 30M,Senior Frontend Developer,senior,Ha Noi,2,2,[],,30000000,information_technology,"{""dataset"":""baocgb/vietnam-it-jobs-raw-data-from-topcv-2026"",""dataset_commit"":""kaggle-9263561-v1:e78ff2b6ed521ad894a70271a3254fcf434813916fdade4f7d449bc4fdf34ef9"",""dataset_url"":""https://www.kaggle.com/datasets/baocgb/vietnam-it-jobs-raw-data-from-topcv-2026"",""dataset_version"":""1"",""license"":""CC-BY-4.0"",""location_normalizer_revision"":""2026-07-19.1"",""raw_sha256"":""e78ff2b6ed521ad894a70271a3254fcf434813916fdade4f7d449bc4fdf34ef9"",""salary_source_currency"":""VND"",""source_url"":""https://www.topcv.vn/viec-lam/senior-frontend-developer-react-js-next-js-muc-luong-upto-30m/1967715.html"",""title_normalizer_revision"":""2f434fba22de3a14c1b199331c8ca18408dc72e702071bf4bbfe380daff40f58""}"
topcv,1967799,2026-01-01,"Mobile Developer (Flutter, Dart)",Mobile Developer,mid,Ha Noi,5,5,[],25000000,75000000,information_technology,"{""dataset"":""baocgb/vietnam-it-jobs-raw-data-from-topcv-2026"",""dataset_commit"":""kaggle-9263561-v1:e78ff2b6ed521ad894a70271a3254fcf434813916fdade4f7d449bc4fdf34ef9"",""dataset_url"":""https://www.kaggle.com/datasets/baocgb/vietnam-it-jobs-raw-data-from-topcv-2026"",""dataset_version"":""1"",""license"":""CC-BY-4.0"",""location_normalizer_revision"":""2026-07-19.1"",""raw_sha256"":""e78ff2b6ed521ad894a70271a3254fcf434813916fdade4f7d449bc4fdf34ef9"",""salary_source_currency"":""USD"",""source_url"":""https://www.topcv.vn/viec-lam/mobile-developer-flutter-dart/1967799.html"",""title_normalizer_revision"":""2f434fba22de3a14c1b199331c8ca18408dc72e702071bf4bbfe380daff40f58"",""usd_to_vnd"":""25000""}"
topcv,1968134,2026-01-01,Trưởng Nhóm Kiểm Thử,QA Engineer,lead,Hưng Yên,2,2,[],15000000,18000000,information_technology,"{""dataset"":""baocgb/vietnam-it-jobs-raw-data-from-topcv-2026"",""dataset_commit"":""kaggle-9263561-v1:e78ff2b6ed521ad894a70271a3254fcf434813916fdade4f7d449bc4fdf34ef9"",""dataset_url"":""https://www.kaggle.com/datasets/baocgb/vietnam-it-jobs-raw-data-from-topcv-2026"",""dataset_version"":""1"",""license"":""CC-BY-4.0"",""location_normalizer_revision"":""2026-07-19.1"",""raw_sha256"":""e78ff2b6ed521ad894a70271a3254fcf434813916fdade4f7d449bc4fdf34ef9"",""salary_source_currency"":""VND"",""source_url"":""https://www.topcv.vn/viec-lam/truong-nhom-kiem-thu/1968134.html"",""title_normalizer_revision"":""2f434fba22de3a14c1b199331c8ca18408dc72e702071bf4bbfe380daff40f58""}"
topcv,1968183,2026-01-08,Android Min 2 Năm Kinh Nghiệm,Android Min 2 Năm Kinh Nghiệm,mid,Ha Noi,2,2,[],,26000000,information_technology,"{""dataset"":""baocgb/vietnam-it-jobs-raw-data-from-topcv-2026"",""dataset_commit"":""kaggle-9263561-v1:e78ff2b6ed521ad894a70271a3254fcf434813916fdade4f7d449bc4fdf34ef9"",""dataset_url"":""https://www.kaggle.com/datasets/baocgb/vietnam-it-jobs-raw-data-from-topcv-2026"",""dataset_version"":""1"",""license"":""CC-BY-4.0"",""location_normalizer_revision"":""2026-07-19.1"",""raw_sha256"":""e78ff2b6ed521ad894a70271a3254fcf434813916fdade4f7d449bc4fdf34ef9"",""salary_source_currency"":""VND"",""source_url"":""https://www.topcv.vn/viec-lam/android-min-2-nam-kinh-nghiem/1968183.html"",""title_normalizer_revision"":""2f434fba22de3a14c1b199331c8ca18408dc72e702071bf4bbfe380daff40f58""}"
topcv,1970420,2026-01-15,Software Tester (Manual & Automation) | Từ 2 Năm Kinh Nghiệm | Chấp Nhận Onboard Sau Tết,QA Engineer,mid,Ha Noi,2,2,[],,22000000,information_technology,"{""dataset"":""baocgb/vietnam-it-jobs-raw-data-from-topcv-2026"",""dataset_commit"":""kaggle-9263561-v1:e78ff2b6ed521ad894a70271a3254fcf434813916fdade4f7d449bc4fdf34ef9"",""dataset_url"":""https://www.kaggle.com/datasets/baocgb/vietnam-it-jobs-raw-data-from-topcv-2026"",""dataset_version"":""1"",""license"":""CC-BY-4.0"",""location_normalizer_revision"":""2026-07-19.1"",""raw_sha256"":""e78ff2b6ed521ad894a70271a3254fcf434813916fdade4f7d449bc4fdf34ef9"",""salary_source_currency"":""VND"",""source_url"":""https://www.topcv.vn/brand/flyer/tuyen-dung/software-tester-manual-automation-tu-2-nam-kinh-nghiem-chap-nhan-onboard-sau-tet-j1970420.html"",""title_normalizer_revision"":""2f434fba22de3a14c1b199331c8ca18408dc72e702071bf4bbfe380daff40f58""}"
topcv,1970989,2026-01-08,Senior Backend Developer (Node.Js),Senior Backend Developer,senior,Ha Noi,3,3,[],25000000,55000000,information_technology,"{""dataset"":""baocgb/vietnam-it-jobs-raw-data-from-topcv-2026"",""dataset_commit"":""kaggle-9263561-v1:e78ff2b6ed521ad894a70271a3254fcf434813916fdade4f7d449bc4fdf34ef9"",""dataset_url"":""https://www.kaggle.com/datasets/baocgb/vietnam-it-jobs-raw-data-from-topcv-2026"",""dataset_version"":""1"",""license"":""CC-BY-4.0"",""location_normalizer_revision"":""2026-07-19.1"",""raw_sha256"":""e78ff2b6ed521ad894a70271a3254fcf434813916fdade4f7d449bc4fdf34ef9"",""salary_source_currency"":""USD"",""source_url"":""https://www.topcv.vn/viec-lam/senior-backend-developer-node-js/1970989.html"",""title_normalizer_revision"":""2f434fba22de3a14c1b199331c8ca18408dc72e702071bf4bbfe380daff40f58"",""usd_to_vnd"":""25000""}"
topcv,1971150,2026-01-08,IT Comtor Tiếng Nhật,IT Comtor Tiếng Nhật,mid,Ha Noi,2,2,[],,25000000,information_technology,"{""dataset"":""baocgb/vietnam-it-jobs-raw-data-from-topcv-2026"",""dataset_commit"":""kaggle-9263561-v1:e78ff2b6ed521ad894a70271a3254fcf434813916fdade4f7d449bc4fdf34ef9"",""dataset_url"":""https://www.kaggle.com/datasets/baocgb/vietnam-it-jobs-raw-data-from-topcv-2026"",""dataset_version"":""1"",""license"":""CC-BY-4.0"",""location_normalizer_revision"":""2026-07-19.1"",""raw_sha256"":""e78ff2b6ed521ad894a70271a3254fcf434813916fdade4f7d449bc4fdf34ef9"",""salary_source_currency"":""VND"",""source_url"":""https://www.topcv.vn/viec-lam/it-comtor-tieng-nhat/1971150.html"",""title_normalizer_revision"":""2f434fba22de3a14c1b199331c8ca18408dc72e702071bf4bbfe380daff40f58""}"
topcv,1971480,2026-01-12,Chuyên Viên Tư Vấn Nghiệp Vụ Sản Phẩm (BA),Chuyên Viên Tư Vấn Nghiệp Vụ Sản Phẩm BA ,mid,Ha Noi,2,2,[],,30000000,information_technology,"{""dataset"":""baocgb/vietnam-it-jobs-raw-data-from-topcv-2026"",""dataset_commit"":""kaggle-9263561-v1:e78ff2b6ed521ad894a70271a3254fcf434813916fdade4f7d449bc4fdf34ef9"",""dataset_url"":""https://www.kaggle.com/datasets/baocgb/vietnam-it-jobs-raw-data-from-topcv-2026"",""dataset_version"":""1"",""license"":""CC-BY-4.0"",""location_normalizer_revision"":""2026-07-19.1"",""raw_sha256"":""e78ff2b6ed521ad894a70271a3254fcf434813916fdade4f7d449bc4fdf34ef9"",""salary_source_currency"":""VND"",""source_url"":""https://www.topcv.vn/viec-lam/chuyen-vien-tu-van-nghiep-vu-san-pham-ba/1971480.html"",""title_normalizer_revision"":""2f434fba22de3a14c1b199331c8ca18408dc72e702071bf4bbfe380daff40f58""}"
topcv,1971777,2026-01-08,Nhân Viên Tư Vấn Phần Mềm Website,Nhân Viên Tư Vấn Phần Mềm Website,mid,Ho Chi Minh,,,[],10000000,25000000,information_technology,"{""dataset"":""baocgb/vietnam-it-jobs-raw-data-from-topcv-2026"",""dataset_commit"":""kaggle-9263561-v1:e78ff2b6ed521ad894a70271a3254fcf434813916fdade4f7d449bc4fdf34ef9"",""dataset_url"":""https://www.kaggle.com/datasets/baocgb/vietnam-it-jobs-raw-data-from-topcv-2026"",""dataset_version"":""1"",""license"":""CC-BY-4.0"",""location_normalizer_revision"":""2026-07-19.1"",""raw_sha256"":""e78ff2b6ed521ad894a70271a3254fcf434813916fdade4f7d449bc4fdf34ef9"",""salary_source_currency"":""VND"",""source_url"":""https://www.topcv.vn/viec-lam/nhan-vien-tu-van-phan-mem-website/1971777.html"",""title_normalizer_revision"":""2f434fba22de3a14c1b199331c8ca18408dc72e702071bf4bbfe380daff40f58""}"
topcv,1971855,2026-01-12,Tin mới Backend Developer (PHP),Backend Developer,mid,Ha Noi,2,2,[],20000000,25000000,information_technology,"{""dataset"":""baocgb/vietnam-it-jobs-raw-data-from-topcv-2026"",""dataset_commit"":""kaggle-9263561-v1:e78ff2b6ed521ad894a70271a3254fcf434813916fdade4f7d449bc4fdf34ef9"",""dataset_url"":""https://www.kaggle.com/datasets/baocgb/vietnam-it-jobs-raw-data-from-topcv-2026"",""dataset_version"":""1"",""license"":""CC-BY-4.0"",""location_normalizer_revision"":""2026-07-19.1"",""raw_sha256"":""e78ff2b6ed521ad894a70271a3254fcf434813916fdade4f7d449bc4fdf34ef9"",""salary_source_currency"":""VND"",""source_url"":""https://www.topcv.vn/viec-lam/backend-developer-php/1971855.html"",""title_normalizer_revision"":""2f434fba22de3a14c1b199331c8ca18408dc72e702071bf4bbfe380daff40f58""}"
topcv,1972504,2026-01-08,Kỹ Sư Sản Xuất (Thiết Lập Điều Kiện Máy Ép) - Lương Đến 30 Triệu - Có Thể Nhận Việc Sau Tết,Kỹ Sư Sản Xuất Thiết Lập Điều Kiện Máy Ép - Lương Đến 30 Triệu - Có Thể Nhận Việc Sau Tết,mid,Ha Noi,2,2,[],20000000,30000000,information_technology,"{""dataset"":""baocgb/vietnam-it-jobs-raw-data-from-topcv-2026"",""dataset_commit"":""kaggle-9263561-v1:e78ff2b6ed521ad894a70271a3254fcf434813916fdade4f7d449bc4fdf34ef9"",""dataset_url"":""https://www.kaggle.com/datasets/baocgb/vietnam-it-jobs-raw-data-from-topcv-2026"",""dataset_version"":""1"",""license"":""CC-BY-4.0"",""location_normalizer_revision"":""2026-07-19.1"",""raw_sha256"":""e78ff2b6ed521ad894a70271a3254fcf434813916fdade4f7d449bc4fdf34ef9"",""salary_source_currency"":""VND"",""source_url"":""https://www.topcv.vn/viec-lam/ky-su-san-xuat-thiet-lap-dieu-kien-may-ep-luong-den-30-trieu-co-the-nhan-viec-sau-tet/1972504.html"",""title_normalizer_revision"":""2f434fba22de3a14c1b199331c8ca18408dc72e702071bf4bbfe380daff40f58""}"
topcv,1973240,2026-01-08,Python Developer,Backend Developer,mid,Ha Noi,4,4,[],30000000,40000000,information_technology,"{""dataset"":""baocgb/vietnam-it-jobs-raw-data-from-topcv-2026"",""dataset_commit"":""kaggle-9263561-v1:e78ff2b6ed521ad894a70271a3254fcf434813916fdade4f7d449bc4fdf34ef9"",""dataset_url"":""https://www.kaggle.com/datasets/baocgb/vietnam-it-jobs-raw-data-from-topcv-2026"",""dataset_version"":""1"",""license"":""CC-BY-4.0"",""location_normalizer_revision"":""2026-07-19.1"",""raw_sha256"":""e78ff2b6ed521ad894a70271a3254fcf434813916fdade4f7d449bc4fdf34ef9"",""salary_source_currency"":""VND"",""source_url"":""https://www.topcv.vn/viec-lam/python-developer/1973240.html"",""title_normalizer_revision"":""2f434fba22de3a14c1b199331c8ca18408dc72e702071bf4bbfe380daff40f58""}"
topcv,1973495,2026-01-08,Junior IT Helpdesk,Junior IT Support,junior,Đồng Nai,2,2,[],14000000,15000000,information_technology,"{""dataset"":""baocgb/vietnam-it-jobs-raw-data-from-topcv-2026"",""dataset_commit"":""kaggle-9263561-v1:e78ff2b6ed521ad894a70271a3254fcf434813916fdade4f7d449bc4fdf34ef9"",""dataset_url"":""https://www.kaggle.com/datasets/baocgb/vietnam-it-jobs-raw-data-from-topcv-2026"",""dataset_version"":""1"",""license"":""CC-BY-4.0"",""location_normalizer_revision"":""2026-07-19.1"",""raw_sha256"":""e78ff2b6ed521ad894a70271a3254fcf434813916fdade4f7d449bc4fdf34ef9"",""salary_source_currency"":""VND"",""source_url"":""https://www.topcv.vn/viec-lam/junior-it-helpdesk/1973495.html"",""title_normalizer_revision"":""2f434fba22de3a14c1b199331c8ca18408dc72e702071bf4bbfe380daff40f58""}"
topcv,1973643,2026-01-08,Phân Tích Nghiệp Vụ (BA),Business Analyst,mid,Ha Noi,2,2,[],,50000000,information_technology,"{""dataset"":""baocgb/vietnam-it-jobs-raw-data-from-topcv-2026"",""dataset_commit"":""kaggle-9263561-v1:e78ff2b6ed521ad894a70271a3254fcf434813916fdade4f7d449bc4fdf34ef9"",""dataset_url"":""https://www.kaggle.com/datasets/baocgb/vietnam-it-jobs-raw-data-from-topcv-2026"",""dataset_version"":""1"",""license"":""CC-BY-4.0"",""location_normalizer_revision"":""2026-07-19.1"",""raw_sha256"":""e78ff2b6ed521ad894a70271a3254fcf434813916fdade4f7d449bc4fdf34ef9"",""salary_source_currency"":""VND"",""source_url"":""https://www.topcv.vn/viec-lam/phan-tich-nghiep-vu-ba/1973643.html"",""title_normalizer_revision"":""2f434fba22de3a14c1b199331c8ca18408dc72e702071bf4bbfe380daff40f58""}"
topcv,1973869,2026-01-08,Application Admin,Application Admin,mid,Thanh Hóa,2,2,[],17000000,25000000,information_technology,"{""dataset"":""baocgb/vietnam-it-jobs-raw-data-from-topcv-2026"",""dataset_commit"":""kaggle-9263561-v1:e78ff2b6ed521ad894a70271a3254fcf434813916fdade4f7d449bc4fdf34ef9"",""dataset_url"":""https://www.kaggle.com/datasets/baocgb/vietnam-it-jobs-raw-data-from-topcv-2026"",""dataset_version"":""1"",""license"":""CC-BY-4.0"",""location_normalizer_revision"":""2026-07-19.1"",""raw_sha256"":""e78ff2b6ed521ad894a70271a3254fcf434813916fdade4f7d449bc4fdf34ef9"",""salary_source_currency"":""VND"",""source_url"":""https://www.topcv.vn/viec-lam/application-admin/1973869.html"",""title_normalizer_revision"":""2f434fba22de3a14c1b199331c8ca18408dc72e702071bf4bbfe380daff40f58""}"
topcv,1974243,2026-01-13,Backend,Backend Developer,mid,Ha Noi,3,3,[],20000000,30000000,information_technology,"{""dataset"":""baocgb/vietnam-it-jobs-raw-data-from-topcv-2026"",""dataset_commit"":""kaggle-9263561-v1:e78ff2b6ed521ad894a70271a3254fcf434813916fdade4f7d449bc4fdf34ef9"",""dataset_url"":""https://www.kaggle.com/datasets/baocgb/vietnam-it-jobs-raw-data-from-topcv-2026"",""dataset_version"":""1"",""license"":""CC-BY-4.0"",""location_normalizer_revision"":""2026-07-19.1"",""raw_sha256"":""e78ff2b6ed521ad894a70271a3254fcf434813916fdade4f7d449bc4fdf34ef9"",""salary_source_currency"":""VND"",""source_url"":""https://www.topcv.vn/viec-lam/backend/1974243.html"",""title_normalizer_revision"":""2f434fba22de3a14c1b199331c8ca18408dc72e702071bf4bbfe380daff40f58""}"
topcv,1974252,2026-01-08,"Kỹ Thuật Điện Nhẹ (Lắp Đặt Mạng, Camera, Âm Thanh)","Kỹ Thuật Điện Nhẹ Lắp Đặt Mạng, Camera, Âm Thanh ",mid,Da Nang,2,2,[],8000000,14000000,information_technology,"{""dataset"":""baocgb/vietnam-it-jobs-raw-data-from-topcv-2026"",""dataset_commit"":""kaggle-9263561-v1:e78ff2b6ed521ad894a70271a3254fcf434813916fdade4f7d449bc4fdf34ef9"",""dataset_url"":""https://www.kaggle.com/datasets/baocgb/vietnam-it-jobs-raw-data-from-topcv-2026"",""dataset_version"":""1"",""license"":""CC-BY-4.0"",""location_normalizer_revision"":""2026-07-19.1"",""raw_sha256"":""e78ff2b6ed521ad894a70271a3254fcf434813916fdade4f7d449bc4fdf34ef9"",""salary_source_currency"":""VND"",""source_url"":""https://www.topcv.vn/viec-lam/ky-thuat-dien-nhe-lap-dat-mang-camera-am-thanh/1974252.html"",""title_normalizer_revision"":""2f434fba22de3a14c1b199331c8ca18408dc72e702071bf4bbfe380daff40f58""}"
topcv,1974300,2025-12-18,Chuyên Viên Phân Tích Nghiệp Vụ (BA),Business Analyst,mid,Ha Noi,3,3,[],10000000,15000000,information_technology,"{""dataset"":""baocgb/vietnam-it-jobs-raw-data-from-topcv-2026"",""dataset_commit"":""kaggle-9263561-v1:e78ff2b6ed521ad894a70271a3254fcf434813916fdade4f7d449bc4fdf34ef9"",""dataset_url"":""https://www.kaggle.com/datasets/baocgb/vietnam-it-jobs-raw-data-from-topcv-2026"",""dataset_version"":""1"",""license"":""CC-BY-4.0"",""location_normalizer_revision"":""2026-07-19.1"",""raw_sha256"":""e78ff2b6ed521ad894a70271a3254fcf434813916fdade4f7d449bc4fdf34ef9"",""salary_source_currency"":""VND"",""source_url"":""https://www.topcv.vn/viec-lam/chuyen-vien-phan-tich-nghiep-vu-ba/1974300.html"",""title_normalizer_revision"":""2f434fba22de3a14c1b199331c8ca18408dc72e702071bf4bbfe380daff40f58""}"
topcv,1975345,2025-12-25,IOS Developer (Swift),Mobile Developer,mid,Ho Chi Minh,2,2,[],20000000,25000000,information_technology,"{""dataset"":""baocgb/vietnam-it-jobs-raw-data-from-topcv-2026"",""dataset_commit"":""kaggle-9263561-v1:e78ff2b6ed521ad894a70271a3254fcf434813916fdade4f7d449bc4fdf34ef9"",""dataset_url"":""https://www.kaggle.com/datasets/baocgb/vietnam-it-jobs-raw-data-from-topcv-2026"",""dataset_version"":""1"",""license"":""CC-BY-4.0"",""location_normalizer_revision"":""2026-07-19.1"",""raw_sha256"":""e78ff2b6ed521ad894a70271a3254fcf434813916fdade4f7d449bc4fdf34ef9"",""salary_source_currency"":""VND"",""source_url"":""https://www.topcv.vn/viec-lam/ios-developer-swift/1975345.html"",""title_normalizer_revision"":""2f434fba22de3a14c1b199331c8ca18408dc72e702071bf4bbfe380daff40f58""}"
topcv,1975529,2026-01-08,Nhân Viên Tư Vấn Triển Khai Phần Mềm,Nhân Viên Tư Vấn Triển Khai Phần Mềm,mid,Cần Thơ,,,[],8000000,25000000,information_technology,"{""dataset"":""baocgb/vietnam-it-jobs-raw-data-from-topcv-2026"",""dataset_commit"":""kaggle-9263561-v1:e78ff2b6ed521ad894a70271a3254fcf434813916fdade4f7d449bc4fdf34ef9"",""dataset_url"":""https://www.kaggle.com/datasets/baocgb/vietnam-it-jobs-raw-data-from-topcv-2026"",""dataset_version"":""1"",""license"":""CC-BY-4.0"",""location_normalizer_revision"":""2026-07-19.1"",""raw_sha256"":""e78ff2b6ed521ad894a70271a3254fcf434813916fdade4f7d449bc4fdf34ef9"",""salary_source_currency"":""VND"",""source_url"":""https://www.topcv.vn/viec-lam/nhan-vien-tu-van-trien-khai-phan-mem/1975529.html"",""title_normalizer_revision"":""2f434fba22de3a14c1b199331c8ca18408dc72e702071bf4bbfe380daff40f58""}"
topcv,1975838,2026-01-09,Lập Trình Viên AI,Software Engineer,mid,Ha Noi,4,4,[],20000000,50000000,information_technology,"{""dataset"":""baocgb/vietnam-it-jobs-raw-data-from-topcv-2026"",""dataset_commit"":""kaggle-9263561-v1:e78ff2b6ed521ad894a70271a3254fcf434813916fdade4f7d449bc4fdf34ef9"",""dataset_url"":""https://www.kaggle.com/datasets/baocgb/vietnam-it-jobs-raw-data-from-topcv-2026"",""dataset_version"":""1"",""license"":""CC-BY-4.0"",""location_normalizer_revision"":""2026-07-19.1"",""raw_sha256"":""e78ff2b6ed521ad894a70271a3254fcf434813916fdade4f7d449bc4fdf34ef9"",""salary_source_currency"":""VND"",""source_url"":""https://www.topcv.vn/viec-lam/lap-trinh-vien-ai/1975838.html"",""title_normalizer_revision"":""2f434fba22de3a14c1b199331c8ca18408dc72e702071bf4bbfe380daff40f58""}"
topcv,1975885,2026-01-08,Thực Tập Sinh Công Nghệ Thông Tin Fulltime,Thực Tập Sinh Công Nghệ Thông Tin Fulltime,intern,Ho Chi Minh,,,[],4000000,10000000,information_technology,"{""dataset"":""baocgb/vietnam-it-jobs-raw-data-from-topcv-2026"",""dataset_commit"":""kaggle-9263561-v1:e78ff2b6ed521ad894a70271a3254fcf434813916fdade4f7d449bc4fdf34ef9"",""dataset_url"":""https://www.kaggle.com/datasets/baocgb/vietnam-it-jobs-raw-data-from-topcv-2026"",""dataset_version"":""1"",""license"":""CC-BY-4.0"",""location_normalizer_revision"":""2026-07-19.1"",""raw_sha256"":""e78ff2b6ed521ad894a70271a3254fcf434813916fdade4f7d449bc4fdf34ef9"",""salary_source_currency"":""VND"",""source_url"":""https://www.topcv.vn/viec-lam/thuc-tap-sinh-cong-nghe-thong-tin-fulltime/1975885.html"",""title_normalizer_revision"":""2f434fba22de3a14c1b199331c8ca18408dc72e702071bf4bbfe380daff40f58""}"
topcv,1976246,2026-01-10,"Lập Trình Viên Java (Product Domain Bank, Fintech)",Backend Developer,mid,Ha Noi,3,3,[],20000000,30000000,information_technology,"{""dataset"":""baocgb/vietnam-it-jobs-raw-data-from-topcv-2026"",""dataset_commit"":""kaggle-9263561-v1:e78ff2b6ed521ad894a70271a3254fcf434813916fdade4f7d449bc4fdf34ef9"",""dataset_url"":""https://www.kaggle.com/datasets/baocgb/vietnam-it-jobs-raw-data-from-topcv-2026"",""dataset_version"":""1"",""license"":""CC-BY-4.0"",""location_normalizer_revision"":""2026-07-19.1"",""raw_sha256"":""e78ff2b6ed521ad894a70271a3254fcf434813916fdade4f7d449bc4fdf34ef9"",""salary_source_currency"":""VND"",""source_url"":""https://www.topcv.vn/viec-lam/lap-trinh-vien-java-product-domain-bank-fintech/1976246.html"",""title_normalizer_revision"":""2f434fba22de3a14c1b199331c8ca18408dc72e702071bf4bbfe380daff40f58""}"
topcv,1976741,2026-01-10,Nhân Viên Lập Trình .NET,Nhân Viên Lập Trình .NET,mid,Đồng Nai,1,1,[],10000000,15000000,information_technology,"{""dataset"":""baocgb/vietnam-it-jobs-raw-data-from-topcv-2026"",""dataset_commit"":""kaggle-9263561-v1:e78ff2b6ed521ad894a70271a3254fcf434813916fdade4f7d449bc4fdf34ef9"",""dataset_url"":""https://www.kaggle.com/datasets/baocgb/vietnam-it-jobs-raw-data-from-topcv-2026"",""dataset_version"":""1"",""license"":""CC-BY-4.0"",""location_normalizer_revision"":""2026-07-19.1"",""raw_sha256"":""e78ff2b6ed521ad894a70271a3254fcf434813916fdade4f7d449bc4fdf34ef9"",""salary_source_currency"":""VND"",""source_url"":""https://www.topcv.vn/viec-lam/nhan-vien-lap-trinh-net/1976741.html"",""title_normalizer_revision"":""2f434fba22de3a14c1b199331c8ca18408dc72e702071bf4bbfe380daff40f58""}"
topcv,1976747,2026-01-08,Assistant Technology - AI Application (Senior BA),Senior Assistant Technology - AI Application Senior BA ,senior,Ha Noi,1,1,[],16000000,20000000,information_technology,"{""dataset"":""baocgb/vietnam-it-jobs-raw-data-from-topcv-2026"",""dataset_commit"":""kaggle-9263561-v1:e78ff2b6ed521ad894a70271a3254fcf434813916fdade4f7d449bc4fdf34ef9"",""dataset_url"":""https://www.kaggle.com/datasets/baocgb/vietnam-it-jobs-raw-data-from-topcv-2026"",""dataset_version"":""1"",""license"":""CC-BY-4.0"",""location_normalizer_revision"":""2026-07-19.1"",""raw_sha256"":""e78ff2b6ed521ad894a70271a3254fcf434813916fdade4f7d449bc4fdf34ef9"",""salary_source_currency"":""VND"",""source_url"":""https://www.topcv.vn/viec-lam/assistant-technology-ai-application-senior-ba/1976747.html"",""title_normalizer_revision"":""2f434fba22de3a14c1b199331c8ca18408dc72e702071bf4bbfe380daff40f58""}"
topcv,1976769,2026-01-08,Nhân Viên Hỗ Trợ Ứng Dụng (Tester),QA Engineer,mid,Đồng Nai,1,1,[],8000000,10000000,information_technology,"{""dataset"":""baocgb/vietnam-it-jobs-raw-data-from-topcv-2026"",""dataset_commit"":""kaggle-9263561-v1:e78ff2b6ed521ad894a70271a3254fcf434813916fdade4f7d449bc4fdf34ef9"",""dataset_url"":""https://www.kaggle.com/datasets/baocgb/vietnam-it-jobs-raw-data-from-topcv-2026"",""dataset_version"":""1"",""license"":""CC-BY-4.0"",""location_normalizer_revision"":""2026-07-19.1"",""raw_sha256"":""e78ff2b6ed521ad894a70271a3254fcf434813916fdade4f7d449bc4fdf34ef9"",""salary_source_currency"":""VND"",""source_url"":""https://www.topcv.vn/viec-lam/nhan-vien-ho-tro-ung-dung-tester/1976769.html"",""title_normalizer_revision"":""2f434fba22de3a14c1b199331c8ca18408dc72e702071bf4bbfe380daff40f58""}"
topcv,1976774,2026-01-08,Chuyên Viên Lập Trình .NET,Backend Developer,mid,Đồng Nai,2,2,[],12000000,18000000,information_technology,"{""dataset"":""baocgb/vietnam-it-jobs-raw-data-from-topcv-2026"",""dataset_commit"":""kaggle-9263561-v1:e78ff2b6ed521ad894a70271a3254fcf434813916fdade4f7d449bc4fdf34ef9"",""dataset_url"":""https://www.kaggle.com/datasets/baocgb/vietnam-it-jobs-raw-data-from-topcv-2026"",""dataset_version"":""1"",""license"":""CC-BY-4.0"",""location_normalizer_revision"":""2026-07-19.1"",""raw_sha256"":""e78ff2b6ed521ad894a70271a3254fcf434813916fdade4f7d449bc4fdf34ef9"",""salary_source_currency"":""VND"",""source_url"":""https://www.topcv.vn/viec-lam/chuyen-vien-lap-trinh-net/1976774.html"",""title_normalizer_revision"":""2f434fba22de3a14c1b199331c8ca18408dc72e702071bf4bbfe380daff40f58""}"
topcv,1976775,2026-01-08,Nhân Viên Hỗ Trợ Ứng Dụng (Tester),QA Engineer,mid,Đồng Nai,1,1,[],8000000,10000000,information_technology,"{""dataset"":""baocgb/vietnam-it-jobs-raw-data-from-topcv-2026"",""dataset_commit"":""kaggle-9263561-v1:e78ff2b6ed521ad894a70271a3254fcf434813916fdade4f7d449bc4fdf34ef9"",""dataset_url"":""https://www.kaggle.com/datasets/baocgb/vietnam-it-jobs-raw-data-from-topcv-2026"",""dataset_version"":""1"",""license"":""CC-BY-4.0"",""location_normalizer_revision"":""2026-07-19.1"",""raw_sha256"":""e78ff2b6ed521ad894a70271a3254fcf434813916fdade4f7d449bc4fdf34ef9"",""salary_source_currency"":""VND"",""source_url"":""https://www.topcv.vn/viec-lam/nhan-vien-ho-tro-ung-dung-tester/1976775.html"",""title_normalizer_revision"":""2f434fba22de3a14c1b199331c8ca18408dc72e702071bf4bbfe380daff40f58""}"
topcv,1977089,2026-01-08,Thực Tập Sinh Công Nghệ Thông Tin (Có Lương + Mộc),Thực Tập Sinh Công Nghệ Thông Tin Có Lương + Mộc ,intern,Ho Chi Minh,,,[],4000000,15000000,information_technology,"{""dataset"":""baocgb/vietnam-it-jobs-raw-data-from-topcv-2026"",""dataset_commit"":""kaggle-9263561-v1:e78ff2b6ed521ad894a70271a3254fcf434813916fdade4f7d449bc4fdf34ef9"",""dataset_url"":""https://www.kaggle.com/datasets/baocgb/vietnam-it-jobs-raw-data-from-topcv-2026"",""dataset_version"":""1"",""license"":""CC-BY-4.0"",""location_normalizer_revision"":""2026-07-19.1"",""raw_sha256"":""e78ff2b6ed521ad894a70271a3254fcf434813916fdade4f7d449bc4fdf34ef9"",""salary_source_currency"":""VND"",""source_url"":""https://www.topcv.vn/viec-lam/thuc-tap-sinh-cong-nghe-thong-tin-co-luong-moc/1977089.html"",""title_normalizer_revision"":""2f434fba22de3a14c1b199331c8ca18408dc72e702071bf4bbfe380daff40f58""}"
topcv,1977321,2025-12-16,Thực Tập Sinh Công Nghệ Thông Tin Fulltime - Có Lương,Thực Tập Sinh Công Nghệ Thông Tin Fulltime - Có Lương,intern,Ho Chi Minh,,,[],5000000,10000000,information_technology,"{""dataset"":""baocgb/vietnam-it-jobs-raw-data-from-topcv-2026"",""dataset_commit"":""kaggle-9263561-v1:e78ff2b6ed521ad894a70271a3254fcf434813916fdade4f7d449bc4fdf34ef9"",""dataset_url"":""https://www.kaggle.com/datasets/baocgb/vietnam-it-jobs-raw-data-from-topcv-2026"",""dataset_version"":""1"",""license"":""CC-BY-4.0"",""location_normalizer_revision"":""2026-07-19.1"",""raw_sha256"":""e78ff2b6ed521ad894a70271a3254fcf434813916fdade4f7d449bc4fdf34ef9"",""salary_source_currency"":""VND"",""source_url"":""https://www.topcv.vn/viec-lam/thuc-tap-sinh-cong-nghe-thong-tin-fulltime-co-luong/1977321.html"",""title_normalizer_revision"":""2f434fba22de3a14c1b199331c8ca18408dc72e702071bf4bbfe380daff40f58""}"
topcv,1977730,2026-01-09,Chuyên Viên Kế Toán Giá Thành Có Ít Nhất 2 Năm Kinh Nghiệm Tại Bắc Ninh (Thu Nhập 12-13 Triệu),Chuyên Viên Kế Toán Giá Thành Có Ít Nhất 2 Năm Kinh Nghiệm Tại Bắc Ninh Thu Nhập 12-13 Triệu ,mid,Bắc Ninh,2,2,[],12000000,13000000,information_technology,"{""dataset"":""baocgb/vietnam-it-jobs-raw-data-from-topcv-2026"",""dataset_commit"":""kaggle-9263561-v1:e78ff2b6ed521ad894a70271a3254fcf434813916fdade4f7d449bc4fdf34ef9"",""dataset_url"":""https://www.kaggle.com/datasets/baocgb/vietnam-it-jobs-raw-data-from-topcv-2026"",""dataset_version"":""1"",""license"":""CC-BY-4.0"",""location_normalizer_revision"":""2026-07-19.1"",""raw_sha256"":""e78ff2b6ed521ad894a70271a3254fcf434813916fdade4f7d449bc4fdf34ef9"",""salary_source_currency"":""VND"",""source_url"":""https://www.topcv.vn/viec-lam/chuyen-vien-ke-toan-gia-thanh-co-it-nhat-2-nam-kinh-nghiem-tai-bac-ninh-thu-nhap-12-13-trieu/1977730.html"",""title_normalizer_revision"":""2f434fba22de3a14c1b199331c8ca18408dc72e702071bf4bbfe380daff40f58""}"
topcv,1977754,2026-01-08,IT Supervision Level 1,IT Supervision Level 1,mid,Ho Chi Minh,1,1,[],5000000,6000000,information_technology,"{""dataset"":""baocgb/vietnam-it-jobs-raw-data-from-topcv-2026"",""dataset_commit"":""kaggle-9263561-v1:e78ff2b6ed521ad894a70271a3254fcf434813916fdade4f7d449bc4fdf34ef9"",""dataset_url"":""https://www.kaggle.com/datasets/baocgb/vietnam-it-jobs-raw-data-from-topcv-2026"",""dataset_version"":""1"",""license"":""CC-BY-4.0"",""location_normalizer_revision"":""2026-07-19.1"",""raw_sha256"":""e78ff2b6ed521ad894a70271a3254fcf434813916fdade4f7d449bc4fdf34ef9"",""salary_source_currency"":""VND"",""source_url"":""https://www.topcv.vn/viec-lam/it-supervision-level-1/1977754.html"",""title_normalizer_revision"":""2f434fba22de3a14c1b199331c8ca18408dc72e702071bf4bbfe380daff40f58""}"
topcv,1977783,2026-01-08,IT Infrastructure Admin Coordinator,IT Infrastructure Admin Coordinator,mid,Ho Chi Minh,2,2,[],25000000,35000000,information_technology,"{""dataset"":""baocgb/vietnam-it-jobs-raw-data-from-topcv-2026"",""dataset_commit"":""kaggle-9263561-v1:e78ff2b6ed521ad894a70271a3254fcf434813916fdade4f7d449bc4fdf34ef9"",""dataset_url"":""https://www.kaggle.com/datasets/baocgb/vietnam-it-jobs-raw-data-from-topcv-2026"",""dataset_version"":""1"",""license"":""CC-BY-4.0"",""location_normalizer_revision"":""2026-07-19.1"",""raw_sha256"":""e78ff2b6ed521ad894a70271a3254fcf434813916fdade4f7d449bc4fdf34ef9"",""salary_source_currency"":""VND"",""source_url"":""https://www.topcv.vn/viec-lam/it-infrastructure-admin-coordinator/1977783.html"",""title_normalizer_revision"":""2f434fba22de3a14c1b199331c8ca18408dc72e702071bf4bbfe380daff40f58""}"
topcv,1977789,2026-01-09,Senior Java Developer,Senior Backend Developer,senior,Ha Noi,5,5,[],32000000,36000000,information_technology,"{""dataset"":""baocgb/vietnam-it-jobs-raw-data-from-topcv-2026"",""dataset_commit"":""kaggle-9263561-v1:e78ff2b6ed521ad894a70271a3254fcf434813916fdade4f7d449bc4fdf34ef9"",""dataset_url"":""https://www.kaggle.com/datasets/baocgb/vietnam-it-jobs-raw-data-from-topcv-2026"",""dataset_version"":""1"",""license"":""CC-BY-4.0"",""location_normalizer_revision"":""2026-07-19.1"",""raw_sha256"":""e78ff2b6ed521ad894a70271a3254fcf434813916fdade4f7d449bc4fdf34ef9"",""salary_source_currency"":""VND"",""source_url"":""https://www.topcv.vn/viec-lam/senior-java-developer/1977789.html"",""title_normalizer_revision"":""2f434fba22de3a14c1b199331c8ca18408dc72e702071bf4bbfe380daff40f58""}"
topcv,1978214,2026-01-13,Chuyên Viên Tuyển Dụng,Chuyên Viên Tuyển Dụng,mid,Ha Noi,2,2,[],10000000,15000000,information_technology,"{""dataset"":""baocgb/vietnam-it-jobs-raw-data-from-topcv-2026"",""dataset_commit"":""kaggle-9263561-v1:e78ff2b6ed521ad894a70271a3254fcf434813916fdade4f7d449bc4fdf34ef9"",""dataset_url"":""https://www.kaggle.com/datasets/baocgb/vietnam-it-jobs-raw-data-from-topcv-2026"",""dataset_version"":""1"",""license"":""CC-BY-4.0"",""location_normalizer_revision"":""2026-07-19.1"",""raw_sha256"":""e78ff2b6ed521ad894a70271a3254fcf434813916fdade4f7d449bc4fdf34ef9"",""salary_source_currency"":""VND"",""source_url"":""https://www.topcv.vn/viec-lam/chuyen-vien-tuyen-dung/1978214.html"",""title_normalizer_revision"":""2f434fba22de3a14c1b199331c8ca18408dc72e702071bf4bbfe380daff40f58""}"
topcv,1978305,2026-01-09,Junior Developer (Nền Tảng Vận Hành Web),Junior Developer Nền Tảng Vận Hành Web ,junior,Ha Noi,1,1,[],14000000,18000000,information_technology,"{""dataset"":""baocgb/vietnam-it-jobs-raw-data-from-topcv-2026"",""dataset_commit"":""kaggle-9263561-v1:e78ff2b6ed521ad894a70271a3254fcf434813916fdade4f7d449bc4fdf34ef9"",""dataset_url"":""https://www.kaggle.com/datasets/baocgb/vietnam-it-jobs-raw-data-from-topcv-2026"",""dataset_version"":""1"",""license"":""CC-BY-4.0"",""location_normalizer_revision"":""2026-07-19.1"",""raw_sha256"":""e78ff2b6ed521ad894a70271a3254fcf434813916fdade4f7d449bc4fdf34ef9"",""salary_source_currency"":""VND"",""source_url"":""https://www.topcv.vn/viec-lam/junior-developer-nen-tang-van-hanh-web/1978305.html"",""title_normalizer_revision"":""2f434fba22de3a14c1b199331c8ca18408dc72e702071bf4bbfe380daff40f58""}"
topcv,1978315,2026-01-14,Mid-Level Developer (Cải Tiến & Vận Hành Web),Mid-Level Developer Cải Tiến & Vận Hành Web ,mid,Ha Noi,1,1,[],14000000,18000000,information_technology,"{""dataset"":""baocgb/vietnam-it-jobs-raw-data-from-topcv-2026"",""dataset_commit"":""kaggle-9263561-v1:e78ff2b6ed521ad894a70271a3254fcf434813916fdade4f7d449bc4fdf34ef9"",""dataset_url"":""https://www.kaggle.com/datasets/baocgb/vietnam-it-jobs-raw-data-from-topcv-2026"",""dataset_version"":""1"",""license"":""CC-BY-4.0"",""location_normalizer_revision"":""2026-07-19.1"",""raw_sha256"":""e78ff2b6ed521ad894a70271a3254fcf434813916fdade4f7d449bc4fdf34ef9"",""salary_source_currency"":""VND"",""source_url"":""https://www.topcv.vn/viec-lam/mid-level-developer-cai-tien-van-hanh-web/1978315.html"",""title_normalizer_revision"":""2f434fba22de3a14c1b199331c8ca18408dc72e702071bf4bbfe380daff40f58""}"
topcv,1978328,2026-01-14,Senior Developer FullStack (Nâng Cấp Hệ Thống Web),Senior Fullstack Developer,senior,Ha Noi,1,1,[],14000000,18000000,information_technology,"{""dataset"":""baocgb/vietnam-it-jobs-raw-data-from-topcv-2026"",""dataset_commit"":""kaggle-9263561-v1:e78ff2b6ed521ad894a70271a3254fcf434813916fdade4f7d449bc4fdf34ef9"",""dataset_url"":""https://www.kaggle.com/datasets/baocgb/vietnam-it-jobs-raw-data-from-topcv-2026"",""dataset_version"":""1"",""license"":""CC-BY-4.0"",""location_normalizer_revision"":""2026-07-19.1"",""raw_sha256"":""e78ff2b6ed521ad894a70271a3254fcf434813916fdade4f7d449bc4fdf34ef9"",""salary_source_currency"":""VND"",""source_url"":""https://www.topcv.vn/viec-lam/senior-developer-fullstack-nang-cap-he-thong-web/1978328.html"",""title_normalizer_revision"":""2f434fba22de3a14c1b199331c8ca18408dc72e702071bf4bbfe380daff40f58""}"
topcv,1978867,2026-01-09,Senior Power Platform Developer,Senior Power Platform Developer,senior,Ha Noi,4,4,[],30000000,40000000,information_technology,"{""dataset"":""baocgb/vietnam-it-jobs-raw-data-from-topcv-2026"",""dataset_commit"":""kaggle-9263561-v1:e78ff2b6ed521ad894a70271a3254fcf434813916fdade4f7d449bc4fdf34ef9"",""dataset_url"":""https://www.kaggle.com/datasets/baocgb/vietnam-it-jobs-raw-data-from-topcv-2026"",""dataset_version"":""1"",""license"":""CC-BY-4.0"",""location_normalizer_revision"":""2026-07-19.1"",""raw_sha256"":""e78ff2b6ed521ad894a70271a3254fcf434813916fdade4f7d449bc4fdf34ef9"",""salary_source_currency"":""VND"",""source_url"":""https://www.topcv.vn/viec-lam/senior-power-platform-developer/1978867.html"",""title_normalizer_revision"":""2f434fba22de3a14c1b199331c8ca18408dc72e702071bf4bbfe380daff40f58""}"
topcv,1979095,2026-01-11,Backend-End Web Developer,Backend Developer,mid,Da Nang,2,2,[],10000000,,information_technology,"{""dataset"":""baocgb/vietnam-it-jobs-raw-data-from-topcv-2026"",""dataset_commit"":""kaggle-9263561-v1:e78ff2b6ed521ad894a70271a3254fcf434813916fdade4f7d449bc4fdf34ef9"",""dataset_url"":""https://www.kaggle.com/datasets/baocgb/vietnam-it-jobs-raw-data-from-topcv-2026"",""dataset_version"":""1"",""license"":""CC-BY-4.0"",""location_normalizer_revision"":""2026-07-19.1"",""raw_sha256"":""e78ff2b6ed521ad894a70271a3254fcf434813916fdade4f7d449bc4fdf34ef9"",""salary_source_currency"":""VND"",""source_url"":""https://www.topcv.vn/viec-lam/backend-end-web-developer/1979095.html"",""title_normalizer_revision"":""2f434fba22de3a14c1b199331c8ca18408dc72e702071bf4bbfe380daff40f58""}"
topcv,1979379,2026-01-12,"Fresher Python Developer (6tháng-1 Năm KN, Offer 8-13M/Tháng)",Backend Developer,fresher,Ha Noi,1,1,[],8000000,13000000,information_technology,"{""dataset"":""baocgb/vietnam-it-jobs-raw-data-from-topcv-2026"",""dataset_commit"":""kaggle-9263561-v1:e78ff2b6ed521ad894a70271a3254fcf434813916fdade4f7d449bc4fdf34ef9"",""dataset_url"":""https://www.kaggle.com/datasets/baocgb/vietnam-it-jobs-raw-data-from-topcv-2026"",""dataset_version"":""1"",""license"":""CC-BY-4.0"",""location_normalizer_revision"":""2026-07-19.1"",""raw_sha256"":""e78ff2b6ed521ad894a70271a3254fcf434813916fdade4f7d449bc4fdf34ef9"",""salary_source_currency"":""VND"",""source_url"":""https://www.topcv.vn/brand/softdreams/tuyen-dung/fresher-python-developer-6thang-1-nam-kn-offer-8-13m-thang-j1979379.html"",""title_normalizer_revision"":""2f434fba22de3a14c1b199331c8ca18408dc72e702071bf4bbfe380daff40f58""}"
topcv,1980240,2026-01-11,Nhân Viên Kiểm Soát Chất Lượng QC/ Software Tester Đi Làm Ngay Hoặc Ra Tết Đi Làm,QA Engineer,mid,Ha Noi,2,2,[],10000000,35000000,information_technology,"{""dataset"":""baocgb/vietnam-it-jobs-raw-data-from-topcv-2026"",""dataset_commit"":""kaggle-9263561-v1:e78ff2b6ed521ad894a70271a3254fcf434813916fdade4f7d449bc4fdf34ef9"",""dataset_url"":""https://www.kaggle.com/datasets/baocgb/vietnam-it-jobs-raw-data-from-topcv-2026"",""dataset_version"":""1"",""license"":""CC-BY-4.0"",""location_normalizer_revision"":""2026-07-19.1"",""raw_sha256"":""e78ff2b6ed521ad894a70271a3254fcf434813916fdade4f7d449bc4fdf34ef9"",""salary_source_currency"":""VND"",""source_url"":""https://www.topcv.vn/viec-lam/nhan-vien-kiem-soat-chat-luong-qc-software-tester-di-lam-ngay-hoac-ra-tet-di-lam/1980240.html"",""title_normalizer_revision"":""2f434fba22de3a14c1b199331c8ca18408dc72e702071bf4bbfe380daff40f58""}"
topcv,1980451,2025-12-16,Sale IT Từ 6 Tháng Kinh Nghiệm - Hoa Hồng Upto 20% - Có Thể Đi Làm Sau Tết,Sale IT Từ 6 Tháng Kinh Nghiệm - Hoa Hồng Upto 20% - Có Thể Đi Làm Sau Tết,mid,Ha Noi,1,1,[],10000000,30000000,information_technology,"{""dataset"":""baocgb/vietnam-it-jobs-raw-data-from-topcv-2026"",""dataset_commit"":""kaggle-9263561-v1:e78ff2b6ed521ad894a70271a3254fcf434813916fdade4f7d449bc4fdf34ef9"",""dataset_url"":""https://www.kaggle.com/datasets/baocgb/vietnam-it-jobs-raw-data-from-topcv-2026"",""dataset_version"":""1"",""license"":""CC-BY-4.0"",""location_normalizer_revision"":""2026-07-19.1"",""raw_sha256"":""e78ff2b6ed521ad894a70271a3254fcf434813916fdade4f7d449bc4fdf34ef9"",""salary_source_currency"":""VND"",""source_url"":""https://www.topcv.vn/viec-lam/sale-it-tu-6-thang-kinh-nghiem-hoa-hong-upto-20-co-the-di-lam-sau-tet/1980451.html"",""title_normalizer_revision"":""2f434fba22de3a14c1b199331c8ca18408dc72e702071bf4bbfe380daff40f58""}"
topcv,1980616,2025-12-25,Lập Trình Viên PHP (Có Thể Đi Làm Sau Tết),Backend Developer,mid,Ha Noi,2,2,[],16000000,20000000,information_technology,"{""dataset"":""baocgb/vietnam-it-jobs-raw-data-from-topcv-2026"",""dataset_commit"":""kaggle-9263561-v1:e78ff2b6ed521ad894a70271a3254fcf434813916fdade4f7d449bc4fdf34ef9"",""dataset_url"":""https://www.kaggle.com/datasets/baocgb/vietnam-it-jobs-raw-data-from-topcv-2026"",""dataset_version"":""1"",""license"":""CC-BY-4.0"",""location_normalizer_revision"":""2026-07-19.1"",""raw_sha256"":""e78ff2b6ed521ad894a70271a3254fcf434813916fdade4f7d449bc4fdf34ef9"",""salary_source_currency"":""VND"",""source_url"":""https://www.topcv.vn/brand/happymoney/tuyen-dung/lap-trinh-vien-php-co-the-di-lam-sau-tet-j1980616.html"",""title_normalizer_revision"":""2f434fba22de3a14c1b199331c8ca18408dc72e702071bf4bbfe380daff40f58""}"
topcv,1980791,2025-12-16,Junior QA Tester,Junior QA Engineer,junior,Ha Noi,1,1,[],15000000,25000000,information_technology,"{""dataset"":""baocgb/vietnam-it-jobs-raw-data-from-topcv-2026"",""dataset_commit"":""kaggle-9263561-v1:e78ff2b6ed521ad894a70271a3254fcf434813916fdade4f7d449bc4fdf34ef9"",""dataset_url"":""https://www.kaggle.com/datasets/baocgb/vietnam-it-jobs-raw-data-from-topcv-2026"",""dataset_version"":""1"",""license"":""CC-BY-4.0"",""location_normalizer_revision"":""2026-07-19.1"",""raw_sha256"":""e78ff2b6ed521ad894a70271a3254fcf434813916fdade4f7d449bc4fdf34ef9"",""salary_source_currency"":""VND"",""source_url"":""https://www.topcv.vn/viec-lam/junior-qa-tester/1980791.html"",""title_normalizer_revision"":""2f434fba22de3a14c1b199331c8ca18408dc72e702071bf4bbfe380daff40f58""}"
topcv,1982970,2026-01-12,React Native Developer,Mobile Developer (React Native),mid,Ha Noi,3,3,[],30000000,35000000,information_technology,"{""dataset"":""baocgb/vietnam-it-jobs-raw-data-from-topcv-2026"",""dataset_commit"":""kaggle-9263561-v1:e78ff2b6ed521ad894a70271a3254fcf434813916fdade4f7d449bc4fdf34ef9"",""dataset_url"":""https://www.kaggle.com/datasets/baocgb/vietnam-it-jobs-raw-data-from-topcv-2026"",""dataset_version"":""1"",""license"":""CC-BY-4.0"",""location_normalizer_revision"":""2026-07-19.1"",""raw_sha256"":""e78ff2b6ed521ad894a70271a3254fcf434813916fdade4f7d449bc4fdf34ef9"",""salary_source_currency"":""VND"",""source_url"":""https://www.topcv.vn/viec-lam/react-native-developer/1982970.html"",""title_normalizer_revision"":""2f434fba22de3a14c1b199331c8ca18408dc72e702071bf4bbfe380daff40f58""}"
topcv,1985272,2025-12-18,Lập Trình Và Vận Hành CNC,Lập Trình Và Vận Hành CNC,mid,Bắc Ninh,1,1,[],10000000,18000000,information_technology,"{""dataset"":""baocgb/vietnam-it-jobs-raw-data-from-topcv-2026"",""dataset_commit"":""kaggle-9263561-v1:e78ff2b6ed521ad894a70271a3254fcf434813916fdade4f7d449bc4fdf34ef9"",""dataset_url"":""https://www.kaggle.com/datasets/baocgb/vietnam-it-jobs-raw-data-from-topcv-2026"",""dataset_version"":""1"",""license"":""CC-BY-4.0"",""location_normalizer_revision"":""2026-07-19.1"",""raw_sha256"":""e78ff2b6ed521ad894a70271a3254fcf434813916fdade4f7d449bc4fdf34ef9"",""salary_source_currency"":""VND"",""source_url"":""https://www.topcv.vn/viec-lam/lap-trinh-va-van-hanh-cnc/1985272.html"",""title_normalizer_revision"":""2f434fba22de3a14c1b199331c8ca18408dc72e702071bf4bbfe380daff40f58""}"
topcv,1985662,2026-01-08,Phân Tích Kinh Doanh (Business Analyst),Business Analyst,mid,Ho Chi Minh,2,2,[],10000000,20000000,information_technology,"{""dataset"":""baocgb/vietnam-it-jobs-raw-data-from-topcv-2026"",""dataset_commit"":""kaggle-9263561-v1:e78ff2b6ed521ad894a70271a3254fcf434813916fdade4f7d449bc4fdf34ef9"",""dataset_url"":""https://www.kaggle.com/datasets/baocgb/vietnam-it-jobs-raw-data-from-topcv-2026"",""dataset_version"":""1"",""license"":""CC-BY-4.0"",""location_normalizer_revision"":""2026-07-19.1"",""raw_sha256"":""e78ff2b6ed521ad894a70271a3254fcf434813916fdade4f7d449bc4fdf34ef9"",""salary_source_currency"":""VND"",""source_url"":""https://www.topcv.vn/viec-lam/phan-tich-kinh-doanh-business-analyst/1985662.html"",""title_normalizer_revision"":""2f434fba22de3a14c1b199331c8ca18408dc72e702071bf4bbfe380daff40f58""}"
topcv,1985890,2025-12-18,Thực Tập Sinh Java - Lương Từ 3-5 Triệu + Hỗ Trợ Ăn Trưa,Thực Tập Sinh Java - Lương Từ 3-5 Triệu + Hỗ Trợ Ăn Trưa,intern,Ha Noi,,,[],3000000,5000000,information_technology,"{""dataset"":""baocgb/vietnam-it-jobs-raw-data-from-topcv-2026"",""dataset_commit"":""kaggle-9263561-v1:e78ff2b6ed521ad894a70271a3254fcf434813916fdade4f7d449bc4fdf34ef9"",""dataset_url"":""https://www.kaggle.com/datasets/baocgb/vietnam-it-jobs-raw-data-from-topcv-2026"",""dataset_version"":""1"",""license"":""CC-BY-4.0"",""location_normalizer_revision"":""2026-07-19.1"",""raw_sha256"":""e78ff2b6ed521ad894a70271a3254fcf434813916fdade4f7d449bc4fdf34ef9"",""salary_source_currency"":""VND"",""source_url"":""https://www.topcv.vn/viec-lam/thuc-tap-sinh-java-luong-tu-3-5-trieu-ho-tro-an-trua/1985890.html"",""title_normalizer_revision"":""2f434fba22de3a14c1b199331c8ca18408dc72e702071bf4bbfe380daff40f58""}"
topcv,1986122,2025-12-18,IT Security Specialist,IT Security Specialist,mid,Ha Noi,2,2,[],20000000,30000000,information_technology,"{""dataset"":""baocgb/vietnam-it-jobs-raw-data-from-topcv-2026"",""dataset_commit"":""kaggle-9263561-v1:e78ff2b6ed521ad894a70271a3254fcf434813916fdade4f7d449bc4fdf34ef9"",""dataset_url"":""https://www.kaggle.com/datasets/baocgb/vietnam-it-jobs-raw-data-from-topcv-2026"",""dataset_version"":""1"",""license"":""CC-BY-4.0"",""location_normalizer_revision"":""2026-07-19.1"",""raw_sha256"":""e78ff2b6ed521ad894a70271a3254fcf434813916fdade4f7d449bc4fdf34ef9"",""salary_source_currency"":""VND"",""source_url"":""https://www.topcv.vn/viec-lam/it-security-specialist/1986122.html"",""title_normalizer_revision"":""2f434fba22de3a14c1b199331c8ca18408dc72e702071bf4bbfe380daff40f58""}"
topcv,1986226,2025-12-18,Odoo Software Engineer,Software Engineer,mid,Ho Chi Minh,3,3,[],14000000,19000000,information_technology,"{""dataset"":""baocgb/vietnam-it-jobs-raw-data-from-topcv-2026"",""dataset_commit"":""kaggle-9263561-v1:e78ff2b6ed521ad894a70271a3254fcf434813916fdade4f7d449bc4fdf34ef9"",""dataset_url"":""https://www.kaggle.com/datasets/baocgb/vietnam-it-jobs-raw-data-from-topcv-2026"",""dataset_version"":""1"",""license"":""CC-BY-4.0"",""location_normalizer_revision"":""2026-07-19.1"",""raw_sha256"":""e78ff2b6ed521ad894a70271a3254fcf434813916fdade4f7d449bc4fdf34ef9"",""salary_source_currency"":""VND"",""source_url"":""https://www.topcv.vn/viec-lam/odoo-software-engineer/1986226.html"",""title_normalizer_revision"":""2f434fba22de3a14c1b199331c8ca18408dc72e702071bf4bbfe380daff40f58""}"
topcv,1986397,2025-12-18,ServiceNow Engineer (ITSM) - JPN,ServiceNow Engineer ITSM - JPN,mid,Ho Chi Minh,1,1,[],30000000,60000000,information_technology,"{""dataset"":""baocgb/vietnam-it-jobs-raw-data-from-topcv-2026"",""dataset_commit"":""kaggle-9263561-v1:e78ff2b6ed521ad894a70271a3254fcf434813916fdade4f7d449bc4fdf34ef9"",""dataset_url"":""https://www.kaggle.com/datasets/baocgb/vietnam-it-jobs-raw-data-from-topcv-2026"",""dataset_version"":""1"",""license"":""CC-BY-4.0"",""location_normalizer_revision"":""2026-07-19.1"",""raw_sha256"":""e78ff2b6ed521ad894a70271a3254fcf434813916fdade4f7d449bc4fdf34ef9"",""salary_source_currency"":""VND"",""source_url"":""https://www.topcv.vn/viec-lam/servicenow-engineer-itsm-jpn/1986397.html"",""title_normalizer_revision"":""2f434fba22de3a14c1b199331c8ca18408dc72e702071bf4bbfe380daff40f58""}"
topcv,1986470,2025-12-18,"Customer Service Leader (IT Presales, English Fluency)","Customer Service Leader IT Presales, English Fluency ",lead,Ha Noi,1,1,[],22000000,26000000,information_technology,"{""dataset"":""baocgb/vietnam-it-jobs-raw-data-from-topcv-2026"",""dataset_commit"":""kaggle-9263561-v1:e78ff2b6ed521ad894a70271a3254fcf434813916fdade4f7d449bc4fdf34ef9"",""dataset_url"":""https://www.kaggle.com/datasets/baocgb/vietnam-it-jobs-raw-data-from-topcv-2026"",""dataset_version"":""1"",""license"":""CC-BY-4.0"",""location_normalizer_revision"":""2026-07-19.1"",""raw_sha256"":""e78ff2b6ed521ad894a70271a3254fcf434813916fdade4f7d449bc4fdf34ef9"",""salary_source_currency"":""VND"",""source_url"":""https://www.topcv.vn/viec-lam/customer-service-leader-it-presales-english-fluency/1986470.html"",""title_normalizer_revision"":""2f434fba22de3a14c1b199331c8ca18408dc72e702071bf4bbfe380daff40f58""}"
topcv,1986915,2025-12-18,Telesale Phần Mềm Từ 6 Tháng Kinh Nghiệm,Telesale Phần Mềm Từ 6 Tháng Kinh Nghiệm,mid,Ha Noi,1,1,[],10000000,40000000,information_technology,"{""dataset"":""baocgb/vietnam-it-jobs-raw-data-from-topcv-2026"",""dataset_commit"":""kaggle-9263561-v1:e78ff2b6ed521ad894a70271a3254fcf434813916fdade4f7d449bc4fdf34ef9"",""dataset_url"":""https://www.kaggle.com/datasets/baocgb/vietnam-it-jobs-raw-data-from-topcv-2026"",""dataset_version"":""1"",""license"":""CC-BY-4.0"",""location_normalizer_revision"":""2026-07-19.1"",""raw_sha256"":""e78ff2b6ed521ad894a70271a3254fcf434813916fdade4f7d449bc4fdf34ef9"",""salary_source_currency"":""VND"",""source_url"":""https://www.topcv.vn/viec-lam/telesale-phan-mem-tu-6-thang-kinh-nghiem/1986915.html"",""title_normalizer_revision"":""2f434fba22de3a14c1b199331c8ca18408dc72e702071bf4bbfe380daff40f58""}"
topcv,1986985,2025-12-18,Microsoft 365 Solutions Specialist - Salary Up 40M - 60M,Microsoft 365 Solutions Specialist - Salary Up 40M - 60M,mid,Ho Chi Minh,5,5,[],40000000,60000000,information_technology,"{""dataset"":""baocgb/vietnam-it-jobs-raw-data-from-topcv-2026"",""dataset_commit"":""kaggle-9263561-v1:e78ff2b6ed521ad894a70271a3254fcf434813916fdade4f7d449bc4fdf34ef9"",""dataset_url"":""https://www.kaggle.com/datasets/baocgb/vietnam-it-jobs-raw-data-from-topcv-2026"",""dataset_version"":""1"",""license"":""CC-BY-4.0"",""location_normalizer_revision"":""2026-07-19.1"",""raw_sha256"":""e78ff2b6ed521ad894a70271a3254fcf434813916fdade4f7d449bc4fdf34ef9"",""salary_source_currency"":""VND"",""source_url"":""https://www.topcv.vn/viec-lam/microsoft-365-solutions-specialist-salary-up-40m-60m/1986985.html"",""title_normalizer_revision"":""2f434fba22de3a14c1b199331c8ca18408dc72e702071bf4bbfe380daff40f58""}"
topcv,1987111,2025-12-18,Android Developer (Kotlin),Mobile Developer,mid,Ho Chi Minh,2,2,[],25000000,35000000,information_technology,"{""dataset"":""baocgb/vietnam-it-jobs-raw-data-from-topcv-2026"",""dataset_commit"":""kaggle-9263561-v1:e78ff2b6ed521ad894a70271a3254fcf434813916fdade4f7d449bc4fdf34ef9"",""dataset_url"":""https://www.kaggle.com/datasets/baocgb/vietnam-it-jobs-raw-data-from-topcv-2026"",""dataset_version"":""1"",""license"":""CC-BY-4.0"",""location_normalizer_revision"":""2026-07-19.1"",""raw_sha256"":""e78ff2b6ed521ad894a70271a3254fcf434813916fdade4f7d449bc4fdf34ef9"",""salary_source_currency"":""VND"",""source_url"":""https://www.topcv.vn/viec-lam/android-developer-kotlin/1987111.html"",""title_normalizer_revision"":""2f434fba22de3a14c1b199331c8ca18408dc72e702071bf4bbfe380daff40f58""}"
topcv,1987114,2025-12-18,Sale IT Staff_Tiếng Anh Giao Tiếp,Sale IT Staff_Tiếng Anh Giao Tiếp,mid,Ho Chi Minh,2,2,[],12000000,23000000,information_technology,"{""dataset"":""baocgb/vietnam-it-jobs-raw-data-from-topcv-2026"",""dataset_commit"":""kaggle-9263561-v1:e78ff2b6ed521ad894a70271a3254fcf434813916fdade4f7d449bc4fdf34ef9"",""dataset_url"":""https://www.kaggle.com/datasets/baocgb/vietnam-it-jobs-raw-data-from-topcv-2026"",""dataset_version"":""1"",""license"":""CC-BY-4.0"",""location_normalizer_revision"":""2026-07-19.1"",""raw_sha256"":""e78ff2b6ed521ad894a70271a3254fcf434813916fdade4f7d449bc4fdf34ef9"",""salary_source_currency"":""VND"",""source_url"":""https://www.topcv.vn/viec-lam/sale-it-staff-tieng-anh-giao-tiep/1987114.html"",""title_normalizer_revision"":""2f434fba22de3a14c1b199331c8ca18408dc72e702071bf4bbfe380daff40f58""}"
topcv,1987167,2025-12-18,IT Helpdesk - Quản Trị Và Hỗ Trợ Hệ Thống CNTT,IT Support,mid,Ha Noi,1,1,[],10000000,15000000,information_technology,"{""dataset"":""baocgb/vietnam-it-jobs-raw-data-from-topcv-2026"",""dataset_commit"":""kaggle-9263561-v1:e78ff2b6ed521ad894a70271a3254fcf434813916fdade4f7d449bc4fdf34ef9"",""dataset_url"":""https://www.kaggle.com/datasets/baocgb/vietnam-it-jobs-raw-data-from-topcv-2026"",""dataset_version"":""1"",""license"":""CC-BY-4.0"",""location_normalizer_revision"":""2026-07-19.1"",""raw_sha256"":""e78ff2b6ed521ad894a70271a3254fcf434813916fdade4f7d449bc4fdf34ef9"",""salary_source_currency"":""VND"",""source_url"":""https://www.topcv.vn/viec-lam/it-helpdesk-quan-tri-va-ho-tro-he-thong-cntt/1987167.html"",""title_normalizer_revision"":""2f434fba22de3a14c1b199331c8ca18408dc72e702071bf4bbfe380daff40f58""}"
topcv,1987168,2025-12-18,Senior Frontend Developer (Reactjs/Nextjs),Senior Frontend Developer,senior,Ha Noi,3,3,[],30000000,40000000,information_technology,"{""dataset"":""baocgb/vietnam-it-jobs-raw-data-from-topcv-2026"",""dataset_commit"":""kaggle-9263561-v1:e78ff2b6ed521ad894a70271a3254fcf434813916fdade4f7d449bc4fdf34ef9"",""dataset_url"":""https://www.kaggle.com/datasets/baocgb/vietnam-it-jobs-raw-data-from-topcv-2026"",""dataset_version"":""1"",""license"":""CC-BY-4.0"",""location_normalizer_revision"":""2026-07-19.1"",""raw_sha256"":""e78ff2b6ed521ad894a70271a3254fcf434813916fdade4f7d449bc4fdf34ef9"",""salary_source_currency"":""VND"",""source_url"":""https://www.topcv.vn/viec-lam/senior-frontend-developer-reactjs-nextjs/1987168.html"",""title_normalizer_revision"":""2f434fba22de3a14c1b199331c8ca18408dc72e702071bf4bbfe380daff40f58""}"
topcv,1987630,2025-12-18,Chuyên Viên Phân Tích Nghiệp Vụ BA - OS Bank,Business Analyst,mid,Ha Noi,3,3,[],20000000,35000000,information_technology,"{""dataset"":""baocgb/vietnam-it-jobs-raw-data-from-topcv-2026"",""dataset_commit"":""kaggle-9263561-v1:e78ff2b6ed521ad894a70271a3254fcf434813916fdade4f7d449bc4fdf34ef9"",""dataset_url"":""https://www.kaggle.com/datasets/baocgb/vietnam-it-jobs-raw-data-from-topcv-2026"",""dataset_version"":""1"",""license"":""CC-BY-4.0"",""location_normalizer_revision"":""2026-07-19.1"",""raw_sha256"":""e78ff2b6ed521ad894a70271a3254fcf434813916fdade4f7d449bc4fdf34ef9"",""salary_source_currency"":""VND"",""source_url"":""https://www.topcv.vn/viec-lam/chuyen-vien-phan-tich-nghiep-vu-ba-os-bank/1987630.html"",""title_normalizer_revision"":""2f434fba22de3a14c1b199331c8ca18408dc72e702071bf4bbfe380daff40f58""}"
topcv,1987775,2025-12-18,Business Analyst,Business Analyst,mid,Ha Noi,2,2,[],15000000,20000000,information_technology,"{""dataset"":""baocgb/vietnam-it-jobs-raw-data-from-topcv-2026"",""dataset_commit"":""kaggle-9263561-v1:e78ff2b6ed521ad894a70271a3254fcf434813916fdade4f7d449bc4fdf34ef9"",""dataset_url"":""https://www.kaggle.com/datasets/baocgb/vietnam-it-jobs-raw-data-from-topcv-2026"",""dataset_version"":""1"",""license"":""CC-BY-4.0"",""location_normalizer_revision"":""2026-07-19.1"",""raw_sha256"":""e78ff2b6ed521ad894a70271a3254fcf434813916fdade4f7d449bc4fdf34ef9"",""salary_source_currency"":""VND"",""source_url"":""https://www.topcv.vn/viec-lam/business-analyst/1987775.html"",""title_normalizer_revision"":""2f434fba22de3a14c1b199331c8ca18408dc72e702071bf4bbfe380daff40f58""}"
topcv,1987808,2026-01-08,Automation QA,QA Engineer,mid,Ho Chi Minh,3,3,[],20000000,60000000,information_technology,"{""dataset"":""baocgb/vietnam-it-jobs-raw-data-from-topcv-2026"",""dataset_commit"":""kaggle-9263561-v1:e78ff2b6ed521ad894a70271a3254fcf434813916fdade4f7d449bc4fdf34ef9"",""dataset_url"":""https://www.kaggle.com/datasets/baocgb/vietnam-it-jobs-raw-data-from-topcv-2026"",""dataset_version"":""1"",""license"":""CC-BY-4.0"",""location_normalizer_revision"":""2026-07-19.1"",""raw_sha256"":""e78ff2b6ed521ad894a70271a3254fcf434813916fdade4f7d449bc4fdf34ef9"",""salary_source_currency"":""VND"",""source_url"":""https://www.topcv.vn/viec-lam/automation-qa/1987808.html"",""title_normalizer_revision"":""2f434fba22de3a14c1b199331c8ca18408dc72e702071bf4bbfe380daff40f58""}"
topcv,1987861,2025-12-18,"Nhân Viên IT Phần Mềm NGHỈ T7, CN","Nhân Viên IT Phần Mềm NGHỈ T7, CN",mid,Ha Noi,1,1,[],8000000,15000000,information_technology,"{""dataset"":""baocgb/vietnam-it-jobs-raw-data-from-topcv-2026"",""dataset_commit"":""kaggle-9263561-v1:e78ff2b6ed521ad894a70271a3254fcf434813916fdade4f7d449bc4fdf34ef9"",""dataset_url"":""https://www.kaggle.com/datasets/baocgb/vietnam-it-jobs-raw-data-from-topcv-2026"",""dataset_version"":""1"",""license"":""CC-BY-4.0"",""location_normalizer_revision"":""2026-07-19.1"",""raw_sha256"":""e78ff2b6ed521ad894a70271a3254fcf434813916fdade4f7d449bc4fdf34ef9"",""salary_source_currency"":""VND"",""source_url"":""https://www.topcv.vn/viec-lam/nhan-vien-it-phan-mem-nghi-t7-cn/1987861.html"",""title_normalizer_revision"":""2f434fba22de3a14c1b199331c8ca18408dc72e702071bf4bbfe380daff40f58""}"
topcv,1987995,2025-12-18,Nhân Viên Lập Trình Và Vận Hành Máy CNC,Nhân Viên Lập Trình Và Vận Hành Máy CNC,mid,Ha Noi,,,[],8000000,12000000,information_technology,"{""dataset"":""baocgb/vietnam-it-jobs-raw-data-from-topcv-2026"",""dataset_commit"":""kaggle-9263561-v1:e78ff2b6ed521ad894a70271a3254fcf434813916fdade4f7d449bc4fdf34ef9"",""dataset_url"":""https://www.kaggle.com/datasets/baocgb/vietnam-it-jobs-raw-data-from-topcv-2026"",""dataset_version"":""1"",""license"":""CC-BY-4.0"",""location_normalizer_revision"":""2026-07-19.1"",""raw_sha256"":""e78ff2b6ed521ad894a70271a3254fcf434813916fdade4f7d449bc4fdf34ef9"",""salary_source_currency"":""VND"",""source_url"":""https://www.topcv.vn/viec-lam/nhan-vien-lap-trinh-va-van-hanh-may-cnc/1987995.html"",""title_normalizer_revision"":""2f434fba22de3a14c1b199331c8ca18408dc72e702071bf4bbfe380daff40f58""}"
topcv,1988073,2025-12-18,"Backend Developer (NodeJS, Java, Python) - Upto 40M - Đi Làm Ngay",Backend Developer,mid,Ho Chi Minh,3,3,[],20000000,40000000,information_technology,"{""dataset"":""baocgb/vietnam-it-jobs-raw-data-from-topcv-2026"",""dataset_commit"":""kaggle-9263561-v1:e78ff2b6ed521ad894a70271a3254fcf434813916fdade4f7d449bc4fdf34ef9"",""dataset_url"":""https://www.kaggle.com/datasets/baocgb/vietnam-it-jobs-raw-data-from-topcv-2026"",""dataset_version"":""1"",""license"":""CC-BY-4.0"",""location_normalizer_revision"":""2026-07-19.1"",""raw_sha256"":""e78ff2b6ed521ad894a70271a3254fcf434813916fdade4f7d449bc4fdf34ef9"",""salary_source_currency"":""VND"",""source_url"":""https://www.topcv.vn/viec-lam/backend-developer-nodejs-java-python-upto-40m-di-lam-ngay/1988073.html"",""title_normalizer_revision"":""2f434fba22de3a14c1b199331c8ca18408dc72e702071bf4bbfe380daff40f58""}"
topcv,1988101,2025-12-18,"DevOps Engineer (Junior/Mid) - Salary Up To 35,000,000 VND - Thu Duc",Junior DevOps Engineer,junior,Ho Chi Minh,2,2,[],18000000,35000000,information_technology,"{""dataset"":""baocgb/vietnam-it-jobs-raw-data-from-topcv-2026"",""dataset_commit"":""kaggle-9263561-v1:e78ff2b6ed521ad894a70271a3254fcf434813916fdade4f7d449bc4fdf34ef9"",""dataset_url"":""https://www.kaggle.com/datasets/baocgb/vietnam-it-jobs-raw-data-from-topcv-2026"",""dataset_version"":""1"",""license"":""CC-BY-4.0"",""location_normalizer_revision"":""2026-07-19.1"",""raw_sha256"":""e78ff2b6ed521ad894a70271a3254fcf434813916fdade4f7d449bc4fdf34ef9"",""salary_source_currency"":""VND"",""source_url"":""https://www.topcv.vn/viec-lam/devops-engineer-junior-mid-salary-up-to-35-000-000-vnd-thu-duc/1988101.html"",""title_normalizer_revision"":""2f434fba22de3a14c1b199331c8ca18408dc72e702071bf4bbfe380daff40f58""}"
topcv,1988200,2025-12-25,"Nhân Viên IT Hỗ Trợ Kinh Doanh - Làm Việc Tại Tây Ninh (Bến Lức, Long An Cũ) - Đi Làm Ngay","Nhân Viên IT Hỗ Trợ Kinh Doanh - Làm Việc Tại Tây Ninh Bến Lức, Long An Cũ - Đi Làm Ngay",mid,Tây Ninh,1,1,[],7000000,11000000,information_technology,"{""dataset"":""baocgb/vietnam-it-jobs-raw-data-from-topcv-2026"",""dataset_commit"":""kaggle-9263561-v1:e78ff2b6ed521ad894a70271a3254fcf434813916fdade4f7d449bc4fdf34ef9"",""dataset_url"":""https://www.kaggle.com/datasets/baocgb/vietnam-it-jobs-raw-data-from-topcv-2026"",""dataset_version"":""1"",""license"":""CC-BY-4.0"",""location_normalizer_revision"":""2026-07-19.1"",""raw_sha256"":""e78ff2b6ed521ad894a70271a3254fcf434813916fdade4f7d449bc4fdf34ef9"",""salary_source_currency"":""VND"",""source_url"":""https://www.topcv.vn/viec-lam/nhan-vien-it-ho-tro-kinh-doanh-lam-viec-tai-tay-ninh-ben-luc-long-an-cu-di-lam-ngay/1988200.html"",""title_normalizer_revision"":""2f434fba22de3a14c1b199331c8ca18408dc72e702071bf4bbfe380daff40f58""}"
topcv,1988244,2025-12-18,Intern Java Developer,Backend Developer,intern,Ho Chi Minh,,,[],4200000,6900000,information_technology,"{""dataset"":""baocgb/vietnam-it-jobs-raw-data-from-topcv-2026"",""dataset_commit"":""kaggle-9263561-v1:e78ff2b6ed521ad894a70271a3254fcf434813916fdade4f7d449bc4fdf34ef9"",""dataset_url"":""https://www.kaggle.com/datasets/baocgb/vietnam-it-jobs-raw-data-from-topcv-2026"",""dataset_version"":""1"",""license"":""CC-BY-4.0"",""location_normalizer_revision"":""2026-07-19.1"",""raw_sha256"":""e78ff2b6ed521ad894a70271a3254fcf434813916fdade4f7d449bc4fdf34ef9"",""salary_source_currency"":""VND"",""source_url"":""https://www.topcv.vn/viec-lam/intern-java-developer/1988244.html"",""title_normalizer_revision"":""2f434fba22de3a14c1b199331c8ca18408dc72e702071bf4bbfe380daff40f58""}"
topcv,1988282,2025-12-18,Intern Nextjs Developer,Intern Nextjs Developer,intern,Ho Chi Minh,,,[],4200000,6900000,information_technology,"{""dataset"":""baocgb/vietnam-it-jobs-raw-data-from-topcv-2026"",""dataset_commit"":""kaggle-9263561-v1:e78ff2b6ed521ad894a70271a3254fcf434813916fdade4f7d449bc4fdf34ef9"",""dataset_url"":""https://www.kaggle.com/datasets/baocgb/vietnam-it-jobs-raw-data-from-topcv-2026"",""dataset_version"":""1"",""license"":""CC-BY-4.0"",""location_normalizer_revision"":""2026-07-19.1"",""raw_sha256"":""e78ff2b6ed521ad894a70271a3254fcf434813916fdade4f7d449bc4fdf34ef9"",""salary_source_currency"":""VND"",""source_url"":""https://www.topcv.vn/viec-lam/intern-nextjs-developer/1988282.html"",""title_normalizer_revision"":""2f434fba22de3a14c1b199331c8ca18408dc72e702071bf4bbfe380daff40f58""}"
topcv,1988486,2026-01-01,Java Technical Leader (Có Thể Onboard Sau Tết Âm),Java Technical Leader Có Thể Onboard Sau Tết Âm ,lead,Ha Noi,5,5,[],,50000000,information_technology,"{""dataset"":""baocgb/vietnam-it-jobs-raw-data-from-topcv-2026"",""dataset_commit"":""kaggle-9263561-v1:e78ff2b6ed521ad894a70271a3254fcf434813916fdade4f7d449bc4fdf34ef9"",""dataset_url"":""https://www.kaggle.com/datasets/baocgb/vietnam-it-jobs-raw-data-from-topcv-2026"",""dataset_version"":""1"",""license"":""CC-BY-4.0"",""location_normalizer_revision"":""2026-07-19.1"",""raw_sha256"":""e78ff2b6ed521ad894a70271a3254fcf434813916fdade4f7d449bc4fdf34ef9"",""salary_source_currency"":""VND"",""source_url"":""https://www.topcv.vn/viec-lam/java-technical-leader-co-the-onboard-sau-tet-am/1988486.html"",""title_normalizer_revision"":""2f434fba22de3a14c1b199331c8ca18408dc72e702071bf4bbfe380daff40f58""}"
topcv,1988792,2025-12-18,Tester (1-3 Năm Kinh Nghiệm) Lương Upto 25 Triệu,QA Engineer,mid,Ha Noi,1,1,[],15000000,25000000,information_technology,"{""dataset"":""baocgb/vietnam-it-jobs-raw-data-from-topcv-2026"",""dataset_commit"":""kaggle-9263561-v1:e78ff2b6ed521ad894a70271a3254fcf434813916fdade4f7d449bc4fdf34ef9"",""dataset_url"":""https://www.kaggle.com/datasets/baocgb/vietnam-it-jobs-raw-data-from-topcv-2026"",""dataset_version"":""1"",""license"":""CC-BY-4.0"",""location_normalizer_revision"":""2026-07-19.1"",""raw_sha256"":""e78ff2b6ed521ad894a70271a3254fcf434813916fdade4f7d449bc4fdf34ef9"",""salary_source_currency"":""VND"",""source_url"":""https://www.topcv.vn/viec-lam/tester-1-3-nam-kinh-nghiem-luong-upto-25-trieu/1988792.html"",""title_normalizer_revision"":""2f434fba22de3a14c1b199331c8ca18408dc72e702071bf4bbfe380daff40f58""}"
topcv,1988940,2025-12-18,Nhân Viên Vận Hành Máy CNC,Nhân Viên Vận Hành Máy CNC,mid,Da Nang,1,1,[],10000000,12000000,information_technology,"{""dataset"":""baocgb/vietnam-it-jobs-raw-data-from-topcv-2026"",""dataset_commit"":""kaggle-9263561-v1:e78ff2b6ed521ad894a70271a3254fcf434813916fdade4f7d449bc4fdf34ef9"",""dataset_url"":""https://www.kaggle.com/datasets/baocgb/vietnam-it-jobs-raw-data-from-topcv-2026"",""dataset_version"":""1"",""license"":""CC-BY-4.0"",""location_normalizer_revision"":""2026-07-19.1"",""raw_sha256"":""e78ff2b6ed521ad894a70271a3254fcf434813916fdade4f7d449bc4fdf34ef9"",""salary_source_currency"":""VND"",""source_url"":""https://www.topcv.vn/brand/kynghexanh/tuyen-dung/nhan-vien-van-hanh-may-cnc-j1988940.html"",""title_normalizer_revision"":""2f434fba22de3a14c1b199331c8ca18408dc72e702071bf4bbfe380daff40f58""}"
topcv,1989017,2025-12-18,Chuyên Viên Tuyển Dụng - TA - HR (Ngành IT/ Game/ Marketing),Chuyên Viên Tuyển Dụng - TA - HR Ngành IT/ Game/ Marketing ,mid,Ha Noi,3,3,[],12000000,15000000,information_technology,"{""dataset"":""baocgb/vietnam-it-jobs-raw-data-from-topcv-2026"",""dataset_commit"":""kaggle-9263561-v1:e78ff2b6ed521ad894a70271a3254fcf434813916fdade4f7d449bc4fdf34ef9"",""dataset_url"":""https://www.kaggle.com/datasets/baocgb/vietnam-it-jobs-raw-data-from-topcv-2026"",""dataset_version"":""1"",""license"":""CC-BY-4.0"",""location_normalizer_revision"":""2026-07-19.1"",""raw_sha256"":""e78ff2b6ed521ad894a70271a3254fcf434813916fdade4f7d449bc4fdf34ef9"",""salary_source_currency"":""VND"",""source_url"":""https://www.topcv.vn/viec-lam/chuyen-vien-tuyen-dung-ta-hr-nganh-it-game-marketing/1989017.html"",""title_normalizer_revision"":""2f434fba22de3a14c1b199331c8ca18408dc72e702071bf4bbfe380daff40f58""}"
topcv,1989304,2025-12-18,Business Analyst (BA)- Hệ Thống CSDL & Ứng Dụng AI,Business Analyst,mid,Ha Noi,2,2,[],10000000,15000000,information_technology,"{""dataset"":""baocgb/vietnam-it-jobs-raw-data-from-topcv-2026"",""dataset_commit"":""kaggle-9263561-v1:e78ff2b6ed521ad894a70271a3254fcf434813916fdade4f7d449bc4fdf34ef9"",""dataset_url"":""https://www.kaggle.com/datasets/baocgb/vietnam-it-jobs-raw-data-from-topcv-2026"",""dataset_version"":""1"",""license"":""CC-BY-4.0"",""location_normalizer_revision"":""2026-07-19.1"",""raw_sha256"":""e78ff2b6ed521ad894a70271a3254fcf434813916fdade4f7d449bc4fdf34ef9"",""salary_source_currency"":""VND"",""source_url"":""https://www.topcv.vn/viec-lam/business-analyst-ba-he-thong-csdl-ung-dung-ai/1989304.html"",""title_normalizer_revision"":""2f434fba22de3a14c1b199331c8ca18408dc72e702071bf4bbfe380daff40f58""}"
topcv,1989509,2025-12-18,Nhân Viên IT Support/ Helpdesk,IT Support,mid,Ha Noi,2,2,[],12000000,15000000,information_technology,"{""dataset"":""baocgb/vietnam-it-jobs-raw-data-from-topcv-2026"",""dataset_commit"":""kaggle-9263561-v1:e78ff2b6ed521ad894a70271a3254fcf434813916fdade4f7d449bc4fdf34ef9"",""dataset_url"":""https://www.kaggle.com/datasets/baocgb/vietnam-it-jobs-raw-data-from-topcv-2026"",""dataset_version"":""1"",""license"":""CC-BY-4.0"",""location_normalizer_revision"":""2026-07-19.1"",""raw_sha256"":""e78ff2b6ed521ad894a70271a3254fcf434813916fdade4f7d449bc4fdf34ef9"",""salary_source_currency"":""VND"",""source_url"":""https://www.topcv.vn/viec-lam/nhan-vien-it-support-helpdesk/1989509.html"",""title_normalizer_revision"":""2f434fba22de3a14c1b199331c8ca18408dc72e702071bf4bbfe380daff40f58""}"
topcv,1989648,2025-12-18,Data Center Infrastructure Management,Data Center Infrastructure Management,mid,Ha Noi,5,5,[],28000000,35000000,information_technology,"{""dataset"":""baocgb/vietnam-it-jobs-raw-data-from-topcv-2026"",""dataset_commit"":""kaggle-9263561-v1:e78ff2b6ed521ad894a70271a3254fcf434813916fdade4f7d449bc4fdf34ef9"",""dataset_url"":""https://www.kaggle.com/datasets/baocgb/vietnam-it-jobs-raw-data-from-topcv-2026"",""dataset_version"":""1"",""license"":""CC-BY-4.0"",""location_normalizer_revision"":""2026-07-19.1"",""raw_sha256"":""e78ff2b6ed521ad894a70271a3254fcf434813916fdade4f7d449bc4fdf34ef9"",""salary_source_currency"":""VND"",""source_url"":""https://www.topcv.vn/viec-lam/data-center-infrastructure-management/1989648.html"",""title_normalizer_revision"":""2f434fba22de3a14c1b199331c8ca18408dc72e702071bf4bbfe380daff40f58""}"
topcv,1989751,2025-12-18,Middle Quality Assurance (Technology),QA Engineer,mid,Ha Noi,3,3,[],,20000000,information_technology,"{""dataset"":""baocgb/vietnam-it-jobs-raw-data-from-topcv-2026"",""dataset_commit"":""kaggle-9263561-v1:e78ff2b6ed521ad894a70271a3254fcf434813916fdade4f7d449bc4fdf34ef9"",""dataset_url"":""https://www.kaggle.com/datasets/baocgb/vietnam-it-jobs-raw-data-from-topcv-2026"",""dataset_version"":""1"",""license"":""CC-BY-4.0"",""location_normalizer_revision"":""2026-07-19.1"",""raw_sha256"":""e78ff2b6ed521ad894a70271a3254fcf434813916fdade4f7d449bc4fdf34ef9"",""salary_source_currency"":""VND"",""source_url"":""https://www.topcv.vn/viec-lam/middle-quality-assurance-technology/1989751.html"",""title_normalizer_revision"":""2f434fba22de3a14c1b199331c8ca18408dc72e702071bf4bbfe380daff40f58""}"
topcv,1989773,2025-12-18,Chuyên Viên IT Support Marketing,IT Support,mid,Ha Noi,1,1,[],13000000,18000000,information_technology,"{""dataset"":""baocgb/vietnam-it-jobs-raw-data-from-topcv-2026"",""dataset_commit"":""kaggle-9263561-v1:e78ff2b6ed521ad894a70271a3254fcf434813916fdade4f7d449bc4fdf34ef9"",""dataset_url"":""https://www.kaggle.com/datasets/baocgb/vietnam-it-jobs-raw-data-from-topcv-2026"",""dataset_version"":""1"",""license"":""CC-BY-4.0"",""location_normalizer_revision"":""2026-07-19.1"",""raw_sha256"":""e78ff2b6ed521ad894a70271a3254fcf434813916fdade4f7d449bc4fdf34ef9"",""salary_source_currency"":""VND"",""source_url"":""https://www.topcv.vn/viec-lam/chuyen-vien-it-support-marketing/1989773.html"",""title_normalizer_revision"":""2f434fba22de3a14c1b199331c8ca18408dc72e702071bf4bbfe380daff40f58""}"
topcv,1989968,2025-12-25,Chuyên Viên Kiểm Thử Phần Mềm (QC/Tester - Tại Hà Nội),QA Engineer,mid,Ha Noi,2,2,[],,35000000,information_technology,"{""dataset"":""baocgb/vietnam-it-jobs-raw-data-from-topcv-2026"",""dataset_commit"":""kaggle-9263561-v1:e78ff2b6ed521ad894a70271a3254fcf434813916fdade4f7d449bc4fdf34ef9"",""dataset_url"":""https://www.kaggle.com/datasets/baocgb/vietnam-it-jobs-raw-data-from-topcv-2026"",""dataset_version"":""1"",""license"":""CC-BY-4.0"",""location_normalizer_revision"":""2026-07-19.1"",""raw_sha256"":""e78ff2b6ed521ad894a70271a3254fcf434813916fdade4f7d449bc4fdf34ef9"",""salary_source_currency"":""VND"",""source_url"":""https://www.topcv.vn/viec-lam/chuyen-vien-kiem-thu-phan-mem-qc-tester-tai-ha-noi/1989968.html"",""title_normalizer_revision"":""2f434fba22de3a14c1b199331c8ca18408dc72e702071bf4bbfe380daff40f58""}"
topcv,1989973,2025-12-25,Nhân Viên Triển Khai Phần Mềm,Nhân Viên Triển Khai Phần Mềm,mid,Ha Noi,1,1,[],,18000000,information_technology,"{""dataset"":""baocgb/vietnam-it-jobs-raw-data-from-topcv-2026"",""dataset_commit"":""kaggle-9263561-v1:e78ff2b6ed521ad894a70271a3254fcf434813916fdade4f7d449bc4fdf34ef9"",""dataset_url"":""https://www.kaggle.com/datasets/baocgb/vietnam-it-jobs-raw-data-from-topcv-2026"",""dataset_version"":""1"",""license"":""CC-BY-4.0"",""location_normalizer_revision"":""2026-07-19.1"",""raw_sha256"":""e78ff2b6ed521ad894a70271a3254fcf434813916fdade4f7d449bc4fdf34ef9"",""salary_source_currency"":""VND"",""source_url"":""https://www.topcv.vn/viec-lam/nhan-vien-trien-khai-phan-mem/1989973.html"",""title_normalizer_revision"":""2f434fba22de3a14c1b199331c8ca18408dc72e702071bf4bbfe380daff40f58""}"
topcv,1989994,2025-12-25,Middle Full-Stack Web Dev,Fullstack Developer,mid,Ha Noi,2,2,[],,40000000,information_technology,"{""dataset"":""baocgb/vietnam-it-jobs-raw-data-from-topcv-2026"",""dataset_commit"":""kaggle-9263561-v1:e78ff2b6ed521ad894a70271a3254fcf434813916fdade4f7d449bc4fdf34ef9"",""dataset_url"":""https://www.kaggle.com/datasets/baocgb/vietnam-it-jobs-raw-data-from-topcv-2026"",""dataset_version"":""1"",""license"":""CC-BY-4.0"",""location_normalizer_revision"":""2026-07-19.1"",""raw_sha256"":""e78ff2b6ed521ad894a70271a3254fcf434813916fdade4f7d449bc4fdf34ef9"",""salary_source_currency"":""VND"",""source_url"":""https://www.topcv.vn/viec-lam/middle-full-stack-web-dev/1989994.html"",""title_normalizer_revision"":""2f434fba22de3a14c1b199331c8ca18408dc72e702071bf4bbfe380daff40f58""}"
topcv,1990009,2025-12-25,Senior Business Analyst,Senior Business Analyst,senior,Ha Noi,3,3,[],,30000000,information_technology,"{""dataset"":""baocgb/vietnam-it-jobs-raw-data-from-topcv-2026"",""dataset_commit"":""kaggle-9263561-v1:e78ff2b6ed521ad894a70271a3254fcf434813916fdade4f7d449bc4fdf34ef9"",""dataset_url"":""https://www.kaggle.com/datasets/baocgb/vietnam-it-jobs-raw-data-from-topcv-2026"",""dataset_version"":""1"",""license"":""CC-BY-4.0"",""location_normalizer_revision"":""2026-07-19.1"",""raw_sha256"":""e78ff2b6ed521ad894a70271a3254fcf434813916fdade4f7d449bc4fdf34ef9"",""salary_source_currency"":""VND"",""source_url"":""https://www.topcv.vn/viec-lam/senior-business-analyst/1990009.html"",""title_normalizer_revision"":""2f434fba22de3a14c1b199331c8ca18408dc72e702071bf4bbfe380daff40f58""}"
topcv,1990028,2025-12-25,Tester Manual,QA Engineer,mid,Ha Noi,1,1,[],,20000000,information_technology,"{""dataset"":""baocgb/vietnam-it-jobs-raw-data-from-topcv-2026"",""dataset_commit"":""kaggle-9263561-v1:e78ff2b6ed521ad894a70271a3254fcf434813916fdade4f7d449bc4fdf34ef9"",""dataset_url"":""https://www.kaggle.com/datasets/baocgb/vietnam-it-jobs-raw-data-from-topcv-2026"",""dataset_version"":""1"",""license"":""CC-BY-4.0"",""location_normalizer_revision"":""2026-07-19.1"",""raw_sha256"":""e78ff2b6ed521ad894a70271a3254fcf434813916fdade4f7d449bc4fdf34ef9"",""salary_source_currency"":""VND"",""source_url"":""https://www.topcv.vn/viec-lam/tester-manual/1990028.html"",""title_normalizer_revision"":""2f434fba22de3a14c1b199331c8ca18408dc72e702071bf4bbfe380daff40f58""}"
topcv,1990036,2026-01-01,Playable Ads Cocos 2dx,Playable Ads Cocos 2dx,mid,Ha Noi,1,1,[],10000000,20000000,information_technology,"{""dataset"":""baocgb/vietnam-it-jobs-raw-data-from-topcv-2026"",""dataset_commit"":""kaggle-9263561-v1:e78ff2b6ed521ad894a70271a3254fcf434813916fdade4f7d449bc4fdf34ef9"",""dataset_url"":""https://www.kaggle.com/datasets/baocgb/vietnam-it-jobs-raw-data-from-topcv-2026"",""dataset_version"":""1"",""license"":""CC-BY-4.0"",""location_normalizer_revision"":""2026-07-19.1"",""raw_sha256"":""e78ff2b6ed521ad894a70271a3254fcf434813916fdade4f7d449bc4fdf34ef9"",""salary_source_currency"":""VND"",""source_url"":""https://www.topcv.vn/viec-lam/playable-ads-cocos-2dx/1990036.html"",""title_normalizer_revision"":""2f434fba22de3a14c1b199331c8ca18408dc72e702071bf4bbfe380daff40f58""}"
topcv,1990118,2025-12-25,Kỹ Sư Phát Triển Web Full-Stack / Fullstack Developer (Mức Lương Upto 15 Triệu + Thưởng),Fullstack Developer,mid,Ha Noi,1,1,[],8000000,15000000,information_technology,"{""dataset"":""baocgb/vietnam-it-jobs-raw-data-from-topcv-2026"",""dataset_commit"":""kaggle-9263561-v1:e78ff2b6ed521ad894a70271a3254fcf434813916fdade4f7d449bc4fdf34ef9"",""dataset_url"":""https://www.kaggle.com/datasets/baocgb/vietnam-it-jobs-raw-data-from-topcv-2026"",""dataset_version"":""1"",""license"":""CC-BY-4.0"",""location_normalizer_revision"":""2026-07-19.1"",""raw_sha256"":""e78ff2b6ed521ad894a70271a3254fcf434813916fdade4f7d449bc4fdf34ef9"",""salary_source_currency"":""VND"",""source_url"":""https://www.topcv.vn/viec-lam/ky-su-phat-trien-web-full-stack-fullstack-developer-muc-luong-upto-15-trieu-thuong/1990118.html"",""title_normalizer_revision"":""2f434fba22de3a14c1b199331c8ca18408dc72e702071bf4bbfe380daff40f58""}"
topcv,1990131,2025-12-25,Kỹ Sư Phát Triển TOOL/SYSTEM - Mức Lương Upto 15M + Thưởng,Kỹ Sư Phát Triển TOOL/SYSTEM - Mức Lương Upto 15M + Thưởng,mid,Ha Noi,1,1,[],8000000,15000000,information_technology,"{""dataset"":""baocgb/vietnam-it-jobs-raw-data-from-topcv-2026"",""dataset_commit"":""kaggle-9263561-v1:e78ff2b6ed521ad894a70271a3254fcf434813916fdade4f7d449bc4fdf34ef9"",""dataset_url"":""https://www.kaggle.com/datasets/baocgb/vietnam-it-jobs-raw-data-from-topcv-2026"",""dataset_version"":""1"",""license"":""CC-BY-4.0"",""location_normalizer_revision"":""2026-07-19.1"",""raw_sha256"":""e78ff2b6ed521ad894a70271a3254fcf434813916fdade4f7d449bc4fdf34ef9"",""salary_source_currency"":""VND"",""source_url"":""https://www.topcv.vn/viec-lam/ky-su-phat-trien-tool-system-muc-luong-upto-15m-thuong/1990131.html"",""title_normalizer_revision"":""2f434fba22de3a14c1b199331c8ca18408dc72e702071bf4bbfe380daff40f58""}"
topcv,1990351,2025-12-25,Nhân Viên IT - Ưu Tiên Đi Làm Ngay,Nhân Viên IT - Ưu Tiên Đi Làm Ngay,mid,Ha Noi,2,2,[],12000000,15000000,information_technology,"{""dataset"":""baocgb/vietnam-it-jobs-raw-data-from-topcv-2026"",""dataset_commit"":""kaggle-9263561-v1:e78ff2b6ed521ad894a70271a3254fcf434813916fdade4f7d449bc4fdf34ef9"",""dataset_url"":""https://www.kaggle.com/datasets/baocgb/vietnam-it-jobs-raw-data-from-topcv-2026"",""dataset_version"":""1"",""license"":""CC-BY-4.0"",""location_normalizer_revision"":""2026-07-19.1"",""raw_sha256"":""e78ff2b6ed521ad894a70271a3254fcf434813916fdade4f7d449bc4fdf34ef9"",""salary_source_currency"":""VND"",""source_url"":""https://www.topcv.vn/viec-lam/nhan-vien-it-uu-tien-di-lam-ngay/1990351.html"",""title_normalizer_revision"":""2f434fba22de3a14c1b199331c8ca18408dc72e702071bf4bbfe380daff40f58""}"
topcv,1990616,2025-12-25,IT Comtor Tiếng Nhật,IT Comtor Tiếng Nhật,mid,Ha Noi,3,3,[],,30000000,information_technology,"{""dataset"":""baocgb/vietnam-it-jobs-raw-data-from-topcv-2026"",""dataset_commit"":""kaggle-9263561-v1:e78ff2b6ed521ad894a70271a3254fcf434813916fdade4f7d449bc4fdf34ef9"",""dataset_url"":""https://www.kaggle.com/datasets/baocgb/vietnam-it-jobs-raw-data-from-topcv-2026"",""dataset_version"":""1"",""license"":""CC-BY-4.0"",""location_normalizer_revision"":""2026-07-19.1"",""raw_sha256"":""e78ff2b6ed521ad894a70271a3254fcf434813916fdade4f7d449bc4fdf34ef9"",""salary_source_currency"":""VND"",""source_url"":""https://www.topcv.vn/viec-lam/it-comtor-tieng-nhat/1990616.html"",""title_normalizer_revision"":""2f434fba22de3a14c1b199331c8ca18408dc72e702071bf4bbfe380daff40f58""}"
topcv,1990648,2025-12-25,Frontend Team Lead (ReactJS/NextJS/React Native),Frontend Developer,lead,Ha Noi,5,5,[],67500000,82500000,information_technology,"{""dataset"":""baocgb/vietnam-it-jobs-raw-data-from-topcv-2026"",""dataset_commit"":""kaggle-9263561-v1:e78ff2b6ed521ad894a70271a3254fcf434813916fdade4f7d449bc4fdf34ef9"",""dataset_url"":""https://www.kaggle.com/datasets/baocgb/vietnam-it-jobs-raw-data-from-topcv-2026"",""dataset_version"":""1"",""license"":""CC-BY-4.0"",""location_normalizer_revision"":""2026-07-19.1"",""raw_sha256"":""e78ff2b6ed521ad894a70271a3254fcf434813916fdade4f7d449bc4fdf34ef9"",""salary_source_currency"":""USD"",""source_url"":""https://www.topcv.vn/viec-lam/frontend-team-lead-reactjs-nextjs-react-native/1990648.html"",""title_normalizer_revision"":""2f434fba22de3a14c1b199331c8ca18408dc72e702071bf4bbfe380daff40f58"",""usd_to_vnd"":""25000""}"
topcv,1990674,2026-01-08,Nhân Viên Tư Vấn Triển Khai Phần Mềm,Nhân Viên Tư Vấn Triển Khai Phần Mềm,mid,Ho Chi Minh,,,[],8000000,24000000,information_technology,"{""dataset"":""baocgb/vietnam-it-jobs-raw-data-from-topcv-2026"",""dataset_commit"":""kaggle-9263561-v1:e78ff2b6ed521ad894a70271a3254fcf434813916fdade4f7d449bc4fdf34ef9"",""dataset_url"":""https://www.kaggle.com/datasets/baocgb/vietnam-it-jobs-raw-data-from-topcv-2026"",""dataset_version"":""1"",""license"":""CC-BY-4.0"",""location_normalizer_revision"":""2026-07-19.1"",""raw_sha256"":""e78ff2b6ed521ad894a70271a3254fcf434813916fdade4f7d449bc4fdf34ef9"",""salary_source_currency"":""VND"",""source_url"":""https://www.topcv.vn/viec-lam/nhan-vien-tu-van-trien-khai-phan-mem/1990674.html"",""title_normalizer_revision"":""2f434fba22de3a14c1b199331c8ca18408dc72e702071bf4bbfe380daff40f58""}"
topcv,1990726,2025-12-25,Business Analyst/Product Owner (Fintech),Business Analyst,mid,Ha Noi,3,3,[],,40000000,information_technology,"{""dataset"":""baocgb/vietnam-it-jobs-raw-data-from-topcv-2026"",""dataset_commit"":""kaggle-9263561-v1:e78ff2b6ed521ad894a70271a3254fcf434813916fdade4f7d449bc4fdf34ef9"",""dataset_url"":""https://www.kaggle.com/datasets/baocgb/vietnam-it-jobs-raw-data-from-topcv-2026"",""dataset_version"":""1"",""license"":""CC-BY-4.0"",""location_normalizer_revision"":""2026-07-19.1"",""raw_sha256"":""e78ff2b6ed521ad894a70271a3254fcf434813916fdade4f7d449bc4fdf34ef9"",""salary_source_currency"":""VND"",""source_url"":""https://www.topcv.vn/viec-lam/business-analyst-product-owner-fintech/1990726.html"",""title_normalizer_revision"":""2f434fba22de3a14c1b199331c8ca18408dc72e702071bf4bbfe380daff40f58""}"
topcv,1990789,2025-12-25,"Senior Backend Developer (Node.Js) (Không Yêu Cầu Tiếng Anh, Nghỉ T7,CN) - Lương Upto 50 Triệu/Tháng",Senior Backend Developer,senior,Ha Noi,3,3,[],,50000000,information_technology,"{""dataset"":""baocgb/vietnam-it-jobs-raw-data-from-topcv-2026"",""dataset_commit"":""kaggle-9263561-v1:e78ff2b6ed521ad894a70271a3254fcf434813916fdade4f7d449bc4fdf34ef9"",""dataset_url"":""https://www.kaggle.com/datasets/baocgb/vietnam-it-jobs-raw-data-from-topcv-2026"",""dataset_version"":""1"",""license"":""CC-BY-4.0"",""location_normalizer_revision"":""2026-07-19.1"",""raw_sha256"":""e78ff2b6ed521ad894a70271a3254fcf434813916fdade4f7d449bc4fdf34ef9"",""salary_source_currency"":""VND"",""source_url"":""https://www.topcv.vn/viec-lam/senior-backend-developer-node-js-khong-yeu-cau-tieng-anh-nghi-t7-cn-luong-upto-50-trieu-thang/1990789.html"",""title_normalizer_revision"":""2f434fba22de3a14c1b199331c8ca18408dc72e702071bf4bbfe380daff40f58""}"
topcv,1990882,2025-12-25,"Junior Backend Developer (Node.Js) (Không Yêu Cầu Tiếng Anh, Nghỉ T7,CN) - Lương Upto 25 Triệu",Junior Backend Developer,junior,Ha Noi,2,2,[],,25000000,information_technology,"{""dataset"":""baocgb/vietnam-it-jobs-raw-data-from-topcv-2026"",""dataset_commit"":""kaggle-9263561-v1:e78ff2b6ed521ad894a70271a3254fcf434813916fdade4f7d449bc4fdf34ef9"",""dataset_url"":""https://www.kaggle.com/datasets/baocgb/vietnam-it-jobs-raw-data-from-topcv-2026"",""dataset_version"":""1"",""license"":""CC-BY-4.0"",""location_normalizer_revision"":""2026-07-19.1"",""raw_sha256"":""e78ff2b6ed521ad894a70271a3254fcf434813916fdade4f7d449bc4fdf34ef9"",""salary_source_currency"":""VND"",""source_url"":""https://www.topcv.vn/viec-lam/junior-backend-developer-node-js-khong-yeu-cau-tieng-anh-nghi-t7-cn-luong-upto-25-trieu/1990882.html"",""title_normalizer_revision"":""2f434fba22de3a14c1b199331c8ca18408dc72e702071bf4bbfe380daff40f58""}"
topcv,1990911,2025-12-25,Nhân Viên IT Hỗ Trợ Vận Hành Phần Mềm,Nhân Viên IT Hỗ Trợ Vận Hành Phần Mềm,mid,Ha Noi,1,1,[],13000000,17000000,information_technology,"{""dataset"":""baocgb/vietnam-it-jobs-raw-data-from-topcv-2026"",""dataset_commit"":""kaggle-9263561-v1:e78ff2b6ed521ad894a70271a3254fcf434813916fdade4f7d449bc4fdf34ef9"",""dataset_url"":""https://www.kaggle.com/datasets/baocgb/vietnam-it-jobs-raw-data-from-topcv-2026"",""dataset_version"":""1"",""license"":""CC-BY-4.0"",""location_normalizer_revision"":""2026-07-19.1"",""raw_sha256"":""e78ff2b6ed521ad894a70271a3254fcf434813916fdade4f7d449bc4fdf34ef9"",""salary_source_currency"":""VND"",""source_url"":""https://www.topcv.vn/viec-lam/nhan-vien-it-ho-tro-van-hanh-phan-mem/1990911.html"",""title_normalizer_revision"":""2f434fba22de3a14c1b199331c8ca18408dc72e702071bf4bbfe380daff40f58""}"
topcv,1990927,2025-12-25,Tech Support HCM (Advanced English - IT Fresher - Offer Up To 26M),Tech Support HCM Advanced English - IT Fresher - Offer Up To 26M ,fresher,Ho Chi Minh,1,1,[],,26000000,information_technology,"{""dataset"":""baocgb/vietnam-it-jobs-raw-data-from-topcv-2026"",""dataset_commit"":""kaggle-9263561-v1:e78ff2b6ed521ad894a70271a3254fcf434813916fdade4f7d449bc4fdf34ef9"",""dataset_url"":""https://www.kaggle.com/datasets/baocgb/vietnam-it-jobs-raw-data-from-topcv-2026"",""dataset_version"":""1"",""license"":""CC-BY-4.0"",""location_normalizer_revision"":""2026-07-19.1"",""raw_sha256"":""e78ff2b6ed521ad894a70271a3254fcf434813916fdade4f7d449bc4fdf34ef9"",""salary_source_currency"":""VND"",""source_url"":""https://www.topcv.vn/viec-lam/tech-support-hcm-advanced-english-it-fresher-offer-up-to-26m/1990927.html"",""title_normalizer_revision"":""2f434fba22de3a14c1b199331c8ca18408dc72e702071bf4bbfe380daff40f58""}"
topcv,1991010,2025-12-25,"Team Leader, IT Operation (Data Analyst & Helpdesk)",Data Analyst,lead,Ho Chi Minh,2,2,[],,27000000,information_technology,"{""dataset"":""baocgb/vietnam-it-jobs-raw-data-from-topcv-2026"",""dataset_commit"":""kaggle-9263561-v1:e78ff2b6ed521ad894a70271a3254fcf434813916fdade4f7d449bc4fdf34ef9"",""dataset_url"":""https://www.kaggle.com/datasets/baocgb/vietnam-it-jobs-raw-data-from-topcv-2026"",""dataset_version"":""1"",""license"":""CC-BY-4.0"",""location_normalizer_revision"":""2026-07-19.1"",""raw_sha256"":""e78ff2b6ed521ad894a70271a3254fcf434813916fdade4f7d449bc4fdf34ef9"",""salary_source_currency"":""VND"",""source_url"":""https://www.topcv.vn/brand/concentrixservices/tuyen-dung/team-leader-it-operation-data-analyst-helpdesk-j1991010.html"",""title_normalizer_revision"":""2f434fba22de3a14c1b199331c8ca18408dc72e702071bf4bbfe380daff40f58""}"
topcv,1991060,2025-12-25,Android Developer (Kotlin/Java)_ Thu Nhập Upto25M,Mobile Developer,mid,Ha Noi,2,2,[],15000000,25000000,information_technology,"{""dataset"":""baocgb/vietnam-it-jobs-raw-data-from-topcv-2026"",""dataset_commit"":""kaggle-9263561-v1:e78ff2b6ed521ad894a70271a3254fcf434813916fdade4f7d449bc4fdf34ef9"",""dataset_url"":""https://www.kaggle.com/datasets/baocgb/vietnam-it-jobs-raw-data-from-topcv-2026"",""dataset_version"":""1"",""license"":""CC-BY-4.0"",""location_normalizer_revision"":""2026-07-19.1"",""raw_sha256"":""e78ff2b6ed521ad894a70271a3254fcf434813916fdade4f7d449bc4fdf34ef9"",""salary_source_currency"":""VND"",""source_url"":""https://www.topcv.vn/viec-lam/android-developer-kotlin-java-thu-nhap-upto25m/1991060.html"",""title_normalizer_revision"":""2f434fba22de3a14c1b199331c8ca18408dc72e702071bf4bbfe380daff40f58""}"
topcv,1991384,2025-12-25,KỸ SƯ LẬP TRÌNH PLC (Automation Engineer）,KỸ SƯ LẬP TRÌNH PLC Automation Engineer）,mid,Ho Chi Minh,3,3,[],15000000,20000000,information_technology,"{""dataset"":""baocgb/vietnam-it-jobs-raw-data-from-topcv-2026"",""dataset_commit"":""kaggle-9263561-v1:e78ff2b6ed521ad894a70271a3254fcf434813916fdade4f7d449bc4fdf34ef9"",""dataset_url"":""https://www.kaggle.com/datasets/baocgb/vietnam-it-jobs-raw-data-from-topcv-2026"",""dataset_version"":""1"",""license"":""CC-BY-4.0"",""location_normalizer_revision"":""2026-07-19.1"",""raw_sha256"":""e78ff2b6ed521ad894a70271a3254fcf434813916fdade4f7d449bc4fdf34ef9"",""salary_source_currency"":""VND"",""source_url"":""https://www.topcv.vn/viec-lam/ky-su-lap-trinh-plc-automation-engineer/1991384.html"",""title_normalizer_revision"":""2f434fba22de3a14c1b199331c8ca18408dc72e702071bf4bbfe380daff40f58""}"
topcv,1991395,2025-12-25,BackEnd Developer 3ys+,Backend Developer,mid,Ha Noi,3,3,[],25000000,,information_technology,"{""dataset"":""baocgb/vietnam-it-jobs-raw-data-from-topcv-2026"",""dataset_commit"":""kaggle-9263561-v1:e78ff2b6ed521ad894a70271a3254fcf434813916fdade4f7d449bc4fdf34ef9"",""dataset_url"":""https://www.kaggle.com/datasets/baocgb/vietnam-it-jobs-raw-data-from-topcv-2026"",""dataset_version"":""1"",""license"":""CC-BY-4.0"",""location_normalizer_revision"":""2026-07-19.1"",""raw_sha256"":""e78ff2b6ed521ad894a70271a3254fcf434813916fdade4f7d449bc4fdf34ef9"",""salary_source_currency"":""VND"",""source_url"":""https://www.topcv.vn/viec-lam/backend-developer-3ys/1991395.html"",""title_normalizer_revision"":""2f434fba22de3a14c1b199331c8ca18408dc72e702071bf4bbfe380daff40f58""}"
topcv,1991509,2025-12-25,"Nhân Viên Hỗ Trợ Kỹ Thuật/Helpdesk (Nghỉ T7,CN) - Lương Cứng Upto 15 Triệu","Nhân Viên Hỗ Trợ Kỹ Thuật/Helpdesk Nghỉ T7,CN - Lương Cứng Upto 15 Triệu",mid,Ha Noi,1,1,[],10000000,15000000,information_technology,"{""dataset"":""baocgb/vietnam-it-jobs-raw-data-from-topcv-2026"",""dataset_commit"":""kaggle-9263561-v1:e78ff2b6ed521ad894a70271a3254fcf434813916fdade4f7d449bc4fdf34ef9"",""dataset_url"":""https://www.kaggle.com/datasets/baocgb/vietnam-it-jobs-raw-data-from-topcv-2026"",""dataset_version"":""1"",""license"":""CC-BY-4.0"",""location_normalizer_revision"":""2026-07-19.1"",""raw_sha256"":""e78ff2b6ed521ad894a70271a3254fcf434813916fdade4f7d449bc4fdf34ef9"",""salary_source_currency"":""VND"",""source_url"":""https://www.topcv.vn/viec-lam/nhan-vien-ho-tro-ky-thuat-helpdesk-nghi-t7-cn-luong-cung-upto-15-trieu/1991509.html"",""title_normalizer_revision"":""2f434fba22de3a14c1b199331c8ca18408dc72e702071bf4bbfe380daff40f58""}"
topcv,1991773,2025-12-25,"Nhân Viên Kỹ Thuật IT, Điện Tử Viễn Thông - Kinh N","Nhân Viên Kỹ Thuật IT, Điện Tử Viễn Thông - Kinh N",mid,Ha Noi,3,3,[],10000000,20000000,information_technology,"{""dataset"":""baocgb/vietnam-it-jobs-raw-data-from-topcv-2026"",""dataset_commit"":""kaggle-9263561-v1:e78ff2b6ed521ad894a70271a3254fcf434813916fdade4f7d449bc4fdf34ef9"",""dataset_url"":""https://www.kaggle.com/datasets/baocgb/vietnam-it-jobs-raw-data-from-topcv-2026"",""dataset_version"":""1"",""license"":""CC-BY-4.0"",""location_normalizer_revision"":""2026-07-19.1"",""raw_sha256"":""e78ff2b6ed521ad894a70271a3254fcf434813916fdade4f7d449bc4fdf34ef9"",""salary_source_currency"":""VND"",""source_url"":""https://www.topcv.vn/viec-lam/nhan-vien-ky-thuat-it-dien-tu-vien-thong-kinh-n/1991773.html"",""title_normalizer_revision"":""2f434fba22de3a14c1b199331c8ca18408dc72e702071bf4bbfe380daff40f58""}"
topcv,1992172,2025-12-25,Fresher Developer (Tiếng Nhật Từ N4 Đến N2),Fresher Developer Tiếng Nhật Từ N4 Đến N2 ,fresher,Ha Noi,1,1,[],,12000000,information_technology,"{""dataset"":""baocgb/vietnam-it-jobs-raw-data-from-topcv-2026"",""dataset_commit"":""kaggle-9263561-v1:e78ff2b6ed521ad894a70271a3254fcf434813916fdade4f7d449bc4fdf34ef9"",""dataset_url"":""https://www.kaggle.com/datasets/baocgb/vietnam-it-jobs-raw-data-from-topcv-2026"",""dataset_version"":""1"",""license"":""CC-BY-4.0"",""location_normalizer_revision"":""2026-07-19.1"",""raw_sha256"":""e78ff2b6ed521ad894a70271a3254fcf434813916fdade4f7d449bc4fdf34ef9"",""salary_source_currency"":""VND"",""source_url"":""https://www.topcv.vn/viec-lam/fresher-developer-tieng-nhat-tu-n4-den-n2/1992172.html"",""title_normalizer_revision"":""2f434fba22de3a14c1b199331c8ca18408dc72e702071bf4bbfe380daff40f58""}"
topcv,1992326,2025-12-25,Tester Software (Junior),Junior QA Engineer,junior,Ha Noi,1,1,[],9000000,12000000,information_technology,"{""dataset"":""baocgb/vietnam-it-jobs-raw-data-from-topcv-2026"",""dataset_commit"":""kaggle-9263561-v1:e78ff2b6ed521ad894a70271a3254fcf434813916fdade4f7d449bc4fdf34ef9"",""dataset_url"":""https://www.kaggle.com/datasets/baocgb/vietnam-it-jobs-raw-data-from-topcv-2026"",""dataset_version"":""1"",""license"":""CC-BY-4.0"",""location_normalizer_revision"":""2026-07-19.1"",""raw_sha256"":""e78ff2b6ed521ad894a70271a3254fcf434813916fdade4f7d449bc4fdf34ef9"",""salary_source_currency"":""VND"",""source_url"":""https://www.topcv.vn/viec-lam/tester-software-junior/1992326.html"",""title_normalizer_revision"":""2f434fba22de3a14c1b199331c8ca18408dc72e702071bf4bbfe380daff40f58""}"
topcv,1992382,2025-12-25,Kỹ Sư Lập Trình Điện Tử - Tự Động Hóa | Yêu Cầu Có Tối Thiểu 1 Năm Kinh Nghiệm | Thu Nhập Upto 20 Triệu/ Tháng,Kỹ Sư Lập Trình Điện Tử - Tự Động Hóa | Yêu Cầu Có Tối Thiểu 1 Năm Kinh Nghiệm | Thu Nhập Upto 20 Triệu/ Tháng,mid,Ha Noi,1,1,[],10000000,20000000,information_technology,"{""dataset"":""baocgb/vietnam-it-jobs-raw-data-from-topcv-2026"",""dataset_commit"":""kaggle-9263561-v1:e78ff2b6ed521ad894a70271a3254fcf434813916fdade4f7d449bc4fdf34ef9"",""dataset_url"":""https://www.kaggle.com/datasets/baocgb/vietnam-it-jobs-raw-data-from-topcv-2026"",""dataset_version"":""1"",""license"":""CC-BY-4.0"",""location_normalizer_revision"":""2026-07-19.1"",""raw_sha256"":""e78ff2b6ed521ad894a70271a3254fcf434813916fdade4f7d449bc4fdf34ef9"",""salary_source_currency"":""VND"",""source_url"":""https://www.topcv.vn/viec-lam/ky-su-lap-trinh-dien-tu-tu-dong-hoa-yeu-cau-co-toi-thieu-1-nam-kinh-nghiem-thu-nhap-upto-20-trieu-thang/1992382.html"",""title_normalizer_revision"":""2f434fba22de3a14c1b199331c8ca18408dc72e702071bf4bbfe380daff40f58""}"
topcv,1992403,2026-01-01,Trưởng Nhóm Dự Án Số Hóa,Trưởng Nhóm Dự Án Số Hóa,lead,Ha Noi,1,1,[],15000000,18000000,information_technology,"{""dataset"":""baocgb/vietnam-it-jobs-raw-data-from-topcv-2026"",""dataset_commit"":""kaggle-9263561-v1:e78ff2b6ed521ad894a70271a3254fcf434813916fdade4f7d449bc4fdf34ef9"",""dataset_url"":""https://www.kaggle.com/datasets/baocgb/vietnam-it-jobs-raw-data-from-topcv-2026"",""dataset_version"":""1"",""license"":""CC-BY-4.0"",""location_normalizer_revision"":""2026-07-19.1"",""raw_sha256"":""e78ff2b6ed521ad894a70271a3254fcf434813916fdade4f7d449bc4fdf34ef9"",""salary_source_currency"":""VND"",""source_url"":""https://www.topcv.vn/viec-lam/truong-nhom-du-an-so-hoa/1992403.html"",""title_normalizer_revision"":""2f434fba22de3a14c1b199331c8ca18408dc72e702071bf4bbfe380daff40f58""}"
topcv,1992406,2025-12-25,Middle Ruby,Middle Ruby,mid,Da Nang,3,3,[],18000000,25000000,information_technology,"{""dataset"":""baocgb/vietnam-it-jobs-raw-data-from-topcv-2026"",""dataset_commit"":""kaggle-9263561-v1:e78ff2b6ed521ad894a70271a3254fcf434813916fdade4f7d449bc4fdf34ef9"",""dataset_url"":""https://www.kaggle.com/datasets/baocgb/vietnam-it-jobs-raw-data-from-topcv-2026"",""dataset_version"":""1"",""license"":""CC-BY-4.0"",""location_normalizer_revision"":""2026-07-19.1"",""raw_sha256"":""e78ff2b6ed521ad894a70271a3254fcf434813916fdade4f7d449bc4fdf34ef9"",""salary_source_currency"":""VND"",""source_url"":""https://www.topcv.vn/viec-lam/middle-ruby/1992406.html"",""title_normalizer_revision"":""2f434fba22de3a14c1b199331c8ca18408dc72e702071bf4bbfe380daff40f58""}"
topcv,1992413,2025-12-25,"Fresher Web Developer (C#, .NET)",Software Engineer,fresher,Ha Noi,,,[],,4000000,information_technology,"{""dataset"":""baocgb/vietnam-it-jobs-raw-data-from-topcv-2026"",""dataset_commit"":""kaggle-9263561-v1:e78ff2b6ed521ad894a70271a3254fcf434813916fdade4f7d449bc4fdf34ef9"",""dataset_url"":""https://www.kaggle.com/datasets/baocgb/vietnam-it-jobs-raw-data-from-topcv-2026"",""dataset_version"":""1"",""license"":""CC-BY-4.0"",""location_normalizer_revision"":""2026-07-19.1"",""raw_sha256"":""e78ff2b6ed521ad894a70271a3254fcf434813916fdade4f7d449bc4fdf34ef9"",""salary_source_currency"":""VND"",""source_url"":""https://www.topcv.vn/viec-lam/fresher-web-developer-c-net/1992413.html"",""title_normalizer_revision"":""2f434fba22de3a14c1b199331c8ca18408dc72e702071bf4bbfe380daff40f58""}"
topcv,1992420,2025-12-25,"Senior Backend Developer (Golang, Java/C++) Lương Từ 20-30 Triệu, Tại Hồ Chí Minh, Đi Làm Ngay",Senior Backend Developer,senior,Ho Chi Minh,3,3,[],20000000,30000000,information_technology,"{""dataset"":""baocgb/vietnam-it-jobs-raw-data-from-topcv-2026"",""dataset_commit"":""kaggle-9263561-v1:e78ff2b6ed521ad894a70271a3254fcf434813916fdade4f7d449bc4fdf34ef9"",""dataset_url"":""https://www.kaggle.com/datasets/baocgb/vietnam-it-jobs-raw-data-from-topcv-2026"",""dataset_version"":""1"",""license"":""CC-BY-4.0"",""location_normalizer_revision"":""2026-07-19.1"",""raw_sha256"":""e78ff2b6ed521ad894a70271a3254fcf434813916fdade4f7d449bc4fdf34ef9"",""salary_source_currency"":""VND"",""source_url"":""https://www.topcv.vn/viec-lam/senior-backend-developer-golang-java-c-luong-tu-20-30-trieu-tai-ho-chi-minh-di-lam-ngay/1992420.html"",""title_normalizer_revision"":""2f434fba22de3a14c1b199331c8ca18408dc72e702071bf4bbfe380daff40f58""}"
topcv,1992510,2025-12-25,IT Support,IT Support,mid,Ho Chi Minh,1,1,[],8000000,10000000,information_technology,"{""dataset"":""baocgb/vietnam-it-jobs-raw-data-from-topcv-2026"",""dataset_commit"":""kaggle-9263561-v1:e78ff2b6ed521ad894a70271a3254fcf434813916fdade4f7d449bc4fdf34ef9"",""dataset_url"":""https://www.kaggle.com/datasets/baocgb/vietnam-it-jobs-raw-data-from-topcv-2026"",""dataset_version"":""1"",""license"":""CC-BY-4.0"",""location_normalizer_revision"":""2026-07-19.1"",""raw_sha256"":""e78ff2b6ed521ad894a70271a3254fcf434813916fdade4f7d449bc4fdf34ef9"",""salary_source_currency"":""VND"",""source_url"":""https://www.topcv.vn/viec-lam/it-support/1992510.html"",""title_normalizer_revision"":""2f434fba22de3a14c1b199331c8ca18408dc72e702071bf4bbfe380daff40f58""}"
topcv,1992727,2025-12-25,Developer Intern,Software Engineer,intern,Ha Noi,,,[],3000000,5000000,information_technology,"{""dataset"":""baocgb/vietnam-it-jobs-raw-data-from-topcv-2026"",""dataset_commit"":""kaggle-9263561-v1:e78ff2b6ed521ad894a70271a3254fcf434813916fdade4f7d449bc4fdf34ef9"",""dataset_url"":""https://www.kaggle.com/datasets/baocgb/vietnam-it-jobs-raw-data-from-topcv-2026"",""dataset_version"":""1"",""license"":""CC-BY-4.0"",""location_normalizer_revision"":""2026-07-19.1"",""raw_sha256"":""e78ff2b6ed521ad894a70271a3254fcf434813916fdade4f7d449bc4fdf34ef9"",""salary_source_currency"":""VND"",""source_url"":""https://www.topcv.vn/viec-lam/developer-intern/1992727.html"",""title_normalizer_revision"":""2f434fba22de3a14c1b199331c8ca18408dc72e702071bf4bbfe380daff40f58""}"
topcv,1992816,2026-01-01,Nhân Viên Tư Vấn Marketing Phần Mềm,Nhân Viên Tư Vấn Marketing Phần Mềm,mid,Ho Chi Minh,,,[],8000000,25000000,information_technology,"{""dataset"":""baocgb/vietnam-it-jobs-raw-data-from-topcv-2026"",""dataset_commit"":""kaggle-9263561-v1:e78ff2b6ed521ad894a70271a3254fcf434813916fdade4f7d449bc4fdf34ef9"",""dataset_url"":""https://www.kaggle.com/datasets/baocgb/vietnam-it-jobs-raw-data-from-topcv-2026"",""dataset_version"":""1"",""license"":""CC-BY-4.0"",""location_normalizer_revision"":""2026-07-19.1"",""raw_sha256"":""e78ff2b6ed521ad894a70271a3254fcf434813916fdade4f7d449bc4fdf34ef9"",""salary_source_currency"":""VND"",""source_url"":""https://www.topcv.vn/viec-lam/nhan-vien-tu-van-marketing-phan-mem/1992816.html"",""title_normalizer_revision"":""2f434fba22de3a14c1b199331c8ca18408dc72e702071bf4bbfe380daff40f58""}"
topcv,1992927,2025-12-25,Kỹ Sư Lập Trình Backend Với Hệ Thống IOT,Backend Developer,mid,Ha Noi,1,1,[],10000000,15000000,information_technology,"{""dataset"":""baocgb/vietnam-it-jobs-raw-data-from-topcv-2026"",""dataset_commit"":""kaggle-9263561-v1:e78ff2b6ed521ad894a70271a3254fcf434813916fdade4f7d449bc4fdf34ef9"",""dataset_url"":""https://www.kaggle.com/datasets/baocgb/vietnam-it-jobs-raw-data-from-topcv-2026"",""dataset_version"":""1"",""license"":""CC-BY-4.0"",""location_normalizer_revision"":""2026-07-19.1"",""raw_sha256"":""e78ff2b6ed521ad894a70271a3254fcf434813916fdade4f7d449bc4fdf34ef9"",""salary_source_currency"":""VND"",""source_url"":""https://www.topcv.vn/viec-lam/ky-su-lap-trinh-backend-voi-he-thong-iot/1992927.html"",""title_normalizer_revision"":""2f434fba22de3a14c1b199331c8ca18408dc72e702071bf4bbfe380daff40f58""}"
topcv,1992945,2025-12-25,"SRE - Site Reliability Engineer (DevOp,AWS,SWE)",SRE,mid,Ha Noi,2,2,[],18000000,40000000,information_technology,"{""dataset"":""baocgb/vietnam-it-jobs-raw-data-from-topcv-2026"",""dataset_commit"":""kaggle-9263561-v1:e78ff2b6ed521ad894a70271a3254fcf434813916fdade4f7d449bc4fdf34ef9"",""dataset_url"":""https://www.kaggle.com/datasets/baocgb/vietnam-it-jobs-raw-data-from-topcv-2026"",""dataset_version"":""1"",""license"":""CC-BY-4.0"",""location_normalizer_revision"":""2026-07-19.1"",""raw_sha256"":""e78ff2b6ed521ad894a70271a3254fcf434813916fdade4f7d449bc4fdf34ef9"",""salary_source_currency"":""VND"",""source_url"":""https://www.topcv.vn/viec-lam/sre-site-reliability-engineer-devop-aws-swe/1992945.html"",""title_normalizer_revision"":""2f434fba22de3a14c1b199331c8ca18408dc72e702071bf4bbfe380daff40f58""}"
topcv,1992967,2025-12-25,Nhân Viên Công Nghệ Thông Tin - Truyền Thông,Nhân Viên Công Nghệ Thông Tin - Truyền Thông,mid,Cần Thơ,,,[],5000000,12000000,information_technology,"{""dataset"":""baocgb/vietnam-it-jobs-raw-data-from-topcv-2026"",""dataset_commit"":""kaggle-9263561-v1:e78ff2b6ed521ad894a70271a3254fcf434813916fdade4f7d449bc4fdf34ef9"",""dataset_url"":""https://www.kaggle.com/datasets/baocgb/vietnam-it-jobs-raw-data-from-topcv-2026"",""dataset_version"":""1"",""license"":""CC-BY-4.0"",""location_normalizer_revision"":""2026-07-19.1"",""raw_sha256"":""e78ff2b6ed521ad894a70271a3254fcf434813916fdade4f7d449bc4fdf34ef9"",""salary_source_currency"":""VND"",""source_url"":""https://www.topcv.vn/viec-lam/nhan-vien-cong-nghe-thong-tin-truyen-thong/1992967.html"",""title_normalizer_revision"":""2f434fba22de3a14c1b199331c8ca18408dc72e702071bf4bbfe380daff40f58""}"
topcv,1992982,2025-12-25,Nhân Viên Sale Chữ Ký Số,Nhân Viên Sale Chữ Ký Số,mid,Ha Noi,,,[],8000000,15000000,information_technology,"{""dataset"":""baocgb/vietnam-it-jobs-raw-data-from-topcv-2026"",""dataset_commit"":""kaggle-9263561-v1:e78ff2b6ed521ad894a70271a3254fcf434813916fdade4f7d449bc4fdf34ef9"",""dataset_url"":""https://www.kaggle.com/datasets/baocgb/vietnam-it-jobs-raw-data-from-topcv-2026"",""dataset_version"":""1"",""license"":""CC-BY-4.0"",""location_normalizer_revision"":""2026-07-19.1"",""raw_sha256"":""e78ff2b6ed521ad894a70271a3254fcf434813916fdade4f7d449bc4fdf34ef9"",""salary_source_currency"":""VND"",""source_url"":""https://www.topcv.vn/viec-lam/nhan-vien-sale-chu-ky-so/1992982.html"",""title_normalizer_revision"":""2f434fba22de3a14c1b199331c8ca18408dc72e702071bf4bbfe380daff40f58""}"
topcv,1992987,2025-12-25,Nhân Viên IT,Nhân Viên IT,mid,Ninh Bình,2,2,[],10000000,20000000,information_technology,"{""dataset"":""baocgb/vietnam-it-jobs-raw-data-from-topcv-2026"",""dataset_commit"":""kaggle-9263561-v1:e78ff2b6ed521ad894a70271a3254fcf434813916fdade4f7d449bc4fdf34ef9"",""dataset_url"":""https://www.kaggle.com/datasets/baocgb/vietnam-it-jobs-raw-data-from-topcv-2026"",""dataset_version"":""1"",""license"":""CC-BY-4.0"",""location_normalizer_revision"":""2026-07-19.1"",""raw_sha256"":""e78ff2b6ed521ad894a70271a3254fcf434813916fdade4f7d449bc4fdf34ef9"",""salary_source_currency"":""VND"",""source_url"":""https://www.topcv.vn/viec-lam/nhan-vien-it/1992987.html"",""title_normalizer_revision"":""2f434fba22de3a14c1b199331c8ca18408dc72e702071bf4bbfe380daff40f58""}"
topcv,1993094,2025-12-25,Kỹ Sư Lập Trình CNC,Kỹ Sư Lập Trình CNC,mid,Bắc Ninh,2,2,[],10000000,18000000,information_technology,"{""dataset"":""baocgb/vietnam-it-jobs-raw-data-from-topcv-2026"",""dataset_commit"":""kaggle-9263561-v1:e78ff2b6ed521ad894a70271a3254fcf434813916fdade4f7d449bc4fdf34ef9"",""dataset_url"":""https://www.kaggle.com/datasets/baocgb/vietnam-it-jobs-raw-data-from-topcv-2026"",""dataset_version"":""1"",""license"":""CC-BY-4.0"",""location_normalizer_revision"":""2026-07-19.1"",""raw_sha256"":""e78ff2b6ed521ad894a70271a3254fcf434813916fdade4f7d449bc4fdf34ef9"",""salary_source_currency"":""VND"",""source_url"":""https://www.topcv.vn/viec-lam/ky-su-lap-trinh-cnc/1993094.html"",""title_normalizer_revision"":""2f434fba22de3a14c1b199331c8ca18408dc72e702071bf4bbfe380daff40f58""}"
topcv,1993130,2025-12-25,Senior Project Manager,Senior Project Manager,senior,Ha Noi,4,4,[],25000000,50000000,information_technology,"{""dataset"":""baocgb/vietnam-it-jobs-raw-data-from-topcv-2026"",""dataset_commit"":""kaggle-9263561-v1:e78ff2b6ed521ad894a70271a3254fcf434813916fdade4f7d449bc4fdf34ef9"",""dataset_url"":""https://www.kaggle.com/datasets/baocgb/vietnam-it-jobs-raw-data-from-topcv-2026"",""dataset_version"":""1"",""license"":""CC-BY-4.0"",""location_normalizer_revision"":""2026-07-19.1"",""raw_sha256"":""e78ff2b6ed521ad894a70271a3254fcf434813916fdade4f7d449bc4fdf34ef9"",""salary_source_currency"":""VND"",""source_url"":""https://www.topcv.vn/viec-lam/senior-project-manager/1993130.html"",""title_normalizer_revision"":""2f434fba22de3a14c1b199331c8ca18408dc72e702071bf4bbfe380daff40f58""}"
topcv,1993169,2025-12-25,Giám Đốc IT,Giám Đốc IT,director,Ninh Bình,5,5,[],20000000,30000000,information_technology,"{""dataset"":""baocgb/vietnam-it-jobs-raw-data-from-topcv-2026"",""dataset_commit"":""kaggle-9263561-v1:e78ff2b6ed521ad894a70271a3254fcf434813916fdade4f7d449bc4fdf34ef9"",""dataset_url"":""https://www.kaggle.com/datasets/baocgb/vietnam-it-jobs-raw-data-from-topcv-2026"",""dataset_version"":""1"",""license"":""CC-BY-4.0"",""location_normalizer_revision"":""2026-07-19.1"",""raw_sha256"":""e78ff2b6ed521ad894a70271a3254fcf434813916fdade4f7d449bc4fdf34ef9"",""salary_source_currency"":""VND"",""source_url"":""https://www.topcv.vn/viec-lam/giam-doc-it/1993169.html"",""title_normalizer_revision"":""2f434fba22de3a14c1b199331c8ca18408dc72e702071bf4bbfe380daff40f58""}"
topcv,1993204,2026-01-01,Nhân Viên IT Biết Tiếng Trung,Nhân Viên IT Biết Tiếng Trung,mid,Tây Ninh,,,[],12000000,18000000,information_technology,"{""dataset"":""baocgb/vietnam-it-jobs-raw-data-from-topcv-2026"",""dataset_commit"":""kaggle-9263561-v1:e78ff2b6ed521ad894a70271a3254fcf434813916fdade4f7d449bc4fdf34ef9"",""dataset_url"":""https://www.kaggle.com/datasets/baocgb/vietnam-it-jobs-raw-data-from-topcv-2026"",""dataset_version"":""1"",""license"":""CC-BY-4.0"",""location_normalizer_revision"":""2026-07-19.1"",""raw_sha256"":""e78ff2b6ed521ad894a70271a3254fcf434813916fdade4f7d449bc4fdf34ef9"",""salary_source_currency"":""VND"",""source_url"":""https://www.topcv.vn/viec-lam/nhan-vien-it-biet-tieng-trung/1993204.html"",""title_normalizer_revision"":""2f434fba22de3a14c1b199331c8ca18408dc72e702071bf4bbfe380daff40f58""}"
topcv,1993284,2025-12-25,Business Analyst (Aviation),Business Analyst,mid,Ha Noi,3,3,[],,30000000,information_technology,"{""dataset"":""baocgb/vietnam-it-jobs-raw-data-from-topcv-2026"",""dataset_commit"":""kaggle-9263561-v1:e78ff2b6ed521ad894a70271a3254fcf434813916fdade4f7d449bc4fdf34ef9"",""dataset_url"":""https://www.kaggle.com/datasets/baocgb/vietnam-it-jobs-raw-data-from-topcv-2026"",""dataset_version"":""1"",""license"":""CC-BY-4.0"",""location_normalizer_revision"":""2026-07-19.1"",""raw_sha256"":""e78ff2b6ed521ad894a70271a3254fcf434813916fdade4f7d449bc4fdf34ef9"",""salary_source_currency"":""VND"",""source_url"":""https://www.topcv.vn/viec-lam/business-analyst-aviation/1993284.html"",""title_normalizer_revision"":""2f434fba22de3a14c1b199331c8ca18408dc72e702071bf4bbfe380daff40f58""}"
topcv,1993343,2025-12-25,Nhân Viên Triển Khai Và Lập Trình Máy CNC,Nhân Viên Triển Khai Và Lập Trình Máy CNC,mid,Ho Chi Minh,1,1,[],10000000,12000000,information_technology,"{""dataset"":""baocgb/vietnam-it-jobs-raw-data-from-topcv-2026"",""dataset_commit"":""kaggle-9263561-v1:e78ff2b6ed521ad894a70271a3254fcf434813916fdade4f7d449bc4fdf34ef9"",""dataset_url"":""https://www.kaggle.com/datasets/baocgb/vietnam-it-jobs-raw-data-from-topcv-2026"",""dataset_version"":""1"",""license"":""CC-BY-4.0"",""location_normalizer_revision"":""2026-07-19.1"",""raw_sha256"":""e78ff2b6ed521ad894a70271a3254fcf434813916fdade4f7d449bc4fdf34ef9"",""salary_source_currency"":""VND"",""source_url"":""https://www.topcv.vn/viec-lam/nhan-vien-trien-khai-va-lap-trinh-may-cnc/1993343.html"",""title_normalizer_revision"":""2f434fba22de3a14c1b199331c8ca18408dc72e702071bf4bbfe380daff40f58""}"
topcv,1993438,2025-12-25,Senior .NET (C#) Developer (Factory Management System) - Từ 3 Năm Kinh Nghiệm - Upto 1.500 - Đi Làm Ngay,Senior .NET C# Developer Factory Management System - Từ 3 Năm Kinh Nghiệm - Upto 1.500 - Đi Làm Ngay,senior,Ha Noi,3,3,[],,37500000,information_technology,"{""dataset"":""baocgb/vietnam-it-jobs-raw-data-from-topcv-2026"",""dataset_commit"":""kaggle-9263561-v1:e78ff2b6ed521ad894a70271a3254fcf434813916fdade4f7d449bc4fdf34ef9"",""dataset_url"":""https://www.kaggle.com/datasets/baocgb/vietnam-it-jobs-raw-data-from-topcv-2026"",""dataset_version"":""1"",""license"":""CC-BY-4.0"",""location_normalizer_revision"":""2026-07-19.1"",""raw_sha256"":""e78ff2b6ed521ad894a70271a3254fcf434813916fdade4f7d449bc4fdf34ef9"",""salary_source_currency"":""USD"",""source_url"":""https://www.topcv.vn/viec-lam/senior-net-c-developer-factory-management-system-tu-3-nam-kinh-nghiem-upto-1-500-di-lam-ngay/1993438.html"",""title_normalizer_revision"":""2f434fba22de3a14c1b199331c8ca18408dc72e702071bf4bbfe380daff40f58"",""usd_to_vnd"":""25000""}"
topcv,1993501,2025-12-25,Senior QC Engineer (Manual),Senior QC Engineer Manual ,senior,Ho Chi Minh,3,3,[],25000000,30000000,information_technology,"{""dataset"":""baocgb/vietnam-it-jobs-raw-data-from-topcv-2026"",""dataset_commit"":""kaggle-9263561-v1:e78ff2b6ed521ad894a70271a3254fcf434813916fdade4f7d449bc4fdf34ef9"",""dataset_url"":""https://www.kaggle.com/datasets/baocgb/vietnam-it-jobs-raw-data-from-topcv-2026"",""dataset_version"":""1"",""license"":""CC-BY-4.0"",""location_normalizer_revision"":""2026-07-19.1"",""raw_sha256"":""e78ff2b6ed521ad894a70271a3254fcf434813916fdade4f7d449bc4fdf34ef9"",""salary_source_currency"":""VND"",""source_url"":""https://www.topcv.vn/viec-lam/senior-qc-engineer-manual/1993501.html"",""title_normalizer_revision"":""2f434fba22de3a14c1b199331c8ca18408dc72e702071bf4bbfe380daff40f58""}"
topcv,1993519,2025-12-25,Internship Engineers (Hardware & Software),Internship Engineers Hardware & Software ,intern,Ho Chi Minh,,,[],12000000,,information_technology,"{""dataset"":""baocgb/vietnam-it-jobs-raw-data-from-topcv-2026"",""dataset_commit"":""kaggle-9263561-v1:e78ff2b6ed521ad894a70271a3254fcf434813916fdade4f7d449bc4fdf34ef9"",""dataset_url"":""https://www.kaggle.com/datasets/baocgb/vietnam-it-jobs-raw-data-from-topcv-2026"",""dataset_version"":""1"",""license"":""CC-BY-4.0"",""location_normalizer_revision"":""2026-07-19.1"",""raw_sha256"":""e78ff2b6ed521ad894a70271a3254fcf434813916fdade4f7d449bc4fdf34ef9"",""salary_source_currency"":""VND"",""source_url"":""https://www.topcv.vn/viec-lam/internship-engineers-hardware-software/1993519.html"",""title_normalizer_revision"":""2f434fba22de3a14c1b199331c8ca18408dc72e702071bf4bbfe380daff40f58""}"
topcv,1993626,2026-01-01,Thực Tập Sinh,Thực Tập Sinh,intern,Ha Noi,,,[],2000000,3000000,information_technology,"{""dataset"":""baocgb/vietnam-it-jobs-raw-data-from-topcv-2026"",""dataset_commit"":""kaggle-9263561-v1:e78ff2b6ed521ad894a70271a3254fcf434813916fdade4f7d449bc4fdf34ef9"",""dataset_url"":""https://www.kaggle.com/datasets/baocgb/vietnam-it-jobs-raw-data-from-topcv-2026"",""dataset_version"":""1"",""license"":""CC-BY-4.0"",""location_normalizer_revision"":""2026-07-19.1"",""raw_sha256"":""e78ff2b6ed521ad894a70271a3254fcf434813916fdade4f7d449bc4fdf34ef9"",""salary_source_currency"":""VND"",""source_url"":""https://www.topcv.vn/viec-lam/thuc-tap-sinh/1993626.html"",""title_normalizer_revision"":""2f434fba22de3a14c1b199331c8ca18408dc72e702071bf4bbfe380daff40f58""}"
topcv,1993638,2025-12-25,Tester Up To 15M,QA Engineer,mid,Ha Noi,1,1,[],,15000000,information_technology,"{""dataset"":""baocgb/vietnam-it-jobs-raw-data-from-topcv-2026"",""dataset_commit"":""kaggle-9263561-v1:e78ff2b6ed521ad894a70271a3254fcf434813916fdade4f7d449bc4fdf34ef9"",""dataset_url"":""https://www.kaggle.com/datasets/baocgb/vietnam-it-jobs-raw-data-from-topcv-2026"",""dataset_version"":""1"",""license"":""CC-BY-4.0"",""location_normalizer_revision"":""2026-07-19.1"",""raw_sha256"":""e78ff2b6ed521ad894a70271a3254fcf434813916fdade4f7d449bc4fdf34ef9"",""salary_source_currency"":""VND"",""source_url"":""https://www.topcv.vn/viec-lam/tester-up-to-15m/1993638.html"",""title_normalizer_revision"":""2f434fba22de3a14c1b199331c8ca18408dc72e702071bf4bbfe380daff40f58""}"
topcv,1993657,2025-12-25,Lập Trình Viên Backend Developer (Java),Backend Developer,mid,Ha Noi,3,3,[],20000000,30000000,information_technology,"{""dataset"":""baocgb/vietnam-it-jobs-raw-data-from-topcv-2026"",""dataset_commit"":""kaggle-9263561-v1:e78ff2b6ed521ad894a70271a3254fcf434813916fdade4f7d449bc4fdf34ef9"",""dataset_url"":""https://www.kaggle.com/datasets/baocgb/vietnam-it-jobs-raw-data-from-topcv-2026"",""dataset_version"":""1"",""license"":""CC-BY-4.0"",""location_normalizer_revision"":""2026-07-19.1"",""raw_sha256"":""e78ff2b6ed521ad894a70271a3254fcf434813916fdade4f7d449bc4fdf34ef9"",""salary_source_currency"":""VND"",""source_url"":""https://www.topcv.vn/viec-lam/lap-trinh-vien-backend-developer-java/1993657.html"",""title_normalizer_revision"":""2f434fba22de3a14c1b199331c8ca18408dc72e702071bf4bbfe380daff40f58""}"
topcv,1993734,2025-12-25,Chuyên Viên Kiểm Thử Phần Mềm (Tester),QA Engineer,mid,Ha Noi,3,3,[],15000000,30000000,information_technology,"{""dataset"":""baocgb/vietnam-it-jobs-raw-data-from-topcv-2026"",""dataset_commit"":""kaggle-9263561-v1:e78ff2b6ed521ad894a70271a3254fcf434813916fdade4f7d449bc4fdf34ef9"",""dataset_url"":""https://www.kaggle.com/datasets/baocgb/vietnam-it-jobs-raw-data-from-topcv-2026"",""dataset_version"":""1"",""license"":""CC-BY-4.0"",""location_normalizer_revision"":""2026-07-19.1"",""raw_sha256"":""e78ff2b6ed521ad894a70271a3254fcf434813916fdade4f7d449bc4fdf34ef9"",""salary_source_currency"":""VND"",""source_url"":""https://www.topcv.vn/viec-lam/chuyen-vien-kiem-thu-phan-mem-tester/1993734.html"",""title_normalizer_revision"":""2f434fba22de3a14c1b199331c8ca18408dc72e702071bf4bbfe380daff40f58""}"
topcv,1993808,2025-12-25,Thực Tập Sinh FPGA Design – Linux Embedded,Thực Tập Sinh FPGA Design – Linux Embedded,intern,Ha Noi,,,[],4000000,,information_technology,"{""dataset"":""baocgb/vietnam-it-jobs-raw-data-from-topcv-2026"",""dataset_commit"":""kaggle-9263561-v1:e78ff2b6ed521ad894a70271a3254fcf434813916fdade4f7d449bc4fdf34ef9"",""dataset_url"":""https://www.kaggle.com/datasets/baocgb/vietnam-it-jobs-raw-data-from-topcv-2026"",""dataset_version"":""1"",""license"":""CC-BY-4.0"",""location_normalizer_revision"":""2026-07-19.1"",""raw_sha256"":""e78ff2b6ed521ad894a70271a3254fcf434813916fdade4f7d449bc4fdf34ef9"",""salary_source_currency"":""VND"",""source_url"":""https://www.topcv.vn/viec-lam/thuc-tap-sinh-fpga-design-linux-embedded/1993808.html"",""title_normalizer_revision"":""2f434fba22de3a14c1b199331c8ca18408dc72e702071bf4bbfe380daff40f58""}"
topcv,1993839,2025-12-25,Frontend Developer (Angular),Frontend Developer,mid,Ha Noi,3,3,[],15000000,35000000,information_technology,"{""dataset"":""baocgb/vietnam-it-jobs-raw-data-from-topcv-2026"",""dataset_commit"":""kaggle-9263561-v1:e78ff2b6ed521ad894a70271a3254fcf434813916fdade4f7d449bc4fdf34ef9"",""dataset_url"":""https://www.kaggle.com/datasets/baocgb/vietnam-it-jobs-raw-data-from-topcv-2026"",""dataset_version"":""1"",""license"":""CC-BY-4.0"",""location_normalizer_revision"":""2026-07-19.1"",""raw_sha256"":""e78ff2b6ed521ad894a70271a3254fcf434813916fdade4f7d449bc4fdf34ef9"",""salary_source_currency"":""VND"",""source_url"":""https://www.topcv.vn/viec-lam/frontend-developer-angular/1993839.html"",""title_normalizer_revision"":""2f434fba22de3a14c1b199331c8ca18408dc72e702071bf4bbfe380daff40f58""}"
topcv,1993908,2025-12-25,IOS Developer (Swift) / Từ 6 Tháng Kinh Nghiệm Code Swift Hoặc Objective-C | Thu Nhập Tới 30 Triệu,Mobile Developer,mid,Ha Noi,1,1,[],10000000,30000000,information_technology,"{""dataset"":""baocgb/vietnam-it-jobs-raw-data-from-topcv-2026"",""dataset_commit"":""kaggle-9263561-v1:e78ff2b6ed521ad894a70271a3254fcf434813916fdade4f7d449bc4fdf34ef9"",""dataset_url"":""https://www.kaggle.com/datasets/baocgb/vietnam-it-jobs-raw-data-from-topcv-2026"",""dataset_version"":""1"",""license"":""CC-BY-4.0"",""location_normalizer_revision"":""2026-07-19.1"",""raw_sha256"":""e78ff2b6ed521ad894a70271a3254fcf434813916fdade4f7d449bc4fdf34ef9"",""salary_source_currency"":""VND"",""source_url"":""https://www.topcv.vn/viec-lam/ios-developer-swift-tu-6-thang-kinh-nghiem-code-swift-hoac-objective-c-thu-nhap-toi-30-trieu/1993908.html"",""title_normalizer_revision"":""2f434fba22de3a14c1b199331c8ca18408dc72e702071bf4bbfe380daff40f58""}"
topcv,1993931,2025-12-25,"Software Tester (Không YC KinhNghiệm,TiếngAnh Tốt)",QA Engineer,mid,Ha Noi,,,[],9000000,12000000,information_technology,"{""dataset"":""baocgb/vietnam-it-jobs-raw-data-from-topcv-2026"",""dataset_commit"":""kaggle-9263561-v1:e78ff2b6ed521ad894a70271a3254fcf434813916fdade4f7d449bc4fdf34ef9"",""dataset_url"":""https://www.kaggle.com/datasets/baocgb/vietnam-it-jobs-raw-data-from-topcv-2026"",""dataset_version"":""1"",""license"":""CC-BY-4.0"",""location_normalizer_revision"":""2026-07-19.1"",""raw_sha256"":""e78ff2b6ed521ad894a70271a3254fcf434813916fdade4f7d449bc4fdf34ef9"",""salary_source_currency"":""VND"",""source_url"":""https://www.topcv.vn/viec-lam/software-tester-khong-yc-kinhnghiem-tienganh-tot/1993931.html"",""title_normalizer_revision"":""2f434fba22de3a14c1b199331c8ca18408dc72e702071bf4bbfe380daff40f58""}"
topcv,1994080,2025-12-25,Junior Sale IT,Junior Sale IT,junior,Ha Noi,1,1,[],10000000,,information_technology,"{""dataset"":""baocgb/vietnam-it-jobs-raw-data-from-topcv-2026"",""dataset_commit"":""kaggle-9263561-v1:e78ff2b6ed521ad894a70271a3254fcf434813916fdade4f7d449bc4fdf34ef9"",""dataset_url"":""https://www.kaggle.com/datasets/baocgb/vietnam-it-jobs-raw-data-from-topcv-2026"",""dataset_version"":""1"",""license"":""CC-BY-4.0"",""location_normalizer_revision"":""2026-07-19.1"",""raw_sha256"":""e78ff2b6ed521ad894a70271a3254fcf434813916fdade4f7d449bc4fdf34ef9"",""salary_source_currency"":""VND"",""source_url"":""https://www.topcv.vn/viec-lam/junior-sale-it/1994080.html"",""title_normalizer_revision"":""2f434fba22de3a14c1b199331c8ca18408dc72e702071bf4bbfe380daff40f58""}"
topcv,1994106,2025-12-25,System Administrator,System Engineer,mid,Ha Noi,1,1,[],12000000,15000000,information_technology,"{""dataset"":""baocgb/vietnam-it-jobs-raw-data-from-topcv-2026"",""dataset_commit"":""kaggle-9263561-v1:e78ff2b6ed521ad894a70271a3254fcf434813916fdade4f7d449bc4fdf34ef9"",""dataset_url"":""https://www.kaggle.com/datasets/baocgb/vietnam-it-jobs-raw-data-from-topcv-2026"",""dataset_version"":""1"",""license"":""CC-BY-4.0"",""location_normalizer_revision"":""2026-07-19.1"",""raw_sha256"":""e78ff2b6ed521ad894a70271a3254fcf434813916fdade4f7d449bc4fdf34ef9"",""salary_source_currency"":""VND"",""source_url"":""https://www.topcv.vn/viec-lam/system-administrator/1994106.html"",""title_normalizer_revision"":""2f434fba22de3a14c1b199331c8ca18408dc72e702071bf4bbfe380daff40f58""}"
topcv,1994258,2025-12-25,Platform Software Engineer,Software Engineer,mid,Ha Noi,5,5,[],,50000000,information_technology,"{""dataset"":""baocgb/vietnam-it-jobs-raw-data-from-topcv-2026"",""dataset_commit"":""kaggle-9263561-v1:e78ff2b6ed521ad894a70271a3254fcf434813916fdade4f7d449bc4fdf34ef9"",""dataset_url"":""https://www.kaggle.com/datasets/baocgb/vietnam-it-jobs-raw-data-from-topcv-2026"",""dataset_version"":""1"",""license"":""CC-BY-4.0"",""location_normalizer_revision"":""2026-07-19.1"",""raw_sha256"":""e78ff2b6ed521ad894a70271a3254fcf434813916fdade4f7d449bc4fdf34ef9"",""salary_source_currency"":""VND"",""source_url"":""https://www.topcv.vn/viec-lam/platform-software-engineer/1994258.html"",""title_normalizer_revision"":""2f434fba22de3a14c1b199331c8ca18408dc72e702071bf4bbfe380daff40f58""}"
topcv,1994271,2025-12-25,System Engineer - Upto 45M,System Engineer,mid,Ha Noi,1,1,[],,45000000,information_technology,"{""dataset"":""baocgb/vietnam-it-jobs-raw-data-from-topcv-2026"",""dataset_commit"":""kaggle-9263561-v1:e78ff2b6ed521ad894a70271a3254fcf434813916fdade4f7d449bc4fdf34ef9"",""dataset_url"":""https://www.kaggle.com/datasets/baocgb/vietnam-it-jobs-raw-data-from-topcv-2026"",""dataset_version"":""1"",""license"":""CC-BY-4.0"",""location_normalizer_revision"":""2026-07-19.1"",""raw_sha256"":""e78ff2b6ed521ad894a70271a3254fcf434813916fdade4f7d449bc4fdf34ef9"",""salary_source_currency"":""VND"",""source_url"":""https://www.topcv.vn/viec-lam/system-engineer-upto-45m/1994271.html"",""title_normalizer_revision"":""2f434fba22de3a14c1b199331c8ca18408dc72e702071bf4bbfe380daff40f58""}"
topcv,1994281,2025-12-25,"Software Developer (Backend CRM, Mobile & Web)",Backend Developer,mid,Ha Noi,2,2,[],30000000,35000000,information_technology,"{""dataset"":""baocgb/vietnam-it-jobs-raw-data-from-topcv-2026"",""dataset_commit"":""kaggle-9263561-v1:e78ff2b6ed521ad894a70271a3254fcf434813916fdade4f7d449bc4fdf34ef9"",""dataset_url"":""https://www.kaggle.com/datasets/baocgb/vietnam-it-jobs-raw-data-from-topcv-2026"",""dataset_version"":""1"",""license"":""CC-BY-4.0"",""location_normalizer_revision"":""2026-07-19.1"",""raw_sha256"":""e78ff2b6ed521ad894a70271a3254fcf434813916fdade4f7d449bc4fdf34ef9"",""salary_source_currency"":""VND"",""source_url"":""https://www.topcv.vn/viec-lam/software-developer-backend-crm-mobile-web/1994281.html"",""title_normalizer_revision"":""2f434fba22de3a14c1b199331c8ca18408dc72e702071bf4bbfe380daff40f58""}"
topcv,1994291,2026-01-09,Postsale Security Engineer - Upto 35M,Security Engineer,mid,Ha Noi,1,1,[],,35000000,information_technology,"{""dataset"":""baocgb/vietnam-it-jobs-raw-data-from-topcv-2026"",""dataset_commit"":""kaggle-9263561-v1:e78ff2b6ed521ad894a70271a3254fcf434813916fdade4f7d449bc4fdf34ef9"",""dataset_url"":""https://www.kaggle.com/datasets/baocgb/vietnam-it-jobs-raw-data-from-topcv-2026"",""dataset_version"":""1"",""license"":""CC-BY-4.0"",""location_normalizer_revision"":""2026-07-19.1"",""raw_sha256"":""e78ff2b6ed521ad894a70271a3254fcf434813916fdade4f7d449bc4fdf34ef9"",""salary_source_currency"":""VND"",""source_url"":""https://www.topcv.vn/viec-lam/postsale-security-engineer-upto-35m/1994291.html"",""title_normalizer_revision"":""2f434fba22de3a14c1b199331c8ca18408dc72e702071bf4bbfe380daff40f58""}"
topcv,1994363,2025-12-25,Process Quality Assurance,QA Engineer,mid,Ha Noi,3,3,[],,30000000,information_technology,"{""dataset"":""baocgb/vietnam-it-jobs-raw-data-from-topcv-2026"",""dataset_commit"":""kaggle-9263561-v1:e78ff2b6ed521ad894a70271a3254fcf434813916fdade4f7d449bc4fdf34ef9"",""dataset_url"":""https://www.kaggle.com/datasets/baocgb/vietnam-it-jobs-raw-data-from-topcv-2026"",""dataset_version"":""1"",""license"":""CC-BY-4.0"",""location_normalizer_revision"":""2026-07-19.1"",""raw_sha256"":""e78ff2b6ed521ad894a70271a3254fcf434813916fdade4f7d449bc4fdf34ef9"",""salary_source_currency"":""VND"",""source_url"":""https://www.topcv.vn/viec-lam/process-quality-assurance/1994363.html"",""title_normalizer_revision"":""2f434fba22de3a14c1b199331c8ca18408dc72e702071bf4bbfe380daff40f58""}"
topcv,1994387,2025-12-25,Project Manager/Team Lead,Project Manager,lead,Ha Noi,3,3,[],20000000,37000000,information_technology,"{""dataset"":""baocgb/vietnam-it-jobs-raw-data-from-topcv-2026"",""dataset_commit"":""kaggle-9263561-v1:e78ff2b6ed521ad894a70271a3254fcf434813916fdade4f7d449bc4fdf34ef9"",""dataset_url"":""https://www.kaggle.com/datasets/baocgb/vietnam-it-jobs-raw-data-from-topcv-2026"",""dataset_version"":""1"",""license"":""CC-BY-4.0"",""location_normalizer_revision"":""2026-07-19.1"",""raw_sha256"":""e78ff2b6ed521ad894a70271a3254fcf434813916fdade4f7d449bc4fdf34ef9"",""salary_source_currency"":""VND"",""source_url"":""https://www.topcv.vn/viec-lam/project-manager-team-lead/1994387.html"",""title_normalizer_revision"":""2f434fba22de3a14c1b199331c8ca18408dc72e702071bf4bbfe380daff40f58""}"
topcv,1994418,2025-12-25,"Chuyên Gia Đánh Giá, Đào Tạo ISO (Ngành CNTT)","Senior Chuyên Gia Đánh Giá, Đào Tạo ISO Ngành CNTT ",senior,Ho Chi Minh,3,3,[],30000000,50000000,information_technology,"{""dataset"":""baocgb/vietnam-it-jobs-raw-data-from-topcv-2026"",""dataset_commit"":""kaggle-9263561-v1:e78ff2b6ed521ad894a70271a3254fcf434813916fdade4f7d449bc4fdf34ef9"",""dataset_url"":""https://www.kaggle.com/datasets/baocgb/vietnam-it-jobs-raw-data-from-topcv-2026"",""dataset_version"":""1"",""license"":""CC-BY-4.0"",""location_normalizer_revision"":""2026-07-19.1"",""raw_sha256"":""e78ff2b6ed521ad894a70271a3254fcf434813916fdade4f7d449bc4fdf34ef9"",""salary_source_currency"":""VND"",""source_url"":""https://www.topcv.vn/viec-lam/chuyen-gia-danh-gia-dao-tao-iso-nganh-cntt/1994418.html"",""title_normalizer_revision"":""2f434fba22de3a14c1b199331c8ca18408dc72e702071bf4bbfe380daff40f58""}"
topcv,1994620,2025-12-25,Chuyên Viên Phát Triển Phần Mềm,Software Engineer,mid,Ha Noi,2,2,[],16000000,22000000,information_technology,"{""dataset"":""baocgb/vietnam-it-jobs-raw-data-from-topcv-2026"",""dataset_commit"":""kaggle-9263561-v1:e78ff2b6ed521ad894a70271a3254fcf434813916fdade4f7d449bc4fdf34ef9"",""dataset_url"":""https://www.kaggle.com/datasets/baocgb/vietnam-it-jobs-raw-data-from-topcv-2026"",""dataset_version"":""1"",""license"":""CC-BY-4.0"",""location_normalizer_revision"":""2026-07-19.1"",""raw_sha256"":""e78ff2b6ed521ad894a70271a3254fcf434813916fdade4f7d449bc4fdf34ef9"",""salary_source_currency"":""VND"",""source_url"":""https://www.topcv.vn/brand/cpcongnghehoplong/tuyen-dung/chuyen-vien-phat-trien-phan-mem-j1994620.html"",""title_normalizer_revision"":""2f434fba22de3a14c1b199331c8ca18408dc72e702071bf4bbfe380daff40f58""}"
topcv,1994631,2025-12-25,Business Analyst Lead,Business Analyst,lead,Ha Noi,4,4,[],30000000,40000000,information_technology,"{""dataset"":""baocgb/vietnam-it-jobs-raw-data-from-topcv-2026"",""dataset_commit"":""kaggle-9263561-v1:e78ff2b6ed521ad894a70271a3254fcf434813916fdade4f7d449bc4fdf34ef9"",""dataset_url"":""https://www.kaggle.com/datasets/baocgb/vietnam-it-jobs-raw-data-from-topcv-2026"",""dataset_version"":""1"",""license"":""CC-BY-4.0"",""location_normalizer_revision"":""2026-07-19.1"",""raw_sha256"":""e78ff2b6ed521ad894a70271a3254fcf434813916fdade4f7d449bc4fdf34ef9"",""salary_source_currency"":""VND"",""source_url"":""https://www.topcv.vn/viec-lam/business-analyst-lead/1994631.html"",""title_normalizer_revision"":""2f434fba22de3a14c1b199331c8ca18408dc72e702071bf4bbfe380daff40f58""}"
topcv,1994639,2025-12-25,Korean IT Comtor,Korean IT Comtor,mid,Ho Chi Minh,1,1,[],15000000,18000000,information_technology,"{""dataset"":""baocgb/vietnam-it-jobs-raw-data-from-topcv-2026"",""dataset_commit"":""kaggle-9263561-v1:e78ff2b6ed521ad894a70271a3254fcf434813916fdade4f7d449bc4fdf34ef9"",""dataset_url"":""https://www.kaggle.com/datasets/baocgb/vietnam-it-jobs-raw-data-from-topcv-2026"",""dataset_version"":""1"",""license"":""CC-BY-4.0"",""location_normalizer_revision"":""2026-07-19.1"",""raw_sha256"":""e78ff2b6ed521ad894a70271a3254fcf434813916fdade4f7d449bc4fdf34ef9"",""salary_source_currency"":""VND"",""source_url"":""https://www.topcv.vn/viec-lam/korean-it-comtor/1994639.html"",""title_normalizer_revision"":""2f434fba22de3a14c1b199331c8ca18408dc72e702071bf4bbfe380daff40f58""}"
topcv,1994669,2025-12-25,Presale Collaboration Engineer - Upto 45M,Presale Collaboration Engineer - Upto 45M,mid,Ha Noi,2,2,[],,45000000,information_technology,"{""dataset"":""baocgb/vietnam-it-jobs-raw-data-from-topcv-2026"",""dataset_commit"":""kaggle-9263561-v1:e78ff2b6ed521ad894a70271a3254fcf434813916fdade4f7d449bc4fdf34ef9"",""dataset_url"":""https://www.kaggle.com/datasets/baocgb/vietnam-it-jobs-raw-data-from-topcv-2026"",""dataset_version"":""1"",""license"":""CC-BY-4.0"",""location_normalizer_revision"":""2026-07-19.1"",""raw_sha256"":""e78ff2b6ed521ad894a70271a3254fcf434813916fdade4f7d449bc4fdf34ef9"",""salary_source_currency"":""VND"",""source_url"":""https://www.topcv.vn/viec-lam/presale-collaboration-engineer-upto-45m/1994669.html"",""title_normalizer_revision"":""2f434fba22de3a14c1b199331c8ca18408dc72e702071bf4bbfe380daff40f58""}"
topcv,1994695,2025-12-25,Presale Security Engineer - Upto 45M,Security Engineer,mid,Ha Noi,2,2,[],,45000000,information_technology,"{""dataset"":""baocgb/vietnam-it-jobs-raw-data-from-topcv-2026"",""dataset_commit"":""kaggle-9263561-v1:e78ff2b6ed521ad894a70271a3254fcf434813916fdade4f7d449bc4fdf34ef9"",""dataset_url"":""https://www.kaggle.com/datasets/baocgb/vietnam-it-jobs-raw-data-from-topcv-2026"",""dataset_version"":""1"",""license"":""CC-BY-4.0"",""location_normalizer_revision"":""2026-07-19.1"",""raw_sha256"":""e78ff2b6ed521ad894a70271a3254fcf434813916fdade4f7d449bc4fdf34ef9"",""salary_source_currency"":""VND"",""source_url"":""https://www.topcv.vn/viec-lam/presale-security-engineer-upto-45m/1994695.html"",""title_normalizer_revision"":""2f434fba22de3a14c1b199331c8ca18408dc72e702071bf4bbfe380daff40f58""}"
topcv,1994739,2025-12-25,Backend Developer,Backend Developer,mid,Da Nang,3,3,[],40000000,60000000,information_technology,"{""dataset"":""baocgb/vietnam-it-jobs-raw-data-from-topcv-2026"",""dataset_commit"":""kaggle-9263561-v1:e78ff2b6ed521ad894a70271a3254fcf434813916fdade4f7d449bc4fdf34ef9"",""dataset_url"":""https://www.kaggle.com/datasets/baocgb/vietnam-it-jobs-raw-data-from-topcv-2026"",""dataset_version"":""1"",""license"":""CC-BY-4.0"",""location_normalizer_revision"":""2026-07-19.1"",""raw_sha256"":""e78ff2b6ed521ad894a70271a3254fcf434813916fdade4f7d449bc4fdf34ef9"",""salary_source_currency"":""VND"",""source_url"":""https://www.topcv.vn/viec-lam/backend-developer/1994739.html"",""title_normalizer_revision"":""2f434fba22de3a14c1b199331c8ca18408dc72e702071bf4bbfe380daff40f58""}"
topcv,1994895,2025-12-25,Senior IT Helpdesk,Senior IT Support,senior,Đồng Nai,5,5,[],18000000,22000000,information_technology,"{""dataset"":""baocgb/vietnam-it-jobs-raw-data-from-topcv-2026"",""dataset_commit"":""kaggle-9263561-v1:e78ff2b6ed521ad894a70271a3254fcf434813916fdade4f7d449bc4fdf34ef9"",""dataset_url"":""https://www.kaggle.com/datasets/baocgb/vietnam-it-jobs-raw-data-from-topcv-2026"",""dataset_version"":""1"",""license"":""CC-BY-4.0"",""location_normalizer_revision"":""2026-07-19.1"",""raw_sha256"":""e78ff2b6ed521ad894a70271a3254fcf434813916fdade4f7d449bc4fdf34ef9"",""salary_source_currency"":""VND"",""source_url"":""https://www.topcv.vn/viec-lam/senior-it-helpdesk/1994895.html"",""title_normalizer_revision"":""2f434fba22de3a14c1b199331c8ca18408dc72e702071bf4bbfe380daff40f58""}"
topcv,1994926,2025-12-25,Senior IT Helpdesk,Senior IT Support,senior,Đồng Nai,5,5,[],18000000,22000000,information_technology,"{""dataset"":""baocgb/vietnam-it-jobs-raw-data-from-topcv-2026"",""dataset_commit"":""kaggle-9263561-v1:e78ff2b6ed521ad894a70271a3254fcf434813916fdade4f7d449bc4fdf34ef9"",""dataset_url"":""https://www.kaggle.com/datasets/baocgb/vietnam-it-jobs-raw-data-from-topcv-2026"",""dataset_version"":""1"",""license"":""CC-BY-4.0"",""location_normalizer_revision"":""2026-07-19.1"",""raw_sha256"":""e78ff2b6ed521ad894a70271a3254fcf434813916fdade4f7d449bc4fdf34ef9"",""salary_source_currency"":""VND"",""source_url"":""https://www.topcv.vn/viec-lam/senior-it-helpdesk/1994926.html"",""title_normalizer_revision"":""2f434fba22de3a14c1b199331c8ca18408dc72e702071bf4bbfe380daff40f58""}"
topcv,1995040,2025-12-25,Backend Developer (Python) - Mức Lương 30tr/Tháng - Khu Vực Cầu Giấy,Backend Developer,mid,Ha Noi,3,3,[],30000000,,information_technology,"{""dataset"":""baocgb/vietnam-it-jobs-raw-data-from-topcv-2026"",""dataset_commit"":""kaggle-9263561-v1:e78ff2b6ed521ad894a70271a3254fcf434813916fdade4f7d449bc4fdf34ef9"",""dataset_url"":""https://www.kaggle.com/datasets/baocgb/vietnam-it-jobs-raw-data-from-topcv-2026"",""dataset_version"":""1"",""license"":""CC-BY-4.0"",""location_normalizer_revision"":""2026-07-19.1"",""raw_sha256"":""e78ff2b6ed521ad894a70271a3254fcf434813916fdade4f7d449bc4fdf34ef9"",""salary_source_currency"":""VND"",""source_url"":""https://www.topcv.vn/viec-lam/backend-developer-python-muc-luong-30tr-thang-khu-vuc-cau-giay/1995040.html"",""title_normalizer_revision"":""2f434fba22de3a14c1b199331c8ca18408dc72e702071bf4bbfe380daff40f58""}"
topcv,1995061,2025-12-25,Nhân Viên IT Admin Ad / Ms365 / Nas,Nhân Viên IT Admin Ad / Ms365 / Nas,mid,Ho Chi Minh,1,1,[],10000000,15000000,information_technology,"{""dataset"":""baocgb/vietnam-it-jobs-raw-data-from-topcv-2026"",""dataset_commit"":""kaggle-9263561-v1:e78ff2b6ed521ad894a70271a3254fcf434813916fdade4f7d449bc4fdf34ef9"",""dataset_url"":""https://www.kaggle.com/datasets/baocgb/vietnam-it-jobs-raw-data-from-topcv-2026"",""dataset_version"":""1"",""license"":""CC-BY-4.0"",""location_normalizer_revision"":""2026-07-19.1"",""raw_sha256"":""e78ff2b6ed521ad894a70271a3254fcf434813916fdade4f7d449bc4fdf34ef9"",""salary_source_currency"":""VND"",""source_url"":""https://www.topcv.vn/viec-lam/nhan-vien-it-admin-ad-ms365-nas/1995061.html"",""title_normalizer_revision"":""2f434fba22de3a14c1b199331c8ca18408dc72e702071bf4bbfe380daff40f58""}"
topcv,1995164,2025-12-25,IT Tiếng Nhật N3,IT Tiếng Nhật N3,mid,Ho Chi Minh,3,3,[],15000000,17000000,information_technology,"{""dataset"":""baocgb/vietnam-it-jobs-raw-data-from-topcv-2026"",""dataset_commit"":""kaggle-9263561-v1:e78ff2b6ed521ad894a70271a3254fcf434813916fdade4f7d449bc4fdf34ef9"",""dataset_url"":""https://www.kaggle.com/datasets/baocgb/vietnam-it-jobs-raw-data-from-topcv-2026"",""dataset_version"":""1"",""license"":""CC-BY-4.0"",""location_normalizer_revision"":""2026-07-19.1"",""raw_sha256"":""e78ff2b6ed521ad894a70271a3254fcf434813916fdade4f7d449bc4fdf34ef9"",""salary_source_currency"":""VND"",""source_url"":""https://www.topcv.vn/viec-lam/it-tieng-nhat-n3/1995164.html"",""title_normalizer_revision"":""2f434fba22de3a14c1b199331c8ca18408dc72e702071bf4bbfe380daff40f58""}"
topcv,1995259,2026-01-08,Digital Marketing - Có Ít Nhất Từ 1 Năm Kinh Nghiệm Chạy Ads,Digital Marketing - Có Ít Nhất Từ 1 Năm Kinh Nghiệm Chạy Ads,mid,Ha Noi,1,1,[],7500000,9000000,information_technology,"{""dataset"":""baocgb/vietnam-it-jobs-raw-data-from-topcv-2026"",""dataset_commit"":""kaggle-9263561-v1:e78ff2b6ed521ad894a70271a3254fcf434813916fdade4f7d449bc4fdf34ef9"",""dataset_url"":""https://www.kaggle.com/datasets/baocgb/vietnam-it-jobs-raw-data-from-topcv-2026"",""dataset_version"":""1"",""license"":""CC-BY-4.0"",""location_normalizer_revision"":""2026-07-19.1"",""raw_sha256"":""e78ff2b6ed521ad894a70271a3254fcf434813916fdade4f7d449bc4fdf34ef9"",""salary_source_currency"":""VND"",""source_url"":""https://www.topcv.vn/viec-lam/digital-marketing-co-it-nhat-tu-1-nam-kinh-nghiem-chay-ads/1995259.html"",""title_normalizer_revision"":""2f434fba22de3a14c1b199331c8ca18408dc72e702071bf4bbfe380daff40f58""}"
topcv,1995290,2025-12-25,Chuyên Viên Quản Lý Và Phát Triển Phần Mềm,Software Engineer,manager,Ha Noi,2,2,[],17000000,20000000,information_technology,"{""dataset"":""baocgb/vietnam-it-jobs-raw-data-from-topcv-2026"",""dataset_commit"":""kaggle-9263561-v1:e78ff2b6ed521ad894a70271a3254fcf434813916fdade4f7d449bc4fdf34ef9"",""dataset_url"":""https://www.kaggle.com/datasets/baocgb/vietnam-it-jobs-raw-data-from-topcv-2026"",""dataset_version"":""1"",""license"":""CC-BY-4.0"",""location_normalizer_revision"":""2026-07-19.1"",""raw_sha256"":""e78ff2b6ed521ad894a70271a3254fcf434813916fdade4f7d449bc4fdf34ef9"",""salary_source_currency"":""VND"",""source_url"":""https://www.topcv.vn/viec-lam/chuyen-vien-quan-ly-va-phat-trien-phan-mem/1995290.html"",""title_normalizer_revision"":""2f434fba22de3a14c1b199331c8ca18408dc72e702071bf4bbfe380daff40f58""}"
topcv,1995406,2025-12-25,Chuyên Viên Tư Vấn Giải Pháp (Presales),Chuyên Viên Tư Vấn Giải Pháp Presales ,mid,Ha Noi,3,3,[],15000000,30000000,information_technology,"{""dataset"":""baocgb/vietnam-it-jobs-raw-data-from-topcv-2026"",""dataset_commit"":""kaggle-9263561-v1:e78ff2b6ed521ad894a70271a3254fcf434813916fdade4f7d449bc4fdf34ef9"",""dataset_url"":""https://www.kaggle.com/datasets/baocgb/vietnam-it-jobs-raw-data-from-topcv-2026"",""dataset_version"":""1"",""license"":""CC-BY-4.0"",""location_normalizer_revision"":""2026-07-19.1"",""raw_sha256"":""e78ff2b6ed521ad894a70271a3254fcf434813916fdade4f7d449bc4fdf34ef9"",""salary_source_currency"":""VND"",""source_url"":""https://www.topcv.vn/viec-lam/chuyen-vien-tu-van-giai-phap-presales/1995406.html"",""title_normalizer_revision"":""2f434fba22de3a14c1b199331c8ca18408dc72e702071bf4bbfe380daff40f58""}"
topcv,1995411,2025-12-25,Business Analyst (App Banking),Business Analyst,mid,Ha Noi,2,2,[],25000000,34000000,information_technology,"{""dataset"":""baocgb/vietnam-it-jobs-raw-data-from-topcv-2026"",""dataset_commit"":""kaggle-9263561-v1:e78ff2b6ed521ad894a70271a3254fcf434813916fdade4f7d449bc4fdf34ef9"",""dataset_url"":""https://www.kaggle.com/datasets/baocgb/vietnam-it-jobs-raw-data-from-topcv-2026"",""dataset_version"":""1"",""license"":""CC-BY-4.0"",""location_normalizer_revision"":""2026-07-19.1"",""raw_sha256"":""e78ff2b6ed521ad894a70271a3254fcf434813916fdade4f7d449bc4fdf34ef9"",""salary_source_currency"":""VND"",""source_url"":""https://www.topcv.vn/viec-lam/business-analyst-app-banking/1995411.html"",""title_normalizer_revision"":""2f434fba22de3a14c1b199331c8ca18408dc72e702071bf4bbfe380daff40f58""}"
topcv,1995484,2025-12-25,Business Analyst Intern,Business Analyst,intern,Ho Chi Minh,,,[],1000000,3000000,information_technology,"{""dataset"":""baocgb/vietnam-it-jobs-raw-data-from-topcv-2026"",""dataset_commit"":""kaggle-9263561-v1:e78ff2b6ed521ad894a70271a3254fcf434813916fdade4f7d449bc4fdf34ef9"",""dataset_url"":""https://www.kaggle.com/datasets/baocgb/vietnam-it-jobs-raw-data-from-topcv-2026"",""dataset_version"":""1"",""license"":""CC-BY-4.0"",""location_normalizer_revision"":""2026-07-19.1"",""raw_sha256"":""e78ff2b6ed521ad894a70271a3254fcf434813916fdade4f7d449bc4fdf34ef9"",""salary_source_currency"":""VND"",""source_url"":""https://www.topcv.vn/viec-lam/business-analyst-intern/1995484.html"",""title_normalizer_revision"":""2f434fba22de3a14c1b199331c8ca18408dc72e702071bf4bbfe380daff40f58""}"
topcv,1995553,2025-12-25,Product Management Executive,Product Management Executive,mid,Ho Chi Minh,1,1,[],15000000,20000000,information_technology,"{""dataset"":""baocgb/vietnam-it-jobs-raw-data-from-topcv-2026"",""dataset_commit"":""kaggle-9263561-v1:e78ff2b6ed521ad894a70271a3254fcf434813916fdade4f7d449bc4fdf34ef9"",""dataset_url"":""https://www.kaggle.com/datasets/baocgb/vietnam-it-jobs-raw-data-from-topcv-2026"",""dataset_version"":""1"",""license"":""CC-BY-4.0"",""location_normalizer_revision"":""2026-07-19.1"",""raw_sha256"":""e78ff2b6ed521ad894a70271a3254fcf434813916fdade4f7d449bc4fdf34ef9"",""salary_source_currency"":""VND"",""source_url"":""https://www.topcv.vn/viec-lam/product-management-executive/1995553.html"",""title_normalizer_revision"":""2f434fba22de3a14c1b199331c8ca18408dc72e702071bf4bbfe380daff40f58""}"
topcv,1995593,2025-12-25,Unity Development Intern,Unity Development Intern,intern,Ha Noi,,,[],,8000000,information_technology,"{""dataset"":""baocgb/vietnam-it-jobs-raw-data-from-topcv-2026"",""dataset_commit"":""kaggle-9263561-v1:e78ff2b6ed521ad894a70271a3254fcf434813916fdade4f7d449bc4fdf34ef9"",""dataset_url"":""https://www.kaggle.com/datasets/baocgb/vietnam-it-jobs-raw-data-from-topcv-2026"",""dataset_version"":""1"",""license"":""CC-BY-4.0"",""location_normalizer_revision"":""2026-07-19.1"",""raw_sha256"":""e78ff2b6ed521ad894a70271a3254fcf434813916fdade4f7d449bc4fdf34ef9"",""salary_source_currency"":""VND"",""source_url"":""https://www.topcv.vn/viec-lam/unity-development-intern/1995593.html"",""title_normalizer_revision"":""2f434fba22de3a14c1b199331c8ca18408dc72e702071bf4bbfe380daff40f58""}"
topcv,1995649,2025-12-25,Tech Lead (Full-Stack / System Owner),Fullstack Developer,lead,Ha Noi,5,5,[],30000000,50000000,information_technology,"{""dataset"":""baocgb/vietnam-it-jobs-raw-data-from-topcv-2026"",""dataset_commit"":""kaggle-9263561-v1:e78ff2b6ed521ad894a70271a3254fcf434813916fdade4f7d449bc4fdf34ef9"",""dataset_url"":""https://www.kaggle.com/datasets/baocgb/vietnam-it-jobs-raw-data-from-topcv-2026"",""dataset_version"":""1"",""license"":""CC-BY-4.0"",""location_normalizer_revision"":""2026-07-19.1"",""raw_sha256"":""e78ff2b6ed521ad894a70271a3254fcf434813916fdade4f7d449bc4fdf34ef9"",""salary_source_currency"":""VND"",""source_url"":""https://www.topcv.vn/viec-lam/tech-lead-full-stack-system-owner/1995649.html"",""title_normalizer_revision"":""2f434fba22de3a14c1b199331c8ca18408dc72e702071bf4bbfe380daff40f58""}"
topcv,1995651,2025-12-25,"Fullstack Developer (Java, Angular)",Fullstack Developer,mid,Ha Noi,3,3,[],20000000,34000000,information_technology,"{""dataset"":""baocgb/vietnam-it-jobs-raw-data-from-topcv-2026"",""dataset_commit"":""kaggle-9263561-v1:e78ff2b6ed521ad894a70271a3254fcf434813916fdade4f7d449bc4fdf34ef9"",""dataset_url"":""https://www.kaggle.com/datasets/baocgb/vietnam-it-jobs-raw-data-from-topcv-2026"",""dataset_version"":""1"",""license"":""CC-BY-4.0"",""location_normalizer_revision"":""2026-07-19.1"",""raw_sha256"":""e78ff2b6ed521ad894a70271a3254fcf434813916fdade4f7d449bc4fdf34ef9"",""salary_source_currency"":""VND"",""source_url"":""https://www.topcv.vn/viec-lam/fullstack-developer-java-angular/1995651.html"",""title_normalizer_revision"":""2f434fba22de3a14c1b199331c8ca18408dc72e702071bf4bbfe380daff40f58""}"
topcv,1995676,2025-12-25,Liferay Developer,Liferay Developer,mid,Ha Noi,1,1,[],20000000,34000000,information_technology,"{""dataset"":""baocgb/vietnam-it-jobs-raw-data-from-topcv-2026"",""dataset_commit"":""kaggle-9263561-v1:e78ff2b6ed521ad894a70271a3254fcf434813916fdade4f7d449bc4fdf34ef9"",""dataset_url"":""https://www.kaggle.com/datasets/baocgb/vietnam-it-jobs-raw-data-from-topcv-2026"",""dataset_version"":""1"",""license"":""CC-BY-4.0"",""location_normalizer_revision"":""2026-07-19.1"",""raw_sha256"":""e78ff2b6ed521ad894a70271a3254fcf434813916fdade4f7d449bc4fdf34ef9"",""salary_source_currency"":""VND"",""source_url"":""https://www.topcv.vn/viec-lam/liferay-developer/1995676.html"",""title_normalizer_revision"":""2f434fba22de3a14c1b199331c8ca18408dc72e702071bf4bbfe380daff40f58""}"
topcv,1995751,2025-12-25,"Lập Trình Viên PHP [Hà Nội] - Thu Nhập Upto 18 Triệu, Tối Thiểu 2 Năm Kinh Nghiệm",Backend Developer,mid,Ha Noi,2,2,[],12000000,18000000,information_technology,"{""dataset"":""baocgb/vietnam-it-jobs-raw-data-from-topcv-2026"",""dataset_commit"":""kaggle-9263561-v1:e78ff2b6ed521ad894a70271a3254fcf434813916fdade4f7d449bc4fdf34ef9"",""dataset_url"":""https://www.kaggle.com/datasets/baocgb/vietnam-it-jobs-raw-data-from-topcv-2026"",""dataset_version"":""1"",""license"":""CC-BY-4.0"",""location_normalizer_revision"":""2026-07-19.1"",""raw_sha256"":""e78ff2b6ed521ad894a70271a3254fcf434813916fdade4f7d449bc4fdf34ef9"",""salary_source_currency"":""VND"",""source_url"":""https://www.topcv.vn/viec-lam/lap-trinh-vien-php-ha-noi-thu-nhap-upto-18-trieu-toi-thieu-2-nam-kinh-nghiem/1995751.html"",""title_normalizer_revision"":""2f434fba22de3a14c1b199331c8ca18408dc72e702071bf4bbfe380daff40f58""}"
topcv,1995758,2025-12-25,Lead Full-Stack Engineer,Fullstack Developer,lead,Ha Noi,4,4,[],35000000,45000000,information_technology,"{""dataset"":""baocgb/vietnam-it-jobs-raw-data-from-topcv-2026"",""dataset_commit"":""kaggle-9263561-v1:e78ff2b6ed521ad894a70271a3254fcf434813916fdade4f7d449bc4fdf34ef9"",""dataset_url"":""https://www.kaggle.com/datasets/baocgb/vietnam-it-jobs-raw-data-from-topcv-2026"",""dataset_version"":""1"",""license"":""CC-BY-4.0"",""location_normalizer_revision"":""2026-07-19.1"",""raw_sha256"":""e78ff2b6ed521ad894a70271a3254fcf434813916fdade4f7d449bc4fdf34ef9"",""salary_source_currency"":""VND"",""source_url"":""https://www.topcv.vn/viec-lam/lead-full-stack-engineer/1995758.html"",""title_normalizer_revision"":""2f434fba22de3a14c1b199331c8ca18408dc72e702071bf4bbfe380daff40f58""}"
topcv,1995766,2025-12-25,IT Helpdesk,IT Support,mid,Ha Noi,2,2,[],12000000,15000000,information_technology,"{""dataset"":""baocgb/vietnam-it-jobs-raw-data-from-topcv-2026"",""dataset_commit"":""kaggle-9263561-v1:e78ff2b6ed521ad894a70271a3254fcf434813916fdade4f7d449bc4fdf34ef9"",""dataset_url"":""https://www.kaggle.com/datasets/baocgb/vietnam-it-jobs-raw-data-from-topcv-2026"",""dataset_version"":""1"",""license"":""CC-BY-4.0"",""location_normalizer_revision"":""2026-07-19.1"",""raw_sha256"":""e78ff2b6ed521ad894a70271a3254fcf434813916fdade4f7d449bc4fdf34ef9"",""salary_source_currency"":""VND"",""source_url"":""https://www.topcv.vn/viec-lam/it-helpdesk/1995766.html"",""title_normalizer_revision"":""2f434fba22de3a14c1b199331c8ca18408dc72e702071bf4bbfe380daff40f58""}"
topcv,1995772,2025-12-25,2D Artist,2D Artist,mid,Ha Noi,1,1,[],13000000,20000000,information_technology,"{""dataset"":""baocgb/vietnam-it-jobs-raw-data-from-topcv-2026"",""dataset_commit"":""kaggle-9263561-v1:e78ff2b6ed521ad894a70271a3254fcf434813916fdade4f7d449bc4fdf34ef9"",""dataset_url"":""https://www.kaggle.com/datasets/baocgb/vietnam-it-jobs-raw-data-from-topcv-2026"",""dataset_version"":""1"",""license"":""CC-BY-4.0"",""location_normalizer_revision"":""2026-07-19.1"",""raw_sha256"":""e78ff2b6ed521ad894a70271a3254fcf434813916fdade4f7d449bc4fdf34ef9"",""salary_source_currency"":""VND"",""source_url"":""https://www.topcv.vn/viec-lam/2d-artist/1995772.html"",""title_normalizer_revision"":""2f434fba22de3a14c1b199331c8ca18408dc72e702071bf4bbfe380daff40f58""}"
topcv,1995846,2025-12-25,IT Helpdesk,IT Support,mid,Ha Noi,1,1,[],10000000,15000000,information_technology,"{""dataset"":""baocgb/vietnam-it-jobs-raw-data-from-topcv-2026"",""dataset_commit"":""kaggle-9263561-v1:e78ff2b6ed521ad894a70271a3254fcf434813916fdade4f7d449bc4fdf34ef9"",""dataset_url"":""https://www.kaggle.com/datasets/baocgb/vietnam-it-jobs-raw-data-from-topcv-2026"",""dataset_version"":""1"",""license"":""CC-BY-4.0"",""location_normalizer_revision"":""2026-07-19.1"",""raw_sha256"":""e78ff2b6ed521ad894a70271a3254fcf434813916fdade4f7d449bc4fdf34ef9"",""salary_source_currency"":""VND"",""source_url"":""https://www.topcv.vn/viec-lam/it-helpdesk/1995846.html"",""title_normalizer_revision"":""2f434fba22de3a14c1b199331c8ca18408dc72e702071bf4bbfe380daff40f58""}"
topcv,1995899,2025-12-25,Junior – Senior Java,Junior – Senior Java,junior,Ha Noi,2,2,[],15000000,50000000,information_technology,"{""dataset"":""baocgb/vietnam-it-jobs-raw-data-from-topcv-2026"",""dataset_commit"":""kaggle-9263561-v1:e78ff2b6ed521ad894a70271a3254fcf434813916fdade4f7d449bc4fdf34ef9"",""dataset_url"":""https://www.kaggle.com/datasets/baocgb/vietnam-it-jobs-raw-data-from-topcv-2026"",""dataset_version"":""1"",""license"":""CC-BY-4.0"",""location_normalizer_revision"":""2026-07-19.1"",""raw_sha256"":""e78ff2b6ed521ad894a70271a3254fcf434813916fdade4f7d449bc4fdf34ef9"",""salary_source_currency"":""USD"",""source_url"":""https://www.topcv.vn/viec-lam/junior-senior-java/1995899.html"",""title_normalizer_revision"":""2f434fba22de3a14c1b199331c8ca18408dc72e702071bf4bbfe380daff40f58"",""usd_to_vnd"":""25000""}"
topcv,1995908,2026-01-01,IT Comtor,IT Comtor,mid,Ho Chi Minh,1,1,[],12000000,23000000,information_technology,"{""dataset"":""baocgb/vietnam-it-jobs-raw-data-from-topcv-2026"",""dataset_commit"":""kaggle-9263561-v1:e78ff2b6ed521ad894a70271a3254fcf434813916fdade4f7d449bc4fdf34ef9"",""dataset_url"":""https://www.kaggle.com/datasets/baocgb/vietnam-it-jobs-raw-data-from-topcv-2026"",""dataset_version"":""1"",""license"":""CC-BY-4.0"",""location_normalizer_revision"":""2026-07-19.1"",""raw_sha256"":""e78ff2b6ed521ad894a70271a3254fcf434813916fdade4f7d449bc4fdf34ef9"",""salary_source_currency"":""VND"",""source_url"":""https://www.topcv.vn/viec-lam/it-comtor/1995908.html"",""title_normalizer_revision"":""2f434fba22de3a14c1b199331c8ca18408dc72e702071bf4bbfe380daff40f58""}"
topcv,1996044,2026-01-01,Chuyên Viên Chính Sách Và Tuân Thủ ATTT,Chuyên Viên Chính Sách Và Tuân Thủ ATTT,mid,Ha Noi,4,4,[],,37500000,information_technology,"{""dataset"":""baocgb/vietnam-it-jobs-raw-data-from-topcv-2026"",""dataset_commit"":""kaggle-9263561-v1:e78ff2b6ed521ad894a70271a3254fcf434813916fdade4f7d449bc4fdf34ef9"",""dataset_url"":""https://www.kaggle.com/datasets/baocgb/vietnam-it-jobs-raw-data-from-topcv-2026"",""dataset_version"":""1"",""license"":""CC-BY-4.0"",""location_normalizer_revision"":""2026-07-19.1"",""raw_sha256"":""e78ff2b6ed521ad894a70271a3254fcf434813916fdade4f7d449bc4fdf34ef9"",""salary_source_currency"":""USD"",""source_url"":""https://www.topcv.vn/viec-lam/chuyen-vien-chinh-sach-va-tuan-thu-attt/1996044.html"",""title_normalizer_revision"":""2f434fba22de3a14c1b199331c8ca18408dc72e702071bf4bbfe380daff40f58"",""usd_to_vnd"":""25000""}"
topcv,1996052,2025-12-25,Junior C (Linux) Developer,Junior C Linux Developer,junior,Ho Chi Minh,1,1,[],6900000,20000000,information_technology,"{""dataset"":""baocgb/vietnam-it-jobs-raw-data-from-topcv-2026"",""dataset_commit"":""kaggle-9263561-v1:e78ff2b6ed521ad894a70271a3254fcf434813916fdade4f7d449bc4fdf34ef9"",""dataset_url"":""https://www.kaggle.com/datasets/baocgb/vietnam-it-jobs-raw-data-from-topcv-2026"",""dataset_version"":""1"",""license"":""CC-BY-4.0"",""location_normalizer_revision"":""2026-07-19.1"",""raw_sha256"":""e78ff2b6ed521ad894a70271a3254fcf434813916fdade4f7d449bc4fdf34ef9"",""salary_source_currency"":""VND"",""source_url"":""https://www.topcv.vn/viec-lam/junior-c-linux-developer/1996052.html"",""title_normalizer_revision"":""2f434fba22de3a14c1b199331c8ca18408dc72e702071bf4bbfe380daff40f58""}"
topcv,1996154,2025-12-25,Frontend Developer,Frontend Developer,mid,Da Nang,3,3,[],50000000,90000000,information_technology,"{""dataset"":""baocgb/vietnam-it-jobs-raw-data-from-topcv-2026"",""dataset_commit"":""kaggle-9263561-v1:e78ff2b6ed521ad894a70271a3254fcf434813916fdade4f7d449bc4fdf34ef9"",""dataset_url"":""https://www.kaggle.com/datasets/baocgb/vietnam-it-jobs-raw-data-from-topcv-2026"",""dataset_version"":""1"",""license"":""CC-BY-4.0"",""location_normalizer_revision"":""2026-07-19.1"",""raw_sha256"":""e78ff2b6ed521ad894a70271a3254fcf434813916fdade4f7d449bc4fdf34ef9"",""salary_source_currency"":""VND"",""source_url"":""https://www.topcv.vn/viec-lam/frontend-developer/1996154.html"",""title_normalizer_revision"":""2f434fba22de3a14c1b199331c8ca18408dc72e702071bf4bbfe380daff40f58""}"
topcv,1996164,2025-12-25,FullStack PHP Developer,Backend Developer,mid,Da Nang,3,3,[],50000000,80000000,information_technology,"{""dataset"":""baocgb/vietnam-it-jobs-raw-data-from-topcv-2026"",""dataset_commit"":""kaggle-9263561-v1:e78ff2b6ed521ad894a70271a3254fcf434813916fdade4f7d449bc4fdf34ef9"",""dataset_url"":""https://www.kaggle.com/datasets/baocgb/vietnam-it-jobs-raw-data-from-topcv-2026"",""dataset_version"":""1"",""license"":""CC-BY-4.0"",""location_normalizer_revision"":""2026-07-19.1"",""raw_sha256"":""e78ff2b6ed521ad894a70271a3254fcf434813916fdade4f7d449bc4fdf34ef9"",""salary_source_currency"":""VND"",""source_url"":""https://www.topcv.vn/viec-lam/fullstack-php-developer/1996164.html"",""title_normalizer_revision"":""2f434fba22de3a14c1b199331c8ca18408dc72e702071bf4bbfe380daff40f58""}"
topcv,1996171,2025-12-25,Business Solutions Advisor (BSA),Business Solutions Advisor BSA ,mid,Ha Noi,3,3,[],18000000,25000000,information_technology,"{""dataset"":""baocgb/vietnam-it-jobs-raw-data-from-topcv-2026"",""dataset_commit"":""kaggle-9263561-v1:e78ff2b6ed521ad894a70271a3254fcf434813916fdade4f7d449bc4fdf34ef9"",""dataset_url"":""https://www.kaggle.com/datasets/baocgb/vietnam-it-jobs-raw-data-from-topcv-2026"",""dataset_version"":""1"",""license"":""CC-BY-4.0"",""location_normalizer_revision"":""2026-07-19.1"",""raw_sha256"":""e78ff2b6ed521ad894a70271a3254fcf434813916fdade4f7d449bc4fdf34ef9"",""salary_source_currency"":""VND"",""source_url"":""https://www.topcv.vn/viec-lam/business-solutions-advisor-bsa/1996171.html"",""title_normalizer_revision"":""2f434fba22de3a14c1b199331c8ca18408dc72e702071bf4bbfe380daff40f58""}"
topcv,1996340,2026-01-01,Nhân Viên Kỹ Thuật,Nhân Viên Kỹ Thuật,mid,Ho Chi Minh,2,2,[],12000000,15000000,information_technology,"{""dataset"":""baocgb/vietnam-it-jobs-raw-data-from-topcv-2026"",""dataset_commit"":""kaggle-9263561-v1:e78ff2b6ed521ad894a70271a3254fcf434813916fdade4f7d449bc4fdf34ef9"",""dataset_url"":""https://www.kaggle.com/datasets/baocgb/vietnam-it-jobs-raw-data-from-topcv-2026"",""dataset_version"":""1"",""license"":""CC-BY-4.0"",""location_normalizer_revision"":""2026-07-19.1"",""raw_sha256"":""e78ff2b6ed521ad894a70271a3254fcf434813916fdade4f7d449bc4fdf34ef9"",""salary_source_currency"":""VND"",""source_url"":""https://www.topcv.vn/viec-lam/nhan-vien-ky-thuat/1996340.html"",""title_normalizer_revision"":""2f434fba22de3a14c1b199331c8ca18408dc72e702071bf4bbfe380daff40f58""}"
topcv,1996372,2026-01-01,"Tester Leader (Auto & Manual, Sign Bonus)",QA Engineer,lead,Ha Noi,4,4,[],25000000,35000000,information_technology,"{""dataset"":""baocgb/vietnam-it-jobs-raw-data-from-topcv-2026"",""dataset_commit"":""kaggle-9263561-v1:e78ff2b6ed521ad894a70271a3254fcf434813916fdade4f7d449bc4fdf34ef9"",""dataset_url"":""https://www.kaggle.com/datasets/baocgb/vietnam-it-jobs-raw-data-from-topcv-2026"",""dataset_version"":""1"",""license"":""CC-BY-4.0"",""location_normalizer_revision"":""2026-07-19.1"",""raw_sha256"":""e78ff2b6ed521ad894a70271a3254fcf434813916fdade4f7d449bc4fdf34ef9"",""salary_source_currency"":""VND"",""source_url"":""https://www.topcv.vn/viec-lam/tester-leader-auto-manual-sign-bonus/1996372.html"",""title_normalizer_revision"":""2f434fba22de3a14c1b199331c8ca18408dc72e702071bf4bbfe380daff40f58""}"
topcv,1996440,2026-01-01,Chuyên Viên Kiểm Thử Phần Mềm (Tester R&D),QA Engineer,mid,Ha Noi,2,2,[],,20000000,information_technology,"{""dataset"":""baocgb/vietnam-it-jobs-raw-data-from-topcv-2026"",""dataset_commit"":""kaggle-9263561-v1:e78ff2b6ed521ad894a70271a3254fcf434813916fdade4f7d449bc4fdf34ef9"",""dataset_url"":""https://www.kaggle.com/datasets/baocgb/vietnam-it-jobs-raw-data-from-topcv-2026"",""dataset_version"":""1"",""license"":""CC-BY-4.0"",""location_normalizer_revision"":""2026-07-19.1"",""raw_sha256"":""e78ff2b6ed521ad894a70271a3254fcf434813916fdade4f7d449bc4fdf34ef9"",""salary_source_currency"":""VND"",""source_url"":""https://www.topcv.vn/viec-lam/chuyen-vien-kiem-thu-phan-mem-tester-rd/1996440.html"",""title_normalizer_revision"":""2f434fba22de3a14c1b199331c8ca18408dc72e702071bf4bbfe380daff40f58""}"
topcv,1996454,2026-01-01,Chuyên Viên Tư Vấn Giải Pháp Hệ Thống (System Presales),Chuyên Viên Tư Vấn Giải Pháp Hệ Thống System Presales ,mid,Ha Noi,3,3,[],,40000000,information_technology,"{""dataset"":""baocgb/vietnam-it-jobs-raw-data-from-topcv-2026"",""dataset_commit"":""kaggle-9263561-v1:e78ff2b6ed521ad894a70271a3254fcf434813916fdade4f7d449bc4fdf34ef9"",""dataset_url"":""https://www.kaggle.com/datasets/baocgb/vietnam-it-jobs-raw-data-from-topcv-2026"",""dataset_version"":""1"",""license"":""CC-BY-4.0"",""location_normalizer_revision"":""2026-07-19.1"",""raw_sha256"":""e78ff2b6ed521ad894a70271a3254fcf434813916fdade4f7d449bc4fdf34ef9"",""salary_source_currency"":""VND"",""source_url"":""https://www.topcv.vn/viec-lam/chuyen-vien-tu-van-giai-phap-he-thong-system-presales/1996454.html"",""title_normalizer_revision"":""2f434fba22de3a14c1b199331c8ca18408dc72e702071bf4bbfe380daff40f58""}"
topcv,1996599,2026-01-01,Fullstack Developer (Thành Thạo NodeJS & ReactJS),Fullstack Developer,mid,Ha Noi,2,2,[],15000000,35000000,information_technology,"{""dataset"":""baocgb/vietnam-it-jobs-raw-data-from-topcv-2026"",""dataset_commit"":""kaggle-9263561-v1:e78ff2b6ed521ad894a70271a3254fcf434813916fdade4f7d449bc4fdf34ef9"",""dataset_url"":""https://www.kaggle.com/datasets/baocgb/vietnam-it-jobs-raw-data-from-topcv-2026"",""dataset_version"":""1"",""license"":""CC-BY-4.0"",""location_normalizer_revision"":""2026-07-19.1"",""raw_sha256"":""e78ff2b6ed521ad894a70271a3254fcf434813916fdade4f7d449bc4fdf34ef9"",""salary_source_currency"":""VND"",""source_url"":""https://www.topcv.vn/viec-lam/fullstack-developer-thanh-thao-nodejs-reactjs/1996599.html"",""title_normalizer_revision"":""2f434fba22de3a14c1b199331c8ca18408dc72e702071bf4bbfe380daff40f58""}"
topcv,1996664,2026-01-08,Nhân Viên Kỹ Thuật Hỗ Trợ Khách Hàng Tại Nhà,Nhân Viên Kỹ Thuật Hỗ Trợ Khách Hàng Tại Nhà,mid,Ho Chi Minh,1,1,[],12000000,20000000,information_technology,"{""dataset"":""baocgb/vietnam-it-jobs-raw-data-from-topcv-2026"",""dataset_commit"":""kaggle-9263561-v1:e78ff2b6ed521ad894a70271a3254fcf434813916fdade4f7d449bc4fdf34ef9"",""dataset_url"":""https://www.kaggle.com/datasets/baocgb/vietnam-it-jobs-raw-data-from-topcv-2026"",""dataset_version"":""1"",""license"":""CC-BY-4.0"",""location_normalizer_revision"":""2026-07-19.1"",""raw_sha256"":""e78ff2b6ed521ad894a70271a3254fcf434813916fdade4f7d449bc4fdf34ef9"",""salary_source_currency"":""VND"",""source_url"":""https://www.topcv.vn/viec-lam/nhan-vien-ky-thuat-ho-tro-khach-hang-tai-nha/1996664.html"",""title_normalizer_revision"":""2f434fba22de3a14c1b199331c8ca18408dc72e702071bf4bbfe380daff40f58""}"
topcv,1996712,2026-01-01,Thực Tập Sinh Tuyển Dụng IT,Thực Tập Sinh Tuyển Dụng IT,intern,Ha Noi,1,1,[],3000000,4000000,information_technology,"{""dataset"":""baocgb/vietnam-it-jobs-raw-data-from-topcv-2026"",""dataset_commit"":""kaggle-9263561-v1:e78ff2b6ed521ad894a70271a3254fcf434813916fdade4f7d449bc4fdf34ef9"",""dataset_url"":""https://www.kaggle.com/datasets/baocgb/vietnam-it-jobs-raw-data-from-topcv-2026"",""dataset_version"":""1"",""license"":""CC-BY-4.0"",""location_normalizer_revision"":""2026-07-19.1"",""raw_sha256"":""e78ff2b6ed521ad894a70271a3254fcf434813916fdade4f7d449bc4fdf34ef9"",""salary_source_currency"":""VND"",""source_url"":""https://www.topcv.vn/viec-lam/thuc-tap-sinh-tuyen-dung-it/1996712.html"",""title_normalizer_revision"":""2f434fba22de3a14c1b199331c8ca18408dc72e702071bf4bbfe380daff40f58""}"
topcv,1996722,2026-01-01,Phó Phòng Công Nghệ Thông Tin - Fullstack Developer - Thu Nhập Upto 40 Triệu,Fullstack Developer,manager,Ha Noi,5,5,[],35000000,40000000,information_technology,"{""dataset"":""baocgb/vietnam-it-jobs-raw-data-from-topcv-2026"",""dataset_commit"":""kaggle-9263561-v1:e78ff2b6ed521ad894a70271a3254fcf434813916fdade4f7d449bc4fdf34ef9"",""dataset_url"":""https://www.kaggle.com/datasets/baocgb/vietnam-it-jobs-raw-data-from-topcv-2026"",""dataset_version"":""1"",""license"":""CC-BY-4.0"",""location_normalizer_revision"":""2026-07-19.1"",""raw_sha256"":""e78ff2b6ed521ad894a70271a3254fcf434813916fdade4f7d449bc4fdf34ef9"",""salary_source_currency"":""VND"",""source_url"":""https://www.topcv.vn/viec-lam/pho-phong-cong-nghe-thong-tin-fullstack-developer-thu-nhap-upto-40-trieu/1996722.html"",""title_normalizer_revision"":""2f434fba22de3a14c1b199331c8ca18408dc72e702071bf4bbfe380daff40f58""}"
topcv,1996732,2026-01-01,Fresher Automation Tester (Network),QA Engineer,fresher,Ha Noi,1,1,[],6000000,8000000,information_technology,"{""dataset"":""baocgb/vietnam-it-jobs-raw-data-from-topcv-2026"",""dataset_commit"":""kaggle-9263561-v1:e78ff2b6ed521ad894a70271a3254fcf434813916fdade4f7d449bc4fdf34ef9"",""dataset_url"":""https://www.kaggle.com/datasets/baocgb/vietnam-it-jobs-raw-data-from-topcv-2026"",""dataset_version"":""1"",""license"":""CC-BY-4.0"",""location_normalizer_revision"":""2026-07-19.1"",""raw_sha256"":""e78ff2b6ed521ad894a70271a3254fcf434813916fdade4f7d449bc4fdf34ef9"",""salary_source_currency"":""VND"",""source_url"":""https://www.topcv.vn/brand/fptsoftwareacademy/tuyen-dung/fresher-automation-tester-network-j1996732.html"",""title_normalizer_revision"":""2f434fba22de3a14c1b199331c8ca18408dc72e702071bf4bbfe380daff40f58""}"
topcv,1996744,2026-01-01,Java Developer,Backend Developer,mid,Ha Noi,2,2,[],,30000000,information_technology,"{""dataset"":""baocgb/vietnam-it-jobs-raw-data-from-topcv-2026"",""dataset_commit"":""kaggle-9263561-v1:e78ff2b6ed521ad894a70271a3254fcf434813916fdade4f7d449bc4fdf34ef9"",""dataset_url"":""https://www.kaggle.com/datasets/baocgb/vietnam-it-jobs-raw-data-from-topcv-2026"",""dataset_version"":""1"",""license"":""CC-BY-4.0"",""location_normalizer_revision"":""2026-07-19.1"",""raw_sha256"":""e78ff2b6ed521ad894a70271a3254fcf434813916fdade4f7d449bc4fdf34ef9"",""salary_source_currency"":""VND"",""source_url"":""https://www.topcv.vn/viec-lam/java-developer/1996744.html"",""title_normalizer_revision"":""2f434fba22de3a14c1b199331c8ca18408dc72e702071bf4bbfe380daff40f58""}"
topcv,1996849,2026-01-01,IT Support,IT Support,mid,Ha Noi,1,1,[],13000000,15000000,information_technology,"{""dataset"":""baocgb/vietnam-it-jobs-raw-data-from-topcv-2026"",""dataset_commit"":""kaggle-9263561-v1:e78ff2b6ed521ad894a70271a3254fcf434813916fdade4f7d449bc4fdf34ef9"",""dataset_url"":""https://www.kaggle.com/datasets/baocgb/vietnam-it-jobs-raw-data-from-topcv-2026"",""dataset_version"":""1"",""license"":""CC-BY-4.0"",""location_normalizer_revision"":""2026-07-19.1"",""raw_sha256"":""e78ff2b6ed521ad894a70271a3254fcf434813916fdade4f7d449bc4fdf34ef9"",""salary_source_currency"":""VND"",""source_url"":""https://www.topcv.vn/viec-lam/it-support/1996849.html"",""title_normalizer_revision"":""2f434fba22de3a14c1b199331c8ca18408dc72e702071bf4bbfe380daff40f58""}"
topcv,1996941,2026-01-01,"QC / QA ENGINEER (70% Automation, 30% Manual)",QA Engineer,mid,Ha Noi,2,2,[],20000000,31000000,information_technology,"{""dataset"":""baocgb/vietnam-it-jobs-raw-data-from-topcv-2026"",""dataset_commit"":""kaggle-9263561-v1:e78ff2b6ed521ad894a70271a3254fcf434813916fdade4f7d449bc4fdf34ef9"",""dataset_url"":""https://www.kaggle.com/datasets/baocgb/vietnam-it-jobs-raw-data-from-topcv-2026"",""dataset_version"":""1"",""license"":""CC-BY-4.0"",""location_normalizer_revision"":""2026-07-19.1"",""raw_sha256"":""e78ff2b6ed521ad894a70271a3254fcf434813916fdade4f7d449bc4fdf34ef9"",""salary_source_currency"":""VND"",""source_url"":""https://www.topcv.vn/viec-lam/qc-qa-engineer-70-automation-30-manual/1996941.html"",""title_normalizer_revision"":""2f434fba22de3a14c1b199331c8ca18408dc72e702071bf4bbfe380daff40f58""}"
topcv,1997010,2026-01-01,Account Manager - Mảng Khách Hàng Nhà Nước,Account Manager - Mảng Khách Hàng Nhà Nước,manager,Ho Chi Minh,2,2,[],15000000,25000000,information_technology,"{""dataset"":""baocgb/vietnam-it-jobs-raw-data-from-topcv-2026"",""dataset_commit"":""kaggle-9263561-v1:e78ff2b6ed521ad894a70271a3254fcf434813916fdade4f7d449bc4fdf34ef9"",""dataset_url"":""https://www.kaggle.com/datasets/baocgb/vietnam-it-jobs-raw-data-from-topcv-2026"",""dataset_version"":""1"",""license"":""CC-BY-4.0"",""location_normalizer_revision"":""2026-07-19.1"",""raw_sha256"":""e78ff2b6ed521ad894a70271a3254fcf434813916fdade4f7d449bc4fdf34ef9"",""salary_source_currency"":""VND"",""source_url"":""https://www.topcv.vn/viec-lam/account-manager-mang-khach-hang-nha-nuoc/1997010.html"",""title_normalizer_revision"":""2f434fba22de3a14c1b199331c8ca18408dc72e702071bf4bbfe380daff40f58""}"
topcv,1997045,2026-01-01,Quality Engineer (Auto + Manual Tester),QA Engineer,mid,Ha Noi,3,3,[],25000000,40000000,information_technology,"{""dataset"":""baocgb/vietnam-it-jobs-raw-data-from-topcv-2026"",""dataset_commit"":""kaggle-9263561-v1:e78ff2b6ed521ad894a70271a3254fcf434813916fdade4f7d449bc4fdf34ef9"",""dataset_url"":""https://www.kaggle.com/datasets/baocgb/vietnam-it-jobs-raw-data-from-topcv-2026"",""dataset_version"":""1"",""license"":""CC-BY-4.0"",""location_normalizer_revision"":""2026-07-19.1"",""raw_sha256"":""e78ff2b6ed521ad894a70271a3254fcf434813916fdade4f7d449bc4fdf34ef9"",""salary_source_currency"":""VND"",""source_url"":""https://www.topcv.vn/viec-lam/quality-engineer-auto-manual-tester/1997045.html"",""title_normalizer_revision"":""2f434fba22de3a14c1b199331c8ca18408dc72e702071bf4bbfe380daff40f58""}"
topcv,1997083,2026-01-01,Kỹ Sư Lập Trình Vision Công Nghiệp - Hybrid,Kỹ Sư Lập Trình Vision Công Nghiệp - Hybrid,mid,Ho Chi Minh,1,1,[],10000000,13000000,information_technology,"{""dataset"":""baocgb/vietnam-it-jobs-raw-data-from-topcv-2026"",""dataset_commit"":""kaggle-9263561-v1:e78ff2b6ed521ad894a70271a3254fcf434813916fdade4f7d449bc4fdf34ef9"",""dataset_url"":""https://www.kaggle.com/datasets/baocgb/vietnam-it-jobs-raw-data-from-topcv-2026"",""dataset_version"":""1"",""license"":""CC-BY-4.0"",""location_normalizer_revision"":""2026-07-19.1"",""raw_sha256"":""e78ff2b6ed521ad894a70271a3254fcf434813916fdade4f7d449bc4fdf34ef9"",""salary_source_currency"":""VND"",""source_url"":""https://www.topcv.vn/viec-lam/ky-su-lap-trinh-vision-cong-nghiep-hybrid/1997083.html"",""title_normalizer_revision"":""2f434fba22de3a14c1b199331c8ca18408dc72e702071bf4bbfe380daff40f58""}"
topcv,1997187,2026-01-01,Phân Tích Nghiệp Vụ - Business Analyst Tại Cục Tần Số Vô Tuyến Điện - Lương Từ 20 - 25 Triệu/Tháng,Business Analyst,mid,Ha Noi,3,3,[],20000000,25000000,information_technology,"{""dataset"":""baocgb/vietnam-it-jobs-raw-data-from-topcv-2026"",""dataset_commit"":""kaggle-9263561-v1:e78ff2b6ed521ad894a70271a3254fcf434813916fdade4f7d449bc4fdf34ef9"",""dataset_url"":""https://www.kaggle.com/datasets/baocgb/vietnam-it-jobs-raw-data-from-topcv-2026"",""dataset_version"":""1"",""license"":""CC-BY-4.0"",""location_normalizer_revision"":""2026-07-19.1"",""raw_sha256"":""e78ff2b6ed521ad894a70271a3254fcf434813916fdade4f7d449bc4fdf34ef9"",""salary_source_currency"":""VND"",""source_url"":""https://www.topcv.vn/viec-lam/phan-tich-nghiep-vu-business-analyst-tai-cuc-tan-so-vo-tuyen-dien-luong-tu-20-25-trieu-thang/1997187.html"",""title_normalizer_revision"":""2f434fba22de3a14c1b199331c8ca18408dc72e702071bf4bbfe380daff40f58""}"
topcv,1997205,2026-01-01,Junior 3D Artist - UNITY,Junior 3D Artist - UNITY,junior,Ho Chi Minh,2,2,[],10000000,15000000,information_technology,"{""dataset"":""baocgb/vietnam-it-jobs-raw-data-from-topcv-2026"",""dataset_commit"":""kaggle-9263561-v1:e78ff2b6ed521ad894a70271a3254fcf434813916fdade4f7d449bc4fdf34ef9"",""dataset_url"":""https://www.kaggle.com/datasets/baocgb/vietnam-it-jobs-raw-data-from-topcv-2026"",""dataset_version"":""1"",""license"":""CC-BY-4.0"",""location_normalizer_revision"":""2026-07-19.1"",""raw_sha256"":""e78ff2b6ed521ad894a70271a3254fcf434813916fdade4f7d449bc4fdf34ef9"",""salary_source_currency"":""VND"",""source_url"":""https://www.topcv.vn/viec-lam/junior-3d-artist-unity/1997205.html"",""title_normalizer_revision"":""2f434fba22de3a14c1b199331c8ca18408dc72e702071bf4bbfe380daff40f58""}"
topcv,1997264,2026-01-01,Oracle FCC Developer - Từ 2 Năm Kinh Nghiệm,Oracle FCC Developer - Từ 2 Năm Kinh Nghiệm,mid,Ha Noi,2,2,[],,30000000,information_technology,"{""dataset"":""baocgb/vietnam-it-jobs-raw-data-from-topcv-2026"",""dataset_commit"":""kaggle-9263561-v1:e78ff2b6ed521ad894a70271a3254fcf434813916fdade4f7d449bc4fdf34ef9"",""dataset_url"":""https://www.kaggle.com/datasets/baocgb/vietnam-it-jobs-raw-data-from-topcv-2026"",""dataset_version"":""1"",""license"":""CC-BY-4.0"",""location_normalizer_revision"":""2026-07-19.1"",""raw_sha256"":""e78ff2b6ed521ad894a70271a3254fcf434813916fdade4f7d449bc4fdf34ef9"",""salary_source_currency"":""VND"",""source_url"":""https://www.topcv.vn/viec-lam/oracle-fcc-developer-tu-2-nam-kinh-nghiem/1997264.html"",""title_normalizer_revision"":""2f434fba22de3a14c1b199331c8ca18408dc72e702071bf4bbfe380daff40f58""}"
topcv,1997313,2026-01-01,Project Manager,Project Manager,manager,Ha Noi,2,2,[],40000000,55000000,information_technology,"{""dataset"":""baocgb/vietnam-it-jobs-raw-data-from-topcv-2026"",""dataset_commit"":""kaggle-9263561-v1:e78ff2b6ed521ad894a70271a3254fcf434813916fdade4f7d449bc4fdf34ef9"",""dataset_url"":""https://www.kaggle.com/datasets/baocgb/vietnam-it-jobs-raw-data-from-topcv-2026"",""dataset_version"":""1"",""license"":""CC-BY-4.0"",""location_normalizer_revision"":""2026-07-19.1"",""raw_sha256"":""e78ff2b6ed521ad894a70271a3254fcf434813916fdade4f7d449bc4fdf34ef9"",""salary_source_currency"":""VND"",""source_url"":""https://www.topcv.vn/viec-lam/project-manager/1997313.html"",""title_normalizer_revision"":""2f434fba22de3a14c1b199331c8ca18408dc72e702071bf4bbfe380daff40f58""}"
topcv,1997362,2026-01-10,Cộng Tác Viên Wordpress (Có Tiếng Anh Giao Tiếp),Cộng Tác Viên Wordpress Có Tiếng Anh Giao Tiếp ,mid,Ha Noi,3,3,[],20000000,30000000,information_technology,"{""dataset"":""baocgb/vietnam-it-jobs-raw-data-from-topcv-2026"",""dataset_commit"":""kaggle-9263561-v1:e78ff2b6ed521ad894a70271a3254fcf434813916fdade4f7d449bc4fdf34ef9"",""dataset_url"":""https://www.kaggle.com/datasets/baocgb/vietnam-it-jobs-raw-data-from-topcv-2026"",""dataset_version"":""1"",""license"":""CC-BY-4.0"",""location_normalizer_revision"":""2026-07-19.1"",""raw_sha256"":""e78ff2b6ed521ad894a70271a3254fcf434813916fdade4f7d449bc4fdf34ef9"",""salary_source_currency"":""VND"",""source_url"":""https://www.topcv.vn/viec-lam/cong-tac-vien-wordpress-co-tieng-anh-giao-tiep/1997362.html"",""title_normalizer_revision"":""2f434fba22de3a14c1b199331c8ca18408dc72e702071bf4bbfe380daff40f58""}"
topcv,1997365,2026-01-01,PHP Fullstack Developer (SaaS Product),Fullstack Developer,mid,Ho Chi Minh,2,2,[],23000000,45000000,information_technology,"{""dataset"":""baocgb/vietnam-it-jobs-raw-data-from-topcv-2026"",""dataset_commit"":""kaggle-9263561-v1:e78ff2b6ed521ad894a70271a3254fcf434813916fdade4f7d449bc4fdf34ef9"",""dataset_url"":""https://www.kaggle.com/datasets/baocgb/vietnam-it-jobs-raw-data-from-topcv-2026"",""dataset_version"":""1"",""license"":""CC-BY-4.0"",""location_normalizer_revision"":""2026-07-19.1"",""raw_sha256"":""e78ff2b6ed521ad894a70271a3254fcf434813916fdade4f7d449bc4fdf34ef9"",""salary_source_currency"":""VND"",""source_url"":""https://www.topcv.vn/viec-lam/php-fullstack-developer-saas-product/1997365.html"",""title_normalizer_revision"":""2f434fba22de3a14c1b199331c8ca18408dc72e702071bf4bbfe380daff40f58""}"
topcv,1997415,2026-01-01,Kỹ Sư Điện Tử - Lập Trình Nhúng,Embedded Engineer,mid,Ha Noi,1,1,[],8000000,15000000,information_technology,"{""dataset"":""baocgb/vietnam-it-jobs-raw-data-from-topcv-2026"",""dataset_commit"":""kaggle-9263561-v1:e78ff2b6ed521ad894a70271a3254fcf434813916fdade4f7d449bc4fdf34ef9"",""dataset_url"":""https://www.kaggle.com/datasets/baocgb/vietnam-it-jobs-raw-data-from-topcv-2026"",""dataset_version"":""1"",""license"":""CC-BY-4.0"",""location_normalizer_revision"":""2026-07-19.1"",""raw_sha256"":""e78ff2b6ed521ad894a70271a3254fcf434813916fdade4f7d449bc4fdf34ef9"",""salary_source_currency"":""VND"",""source_url"":""https://www.topcv.vn/viec-lam/ky-su-dien-tu-lap-trinh-nhung/1997415.html"",""title_normalizer_revision"":""2f434fba22de3a14c1b199331c8ca18408dc72e702071bf4bbfe380daff40f58""}"
topcv,1997444,2026-01-01,Backend Developer (Python),Backend Developer,mid,Ha Noi,3,3,[],20000000,25000000,information_technology,"{""dataset"":""baocgb/vietnam-it-jobs-raw-data-from-topcv-2026"",""dataset_commit"":""kaggle-9263561-v1:e78ff2b6ed521ad894a70271a3254fcf434813916fdade4f7d449bc4fdf34ef9"",""dataset_url"":""https://www.kaggle.com/datasets/baocgb/vietnam-it-jobs-raw-data-from-topcv-2026"",""dataset_version"":""1"",""license"":""CC-BY-4.0"",""location_normalizer_revision"":""2026-07-19.1"",""raw_sha256"":""e78ff2b6ed521ad894a70271a3254fcf434813916fdade4f7d449bc4fdf34ef9"",""salary_source_currency"":""VND"",""source_url"":""https://www.topcv.vn/viec-lam/backend-developer-python/1997444.html"",""title_normalizer_revision"":""2f434fba22de3a14c1b199331c8ca18408dc72e702071bf4bbfe380daff40f58""}"
topcv,1997831,2026-01-01,Mobile Developer (Flutter) - Onsite Gia Lâm,Mobile Developer,mid,Ha Noi,4,4,[],17000000,30000000,information_technology,"{""dataset"":""baocgb/vietnam-it-jobs-raw-data-from-topcv-2026"",""dataset_commit"":""kaggle-9263561-v1:e78ff2b6ed521ad894a70271a3254fcf434813916fdade4f7d449bc4fdf34ef9"",""dataset_url"":""https://www.kaggle.com/datasets/baocgb/vietnam-it-jobs-raw-data-from-topcv-2026"",""dataset_version"":""1"",""license"":""CC-BY-4.0"",""location_normalizer_revision"":""2026-07-19.1"",""raw_sha256"":""e78ff2b6ed521ad894a70271a3254fcf434813916fdade4f7d449bc4fdf34ef9"",""salary_source_currency"":""VND"",""source_url"":""https://www.topcv.vn/viec-lam/mobile-developer-flutter-onsite-gia-lam/1997831.html"",""title_normalizer_revision"":""2f434fba22de3a14c1b199331c8ca18408dc72e702071bf4bbfe380daff40f58""}"
topcv,1997886,2026-01-01,Tester Game Chỉ Tuyển Nữ Thu Nhập Từ 8 - 15 Triệu,QA Engineer,mid,Ha Noi,1,1,[],8000000,15000000,information_technology,"{""dataset"":""baocgb/vietnam-it-jobs-raw-data-from-topcv-2026"",""dataset_commit"":""kaggle-9263561-v1:e78ff2b6ed521ad894a70271a3254fcf434813916fdade4f7d449bc4fdf34ef9"",""dataset_url"":""https://www.kaggle.com/datasets/baocgb/vietnam-it-jobs-raw-data-from-topcv-2026"",""dataset_version"":""1"",""license"":""CC-BY-4.0"",""location_normalizer_revision"":""2026-07-19.1"",""raw_sha256"":""e78ff2b6ed521ad894a70271a3254fcf434813916fdade4f7d449bc4fdf34ef9"",""salary_source_currency"":""VND"",""source_url"":""https://www.topcv.vn/viec-lam/tester-game-chi-tuyen-nu-thu-nhap-tu-8-15-trieu/1997886.html"",""title_normalizer_revision"":""2f434fba22de3a14c1b199331c8ca18408dc72e702071bf4bbfe380daff40f58""}"
topcv,1997893,2026-01-01,Nhân Viên Quản Trị Hệ Thống,System Engineer,mid,Ha Noi,2,2,[],12000000,18000000,information_technology,"{""dataset"":""baocgb/vietnam-it-jobs-raw-data-from-topcv-2026"",""dataset_commit"":""kaggle-9263561-v1:e78ff2b6ed521ad894a70271a3254fcf434813916fdade4f7d449bc4fdf34ef9"",""dataset_url"":""https://www.kaggle.com/datasets/baocgb/vietnam-it-jobs-raw-data-from-topcv-2026"",""dataset_version"":""1"",""license"":""CC-BY-4.0"",""location_normalizer_revision"":""2026-07-19.1"",""raw_sha256"":""e78ff2b6ed521ad894a70271a3254fcf434813916fdade4f7d449bc4fdf34ef9"",""salary_source_currency"":""VND"",""source_url"":""https://www.topcv.vn/viec-lam/nhan-vien-quan-tri-he-thong/1997893.html"",""title_normalizer_revision"":""2f434fba22de3a14c1b199331c8ca18408dc72e702071bf4bbfe380daff40f58""}"
topcv,1998214,2026-01-01,Tester,QA Engineer,mid,Ha Noi,1,1,[],7000000,15000000,information_technology,"{""dataset"":""baocgb/vietnam-it-jobs-raw-data-from-topcv-2026"",""dataset_commit"":""kaggle-9263561-v1:e78ff2b6ed521ad894a70271a3254fcf434813916fdade4f7d449bc4fdf34ef9"",""dataset_url"":""https://www.kaggle.com/datasets/baocgb/vietnam-it-jobs-raw-data-from-topcv-2026"",""dataset_version"":""1"",""license"":""CC-BY-4.0"",""location_normalizer_revision"":""2026-07-19.1"",""raw_sha256"":""e78ff2b6ed521ad894a70271a3254fcf434813916fdade4f7d449bc4fdf34ef9"",""salary_source_currency"":""VND"",""source_url"":""https://www.topcv.vn/viec-lam/tester/1998214.html"",""title_normalizer_revision"":""2f434fba22de3a14c1b199331c8ca18408dc72e702071bf4bbfe380daff40f58""}"
topcv,1998315,2026-01-01,Lập Trình Viên Java/Software Developer (Tại Hà Nội),Backend Developer,mid,Ha Noi,3,3,[],15000000,30000000,information_technology,"{""dataset"":""baocgb/vietnam-it-jobs-raw-data-from-topcv-2026"",""dataset_commit"":""kaggle-9263561-v1:e78ff2b6ed521ad894a70271a3254fcf434813916fdade4f7d449bc4fdf34ef9"",""dataset_url"":""https://www.kaggle.com/datasets/baocgb/vietnam-it-jobs-raw-data-from-topcv-2026"",""dataset_version"":""1"",""license"":""CC-BY-4.0"",""location_normalizer_revision"":""2026-07-19.1"",""raw_sha256"":""e78ff2b6ed521ad894a70271a3254fcf434813916fdade4f7d449bc4fdf34ef9"",""salary_source_currency"":""VND"",""source_url"":""https://www.topcv.vn/viec-lam/lap-trinh-vien-java-software-developer-tai-ha-noi/1998315.html"",""title_normalizer_revision"":""2f434fba22de3a14c1b199331c8ca18408dc72e702071bf4bbfe380daff40f58""}"
topcv,1998349,2026-01-01,Bridge System Engineer (BSE),System Engineer,mid,Ho Chi Minh,2,2,[],40000000,60000000,information_technology,"{""dataset"":""baocgb/vietnam-it-jobs-raw-data-from-topcv-2026"",""dataset_commit"":""kaggle-9263561-v1:e78ff2b6ed521ad894a70271a3254fcf434813916fdade4f7d449bc4fdf34ef9"",""dataset_url"":""https://www.kaggle.com/datasets/baocgb/vietnam-it-jobs-raw-data-from-topcv-2026"",""dataset_version"":""1"",""license"":""CC-BY-4.0"",""location_normalizer_revision"":""2026-07-19.1"",""raw_sha256"":""e78ff2b6ed521ad894a70271a3254fcf434813916fdade4f7d449bc4fdf34ef9"",""salary_source_currency"":""VND"",""source_url"":""https://www.topcv.vn/viec-lam/bridge-system-engineer-bse/1998349.html"",""title_normalizer_revision"":""2f434fba22de3a14c1b199331c8ca18408dc72e702071bf4bbfe380daff40f58""}"
topcv,1998395,2026-01-01,Kỹ Sư IT Phần Mềm,Kỹ Sư IT Phần Mềm,mid,Ninh Bình,2,2,[],20000000,32500000,information_technology,"{""dataset"":""baocgb/vietnam-it-jobs-raw-data-from-topcv-2026"",""dataset_commit"":""kaggle-9263561-v1:e78ff2b6ed521ad894a70271a3254fcf434813916fdade4f7d449bc4fdf34ef9"",""dataset_url"":""https://www.kaggle.com/datasets/baocgb/vietnam-it-jobs-raw-data-from-topcv-2026"",""dataset_version"":""1"",""license"":""CC-BY-4.0"",""location_normalizer_revision"":""2026-07-19.1"",""raw_sha256"":""e78ff2b6ed521ad894a70271a3254fcf434813916fdade4f7d449bc4fdf34ef9"",""salary_source_currency"":""USD"",""source_url"":""https://www.topcv.vn/viec-lam/ky-su-it-phan-mem/1998395.html"",""title_normalizer_revision"":""2f434fba22de3a14c1b199331c8ca18408dc72e702071bf4bbfe380daff40f58"",""usd_to_vnd"":""25000""}"
topcv,1998432,2026-01-01,Backend Developer Intern,Backend Developer,intern,Ha Noi,1,1,[],4000000,6000000,information_technology,"{""dataset"":""baocgb/vietnam-it-jobs-raw-data-from-topcv-2026"",""dataset_commit"":""kaggle-9263561-v1:e78ff2b6ed521ad894a70271a3254fcf434813916fdade4f7d449bc4fdf34ef9"",""dataset_url"":""https://www.kaggle.com/datasets/baocgb/vietnam-it-jobs-raw-data-from-topcv-2026"",""dataset_version"":""1"",""license"":""CC-BY-4.0"",""location_normalizer_revision"":""2026-07-19.1"",""raw_sha256"":""e78ff2b6ed521ad894a70271a3254fcf434813916fdade4f7d449bc4fdf34ef9"",""salary_source_currency"":""VND"",""source_url"":""https://www.topcv.vn/viec-lam/backend-developer-intern/1998432.html"",""title_normalizer_revision"":""2f434fba22de3a14c1b199331c8ca18408dc72e702071bf4bbfe380daff40f58""}"
topcv,1998438,2026-01-01,IT Support Engineer,IT Support,mid,Đồng Nai,2,2,[],15000000,20000000,information_technology,"{""dataset"":""baocgb/vietnam-it-jobs-raw-data-from-topcv-2026"",""dataset_commit"":""kaggle-9263561-v1:e78ff2b6ed521ad894a70271a3254fcf434813916fdade4f7d449bc4fdf34ef9"",""dataset_url"":""https://www.kaggle.com/datasets/baocgb/vietnam-it-jobs-raw-data-from-topcv-2026"",""dataset_version"":""1"",""license"":""CC-BY-4.0"",""location_normalizer_revision"":""2026-07-19.1"",""raw_sha256"":""e78ff2b6ed521ad894a70271a3254fcf434813916fdade4f7d449bc4fdf34ef9"",""salary_source_currency"":""VND"",""source_url"":""https://www.topcv.vn/viec-lam/it-support-engineer/1998438.html"",""title_normalizer_revision"":""2f434fba22de3a14c1b199331c8ca18408dc72e702071bf4bbfe380daff40f58""}"
topcv,1998442,2026-01-01,Manual Test Fresher - Banking Project,Manual Test Fresher - Banking Project,fresher,Ha Noi,1,1,[],5000000,6000000,information_technology,"{""dataset"":""baocgb/vietnam-it-jobs-raw-data-from-topcv-2026"",""dataset_commit"":""kaggle-9263561-v1:e78ff2b6ed521ad894a70271a3254fcf434813916fdade4f7d449bc4fdf34ef9"",""dataset_url"":""https://www.kaggle.com/datasets/baocgb/vietnam-it-jobs-raw-data-from-topcv-2026"",""dataset_version"":""1"",""license"":""CC-BY-4.0"",""location_normalizer_revision"":""2026-07-19.1"",""raw_sha256"":""e78ff2b6ed521ad894a70271a3254fcf434813916fdade4f7d449bc4fdf34ef9"",""salary_source_currency"":""VND"",""source_url"":""https://www.topcv.vn/viec-lam/manual-test-fresher-banking-project/1998442.html"",""title_normalizer_revision"":""2f434fba22de3a14c1b199331c8ca18408dc72e702071bf4bbfe380daff40f58""}"
topcv,1998451,2026-01-01,Quality Controller Intern,Quality Controller Intern,intern,Ho Chi Minh,,,[],1000000,3000000,information_technology,"{""dataset"":""baocgb/vietnam-it-jobs-raw-data-from-topcv-2026"",""dataset_commit"":""kaggle-9263561-v1:e78ff2b6ed521ad894a70271a3254fcf434813916fdade4f7d449bc4fdf34ef9"",""dataset_url"":""https://www.kaggle.com/datasets/baocgb/vietnam-it-jobs-raw-data-from-topcv-2026"",""dataset_version"":""1"",""license"":""CC-BY-4.0"",""location_normalizer_revision"":""2026-07-19.1"",""raw_sha256"":""e78ff2b6ed521ad894a70271a3254fcf434813916fdade4f7d449bc4fdf34ef9"",""salary_source_currency"":""VND"",""source_url"":""https://www.topcv.vn/viec-lam/quality-controller-intern/1998451.html"",""title_normalizer_revision"":""2f434fba22de3a14c1b199331c8ca18408dc72e702071bf4bbfe380daff40f58""}"
topcv,1998606,2026-01-01,Frontend,Frontend Developer,mid,Ho Chi Minh,3,3,[],15000000,30000000,information_technology,"{""dataset"":""baocgb/vietnam-it-jobs-raw-data-from-topcv-2026"",""dataset_commit"":""kaggle-9263561-v1:e78ff2b6ed521ad894a70271a3254fcf434813916fdade4f7d449bc4fdf34ef9"",""dataset_url"":""https://www.kaggle.com/datasets/baocgb/vietnam-it-jobs-raw-data-from-topcv-2026"",""dataset_version"":""1"",""license"":""CC-BY-4.0"",""location_normalizer_revision"":""2026-07-19.1"",""raw_sha256"":""e78ff2b6ed521ad894a70271a3254fcf434813916fdade4f7d449bc4fdf34ef9"",""salary_source_currency"":""VND"",""source_url"":""https://www.topcv.vn/viec-lam/frontend/1998606.html"",""title_normalizer_revision"":""2f434fba22de3a14c1b199331c8ca18408dc72e702071bf4bbfe380daff40f58""}"
topcv,1998806,2026-01-01,Tech Lead (Full-Stack/System Owner),Fullstack Developer,lead,Ha Noi,5,5,[],35000000,50000000,information_technology,"{""dataset"":""baocgb/vietnam-it-jobs-raw-data-from-topcv-2026"",""dataset_commit"":""kaggle-9263561-v1:e78ff2b6ed521ad894a70271a3254fcf434813916fdade4f7d449bc4fdf34ef9"",""dataset_url"":""https://www.kaggle.com/datasets/baocgb/vietnam-it-jobs-raw-data-from-topcv-2026"",""dataset_version"":""1"",""license"":""CC-BY-4.0"",""location_normalizer_revision"":""2026-07-19.1"",""raw_sha256"":""e78ff2b6ed521ad894a70271a3254fcf434813916fdade4f7d449bc4fdf34ef9"",""salary_source_currency"":""VND"",""source_url"":""https://www.topcv.vn/viec-lam/tech-lead-full-stack-system-owner/1998806.html"",""title_normalizer_revision"":""2f434fba22de3a14c1b199331c8ca18408dc72e702071bf4bbfe380daff40f58""}"
topcv,1998813,2026-01-01,Lập Trình Viên Phát Triển Website,Software Engineer,mid,Hải Phòng,1,1,[],12000000,18000000,information_technology,"{""dataset"":""baocgb/vietnam-it-jobs-raw-data-from-topcv-2026"",""dataset_commit"":""kaggle-9263561-v1:e78ff2b6ed521ad894a70271a3254fcf434813916fdade4f7d449bc4fdf34ef9"",""dataset_url"":""https://www.kaggle.com/datasets/baocgb/vietnam-it-jobs-raw-data-from-topcv-2026"",""dataset_version"":""1"",""license"":""CC-BY-4.0"",""location_normalizer_revision"":""2026-07-19.1"",""raw_sha256"":""e78ff2b6ed521ad894a70271a3254fcf434813916fdade4f7d449bc4fdf34ef9"",""salary_source_currency"":""VND"",""source_url"":""https://www.topcv.vn/viec-lam/lap-trinh-vien-phat-trien-website/1998813.html"",""title_normalizer_revision"":""2f434fba22de3a14c1b199331c8ca18408dc72e702071bf4bbfe380daff40f58""}"
topcv,1998835,2026-01-01,Business Analyst (Dự Án Healthcare),Business Analyst,mid,Ha Noi,3,3,[],,35000000,information_technology,"{""dataset"":""baocgb/vietnam-it-jobs-raw-data-from-topcv-2026"",""dataset_commit"":""kaggle-9263561-v1:e78ff2b6ed521ad894a70271a3254fcf434813916fdade4f7d449bc4fdf34ef9"",""dataset_url"":""https://www.kaggle.com/datasets/baocgb/vietnam-it-jobs-raw-data-from-topcv-2026"",""dataset_version"":""1"",""license"":""CC-BY-4.0"",""location_normalizer_revision"":""2026-07-19.1"",""raw_sha256"":""e78ff2b6ed521ad894a70271a3254fcf434813916fdade4f7d449bc4fdf34ef9"",""salary_source_currency"":""VND"",""source_url"":""https://www.topcv.vn/viec-lam/business-analyst-du-an-healthcare/1998835.html"",""title_normalizer_revision"":""2f434fba22de3a14c1b199331c8ca18408dc72e702071bf4bbfe380daff40f58""}"
topcv,1998857,2026-01-01,UA Marketing (Có Kinh Nghiệm Mảng Mobile App),UA Marketing Có Kinh Nghiệm Mảng Mobile App ,mid,Ha Noi,1,1,[],,40000000,information_technology,"{""dataset"":""baocgb/vietnam-it-jobs-raw-data-from-topcv-2026"",""dataset_commit"":""kaggle-9263561-v1:e78ff2b6ed521ad894a70271a3254fcf434813916fdade4f7d449bc4fdf34ef9"",""dataset_url"":""https://www.kaggle.com/datasets/baocgb/vietnam-it-jobs-raw-data-from-topcv-2026"",""dataset_version"":""1"",""license"":""CC-BY-4.0"",""location_normalizer_revision"":""2026-07-19.1"",""raw_sha256"":""e78ff2b6ed521ad894a70271a3254fcf434813916fdade4f7d449bc4fdf34ef9"",""salary_source_currency"":""VND"",""source_url"":""https://www.topcv.vn/viec-lam/ua-marketing-co-kinh-nghiem-mang-mobile-app/1998857.html"",""title_normalizer_revision"":""2f434fba22de3a14c1b199331c8ca18408dc72e702071bf4bbfe380daff40f58""}"
topcv,1998889,2026-01-01,Tech Ops (System Operations & Compliance),Tech Ops System Operations & Compliance ,mid,Ha Noi,3,3,[],20000000,35000000,information_technology,"{""dataset"":""baocgb/vietnam-it-jobs-raw-data-from-topcv-2026"",""dataset_commit"":""kaggle-9263561-v1:e78ff2b6ed521ad894a70271a3254fcf434813916fdade4f7d449bc4fdf34ef9"",""dataset_url"":""https://www.kaggle.com/datasets/baocgb/vietnam-it-jobs-raw-data-from-topcv-2026"",""dataset_version"":""1"",""license"":""CC-BY-4.0"",""location_normalizer_revision"":""2026-07-19.1"",""raw_sha256"":""e78ff2b6ed521ad894a70271a3254fcf434813916fdade4f7d449bc4fdf34ef9"",""salary_source_currency"":""VND"",""source_url"":""https://www.topcv.vn/viec-lam/tech-ops-system-operations-compliance/1998889.html"",""title_normalizer_revision"":""2f434fba22de3a14c1b199331c8ca18408dc72e702071bf4bbfe380daff40f58""}"
topcv,1998909,2026-01-01,IT Support,IT Support,mid,Ha Noi,1,1,[],13000000,15000000,information_technology,"{""dataset"":""baocgb/vietnam-it-jobs-raw-data-from-topcv-2026"",""dataset_commit"":""kaggle-9263561-v1:e78ff2b6ed521ad894a70271a3254fcf434813916fdade4f7d449bc4fdf34ef9"",""dataset_url"":""https://www.kaggle.com/datasets/baocgb/vietnam-it-jobs-raw-data-from-topcv-2026"",""dataset_version"":""1"",""license"":""CC-BY-4.0"",""location_normalizer_revision"":""2026-07-19.1"",""raw_sha256"":""e78ff2b6ed521ad894a70271a3254fcf434813916fdade4f7d449bc4fdf34ef9"",""salary_source_currency"":""VND"",""source_url"":""https://www.topcv.vn/viec-lam/it-support/1998909.html"",""title_normalizer_revision"":""2f434fba22de3a14c1b199331c8ca18408dc72e702071bf4bbfe380daff40f58""}"
topcv,1998938,2026-01-01,Solution Engineer - Upto 45M,Solution Engineer - Upto 45M,mid,Ha Noi,3,3,[],,45000000,information_technology,"{""dataset"":""baocgb/vietnam-it-jobs-raw-data-from-topcv-2026"",""dataset_commit"":""kaggle-9263561-v1:e78ff2b6ed521ad894a70271a3254fcf434813916fdade4f7d449bc4fdf34ef9"",""dataset_url"":""https://www.kaggle.com/datasets/baocgb/vietnam-it-jobs-raw-data-from-topcv-2026"",""dataset_version"":""1"",""license"":""CC-BY-4.0"",""location_normalizer_revision"":""2026-07-19.1"",""raw_sha256"":""e78ff2b6ed521ad894a70271a3254fcf434813916fdade4f7d449bc4fdf34ef9"",""salary_source_currency"":""VND"",""source_url"":""https://www.topcv.vn/viec-lam/solution-engineer-upto-45m/1998938.html"",""title_normalizer_revision"":""2f434fba22de3a14c1b199331c8ca18408dc72e702071bf4bbfe380daff40f58""}"
topcv,1998992,2026-01-01,"Backend Developer (PHP, Java , .Net And English)",Backend Developer,mid,Ho Chi Minh,2,2,[],20000000,40000000,information_technology,"{""dataset"":""baocgb/vietnam-it-jobs-raw-data-from-topcv-2026"",""dataset_commit"":""kaggle-9263561-v1:e78ff2b6ed521ad894a70271a3254fcf434813916fdade4f7d449bc4fdf34ef9"",""dataset_url"":""https://www.kaggle.com/datasets/baocgb/vietnam-it-jobs-raw-data-from-topcv-2026"",""dataset_version"":""1"",""license"":""CC-BY-4.0"",""location_normalizer_revision"":""2026-07-19.1"",""raw_sha256"":""e78ff2b6ed521ad894a70271a3254fcf434813916fdade4f7d449bc4fdf34ef9"",""salary_source_currency"":""VND"",""source_url"":""https://www.topcv.vn/viec-lam/backend-developer-php-java-net-and-english/1998992.html"",""title_normalizer_revision"":""2f434fba22de3a14c1b199331c8ca18408dc72e702071bf4bbfe380daff40f58""}"
topcv,1999222,2026-01-01,UA Lead For Mobile App (30-50M NET),UA Lead For Mobile App 30-50M NET ,lead,Ha Noi,2,2,[],30000000,50000000,information_technology,"{""dataset"":""baocgb/vietnam-it-jobs-raw-data-from-topcv-2026"",""dataset_commit"":""kaggle-9263561-v1:e78ff2b6ed521ad894a70271a3254fcf434813916fdade4f7d449bc4fdf34ef9"",""dataset_url"":""https://www.kaggle.com/datasets/baocgb/vietnam-it-jobs-raw-data-from-topcv-2026"",""dataset_version"":""1"",""license"":""CC-BY-4.0"",""location_normalizer_revision"":""2026-07-19.1"",""raw_sha256"":""e78ff2b6ed521ad894a70271a3254fcf434813916fdade4f7d449bc4fdf34ef9"",""salary_source_currency"":""VND"",""source_url"":""https://www.topcv.vn/viec-lam/ua-lead-for-mobile-app-30-50m-net/1999222.html"",""title_normalizer_revision"":""2f434fba22de3a14c1b199331c8ca18408dc72e702071bf4bbfe380daff40f58""}"
topcv,1999367,2026-01-08,Test Manager (Dự Án Global-Có Thể Onboard Sau Tết),Test Manager Dự Án Global-Có Thể Onboard Sau Tết ,manager,Ha Noi,5,5,[],,50000000,information_technology,"{""dataset"":""baocgb/vietnam-it-jobs-raw-data-from-topcv-2026"",""dataset_commit"":""kaggle-9263561-v1:e78ff2b6ed521ad894a70271a3254fcf434813916fdade4f7d449bc4fdf34ef9"",""dataset_url"":""https://www.kaggle.com/datasets/baocgb/vietnam-it-jobs-raw-data-from-topcv-2026"",""dataset_version"":""1"",""license"":""CC-BY-4.0"",""location_normalizer_revision"":""2026-07-19.1"",""raw_sha256"":""e78ff2b6ed521ad894a70271a3254fcf434813916fdade4f7d449bc4fdf34ef9"",""salary_source_currency"":""VND"",""source_url"":""https://www.topcv.vn/viec-lam/test-manager-du-an-global-co-the-onboard-sau-tet/1999367.html"",""title_normalizer_revision"":""2f434fba22de3a14c1b199331c8ca18408dc72e702071bf4bbfe380daff40f58""}"
topcv,1999404,2026-01-01,Chuyên Viên Tuyển Dụng - IT,Chuyên Viên Tuyển Dụng - IT,mid,Ha Noi,2,2,[],,20000000,information_technology,"{""dataset"":""baocgb/vietnam-it-jobs-raw-data-from-topcv-2026"",""dataset_commit"":""kaggle-9263561-v1:e78ff2b6ed521ad894a70271a3254fcf434813916fdade4f7d449bc4fdf34ef9"",""dataset_url"":""https://www.kaggle.com/datasets/baocgb/vietnam-it-jobs-raw-data-from-topcv-2026"",""dataset_version"":""1"",""license"":""CC-BY-4.0"",""location_normalizer_revision"":""2026-07-19.1"",""raw_sha256"":""e78ff2b6ed521ad894a70271a3254fcf434813916fdade4f7d449bc4fdf34ef9"",""salary_source_currency"":""VND"",""source_url"":""https://www.topcv.vn/viec-lam/chuyen-vien-tuyen-dung-it/1999404.html"",""title_normalizer_revision"":""2f434fba22de3a14c1b199331c8ca18408dc72e702071bf4bbfe380daff40f58""}"
topcv,1999455,2026-01-01,Thực Tập Sinh Lập Trình/Intern Developer,Thực Tập Sinh Lập Trình/Intern Developer,intern,Ha Noi,1,1,[],3000000,8000000,information_technology,"{""dataset"":""baocgb/vietnam-it-jobs-raw-data-from-topcv-2026"",""dataset_commit"":""kaggle-9263561-v1:e78ff2b6ed521ad894a70271a3254fcf434813916fdade4f7d449bc4fdf34ef9"",""dataset_url"":""https://www.kaggle.com/datasets/baocgb/vietnam-it-jobs-raw-data-from-topcv-2026"",""dataset_version"":""1"",""license"":""CC-BY-4.0"",""location_normalizer_revision"":""2026-07-19.1"",""raw_sha256"":""e78ff2b6ed521ad894a70271a3254fcf434813916fdade4f7d449bc4fdf34ef9"",""salary_source_currency"":""VND"",""source_url"":""https://www.topcv.vn/viec-lam/thuc-tap-sinh-lap-trinh-intern-developer/1999455.html"",""title_normalizer_revision"":""2f434fba22de3a14c1b199331c8ca18408dc72e702071bf4bbfe380daff40f58""}"
topcv,1999478,2026-01-01,Thực Tập Sinh Lập Trình,Thực Tập Sinh Lập Trình,intern,Ha Noi,1,1,[],3000000,8000000,information_technology,"{""dataset"":""baocgb/vietnam-it-jobs-raw-data-from-topcv-2026"",""dataset_commit"":""kaggle-9263561-v1:e78ff2b6ed521ad894a70271a3254fcf434813916fdade4f7d449bc4fdf34ef9"",""dataset_url"":""https://www.kaggle.com/datasets/baocgb/vietnam-it-jobs-raw-data-from-topcv-2026"",""dataset_version"":""1"",""license"":""CC-BY-4.0"",""location_normalizer_revision"":""2026-07-19.1"",""raw_sha256"":""e78ff2b6ed521ad894a70271a3254fcf434813916fdade4f7d449bc4fdf34ef9"",""salary_source_currency"":""VND"",""source_url"":""https://www.topcv.vn/viec-lam/thuc-tap-sinh-lap-trinh/1999478.html"",""title_normalizer_revision"":""2f434fba22de3a14c1b199331c8ca18408dc72e702071bf4bbfe380daff40f58""}"
topcv,1999504,2026-01-01,Trưởng Bộ Phận Hỗ Trợ Vận Hành,Trưởng Bộ Phận Hỗ Trợ Vận Hành,mid,Ha Noi,5,5,[],22000000,30000000,information_technology,"{""dataset"":""baocgb/vietnam-it-jobs-raw-data-from-topcv-2026"",""dataset_commit"":""kaggle-9263561-v1:e78ff2b6ed521ad894a70271a3254fcf434813916fdade4f7d449bc4fdf34ef9"",""dataset_url"":""https://www.kaggle.com/datasets/baocgb/vietnam-it-jobs-raw-data-from-topcv-2026"",""dataset_version"":""1"",""license"":""CC-BY-4.0"",""location_normalizer_revision"":""2026-07-19.1"",""raw_sha256"":""e78ff2b6ed521ad894a70271a3254fcf434813916fdade4f7d449bc4fdf34ef9"",""salary_source_currency"":""VND"",""source_url"":""https://www.topcv.vn/viec-lam/truong-bo-phan-ho-tro-van-hanh/1999504.html"",""title_normalizer_revision"":""2f434fba22de3a14c1b199331c8ca18408dc72e702071bf4bbfe380daff40f58""}"
topcv,1999598,2026-01-08,Trưởng Phòng Kỹ Thuật,Trưởng Phòng Kỹ Thuật,manager,Ho Chi Minh,3,3,[],20000000,25000000,information_technology,"{""dataset"":""baocgb/vietnam-it-jobs-raw-data-from-topcv-2026"",""dataset_commit"":""kaggle-9263561-v1:e78ff2b6ed521ad894a70271a3254fcf434813916fdade4f7d449bc4fdf34ef9"",""dataset_url"":""https://www.kaggle.com/datasets/baocgb/vietnam-it-jobs-raw-data-from-topcv-2026"",""dataset_version"":""1"",""license"":""CC-BY-4.0"",""location_normalizer_revision"":""2026-07-19.1"",""raw_sha256"":""e78ff2b6ed521ad894a70271a3254fcf434813916fdade4f7d449bc4fdf34ef9"",""salary_source_currency"":""VND"",""source_url"":""https://www.topcv.vn/viec-lam/truong-phong-ky-thuat/1999598.html"",""title_normalizer_revision"":""2f434fba22de3a14c1b199331c8ca18408dc72e702071bf4bbfe380daff40f58""}"
topcv,1999646,2026-01-01,Giáo Viên Lập Trình Trực Tuyến,Giáo Viên Lập Trình Trực Tuyến,mid,Ho Chi Minh,1,1,[],6000000,8000000,information_technology,"{""dataset"":""baocgb/vietnam-it-jobs-raw-data-from-topcv-2026"",""dataset_commit"":""kaggle-9263561-v1:e78ff2b6ed521ad894a70271a3254fcf434813916fdade4f7d449bc4fdf34ef9"",""dataset_url"":""https://www.kaggle.com/datasets/baocgb/vietnam-it-jobs-raw-data-from-topcv-2026"",""dataset_version"":""1"",""license"":""CC-BY-4.0"",""location_normalizer_revision"":""2026-07-19.1"",""raw_sha256"":""e78ff2b6ed521ad894a70271a3254fcf434813916fdade4f7d449bc4fdf34ef9"",""salary_source_currency"":""VND"",""source_url"":""https://www.topcv.vn/viec-lam/giao-vien-lap-trinh-truc-tuyen/1999646.html"",""title_normalizer_revision"":""2f434fba22de3a14c1b199331c8ca18408dc72e702071bf4bbfe380daff40f58""}"
topcv,1999770,2026-01-01,"Chuyên Viên Thẩm Định Dự Án Công Nghệ, IT","Chuyên Viên Thẩm Định Dự Án Công Nghệ, IT",mid,Ha Noi,3,3,[],14000000,18000000,information_technology,"{""dataset"":""baocgb/vietnam-it-jobs-raw-data-from-topcv-2026"",""dataset_commit"":""kaggle-9263561-v1:e78ff2b6ed521ad894a70271a3254fcf434813916fdade4f7d449bc4fdf34ef9"",""dataset_url"":""https://www.kaggle.com/datasets/baocgb/vietnam-it-jobs-raw-data-from-topcv-2026"",""dataset_version"":""1"",""license"":""CC-BY-4.0"",""location_normalizer_revision"":""2026-07-19.1"",""raw_sha256"":""e78ff2b6ed521ad894a70271a3254fcf434813916fdade4f7d449bc4fdf34ef9"",""salary_source_currency"":""VND"",""source_url"":""https://www.topcv.vn/viec-lam/chuyen-vien-tham-dinh-du-an-cong-nghe-it/1999770.html"",""title_normalizer_revision"":""2f434fba22de3a14c1b199331c8ca18408dc72e702071bf4bbfe380daff40f58""}"
topcv,1999800,2026-01-01,Project Manager,Project Manager,manager,Ha Noi,3,3,[],45000000,90000000,information_technology,"{""dataset"":""baocgb/vietnam-it-jobs-raw-data-from-topcv-2026"",""dataset_commit"":""kaggle-9263561-v1:e78ff2b6ed521ad894a70271a3254fcf434813916fdade4f7d449bc4fdf34ef9"",""dataset_url"":""https://www.kaggle.com/datasets/baocgb/vietnam-it-jobs-raw-data-from-topcv-2026"",""dataset_version"":""1"",""license"":""CC-BY-4.0"",""location_normalizer_revision"":""2026-07-19.1"",""raw_sha256"":""e78ff2b6ed521ad894a70271a3254fcf434813916fdade4f7d449bc4fdf34ef9"",""salary_source_currency"":""VND"",""source_url"":""https://www.topcv.vn/brand/smartosc/tuyen-dung/project-manager-j1999800.html"",""title_normalizer_revision"":""2f434fba22de3a14c1b199331c8ca18408dc72e702071bf4bbfe380daff40f58""}"
topcv,1999894,2026-01-01,Business Analyst,Business Analyst,mid,Ha Noi,4,4,[],25000000,32000000,information_technology,"{""dataset"":""baocgb/vietnam-it-jobs-raw-data-from-topcv-2026"",""dataset_commit"":""kaggle-9263561-v1:e78ff2b6ed521ad894a70271a3254fcf434813916fdade4f7d449bc4fdf34ef9"",""dataset_url"":""https://www.kaggle.com/datasets/baocgb/vietnam-it-jobs-raw-data-from-topcv-2026"",""dataset_version"":""1"",""license"":""CC-BY-4.0"",""location_normalizer_revision"":""2026-07-19.1"",""raw_sha256"":""e78ff2b6ed521ad894a70271a3254fcf434813916fdade4f7d449bc4fdf34ef9"",""salary_source_currency"":""VND"",""source_url"":""https://www.topcv.vn/viec-lam/business-analyst/1999894.html"",""title_normalizer_revision"":""2f434fba22de3a14c1b199331c8ca18408dc72e702071bf4bbfe380daff40f58""}"
topcv,1999899,2026-01-01,Manual Tester,QA Engineer,mid,Ha Noi,2,2,[],18000000,22000000,information_technology,"{""dataset"":""baocgb/vietnam-it-jobs-raw-data-from-topcv-2026"",""dataset_commit"":""kaggle-9263561-v1:e78ff2b6ed521ad894a70271a3254fcf434813916fdade4f7d449bc4fdf34ef9"",""dataset_url"":""https://www.kaggle.com/datasets/baocgb/vietnam-it-jobs-raw-data-from-topcv-2026"",""dataset_version"":""1"",""license"":""CC-BY-4.0"",""location_normalizer_revision"":""2026-07-19.1"",""raw_sha256"":""e78ff2b6ed521ad894a70271a3254fcf434813916fdade4f7d449bc4fdf34ef9"",""salary_source_currency"":""VND"",""source_url"":""https://www.topcv.vn/viec-lam/manual-tester/1999899.html"",""title_normalizer_revision"":""2f434fba22de3a14c1b199331c8ca18408dc72e702071bf4bbfe380daff40f58""}"
topcv,1999945,2026-01-01,Technical Leader (Python),Technical Leader Python ,lead,Ha Noi,4,4,[],,80000000,information_technology,"{""dataset"":""baocgb/vietnam-it-jobs-raw-data-from-topcv-2026"",""dataset_commit"":""kaggle-9263561-v1:e78ff2b6ed521ad894a70271a3254fcf434813916fdade4f7d449bc4fdf34ef9"",""dataset_url"":""https://www.kaggle.com/datasets/baocgb/vietnam-it-jobs-raw-data-from-topcv-2026"",""dataset_version"":""1"",""license"":""CC-BY-4.0"",""location_normalizer_revision"":""2026-07-19.1"",""raw_sha256"":""e78ff2b6ed521ad894a70271a3254fcf434813916fdade4f7d449bc4fdf34ef9"",""salary_source_currency"":""VND"",""source_url"":""https://www.topcv.vn/viec-lam/technical-leader-python/1999945.html"",""title_normalizer_revision"":""2f434fba22de3a14c1b199331c8ca18408dc72e702071bf4bbfe380daff40f58""}"
topcv,2000137,2026-01-01,"Lập Trình Viên (Có Kinh Nghiệm Về Sản Phẩm AI, Thu Nhập 15 - 20 Triệu/Tháng)",Software Engineer,mid,Ha Noi,2,2,[],15000000,20000000,information_technology,"{""dataset"":""baocgb/vietnam-it-jobs-raw-data-from-topcv-2026"",""dataset_commit"":""kaggle-9263561-v1:e78ff2b6ed521ad894a70271a3254fcf434813916fdade4f7d449bc4fdf34ef9"",""dataset_url"":""https://www.kaggle.com/datasets/baocgb/vietnam-it-jobs-raw-data-from-topcv-2026"",""dataset_version"":""1"",""license"":""CC-BY-4.0"",""location_normalizer_revision"":""2026-07-19.1"",""raw_sha256"":""e78ff2b6ed521ad894a70271a3254fcf434813916fdade4f7d449bc4fdf34ef9"",""salary_source_currency"":""VND"",""source_url"":""https://www.topcv.vn/viec-lam/lap-trinh-vien-co-kinh-nghiem-ve-san-pham-ai-thu-nhap-15-20-trieu-thang/2000137.html"",""title_normalizer_revision"":""2f434fba22de3a14c1b199331c8ca18408dc72e702071bf4bbfe380daff40f58""}"
topcv,2000157,2026-01-01,Unity Developer Intern (6M - 12M),Game Developer,intern,Ha Noi,,,[],6000000,12000000,information_technology,"{""dataset"":""baocgb/vietnam-it-jobs-raw-data-from-topcv-2026"",""dataset_commit"":""kaggle-9263561-v1:e78ff2b6ed521ad894a70271a3254fcf434813916fdade4f7d449bc4fdf34ef9"",""dataset_url"":""https://www.kaggle.com/datasets/baocgb/vietnam-it-jobs-raw-data-from-topcv-2026"",""dataset_version"":""1"",""license"":""CC-BY-4.0"",""location_normalizer_revision"":""2026-07-19.1"",""raw_sha256"":""e78ff2b6ed521ad894a70271a3254fcf434813916fdade4f7d449bc4fdf34ef9"",""salary_source_currency"":""VND"",""source_url"":""https://www.topcv.vn/viec-lam/unity-developer-intern-6m-12m/2000157.html"",""title_normalizer_revision"":""2f434fba22de3a14c1b199331c8ca18408dc72e702071bf4bbfe380daff40f58""}"
topcv,2000164,2026-01-01,IC Design & Verification Engineers (02 Years Of Experience),IC Design & Verification Engineers 02 Years Of Experience ,mid,Ho Chi Minh,2,2,[],28000000,120000000,information_technology,"{""dataset"":""baocgb/vietnam-it-jobs-raw-data-from-topcv-2026"",""dataset_commit"":""kaggle-9263561-v1:e78ff2b6ed521ad894a70271a3254fcf434813916fdade4f7d449bc4fdf34ef9"",""dataset_url"":""https://www.kaggle.com/datasets/baocgb/vietnam-it-jobs-raw-data-from-topcv-2026"",""dataset_version"":""1"",""license"":""CC-BY-4.0"",""location_normalizer_revision"":""2026-07-19.1"",""raw_sha256"":""e78ff2b6ed521ad894a70271a3254fcf434813916fdade4f7d449bc4fdf34ef9"",""salary_source_currency"":""VND"",""source_url"":""https://www.topcv.vn/viec-lam/ic-design-verification-engineers-02-years-of-experience/2000164.html"",""title_normalizer_revision"":""2f434fba22de3a14c1b199331c8ca18408dc72e702071bf4bbfe380daff40f58""}"
topcv,2000355,2026-01-01,Manual Tester/ Performance Tester - OB Sớm,QA Engineer,mid,Ha Noi,2,2,[],15000000,30000000,information_technology,"{""dataset"":""baocgb/vietnam-it-jobs-raw-data-from-topcv-2026"",""dataset_commit"":""kaggle-9263561-v1:e78ff2b6ed521ad894a70271a3254fcf434813916fdade4f7d449bc4fdf34ef9"",""dataset_url"":""https://www.kaggle.com/datasets/baocgb/vietnam-it-jobs-raw-data-from-topcv-2026"",""dataset_version"":""1"",""license"":""CC-BY-4.0"",""location_normalizer_revision"":""2026-07-19.1"",""raw_sha256"":""e78ff2b6ed521ad894a70271a3254fcf434813916fdade4f7d449bc4fdf34ef9"",""salary_source_currency"":""VND"",""source_url"":""https://www.topcv.vn/viec-lam/manual-tester-performance-tester-ob-som/2000355.html"",""title_normalizer_revision"":""2f434fba22de3a14c1b199331c8ca18408dc72e702071bf4bbfe380daff40f58""}"
topcv,2000415,2026-01-01,Nhân Viên Kỹ Thuật,Nhân Viên Kỹ Thuật,mid,Bắc Ninh,1,1,[],7000000,10000000,information_technology,"{""dataset"":""baocgb/vietnam-it-jobs-raw-data-from-topcv-2026"",""dataset_commit"":""kaggle-9263561-v1:e78ff2b6ed521ad894a70271a3254fcf434813916fdade4f7d449bc4fdf34ef9"",""dataset_url"":""https://www.kaggle.com/datasets/baocgb/vietnam-it-jobs-raw-data-from-topcv-2026"",""dataset_version"":""1"",""license"":""CC-BY-4.0"",""location_normalizer_revision"":""2026-07-19.1"",""raw_sha256"":""e78ff2b6ed521ad894a70271a3254fcf434813916fdade4f7d449bc4fdf34ef9"",""salary_source_currency"":""VND"",""source_url"":""https://www.topcv.vn/viec-lam/nhan-vien-ky-thuat/2000415.html"",""title_normalizer_revision"":""2f434fba22de3a14c1b199331c8ca18408dc72e702071bf4bbfe380daff40f58""}"
topcv,2000521,2026-01-08,Chuyên Viên ERP,Chuyên Viên ERP,mid,Ha Noi,3,3,[],18000000,20000000,information_technology,"{""dataset"":""baocgb/vietnam-it-jobs-raw-data-from-topcv-2026"",""dataset_commit"":""kaggle-9263561-v1:e78ff2b6ed521ad894a70271a3254fcf434813916fdade4f7d449bc4fdf34ef9"",""dataset_url"":""https://www.kaggle.com/datasets/baocgb/vietnam-it-jobs-raw-data-from-topcv-2026"",""dataset_version"":""1"",""license"":""CC-BY-4.0"",""location_normalizer_revision"":""2026-07-19.1"",""raw_sha256"":""e78ff2b6ed521ad894a70271a3254fcf434813916fdade4f7d449bc4fdf34ef9"",""salary_source_currency"":""VND"",""source_url"":""https://www.topcv.vn/viec-lam/chuyen-vien-erp/2000521.html"",""title_normalizer_revision"":""2f434fba22de3a14c1b199331c8ca18408dc72e702071bf4bbfe380daff40f58""}"
topcv,2000808,2026-01-01,Chuyên Gia Quản Trị Rủi Ro Công Nghệ Thông Tin,Senior Chuyên Gia Quản Trị Rủi Ro Công Nghệ Thông Tin,senior,Ha Noi,5,5,[],30000000,60000000,information_technology,"{""dataset"":""baocgb/vietnam-it-jobs-raw-data-from-topcv-2026"",""dataset_commit"":""kaggle-9263561-v1:e78ff2b6ed521ad894a70271a3254fcf434813916fdade4f7d449bc4fdf34ef9"",""dataset_url"":""https://www.kaggle.com/datasets/baocgb/vietnam-it-jobs-raw-data-from-topcv-2026"",""dataset_version"":""1"",""license"":""CC-BY-4.0"",""location_normalizer_revision"":""2026-07-19.1"",""raw_sha256"":""e78ff2b6ed521ad894a70271a3254fcf434813916fdade4f7d449bc4fdf34ef9"",""salary_source_currency"":""VND"",""source_url"":""https://www.topcv.vn/viec-lam/chuyen-gia-quan-tri-rui-ro-cong-nghe-thong-tin/2000808.html"",""title_normalizer_revision"":""2f434fba22de3a14c1b199331c8ca18408dc72e702071bf4bbfe380daff40f58""}"
topcv,2000941,2026-01-08,Senior Software Engineer (NodeJS) - 5 Năm Kinh Nghiệm - Thu Nhập Từ 40 - 55 Triệu/Tháng,Senior Software Engineer,senior,Ha Noi,5,5,[],40000000,55000000,information_technology,"{""dataset"":""baocgb/vietnam-it-jobs-raw-data-from-topcv-2026"",""dataset_commit"":""kaggle-9263561-v1:e78ff2b6ed521ad894a70271a3254fcf434813916fdade4f7d449bc4fdf34ef9"",""dataset_url"":""https://www.kaggle.com/datasets/baocgb/vietnam-it-jobs-raw-data-from-topcv-2026"",""dataset_version"":""1"",""license"":""CC-BY-4.0"",""location_normalizer_revision"":""2026-07-19.1"",""raw_sha256"":""e78ff2b6ed521ad894a70271a3254fcf434813916fdade4f7d449bc4fdf34ef9"",""salary_source_currency"":""VND"",""source_url"":""https://www.topcv.vn/viec-lam/senior-software-engineer-nodejs-5-nam-kinh-nghiem-thu-nhap-tu-40-55-trieu-thang/2000941.html"",""title_normalizer_revision"":""2f434fba22de3a14c1b199331c8ca18408dc72e702071bf4bbfe380daff40f58""}"
topcv,2001005,2026-01-01,RPA Developer - Power Automate (Signing Bonus 1 Tháng Lương),RPA Developer - Power Automate Signing Bonus 1 Tháng Lương ,mid,Ha Noi,1,1,[],,30000000,information_technology,"{""dataset"":""baocgb/vietnam-it-jobs-raw-data-from-topcv-2026"",""dataset_commit"":""kaggle-9263561-v1:e78ff2b6ed521ad894a70271a3254fcf434813916fdade4f7d449bc4fdf34ef9"",""dataset_url"":""https://www.kaggle.com/datasets/baocgb/vietnam-it-jobs-raw-data-from-topcv-2026"",""dataset_version"":""1"",""license"":""CC-BY-4.0"",""location_normalizer_revision"":""2026-07-19.1"",""raw_sha256"":""e78ff2b6ed521ad894a70271a3254fcf434813916fdade4f7d449bc4fdf34ef9"",""salary_source_currency"":""VND"",""source_url"":""https://www.topcv.vn/viec-lam/rpa-developer-power-automate-signing-bonus-1-thang-luong/2001005.html"",""title_normalizer_revision"":""2f434fba22de3a14c1b199331c8ca18408dc72e702071bf4bbfe380daff40f58""}"
topcv,2001260,2026-01-08,"AI Developer - Xây Hệ Thống ERP, Misa, CRM","AI Developer - Xây Hệ Thống ERP, Misa, CRM",mid,Ha Noi,1,1,[],16000000,18000000,information_technology,"{""dataset"":""baocgb/vietnam-it-jobs-raw-data-from-topcv-2026"",""dataset_commit"":""kaggle-9263561-v1:e78ff2b6ed521ad894a70271a3254fcf434813916fdade4f7d449bc4fdf34ef9"",""dataset_url"":""https://www.kaggle.com/datasets/baocgb/vietnam-it-jobs-raw-data-from-topcv-2026"",""dataset_version"":""1"",""license"":""CC-BY-4.0"",""location_normalizer_revision"":""2026-07-19.1"",""raw_sha256"":""e78ff2b6ed521ad894a70271a3254fcf434813916fdade4f7d449bc4fdf34ef9"",""salary_source_currency"":""VND"",""source_url"":""https://www.topcv.vn/viec-lam/ai-developer-xay-he-thong-erp-misa-crm/2001260.html"",""title_normalizer_revision"":""2f434fba22de3a14c1b199331c8ca18408dc72e702071bf4bbfe380daff40f58""}"
topcv,2001287,2026-01-08,"Business Analyst - BA Product (Domain ERP, API, EdTech) - Chuyên Viên Phân Tích Nghiệp Vụ - Thu Nhập 15-20M++/Tháng - Onboard Sau Tết - Mảng Giáo Dục - Chỉ Cần Có Từ 1 Năm Kinh Nghiệm",Business Analyst,mid,Ha Noi,1,1,[],16000000,20000000,information_technology,"{""dataset"":""baocgb/vietnam-it-jobs-raw-data-from-topcv-2026"",""dataset_commit"":""kaggle-9263561-v1:e78ff2b6ed521ad894a70271a3254fcf434813916fdade4f7d449bc4fdf34ef9"",""dataset_url"":""https://www.kaggle.com/datasets/baocgb/vietnam-it-jobs-raw-data-from-topcv-2026"",""dataset_version"":""1"",""license"":""CC-BY-4.0"",""location_normalizer_revision"":""2026-07-19.1"",""raw_sha256"":""e78ff2b6ed521ad894a70271a3254fcf434813916fdade4f7d449bc4fdf34ef9"",""salary_source_currency"":""VND"",""source_url"":""https://www.topcv.vn/viec-lam/business-analyst-ba-product-domain-erp-api-edtech-chuyen-vien-phan-tich-nghiep-vu-thu-nhap-15-20m-thang-onboard-sau-tet-mang-giao-duc-chi-can-co-tu-1-nam-kinh-nghiem/2001287.html"",""title_normalizer_revision"":""2f434fba22de3a14c1b199331c8ca18408dc72e702071bf4bbfe380daff40f58""}"
topcv,2001403,2026-01-08,Nhân Viên Kế Toán Học Việc - Ít Kinh Nghiệm,Nhân Viên Kế Toán Học Việc - Ít Kinh Nghiệm,mid,Ha Noi,1,1,[],12000000,20000000,information_technology,"{""dataset"":""baocgb/vietnam-it-jobs-raw-data-from-topcv-2026"",""dataset_commit"":""kaggle-9263561-v1:e78ff2b6ed521ad894a70271a3254fcf434813916fdade4f7d449bc4fdf34ef9"",""dataset_url"":""https://www.kaggle.com/datasets/baocgb/vietnam-it-jobs-raw-data-from-topcv-2026"",""dataset_version"":""1"",""license"":""CC-BY-4.0"",""location_normalizer_revision"":""2026-07-19.1"",""raw_sha256"":""e78ff2b6ed521ad894a70271a3254fcf434813916fdade4f7d449bc4fdf34ef9"",""salary_source_currency"":""VND"",""source_url"":""https://www.topcv.vn/viec-lam/nhan-vien-ke-toan-hoc-viec-it-kinh-nghiem/2001403.html"",""title_normalizer_revision"":""2f434fba22de3a14c1b199331c8ca18408dc72e702071bf4bbfe380daff40f58""}"
topcv,2001553,2026-01-08,Fresher IT Helpdesk (Đào Tạo Chuyên Môn Cho Dự Án),IT Support,fresher,Ho Chi Minh,,,[],13000000,15000000,information_technology,"{""dataset"":""baocgb/vietnam-it-jobs-raw-data-from-topcv-2026"",""dataset_commit"":""kaggle-9263561-v1:e78ff2b6ed521ad894a70271a3254fcf434813916fdade4f7d449bc4fdf34ef9"",""dataset_url"":""https://www.kaggle.com/datasets/baocgb/vietnam-it-jobs-raw-data-from-topcv-2026"",""dataset_version"":""1"",""license"":""CC-BY-4.0"",""location_normalizer_revision"":""2026-07-19.1"",""raw_sha256"":""e78ff2b6ed521ad894a70271a3254fcf434813916fdade4f7d449bc4fdf34ef9"",""salary_source_currency"":""VND"",""source_url"":""https://www.topcv.vn/viec-lam/fresher-it-helpdesk-dao-tao-chuyen-mon-cho-du-an/2001553.html"",""title_normalizer_revision"":""2f434fba22de3a14c1b199331c8ca18408dc72e702071bf4bbfe380daff40f58""}"
topcv,2001622,2026-01-09,Nhân Viên Sales IT,Nhân Viên Sales IT,mid,Da Nang,1,1,[],10000000,20000000,information_technology,"{""dataset"":""baocgb/vietnam-it-jobs-raw-data-from-topcv-2026"",""dataset_commit"":""kaggle-9263561-v1:e78ff2b6ed521ad894a70271a3254fcf434813916fdade4f7d449bc4fdf34ef9"",""dataset_url"":""https://www.kaggle.com/datasets/baocgb/vietnam-it-jobs-raw-data-from-topcv-2026"",""dataset_version"":""1"",""license"":""CC-BY-4.0"",""location_normalizer_revision"":""2026-07-19.1"",""raw_sha256"":""e78ff2b6ed521ad894a70271a3254fcf434813916fdade4f7d449bc4fdf34ef9"",""salary_source_currency"":""VND"",""source_url"":""https://www.topcv.vn/viec-lam/nhan-vien-sales-it/2001622.html"",""title_normalizer_revision"":""2f434fba22de3a14c1b199331c8ca18408dc72e702071bf4bbfe380daff40f58""}"
topcv,2001666,2026-01-10,Nhân Viên Kinh Doanh IT Phần Cứng,Nhân Viên Kinh Doanh IT Phần Cứng,mid,Ho Chi Minh,2,2,[],8000000,25000000,information_technology,"{""dataset"":""baocgb/vietnam-it-jobs-raw-data-from-topcv-2026"",""dataset_commit"":""kaggle-9263561-v1:e78ff2b6ed521ad894a70271a3254fcf434813916fdade4f7d449bc4fdf34ef9"",""dataset_url"":""https://www.kaggle.com/datasets/baocgb/vietnam-it-jobs-raw-data-from-topcv-2026"",""dataset_version"":""1"",""license"":""CC-BY-4.0"",""location_normalizer_revision"":""2026-07-19.1"",""raw_sha256"":""e78ff2b6ed521ad894a70271a3254fcf434813916fdade4f7d449bc4fdf34ef9"",""salary_source_currency"":""VND"",""source_url"":""https://www.topcv.vn/viec-lam/nhan-vien-kinh-doanh-it-phan-cung/2001666.html"",""title_normalizer_revision"":""2f434fba22de3a14c1b199331c8ca18408dc72e702071bf4bbfe380daff40f58""}"
topcv,2001754,2026-01-08,Quản Lý Dự Án IT (IT Project Manager),Project Manager,manager,Ha Noi,2,2,[],10000000,20000000,information_technology,"{""dataset"":""baocgb/vietnam-it-jobs-raw-data-from-topcv-2026"",""dataset_commit"":""kaggle-9263561-v1:e78ff2b6ed521ad894a70271a3254fcf434813916fdade4f7d449bc4fdf34ef9"",""dataset_url"":""https://www.kaggle.com/datasets/baocgb/vietnam-it-jobs-raw-data-from-topcv-2026"",""dataset_version"":""1"",""license"":""CC-BY-4.0"",""location_normalizer_revision"":""2026-07-19.1"",""raw_sha256"":""e78ff2b6ed521ad894a70271a3254fcf434813916fdade4f7d449bc4fdf34ef9"",""salary_source_currency"":""VND"",""source_url"":""https://www.topcv.vn/viec-lam/quan-ly-du-an-it-it-project-manager/2001754.html"",""title_normalizer_revision"":""2f434fba22de3a14c1b199331c8ca18408dc72e702071bf4bbfe380daff40f58""}"
topcv,2002006,2026-01-08,TECH LEAD / CO-OWNER (MMO Application & Software As A Service),TECH LEAD / CO-OWNER MMO Application & Software As A Service ,lead,Ha Noi,3,3,[],20000000,25000000,information_technology,"{""dataset"":""baocgb/vietnam-it-jobs-raw-data-from-topcv-2026"",""dataset_commit"":""kaggle-9263561-v1:e78ff2b6ed521ad894a70271a3254fcf434813916fdade4f7d449bc4fdf34ef9"",""dataset_url"":""https://www.kaggle.com/datasets/baocgb/vietnam-it-jobs-raw-data-from-topcv-2026"",""dataset_version"":""1"",""license"":""CC-BY-4.0"",""location_normalizer_revision"":""2026-07-19.1"",""raw_sha256"":""e78ff2b6ed521ad894a70271a3254fcf434813916fdade4f7d449bc4fdf34ef9"",""salary_source_currency"":""VND"",""source_url"":""https://www.topcv.vn/viec-lam/tech-lead-co-owner-mmo-application-software-as-a-service/2002006.html"",""title_normalizer_revision"":""2f434fba22de3a14c1b199331c8ca18408dc72e702071bf4bbfe380daff40f58""}"
topcv,2002112,2026-01-08,Chuyên Viên Phân Tích Nghiệp Vụ Cao Cấp (Senior Business Analyst),Senior Business Analyst,senior,Ho Chi Minh,4,4,[],20000000,25000000,information_technology,"{""dataset"":""baocgb/vietnam-it-jobs-raw-data-from-topcv-2026"",""dataset_commit"":""kaggle-9263561-v1:e78ff2b6ed521ad894a70271a3254fcf434813916fdade4f7d449bc4fdf34ef9"",""dataset_url"":""https://www.kaggle.com/datasets/baocgb/vietnam-it-jobs-raw-data-from-topcv-2026"",""dataset_version"":""1"",""license"":""CC-BY-4.0"",""location_normalizer_revision"":""2026-07-19.1"",""raw_sha256"":""e78ff2b6ed521ad894a70271a3254fcf434813916fdade4f7d449bc4fdf34ef9"",""salary_source_currency"":""VND"",""source_url"":""https://www.topcv.vn/viec-lam/chuyen-vien-phan-tich-nghiep-vu-cao-cap-senior-business-analyst/2002112.html"",""title_normalizer_revision"":""2f434fba22de3a14c1b199331c8ca18408dc72e702071bf4bbfe380daff40f58""}"
topcv,2002116,2026-01-08,Lập Trình Viên Web Front-End (ReactJS/NextJS),Frontend Developer,mid,Ho Chi Minh,3,3,[],15000000,20000000,information_technology,"{""dataset"":""baocgb/vietnam-it-jobs-raw-data-from-topcv-2026"",""dataset_commit"":""kaggle-9263561-v1:e78ff2b6ed521ad894a70271a3254fcf434813916fdade4f7d449bc4fdf34ef9"",""dataset_url"":""https://www.kaggle.com/datasets/baocgb/vietnam-it-jobs-raw-data-from-topcv-2026"",""dataset_version"":""1"",""license"":""CC-BY-4.0"",""location_normalizer_revision"":""2026-07-19.1"",""raw_sha256"":""e78ff2b6ed521ad894a70271a3254fcf434813916fdade4f7d449bc4fdf34ef9"",""salary_source_currency"":""VND"",""source_url"":""https://www.topcv.vn/viec-lam/lap-trinh-vien-web-front-end-reactjs-nextjs/2002116.html"",""title_normalizer_revision"":""2f434fba22de3a14c1b199331c8ca18408dc72e702071bf4bbfe380daff40f58""}"
topcv,2002140,2026-01-08,Trưởng Nhóm Lập Trình (Java),Trưởng Nhóm Lập Trình Java ,lead,Ha Noi,3,3,[],25000000,35000000,information_technology,"{""dataset"":""baocgb/vietnam-it-jobs-raw-data-from-topcv-2026"",""dataset_commit"":""kaggle-9263561-v1:e78ff2b6ed521ad894a70271a3254fcf434813916fdade4f7d449bc4fdf34ef9"",""dataset_url"":""https://www.kaggle.com/datasets/baocgb/vietnam-it-jobs-raw-data-from-topcv-2026"",""dataset_version"":""1"",""license"":""CC-BY-4.0"",""location_normalizer_revision"":""2026-07-19.1"",""raw_sha256"":""e78ff2b6ed521ad894a70271a3254fcf434813916fdade4f7d449bc4fdf34ef9"",""salary_source_currency"":""VND"",""source_url"":""https://www.topcv.vn/viec-lam/truong-nhom-lap-trinh-java/2002140.html"",""title_normalizer_revision"":""2f434fba22de3a14c1b199331c8ca18408dc72e702071bf4bbfe380daff40f58""}"
topcv,2002145,2026-01-08,Phân Tích Nghiệp Vụ (Business Analyst),Business Analyst,mid,Ha Noi,2,2,[],15000000,30000000,information_technology,"{""dataset"":""baocgb/vietnam-it-jobs-raw-data-from-topcv-2026"",""dataset_commit"":""kaggle-9263561-v1:e78ff2b6ed521ad894a70271a3254fcf434813916fdade4f7d449bc4fdf34ef9"",""dataset_url"":""https://www.kaggle.com/datasets/baocgb/vietnam-it-jobs-raw-data-from-topcv-2026"",""dataset_version"":""1"",""license"":""CC-BY-4.0"",""location_normalizer_revision"":""2026-07-19.1"",""raw_sha256"":""e78ff2b6ed521ad894a70271a3254fcf434813916fdade4f7d449bc4fdf34ef9"",""salary_source_currency"":""VND"",""source_url"":""https://www.topcv.vn/viec-lam/phan-tich-nghiep-vu-business-analyst/2002145.html"",""title_normalizer_revision"":""2f434fba22de3a14c1b199331c8ca18408dc72e702071bf4bbfe380daff40f58""}"
topcv,2002289,2026-01-08,Senior Mobile Developer (Flutter/IOS/Android/Dart),Senior Mobile Developer,senior,Ho Chi Minh,3,3,[],30000000,40000000,information_technology,"{""dataset"":""baocgb/vietnam-it-jobs-raw-data-from-topcv-2026"",""dataset_commit"":""kaggle-9263561-v1:e78ff2b6ed521ad894a70271a3254fcf434813916fdade4f7d449bc4fdf34ef9"",""dataset_url"":""https://www.kaggle.com/datasets/baocgb/vietnam-it-jobs-raw-data-from-topcv-2026"",""dataset_version"":""1"",""license"":""CC-BY-4.0"",""location_normalizer_revision"":""2026-07-19.1"",""raw_sha256"":""e78ff2b6ed521ad894a70271a3254fcf434813916fdade4f7d449bc4fdf34ef9"",""salary_source_currency"":""VND"",""source_url"":""https://www.topcv.vn/viec-lam/senior-mobile-developer-flutter-ios-android-dart/2002289.html"",""title_normalizer_revision"":""2f434fba22de3a14c1b199331c8ca18408dc72e702071bf4bbfe380daff40f58""}"
topcv,2002410,2026-01-08,IT Security Team Leader,IT Security Team Leader,lead,Ha Noi,4,4,[],30000000,40000000,information_technology,"{""dataset"":""baocgb/vietnam-it-jobs-raw-data-from-topcv-2026"",""dataset_commit"":""kaggle-9263561-v1:e78ff2b6ed521ad894a70271a3254fcf434813916fdade4f7d449bc4fdf34ef9"",""dataset_url"":""https://www.kaggle.com/datasets/baocgb/vietnam-it-jobs-raw-data-from-topcv-2026"",""dataset_version"":""1"",""license"":""CC-BY-4.0"",""location_normalizer_revision"":""2026-07-19.1"",""raw_sha256"":""e78ff2b6ed521ad894a70271a3254fcf434813916fdade4f7d449bc4fdf34ef9"",""salary_source_currency"":""VND"",""source_url"":""https://www.topcv.vn/viec-lam/it-security-team-leader/2002410.html"",""title_normalizer_revision"":""2f434fba22de3a14c1b199331c8ca18408dc72e702071bf4bbfe380daff40f58""}"
topcv,2002424,2026-01-08,Java Spring Boot,Java Spring Boot,mid,Ha Noi,1,1,[],,20000000,information_technology,"{""dataset"":""baocgb/vietnam-it-jobs-raw-data-from-topcv-2026"",""dataset_commit"":""kaggle-9263561-v1:e78ff2b6ed521ad894a70271a3254fcf434813916fdade4f7d449bc4fdf34ef9"",""dataset_url"":""https://www.kaggle.com/datasets/baocgb/vietnam-it-jobs-raw-data-from-topcv-2026"",""dataset_version"":""1"",""license"":""CC-BY-4.0"",""location_normalizer_revision"":""2026-07-19.1"",""raw_sha256"":""e78ff2b6ed521ad894a70271a3254fcf434813916fdade4f7d449bc4fdf34ef9"",""salary_source_currency"":""VND"",""source_url"":""https://www.topcv.vn/viec-lam/java-spring-boot/2002424.html"",""title_normalizer_revision"":""2f434fba22de3a14c1b199331c8ca18408dc72e702071bf4bbfe380daff40f58""}"
topcv,2002623,2026-01-08,Lập Trình Viên Backend (Python),Backend Developer,mid,Ha Noi,2,2,[],15000000,22500000,information_technology,"{""dataset"":""baocgb/vietnam-it-jobs-raw-data-from-topcv-2026"",""dataset_commit"":""kaggle-9263561-v1:e78ff2b6ed521ad894a70271a3254fcf434813916fdade4f7d449bc4fdf34ef9"",""dataset_url"":""https://www.kaggle.com/datasets/baocgb/vietnam-it-jobs-raw-data-from-topcv-2026"",""dataset_version"":""1"",""license"":""CC-BY-4.0"",""location_normalizer_revision"":""2026-07-19.1"",""raw_sha256"":""e78ff2b6ed521ad894a70271a3254fcf434813916fdade4f7d449bc4fdf34ef9"",""salary_source_currency"":""USD"",""source_url"":""https://www.topcv.vn/viec-lam/lap-trinh-vien-backend-python/2002623.html"",""title_normalizer_revision"":""2f434fba22de3a14c1b199331c8ca18408dc72e702071bf4bbfe380daff40f58"",""usd_to_vnd"":""25000""}"
topcv,2002625,2026-01-08,"Leader Lập Trình C C++, Tiếng Nhật N3 Up","Leader Lập Trình C C++, Tiếng Nhật N3 Up",lead,Ha Noi,3,3,[],40000000,55000000,information_technology,"{""dataset"":""baocgb/vietnam-it-jobs-raw-data-from-topcv-2026"",""dataset_commit"":""kaggle-9263561-v1:e78ff2b6ed521ad894a70271a3254fcf434813916fdade4f7d449bc4fdf34ef9"",""dataset_url"":""https://www.kaggle.com/datasets/baocgb/vietnam-it-jobs-raw-data-from-topcv-2026"",""dataset_version"":""1"",""license"":""CC-BY-4.0"",""location_normalizer_revision"":""2026-07-19.1"",""raw_sha256"":""e78ff2b6ed521ad894a70271a3254fcf434813916fdade4f7d449bc4fdf34ef9"",""salary_source_currency"":""VND"",""source_url"":""https://www.topcv.vn/viec-lam/leader-lap-trinh-c-c-tieng-nhat-n3-up/2002625.html"",""title_normalizer_revision"":""2f434fba22de3a14c1b199331c8ca18408dc72e702071bf4bbfe380daff40f58""}"
topcv,2002652,2026-01-08,Account Manager,Account Manager,manager,Ha Noi,,,[],35000000,45000000,information_technology,"{""dataset"":""baocgb/vietnam-it-jobs-raw-data-from-topcv-2026"",""dataset_commit"":""kaggle-9263561-v1:e78ff2b6ed521ad894a70271a3254fcf434813916fdade4f7d449bc4fdf34ef9"",""dataset_url"":""https://www.kaggle.com/datasets/baocgb/vietnam-it-jobs-raw-data-from-topcv-2026"",""dataset_version"":""1"",""license"":""CC-BY-4.0"",""location_normalizer_revision"":""2026-07-19.1"",""raw_sha256"":""e78ff2b6ed521ad894a70271a3254fcf434813916fdade4f7d449bc4fdf34ef9"",""salary_source_currency"":""VND"",""source_url"":""https://www.topcv.vn/viec-lam/account-manager/2002652.html"",""title_normalizer_revision"":""2f434fba22de3a14c1b199331c8ca18408dc72e702071bf4bbfe380daff40f58""}"
topcv,2002661,2026-01-08,"Product Executive (BA, Base Accounting)","Product Executive BA, Base Accounting ",mid,Ha Noi,3,3,[],20000000,30000000,information_technology,"{""dataset"":""baocgb/vietnam-it-jobs-raw-data-from-topcv-2026"",""dataset_commit"":""kaggle-9263561-v1:e78ff2b6ed521ad894a70271a3254fcf434813916fdade4f7d449bc4fdf34ef9"",""dataset_url"":""https://www.kaggle.com/datasets/baocgb/vietnam-it-jobs-raw-data-from-topcv-2026"",""dataset_version"":""1"",""license"":""CC-BY-4.0"",""location_normalizer_revision"":""2026-07-19.1"",""raw_sha256"":""e78ff2b6ed521ad894a70271a3254fcf434813916fdade4f7d449bc4fdf34ef9"",""salary_source_currency"":""VND"",""source_url"":""https://www.topcv.vn/viec-lam/product-executive-ba-base-accounting/2002661.html"",""title_normalizer_revision"":""2f434fba22de3a14c1b199331c8ca18408dc72e702071bf4bbfe380daff40f58""}"
topcv,2002784,2026-01-08,.NET Developer (Internal Product /Systems),Backend Developer,mid,Ha Noi,3,3,[],,35000000,information_technology,"{""dataset"":""baocgb/vietnam-it-jobs-raw-data-from-topcv-2026"",""dataset_commit"":""kaggle-9263561-v1:e78ff2b6ed521ad894a70271a3254fcf434813916fdade4f7d449bc4fdf34ef9"",""dataset_url"":""https://www.kaggle.com/datasets/baocgb/vietnam-it-jobs-raw-data-from-topcv-2026"",""dataset_version"":""1"",""license"":""CC-BY-4.0"",""location_normalizer_revision"":""2026-07-19.1"",""raw_sha256"":""e78ff2b6ed521ad894a70271a3254fcf434813916fdade4f7d449bc4fdf34ef9"",""salary_source_currency"":""VND"",""source_url"":""https://www.topcv.vn/viec-lam/net-developer-internal-product-systems/2002784.html"",""title_normalizer_revision"":""2f434fba22de3a14c1b199331c8ca18408dc72e702071bf4bbfe380daff40f58""}"
topcv,2002807,2026-01-08,Angular Developer,Frontend Developer,mid,Ha Noi,2,2,[],,20000000,information_technology,"{""dataset"":""baocgb/vietnam-it-jobs-raw-data-from-topcv-2026"",""dataset_commit"":""kaggle-9263561-v1:e78ff2b6ed521ad894a70271a3254fcf434813916fdade4f7d449bc4fdf34ef9"",""dataset_url"":""https://www.kaggle.com/datasets/baocgb/vietnam-it-jobs-raw-data-from-topcv-2026"",""dataset_version"":""1"",""license"":""CC-BY-4.0"",""location_normalizer_revision"":""2026-07-19.1"",""raw_sha256"":""e78ff2b6ed521ad894a70271a3254fcf434813916fdade4f7d449bc4fdf34ef9"",""salary_source_currency"":""VND"",""source_url"":""https://www.topcv.vn/viec-lam/angular-developer/2002807.html"",""title_normalizer_revision"":""2f434fba22de3a14c1b199331c8ca18408dc72e702071bf4bbfe380daff40f58""}"
topcv,2002852,2026-01-08,Nhân Viên IT Vận Hành Mạng Và Thiết Bị An Ninh.,Nhân Viên IT Vận Hành Mạng Và Thiết Bị An Ninh.,mid,Hải Phòng,1,1,[],12000000,20000000,information_technology,"{""dataset"":""baocgb/vietnam-it-jobs-raw-data-from-topcv-2026"",""dataset_commit"":""kaggle-9263561-v1:e78ff2b6ed521ad894a70271a3254fcf434813916fdade4f7d449bc4fdf34ef9"",""dataset_url"":""https://www.kaggle.com/datasets/baocgb/vietnam-it-jobs-raw-data-from-topcv-2026"",""dataset_version"":""1"",""license"":""CC-BY-4.0"",""location_normalizer_revision"":""2026-07-19.1"",""raw_sha256"":""e78ff2b6ed521ad894a70271a3254fcf434813916fdade4f7d449bc4fdf34ef9"",""salary_source_currency"":""VND"",""source_url"":""https://www.topcv.vn/viec-lam/nhan-vien-it-van-hanh-mang-va-thiet-bi-an-ninh/2002852.html"",""title_normalizer_revision"":""2f434fba22de3a14c1b199331c8ca18408dc72e702071bf4bbfe380daff40f58""}"
topcv,2002926,2026-01-08,Trưởng Nhóm Business Analyst,Business Analyst,lead,Ha Noi,2,2,[],,30000000,information_technology,"{""dataset"":""baocgb/vietnam-it-jobs-raw-data-from-topcv-2026"",""dataset_commit"":""kaggle-9263561-v1:e78ff2b6ed521ad894a70271a3254fcf434813916fdade4f7d449bc4fdf34ef9"",""dataset_url"":""https://www.kaggle.com/datasets/baocgb/vietnam-it-jobs-raw-data-from-topcv-2026"",""dataset_version"":""1"",""license"":""CC-BY-4.0"",""location_normalizer_revision"":""2026-07-19.1"",""raw_sha256"":""e78ff2b6ed521ad894a70271a3254fcf434813916fdade4f7d449bc4fdf34ef9"",""salary_source_currency"":""VND"",""source_url"":""https://www.topcv.vn/viec-lam/truong-nhom-business-analyst/2002926.html"",""title_normalizer_revision"":""2f434fba22de3a14c1b199331c8ca18408dc72e702071bf4bbfe380daff40f58""}"
topcv,2002940,2026-01-08,Trưởng Nhóm Tester,QA Engineer,lead,Ha Noi,3,3,[],,30000000,information_technology,"{""dataset"":""baocgb/vietnam-it-jobs-raw-data-from-topcv-2026"",""dataset_commit"":""kaggle-9263561-v1:e78ff2b6ed521ad894a70271a3254fcf434813916fdade4f7d449bc4fdf34ef9"",""dataset_url"":""https://www.kaggle.com/datasets/baocgb/vietnam-it-jobs-raw-data-from-topcv-2026"",""dataset_version"":""1"",""license"":""CC-BY-4.0"",""location_normalizer_revision"":""2026-07-19.1"",""raw_sha256"":""e78ff2b6ed521ad894a70271a3254fcf434813916fdade4f7d449bc4fdf34ef9"",""salary_source_currency"":""VND"",""source_url"":""https://www.topcv.vn/viec-lam/truong-nhom-tester/2002940.html"",""title_normalizer_revision"":""2f434fba22de3a14c1b199331c8ca18408dc72e702071bf4bbfe380daff40f58""}"
topcv,2002993,2026-01-08,Fresher Fullstack Developer (Java & ReactJS),Fullstack Developer,fresher,Ha Noi,,,[],12000000,15000000,information_technology,"{""dataset"":""baocgb/vietnam-it-jobs-raw-data-from-topcv-2026"",""dataset_commit"":""kaggle-9263561-v1:e78ff2b6ed521ad894a70271a3254fcf434813916fdade4f7d449bc4fdf34ef9"",""dataset_url"":""https://www.kaggle.com/datasets/baocgb/vietnam-it-jobs-raw-data-from-topcv-2026"",""dataset_version"":""1"",""license"":""CC-BY-4.0"",""location_normalizer_revision"":""2026-07-19.1"",""raw_sha256"":""e78ff2b6ed521ad894a70271a3254fcf434813916fdade4f7d449bc4fdf34ef9"",""salary_source_currency"":""VND"",""source_url"":""https://www.topcv.vn/brand/fptsoftwareacademy/tuyen-dung/fresher-fullstack-developer-java-reactjs-j2002993.html"",""title_normalizer_revision"":""2f434fba22de3a14c1b199331c8ca18408dc72e702071bf4bbfe380daff40f58""}"
topcv,2003020,2026-01-08,Nổi bật Fresher Fullstack Web Developer (Java/NodeJS),Fullstack Developer,fresher,Ha Noi,,,[],6000000,8000000,information_technology,"{""dataset"":""baocgb/vietnam-it-jobs-raw-data-from-topcv-2026"",""dataset_commit"":""kaggle-9263561-v1:e78ff2b6ed521ad894a70271a3254fcf434813916fdade4f7d449bc4fdf34ef9"",""dataset_url"":""https://www.kaggle.com/datasets/baocgb/vietnam-it-jobs-raw-data-from-topcv-2026"",""dataset_version"":""1"",""license"":""CC-BY-4.0"",""location_normalizer_revision"":""2026-07-19.1"",""raw_sha256"":""e78ff2b6ed521ad894a70271a3254fcf434813916fdade4f7d449bc4fdf34ef9"",""salary_source_currency"":""VND"",""source_url"":""https://www.topcv.vn/brand/fptsoftwareacademy/tuyen-dung/fresher-fullstack-web-developer-java-nodejs-j2003020.html"",""title_normalizer_revision"":""2f434fba22de3a14c1b199331c8ca18408dc72e702071bf4bbfe380daff40f58""}"
topcv,2003032,2026-01-08,"Nhân Viên Kinh Doanh Phần Mềm Quản Lý Bán Hàng AI/POS/GO [Hồ Chí Minh/ Hà Nội] - Đào Tạo Từ Đầu, Chấp Nhận Sinh Viên Chờ Bằng, Thu Nhập Từ 15-25 Triệu","Nhân Viên Kinh Doanh Phần Mềm Quản Lý Bán Hàng AI/POS/GO Hồ Chí Minh/ Hà Nội - Đào Tạo Từ Đầu, Chấp Nhận Sinh Viên Chờ Bằng, Thu Nhập Từ 15-25 Triệu",manager,Ho Chi Minh,1,1,[],15000000,25000000,information_technology,"{""dataset"":""baocgb/vietnam-it-jobs-raw-data-from-topcv-2026"",""dataset_commit"":""kaggle-9263561-v1:e78ff2b6ed521ad894a70271a3254fcf434813916fdade4f7d449bc4fdf34ef9"",""dataset_url"":""https://www.kaggle.com/datasets/baocgb/vietnam-it-jobs-raw-data-from-topcv-2026"",""dataset_version"":""1"",""license"":""CC-BY-4.0"",""location_normalizer_revision"":""2026-07-19.1"",""raw_sha256"":""e78ff2b6ed521ad894a70271a3254fcf434813916fdade4f7d449bc4fdf34ef9"",""salary_source_currency"":""VND"",""source_url"":""https://www.topcv.vn/brand/sapovn/tuyen-dung/nhan-vien-kinh-doanh-phan-mem-quan-ly-ban-hang-ai-pos-go-ho-chi-minh-ha-noi-dao-tao-tu-dau-chap-nhan-sinh-vien-cho-bang-thu-nhap-tu-15-25-trieu-j2003032.html"",""title_normalizer_revision"":""2f434fba22de3a14c1b199331c8ca18408dc72e702071bf4bbfe380daff40f58""}"
topcv,2003071,2026-01-08,Business Analyst (Domain Fintech),Business Analyst,mid,Ha Noi,3,3,[],25000000,45000000,information_technology,"{""dataset"":""baocgb/vietnam-it-jobs-raw-data-from-topcv-2026"",""dataset_commit"":""kaggle-9263561-v1:e78ff2b6ed521ad894a70271a3254fcf434813916fdade4f7d449bc4fdf34ef9"",""dataset_url"":""https://www.kaggle.com/datasets/baocgb/vietnam-it-jobs-raw-data-from-topcv-2026"",""dataset_version"":""1"",""license"":""CC-BY-4.0"",""location_normalizer_revision"":""2026-07-19.1"",""raw_sha256"":""e78ff2b6ed521ad894a70271a3254fcf434813916fdade4f7d449bc4fdf34ef9"",""salary_source_currency"":""VND"",""source_url"":""https://www.topcv.vn/viec-lam/business-analyst-domain-fintech/2003071.html"",""title_normalizer_revision"":""2f434fba22de3a14c1b199331c8ca18408dc72e702071bf4bbfe380daff40f58""}"
topcv,2003085,2026-01-08,Automation Tester,QA Engineer,mid,Ha Noi,2,2,[],20000000,31000000,information_technology,"{""dataset"":""baocgb/vietnam-it-jobs-raw-data-from-topcv-2026"",""dataset_commit"":""kaggle-9263561-v1:e78ff2b6ed521ad894a70271a3254fcf434813916fdade4f7d449bc4fdf34ef9"",""dataset_url"":""https://www.kaggle.com/datasets/baocgb/vietnam-it-jobs-raw-data-from-topcv-2026"",""dataset_version"":""1"",""license"":""CC-BY-4.0"",""location_normalizer_revision"":""2026-07-19.1"",""raw_sha256"":""e78ff2b6ed521ad894a70271a3254fcf434813916fdade4f7d449bc4fdf34ef9"",""salary_source_currency"":""VND"",""source_url"":""https://www.topcv.vn/viec-lam/automation-tester/2003085.html"",""title_normalizer_revision"":""2f434fba22de3a14c1b199331c8ca18408dc72e702071bf4bbfe380daff40f58""}"
topcv,2003095,2026-01-08,Chuyên Viên Phân Tích Nghiệp Vụ,Business Analyst,mid,Ha Noi,1,1,[],8000000,10000000,information_technology,"{""dataset"":""baocgb/vietnam-it-jobs-raw-data-from-topcv-2026"",""dataset_commit"":""kaggle-9263561-v1:e78ff2b6ed521ad894a70271a3254fcf434813916fdade4f7d449bc4fdf34ef9"",""dataset_url"":""https://www.kaggle.com/datasets/baocgb/vietnam-it-jobs-raw-data-from-topcv-2026"",""dataset_version"":""1"",""license"":""CC-BY-4.0"",""location_normalizer_revision"":""2026-07-19.1"",""raw_sha256"":""e78ff2b6ed521ad894a70271a3254fcf434813916fdade4f7d449bc4fdf34ef9"",""salary_source_currency"":""VND"",""source_url"":""https://www.topcv.vn/viec-lam/chuyen-vien-phan-tich-nghiep-vu/2003095.html"",""title_normalizer_revision"":""2f434fba22de3a14c1b199331c8ca18408dc72e702071bf4bbfe380daff40f58""}"
topcv,2003276,2026-01-08,Business Analyst,Business Analyst,mid,Ha Noi,3,3,[],20000000,34000000,information_technology,"{""dataset"":""baocgb/vietnam-it-jobs-raw-data-from-topcv-2026"",""dataset_commit"":""kaggle-9263561-v1:e78ff2b6ed521ad894a70271a3254fcf434813916fdade4f7d449bc4fdf34ef9"",""dataset_url"":""https://www.kaggle.com/datasets/baocgb/vietnam-it-jobs-raw-data-from-topcv-2026"",""dataset_version"":""1"",""license"":""CC-BY-4.0"",""location_normalizer_revision"":""2026-07-19.1"",""raw_sha256"":""e78ff2b6ed521ad894a70271a3254fcf434813916fdade4f7d449bc4fdf34ef9"",""salary_source_currency"":""VND"",""source_url"":""https://www.topcv.vn/viec-lam/business-analyst/2003276.html"",""title_normalizer_revision"":""2f434fba22de3a14c1b199331c8ca18408dc72e702071bf4bbfe380daff40f58""}"
topcv,2003287,2026-01-08,Chuyên Viên BA EdTech Lương Thưởng Hấp Dẫn Đi Làm Sau Tết,Chuyên Viên BA EdTech Lương Thưởng Hấp Dẫn Đi Làm Sau Tết,mid,Ha Noi,1,1,[],13000000,18000000,information_technology,"{""dataset"":""baocgb/vietnam-it-jobs-raw-data-from-topcv-2026"",""dataset_commit"":""kaggle-9263561-v1:e78ff2b6ed521ad894a70271a3254fcf434813916fdade4f7d449bc4fdf34ef9"",""dataset_url"":""https://www.kaggle.com/datasets/baocgb/vietnam-it-jobs-raw-data-from-topcv-2026"",""dataset_version"":""1"",""license"":""CC-BY-4.0"",""location_normalizer_revision"":""2026-07-19.1"",""raw_sha256"":""e78ff2b6ed521ad894a70271a3254fcf434813916fdade4f7d449bc4fdf34ef9"",""salary_source_currency"":""VND"",""source_url"":""https://www.topcv.vn/viec-lam/chuyen-vien-ba-edtech-luong-thuong-hap-dan-di-lam-sau-tet/2003287.html"",""title_normalizer_revision"":""2f434fba22de3a14c1b199331c8ca18408dc72e702071bf4bbfe380daff40f58""}"
topcv,2003582,2026-01-08,Automation Tester,QA Engineer,mid,Ha Noi,3,3,[],,31000000,information_technology,"{""dataset"":""baocgb/vietnam-it-jobs-raw-data-from-topcv-2026"",""dataset_commit"":""kaggle-9263561-v1:e78ff2b6ed521ad894a70271a3254fcf434813916fdade4f7d449bc4fdf34ef9"",""dataset_url"":""https://www.kaggle.com/datasets/baocgb/vietnam-it-jobs-raw-data-from-topcv-2026"",""dataset_version"":""1"",""license"":""CC-BY-4.0"",""location_normalizer_revision"":""2026-07-19.1"",""raw_sha256"":""e78ff2b6ed521ad894a70271a3254fcf434813916fdade4f7d449bc4fdf34ef9"",""salary_source_currency"":""VND"",""source_url"":""https://www.topcv.vn/viec-lam/automation-tester/2003582.html"",""title_normalizer_revision"":""2f434fba22de3a14c1b199331c8ca18408dc72e702071bf4bbfe380daff40f58""}"
topcv,2003642,2026-01-08,PHP Developer (Magento),Backend Developer,mid,Ha Noi,1,1,[],,12000000,information_technology,"{""dataset"":""baocgb/vietnam-it-jobs-raw-data-from-topcv-2026"",""dataset_commit"":""kaggle-9263561-v1:e78ff2b6ed521ad894a70271a3254fcf434813916fdade4f7d449bc4fdf34ef9"",""dataset_url"":""https://www.kaggle.com/datasets/baocgb/vietnam-it-jobs-raw-data-from-topcv-2026"",""dataset_version"":""1"",""license"":""CC-BY-4.0"",""location_normalizer_revision"":""2026-07-19.1"",""raw_sha256"":""e78ff2b6ed521ad894a70271a3254fcf434813916fdade4f7d449bc4fdf34ef9"",""salary_source_currency"":""VND"",""source_url"":""https://www.topcv.vn/viec-lam/php-developer-magento/2003642.html"",""title_normalizer_revision"":""2f434fba22de3a14c1b199331c8ca18408dc72e702071bf4bbfe380daff40f58""}"
topcv,2003682,2026-01-08,System Administrator (Call Center),System Engineer,mid,Ha Noi,1,1,[],15000000,23000000,information_technology,"{""dataset"":""baocgb/vietnam-it-jobs-raw-data-from-topcv-2026"",""dataset_commit"":""kaggle-9263561-v1:e78ff2b6ed521ad894a70271a3254fcf434813916fdade4f7d449bc4fdf34ef9"",""dataset_url"":""https://www.kaggle.com/datasets/baocgb/vietnam-it-jobs-raw-data-from-topcv-2026"",""dataset_version"":""1"",""license"":""CC-BY-4.0"",""location_normalizer_revision"":""2026-07-19.1"",""raw_sha256"":""e78ff2b6ed521ad894a70271a3254fcf434813916fdade4f7d449bc4fdf34ef9"",""salary_source_currency"":""VND"",""source_url"":""https://www.topcv.vn/viec-lam/system-administrator-call-center/2003682.html"",""title_normalizer_revision"":""2f434fba22de3a14c1b199331c8ca18408dc72e702071bf4bbfe380daff40f58""}"
topcv,2003694,2026-01-14,Chuyên Viên Đào Tạo - Quản Trị Hệ Thống E-Learning,System Engineer,mid,Ha Noi,1,1,[],8000000,12000000,information_technology,"{""dataset"":""baocgb/vietnam-it-jobs-raw-data-from-topcv-2026"",""dataset_commit"":""kaggle-9263561-v1:e78ff2b6ed521ad894a70271a3254fcf434813916fdade4f7d449bc4fdf34ef9"",""dataset_url"":""https://www.kaggle.com/datasets/baocgb/vietnam-it-jobs-raw-data-from-topcv-2026"",""dataset_version"":""1"",""license"":""CC-BY-4.0"",""location_normalizer_revision"":""2026-07-19.1"",""raw_sha256"":""e78ff2b6ed521ad894a70271a3254fcf434813916fdade4f7d449bc4fdf34ef9"",""salary_source_currency"":""VND"",""source_url"":""https://www.topcv.vn/viec-lam/chuyen-vien-dao-tao-quan-tri-he-thong-e-learning/2003694.html"",""title_normalizer_revision"":""2f434fba22de3a14c1b199331c8ca18408dc72e702071bf4bbfe380daff40f58""}"
topcv,2003728,2026-01-08,Internship/Fresher UA Marketing Mobile App,Internship/Fresher UA Marketing Mobile App,intern,Ha Noi,,,[],2000000,6000000,information_technology,"{""dataset"":""baocgb/vietnam-it-jobs-raw-data-from-topcv-2026"",""dataset_commit"":""kaggle-9263561-v1:e78ff2b6ed521ad894a70271a3254fcf434813916fdade4f7d449bc4fdf34ef9"",""dataset_url"":""https://www.kaggle.com/datasets/baocgb/vietnam-it-jobs-raw-data-from-topcv-2026"",""dataset_version"":""1"",""license"":""CC-BY-4.0"",""location_normalizer_revision"":""2026-07-19.1"",""raw_sha256"":""e78ff2b6ed521ad894a70271a3254fcf434813916fdade4f7d449bc4fdf34ef9"",""salary_source_currency"":""VND"",""source_url"":""https://www.topcv.vn/viec-lam/internship-fresher-ua-marketing-mobile-app/2003728.html"",""title_normalizer_revision"":""2f434fba22de3a14c1b199331c8ca18408dc72e702071bf4bbfe380daff40f58""}"
topcv,2003752,2026-01-08,"MB Trainee - BackEnd Engineer (Intern, Fresher) - Khối Công Nghệ Thông Tin (HOLT.09)",Backend Developer,intern,Ha Noi,,,[],15000000,35000000,information_technology,"{""dataset"":""baocgb/vietnam-it-jobs-raw-data-from-topcv-2026"",""dataset_commit"":""kaggle-9263561-v1:e78ff2b6ed521ad894a70271a3254fcf434813916fdade4f7d449bc4fdf34ef9"",""dataset_url"":""https://www.kaggle.com/datasets/baocgb/vietnam-it-jobs-raw-data-from-topcv-2026"",""dataset_version"":""1"",""license"":""CC-BY-4.0"",""location_normalizer_revision"":""2026-07-19.1"",""raw_sha256"":""e78ff2b6ed521ad894a70271a3254fcf434813916fdade4f7d449bc4fdf34ef9"",""salary_source_currency"":""VND"",""source_url"":""https://www.topcv.vn/brand/nganhangthuongmaicophanquandoi/tuyen-dung/mb-trainee-backend-engineer-intern-fresher-khoi-cong-nghe-thong-tin-holt-09-j2003752.html"",""title_normalizer_revision"":""2f434fba22de3a14c1b199331c8ca18408dc72e702071bf4bbfe380daff40f58""}"
topcv,2003771,2026-01-08,AI Engineer (Computer Vision/NPL/LLM) - Khối Công Nghệ Thông Tin (HOLT.13),AI Engineer,mid,Ha Noi,3,3,[],15000000,35000000,information_technology,"{""dataset"":""baocgb/vietnam-it-jobs-raw-data-from-topcv-2026"",""dataset_commit"":""kaggle-9263561-v1:e78ff2b6ed521ad894a70271a3254fcf434813916fdade4f7d449bc4fdf34ef9"",""dataset_url"":""https://www.kaggle.com/datasets/baocgb/vietnam-it-jobs-raw-data-from-topcv-2026"",""dataset_version"":""1"",""license"":""CC-BY-4.0"",""location_normalizer_revision"":""2026-07-19.1"",""raw_sha256"":""e78ff2b6ed521ad894a70271a3254fcf434813916fdade4f7d449bc4fdf34ef9"",""salary_source_currency"":""VND"",""source_url"":""https://www.topcv.vn/brand/nganhangthuongmaicophanquandoi/tuyen-dung/ai-engineer-computer-vision-npl-llm-khoi-cong-nghe-thong-tin-holt-13-j2003771.html"",""title_normalizer_revision"":""2f434fba22de3a14c1b199331c8ca18408dc72e702071bf4bbfe380daff40f58""}"
topcv,2003970,2026-01-08,IT Support Engineer,IT Support,mid,Bắc Ninh,1,1,[],15000000,35000000,information_technology,"{""dataset"":""baocgb/vietnam-it-jobs-raw-data-from-topcv-2026"",""dataset_commit"":""kaggle-9263561-v1:e78ff2b6ed521ad894a70271a3254fcf434813916fdade4f7d449bc4fdf34ef9"",""dataset_url"":""https://www.kaggle.com/datasets/baocgb/vietnam-it-jobs-raw-data-from-topcv-2026"",""dataset_version"":""1"",""license"":""CC-BY-4.0"",""location_normalizer_revision"":""2026-07-19.1"",""raw_sha256"":""e78ff2b6ed521ad894a70271a3254fcf434813916fdade4f7d449bc4fdf34ef9"",""salary_source_currency"":""VND"",""source_url"":""https://www.topcv.vn/viec-lam/it-support-engineer/2003970.html"",""title_normalizer_revision"":""2f434fba22de3a14c1b199331c8ca18408dc72e702071bf4bbfe380daff40f58""}"
topcv,2004008,2026-01-08,UA Marketing (Android App) Tại Hà Nội (Lương Upto 20 Triệu + Thưởng),UA Marketing Android App Tại Hà Nội Lương Upto 20 Triệu + Thưởng ,mid,Ha Noi,1,1,[],,20000000,information_technology,"{""dataset"":""baocgb/vietnam-it-jobs-raw-data-from-topcv-2026"",""dataset_commit"":""kaggle-9263561-v1:e78ff2b6ed521ad894a70271a3254fcf434813916fdade4f7d449bc4fdf34ef9"",""dataset_url"":""https://www.kaggle.com/datasets/baocgb/vietnam-it-jobs-raw-data-from-topcv-2026"",""dataset_version"":""1"",""license"":""CC-BY-4.0"",""location_normalizer_revision"":""2026-07-19.1"",""raw_sha256"":""e78ff2b6ed521ad894a70271a3254fcf434813916fdade4f7d449bc4fdf34ef9"",""salary_source_currency"":""VND"",""source_url"":""https://www.topcv.vn/viec-lam/ua-marketing-android-app-tai-ha-noi-luong-upto-20-trieu-thuong/2004008.html"",""title_normalizer_revision"":""2f434fba22de3a14c1b199331c8ca18408dc72e702071bf4bbfe380daff40f58""}"
topcv,2004082,2026-01-08,IT Helpdesk (Phần Cứng & Mạng Máy Tính),IT Support,mid,Ho Chi Minh,1,1,[],10000000,11000000,information_technology,"{""dataset"":""baocgb/vietnam-it-jobs-raw-data-from-topcv-2026"",""dataset_commit"":""kaggle-9263561-v1:e78ff2b6ed521ad894a70271a3254fcf434813916fdade4f7d449bc4fdf34ef9"",""dataset_url"":""https://www.kaggle.com/datasets/baocgb/vietnam-it-jobs-raw-data-from-topcv-2026"",""dataset_version"":""1"",""license"":""CC-BY-4.0"",""location_normalizer_revision"":""2026-07-19.1"",""raw_sha256"":""e78ff2b6ed521ad894a70271a3254fcf434813916fdade4f7d449bc4fdf34ef9"",""salary_source_currency"":""VND"",""source_url"":""https://www.topcv.vn/viec-lam/it-helpdesk-phan-cung-mang-may-tinh/2004082.html"",""title_normalizer_revision"":""2f434fba22de3a14c1b199331c8ca18408dc72e702071bf4bbfe380daff40f58""}"
topcv,2004127,2026-01-08,Senior C# Developer,Senior C# Developer,senior,Ha Noi,5,5,[],,50000000,information_technology,"{""dataset"":""baocgb/vietnam-it-jobs-raw-data-from-topcv-2026"",""dataset_commit"":""kaggle-9263561-v1:e78ff2b6ed521ad894a70271a3254fcf434813916fdade4f7d449bc4fdf34ef9"",""dataset_url"":""https://www.kaggle.com/datasets/baocgb/vietnam-it-jobs-raw-data-from-topcv-2026"",""dataset_version"":""1"",""license"":""CC-BY-4.0"",""location_normalizer_revision"":""2026-07-19.1"",""raw_sha256"":""e78ff2b6ed521ad894a70271a3254fcf434813916fdade4f7d449bc4fdf34ef9"",""salary_source_currency"":""USD"",""source_url"":""https://www.topcv.vn/viec-lam/senior-c-developer/2004127.html"",""title_normalizer_revision"":""2f434fba22de3a14c1b199331c8ca18408dc72e702071bf4bbfe380daff40f58"",""usd_to_vnd"":""25000""}"
topcv,2004163,2026-01-08,DevOps Engineer,DevOps Engineer,mid,Ha Noi,3,3,[],,60000000,information_technology,"{""dataset"":""baocgb/vietnam-it-jobs-raw-data-from-topcv-2026"",""dataset_commit"":""kaggle-9263561-v1:e78ff2b6ed521ad894a70271a3254fcf434813916fdade4f7d449bc4fdf34ef9"",""dataset_url"":""https://www.kaggle.com/datasets/baocgb/vietnam-it-jobs-raw-data-from-topcv-2026"",""dataset_version"":""1"",""license"":""CC-BY-4.0"",""location_normalizer_revision"":""2026-07-19.1"",""raw_sha256"":""e78ff2b6ed521ad894a70271a3254fcf434813916fdade4f7d449bc4fdf34ef9"",""salary_source_currency"":""VND"",""source_url"":""https://www.topcv.vn/viec-lam/devops-engineer/2004163.html"",""title_normalizer_revision"":""2f434fba22de3a14c1b199331c8ca18408dc72e702071bf4bbfe380daff40f58""}"
topcv,2004165,2026-01-08,Junior/Middle Flutter Developer (2yoe+),Junior Mobile Developer (Flutter),junior,Ha Noi,2,2,[],18000000,25000000,information_technology,"{""dataset"":""baocgb/vietnam-it-jobs-raw-data-from-topcv-2026"",""dataset_commit"":""kaggle-9263561-v1:e78ff2b6ed521ad894a70271a3254fcf434813916fdade4f7d449bc4fdf34ef9"",""dataset_url"":""https://www.kaggle.com/datasets/baocgb/vietnam-it-jobs-raw-data-from-topcv-2026"",""dataset_version"":""1"",""license"":""CC-BY-4.0"",""location_normalizer_revision"":""2026-07-19.1"",""raw_sha256"":""e78ff2b6ed521ad894a70271a3254fcf434813916fdade4f7d449bc4fdf34ef9"",""salary_source_currency"":""VND"",""source_url"":""https://www.topcv.vn/viec-lam/junior-middle-flutter-developer-2yoe/2004165.html"",""title_normalizer_revision"":""2f434fba22de3a14c1b199331c8ca18408dc72e702071bf4bbfe380daff40f58""}"
topcv,2004227,2026-01-08,IT Fresher 2026 - Chương Trình Tuyển Dụng Và Phát Triển Nhân Tài Công Nghệ Trẻ (Hà Nội Và TP. Hồ Chí Minh),IT Fresher 2026 - Chương Trình Tuyển Dụng Và Phát Triển Nhân Tài Công Nghệ Trẻ Hà Nội Và TP. Hồ Chí Minh ,fresher,Ha Noi,1,1,[],6000000,,information_technology,"{""dataset"":""baocgb/vietnam-it-jobs-raw-data-from-topcv-2026"",""dataset_commit"":""kaggle-9263561-v1:e78ff2b6ed521ad894a70271a3254fcf434813916fdade4f7d449bc4fdf34ef9"",""dataset_url"":""https://www.kaggle.com/datasets/baocgb/vietnam-it-jobs-raw-data-from-topcv-2026"",""dataset_version"":""1"",""license"":""CC-BY-4.0"",""location_normalizer_revision"":""2026-07-19.1"",""raw_sha256"":""e78ff2b6ed521ad894a70271a3254fcf434813916fdade4f7d449bc4fdf34ef9"",""salary_source_currency"":""VND"",""source_url"":""https://www.topcv.vn/viec-lam/it-fresher-2026-chuong-trinh-tuyen-dung-va-phat-trien-nhan-tai-cong-nghe-tre-ha-noi-va-tp-ho-chi-minh/2004227.html"",""title_normalizer_revision"":""2f434fba22de3a14c1b199331c8ca18408dc72e702071bf4bbfe380daff40f58""}"
topcv,2004395,2026-01-08,Senior .NET (Định Hướng Techlead),Senior .NET Định Hướng Techlead ,senior,Ha Noi,5,5,[],,50000000,information_technology,"{""dataset"":""baocgb/vietnam-it-jobs-raw-data-from-topcv-2026"",""dataset_commit"":""kaggle-9263561-v1:e78ff2b6ed521ad894a70271a3254fcf434813916fdade4f7d449bc4fdf34ef9"",""dataset_url"":""https://www.kaggle.com/datasets/baocgb/vietnam-it-jobs-raw-data-from-topcv-2026"",""dataset_version"":""1"",""license"":""CC-BY-4.0"",""location_normalizer_revision"":""2026-07-19.1"",""raw_sha256"":""e78ff2b6ed521ad894a70271a3254fcf434813916fdade4f7d449bc4fdf34ef9"",""salary_source_currency"":""VND"",""source_url"":""https://www.topcv.vn/viec-lam/senior-net-dinh-huong-techlead/2004395.html"",""title_normalizer_revision"":""2f434fba22de3a14c1b199331c8ca18408dc72e702071bf4bbfe380daff40f58""}"
topcv,2004555,2026-01-08,Unity Developer,Game Developer,mid,Ha Noi,1,1,[],15000000,20000000,information_technology,"{""dataset"":""baocgb/vietnam-it-jobs-raw-data-from-topcv-2026"",""dataset_commit"":""kaggle-9263561-v1:e78ff2b6ed521ad894a70271a3254fcf434813916fdade4f7d449bc4fdf34ef9"",""dataset_url"":""https://www.kaggle.com/datasets/baocgb/vietnam-it-jobs-raw-data-from-topcv-2026"",""dataset_version"":""1"",""license"":""CC-BY-4.0"",""location_normalizer_revision"":""2026-07-19.1"",""raw_sha256"":""e78ff2b6ed521ad894a70271a3254fcf434813916fdade4f7d449bc4fdf34ef9"",""salary_source_currency"":""VND"",""source_url"":""https://www.topcv.vn/viec-lam/unity-developer/2004555.html"",""title_normalizer_revision"":""2f434fba22de3a14c1b199331c8ca18408dc72e702071bf4bbfe380daff40f58""}"
topcv,2004628,2026-01-08,Nhân Viên Kinh Doanh,Nhân Viên Kinh Doanh,mid,Ha Noi,1,1,[],10000000,25000000,information_technology,"{""dataset"":""baocgb/vietnam-it-jobs-raw-data-from-topcv-2026"",""dataset_commit"":""kaggle-9263561-v1:e78ff2b6ed521ad894a70271a3254fcf434813916fdade4f7d449bc4fdf34ef9"",""dataset_url"":""https://www.kaggle.com/datasets/baocgb/vietnam-it-jobs-raw-data-from-topcv-2026"",""dataset_version"":""1"",""license"":""CC-BY-4.0"",""location_normalizer_revision"":""2026-07-19.1"",""raw_sha256"":""e78ff2b6ed521ad894a70271a3254fcf434813916fdade4f7d449bc4fdf34ef9"",""salary_source_currency"":""VND"",""source_url"":""https://www.topcv.vn/viec-lam/nhan-vien-kinh-doanh/2004628.html"",""title_normalizer_revision"":""2f434fba22de3a14c1b199331c8ca18408dc72e702071bf4bbfe380daff40f58""}"
topcv,2004645,2026-01-08,Nhân Viên Tư Vấn Phát Triển Phần Mềm Website,Software Engineer,mid,Ho Chi Minh,,,[],6000000,8000000,information_technology,"{""dataset"":""baocgb/vietnam-it-jobs-raw-data-from-topcv-2026"",""dataset_commit"":""kaggle-9263561-v1:e78ff2b6ed521ad894a70271a3254fcf434813916fdade4f7d449bc4fdf34ef9"",""dataset_url"":""https://www.kaggle.com/datasets/baocgb/vietnam-it-jobs-raw-data-from-topcv-2026"",""dataset_version"":""1"",""license"":""CC-BY-4.0"",""location_normalizer_revision"":""2026-07-19.1"",""raw_sha256"":""e78ff2b6ed521ad894a70271a3254fcf434813916fdade4f7d449bc4fdf34ef9"",""salary_source_currency"":""VND"",""source_url"":""https://www.topcv.vn/viec-lam/nhan-vien-tu-van-phat-trien-phan-mem-website/2004645.html"",""title_normalizer_revision"":""2f434fba22de3a14c1b199331c8ca18408dc72e702071bf4bbfe380daff40f58""}"
topcv,2004716,2026-01-08,Java Engineer,Backend Developer,mid,Ho Chi Minh,3,3,[],20000000,35000000,information_technology,"{""dataset"":""baocgb/vietnam-it-jobs-raw-data-from-topcv-2026"",""dataset_commit"":""kaggle-9263561-v1:e78ff2b6ed521ad894a70271a3254fcf434813916fdade4f7d449bc4fdf34ef9"",""dataset_url"":""https://www.kaggle.com/datasets/baocgb/vietnam-it-jobs-raw-data-from-topcv-2026"",""dataset_version"":""1"",""license"":""CC-BY-4.0"",""location_normalizer_revision"":""2026-07-19.1"",""raw_sha256"":""e78ff2b6ed521ad894a70271a3254fcf434813916fdade4f7d449bc4fdf34ef9"",""salary_source_currency"":""VND"",""source_url"":""https://www.topcv.vn/brand/phanmemmor/tuyen-dung/java-engineer-j2004716.html"",""title_normalizer_revision"":""2f434fba22de3a14c1b199331c8ca18408dc72e702071bf4bbfe380daff40f58""}"
topcv,2004732,2026-01-08,Nhân Viên Lập Trình & Vận Hành Phay CNC,Nhân Viên Lập Trình & Vận Hành Phay CNC,mid,Hải Phòng,2,2,[],11000000,16000000,information_technology,"{""dataset"":""baocgb/vietnam-it-jobs-raw-data-from-topcv-2026"",""dataset_commit"":""kaggle-9263561-v1:e78ff2b6ed521ad894a70271a3254fcf434813916fdade4f7d449bc4fdf34ef9"",""dataset_url"":""https://www.kaggle.com/datasets/baocgb/vietnam-it-jobs-raw-data-from-topcv-2026"",""dataset_version"":""1"",""license"":""CC-BY-4.0"",""location_normalizer_revision"":""2026-07-19.1"",""raw_sha256"":""e78ff2b6ed521ad894a70271a3254fcf434813916fdade4f7d449bc4fdf34ef9"",""salary_source_currency"":""VND"",""source_url"":""https://www.topcv.vn/viec-lam/nhan-vien-lap-trinh-van-hanh-phay-cnc/2004732.html"",""title_normalizer_revision"":""2f434fba22de3a14c1b199331c8ca18408dc72e702071bf4bbfe380daff40f58""}"
topcv,2004774,2026-01-08,Chuyên Viên Cấp Cao Kiểm Thử Phần Mềm (Senior Tester),Senior QA Engineer,senior,Ha Noi,2,2,[],,25000000,information_technology,"{""dataset"":""baocgb/vietnam-it-jobs-raw-data-from-topcv-2026"",""dataset_commit"":""kaggle-9263561-v1:e78ff2b6ed521ad894a70271a3254fcf434813916fdade4f7d449bc4fdf34ef9"",""dataset_url"":""https://www.kaggle.com/datasets/baocgb/vietnam-it-jobs-raw-data-from-topcv-2026"",""dataset_version"":""1"",""license"":""CC-BY-4.0"",""location_normalizer_revision"":""2026-07-19.1"",""raw_sha256"":""e78ff2b6ed521ad894a70271a3254fcf434813916fdade4f7d449bc4fdf34ef9"",""salary_source_currency"":""VND"",""source_url"":""https://www.topcv.vn/brand/educa/tuyen-dung/chuyen-vien-cap-cao-kiem-thu-phan-mem-senior-tester-j2004774.html"",""title_normalizer_revision"":""2f434fba22de3a14c1b199331c8ca18408dc72e702071bf4bbfe380daff40f58""}"
topcv,2004808,2026-01-08,Lập Trình Viên ReactJS,Software Engineer,mid,Ha Noi,3,3,[],20000000,34000000,information_technology,"{""dataset"":""baocgb/vietnam-it-jobs-raw-data-from-topcv-2026"",""dataset_commit"":""kaggle-9263561-v1:e78ff2b6ed521ad894a70271a3254fcf434813916fdade4f7d449bc4fdf34ef9"",""dataset_url"":""https://www.kaggle.com/datasets/baocgb/vietnam-it-jobs-raw-data-from-topcv-2026"",""dataset_version"":""1"",""license"":""CC-BY-4.0"",""location_normalizer_revision"":""2026-07-19.1"",""raw_sha256"":""e78ff2b6ed521ad894a70271a3254fcf434813916fdade4f7d449bc4fdf34ef9"",""salary_source_currency"":""VND"",""source_url"":""https://www.topcv.vn/viec-lam/lap-trinh-vien-reactjs/2004808.html"",""title_normalizer_revision"":""2f434fba22de3a14c1b199331c8ca18408dc72e702071bf4bbfe380daff40f58""}"
topcv,2004843,2026-01-08,Senior Fullstack Web Developer,Senior Fullstack Developer,senior,Ha Noi,3,3,[],,30000000,information_technology,"{""dataset"":""baocgb/vietnam-it-jobs-raw-data-from-topcv-2026"",""dataset_commit"":""kaggle-9263561-v1:e78ff2b6ed521ad894a70271a3254fcf434813916fdade4f7d449bc4fdf34ef9"",""dataset_url"":""https://www.kaggle.com/datasets/baocgb/vietnam-it-jobs-raw-data-from-topcv-2026"",""dataset_version"":""1"",""license"":""CC-BY-4.0"",""location_normalizer_revision"":""2026-07-19.1"",""raw_sha256"":""e78ff2b6ed521ad894a70271a3254fcf434813916fdade4f7d449bc4fdf34ef9"",""salary_source_currency"":""VND"",""source_url"":""https://www.topcv.vn/brand/educa/tuyen-dung/senior-fullstack-web-developer-j2004843.html"",""title_normalizer_revision"":""2f434fba22de3a14c1b199331c8ca18408dc72e702071bf4bbfe380daff40f58""}"
topcv,2004847,2026-01-08,Senior Flutter Developer,Senior Mobile Developer (Flutter),senior,Ha Noi,3,3,[],,30000000,information_technology,"{""dataset"":""baocgb/vietnam-it-jobs-raw-data-from-topcv-2026"",""dataset_commit"":""kaggle-9263561-v1:e78ff2b6ed521ad894a70271a3254fcf434813916fdade4f7d449bc4fdf34ef9"",""dataset_url"":""https://www.kaggle.com/datasets/baocgb/vietnam-it-jobs-raw-data-from-topcv-2026"",""dataset_version"":""1"",""license"":""CC-BY-4.0"",""location_normalizer_revision"":""2026-07-19.1"",""raw_sha256"":""e78ff2b6ed521ad894a70271a3254fcf434813916fdade4f7d449bc4fdf34ef9"",""salary_source_currency"":""VND"",""source_url"":""https://www.topcv.vn/brand/educa/tuyen-dung/senior-flutter-developer-j2004847.html"",""title_normalizer_revision"":""2f434fba22de3a14c1b199331c8ca18408dc72e702071bf4bbfe380daff40f58""}"
topcv,2004895,2026-01-08,Java Developer,Backend Developer,mid,Ha Noi,4,4,[],30000000,55000000,information_technology,"{""dataset"":""baocgb/vietnam-it-jobs-raw-data-from-topcv-2026"",""dataset_commit"":""kaggle-9263561-v1:e78ff2b6ed521ad894a70271a3254fcf434813916fdade4f7d449bc4fdf34ef9"",""dataset_url"":""https://www.kaggle.com/datasets/baocgb/vietnam-it-jobs-raw-data-from-topcv-2026"",""dataset_version"":""1"",""license"":""CC-BY-4.0"",""location_normalizer_revision"":""2026-07-19.1"",""raw_sha256"":""e78ff2b6ed521ad894a70271a3254fcf434813916fdade4f7d449bc4fdf34ef9"",""salary_source_currency"":""VND"",""source_url"":""https://www.topcv.vn/viec-lam/java-developer/2004895.html"",""title_normalizer_revision"":""2f434fba22de3a14c1b199331c8ca18408dc72e702071bf4bbfe380daff40f58""}"
topcv,2004907,2026-01-08,Game Tester (Junior),Junior QA Engineer,junior,Ha Noi,2,2,[],,25000000,information_technology,"{""dataset"":""baocgb/vietnam-it-jobs-raw-data-from-topcv-2026"",""dataset_commit"":""kaggle-9263561-v1:e78ff2b6ed521ad894a70271a3254fcf434813916fdade4f7d449bc4fdf34ef9"",""dataset_url"":""https://www.kaggle.com/datasets/baocgb/vietnam-it-jobs-raw-data-from-topcv-2026"",""dataset_version"":""1"",""license"":""CC-BY-4.0"",""location_normalizer_revision"":""2026-07-19.1"",""raw_sha256"":""e78ff2b6ed521ad894a70271a3254fcf434813916fdade4f7d449bc4fdf34ef9"",""salary_source_currency"":""USD"",""source_url"":""https://www.topcv.vn/viec-lam/game-tester-junior/2004907.html"",""title_normalizer_revision"":""2f434fba22de3a14c1b199331c8ca18408dc72e702071bf4bbfe380daff40f58"",""usd_to_vnd"":""25000""}"
topcv,2004934,2026-01-08,Senior DevOps Engineer,Senior DevOps Engineer,senior,Ha Noi,3,3,[],,30000000,information_technology,"{""dataset"":""baocgb/vietnam-it-jobs-raw-data-from-topcv-2026"",""dataset_commit"":""kaggle-9263561-v1:e78ff2b6ed521ad894a70271a3254fcf434813916fdade4f7d449bc4fdf34ef9"",""dataset_url"":""https://www.kaggle.com/datasets/baocgb/vietnam-it-jobs-raw-data-from-topcv-2026"",""dataset_version"":""1"",""license"":""CC-BY-4.0"",""location_normalizer_revision"":""2026-07-19.1"",""raw_sha256"":""e78ff2b6ed521ad894a70271a3254fcf434813916fdade4f7d449bc4fdf34ef9"",""salary_source_currency"":""VND"",""source_url"":""https://www.topcv.vn/viec-lam/senior-devops-engineer/2004934.html"",""title_normalizer_revision"":""2f434fba22de3a14c1b199331c8ca18408dc72e702071bf4bbfe380daff40f58""}"
topcv,2005000,2026-01-08,AIOps SPECIALIST,AIOps SPECIALIST,mid,Ha Noi,3,3,[],,50000000,information_technology,"{""dataset"":""baocgb/vietnam-it-jobs-raw-data-from-topcv-2026"",""dataset_commit"":""kaggle-9263561-v1:e78ff2b6ed521ad894a70271a3254fcf434813916fdade4f7d449bc4fdf34ef9"",""dataset_url"":""https://www.kaggle.com/datasets/baocgb/vietnam-it-jobs-raw-data-from-topcv-2026"",""dataset_version"":""1"",""license"":""CC-BY-4.0"",""location_normalizer_revision"":""2026-07-19.1"",""raw_sha256"":""e78ff2b6ed521ad894a70271a3254fcf434813916fdade4f7d449bc4fdf34ef9"",""salary_source_currency"":""VND"",""source_url"":""https://www.topcv.vn/viec-lam/aiops-specialist/2005000.html"",""title_normalizer_revision"":""2f434fba22de3a14c1b199331c8ca18408dc72e702071bf4bbfe380daff40f58""}"
topcv,2005022,2026-01-08,Chuyên Viên Phân Tích Yêu Cầu,Chuyên Viên Phân Tích Yêu Cầu,mid,Ha Noi,3,3,[],20000000,25000000,information_technology,"{""dataset"":""baocgb/vietnam-it-jobs-raw-data-from-topcv-2026"",""dataset_commit"":""kaggle-9263561-v1:e78ff2b6ed521ad894a70271a3254fcf434813916fdade4f7d449bc4fdf34ef9"",""dataset_url"":""https://www.kaggle.com/datasets/baocgb/vietnam-it-jobs-raw-data-from-topcv-2026"",""dataset_version"":""1"",""license"":""CC-BY-4.0"",""location_normalizer_revision"":""2026-07-19.1"",""raw_sha256"":""e78ff2b6ed521ad894a70271a3254fcf434813916fdade4f7d449bc4fdf34ef9"",""salary_source_currency"":""VND"",""source_url"":""https://www.topcv.vn/viec-lam/chuyen-vien-phan-tich-yeu-cau/2005022.html"",""title_normalizer_revision"":""2f434fba22de3a14c1b199331c8ca18408dc72e702071bf4bbfe380daff40f58""}"
topcv,2005046,2026-01-08,Bridge Software Engineer (Remote Tại Hà Nội),Software Engineer,mid,Ha Noi,2,2,[],30000000,80000000,information_technology,"{""dataset"":""baocgb/vietnam-it-jobs-raw-data-from-topcv-2026"",""dataset_commit"":""kaggle-9263561-v1:e78ff2b6ed521ad894a70271a3254fcf434813916fdade4f7d449bc4fdf34ef9"",""dataset_url"":""https://www.kaggle.com/datasets/baocgb/vietnam-it-jobs-raw-data-from-topcv-2026"",""dataset_version"":""1"",""license"":""CC-BY-4.0"",""location_normalizer_revision"":""2026-07-19.1"",""raw_sha256"":""e78ff2b6ed521ad894a70271a3254fcf434813916fdade4f7d449bc4fdf34ef9"",""salary_source_currency"":""VND"",""source_url"":""https://www.topcv.vn/viec-lam/bridge-software-engineer-remote-tai-ha-noi/2005046.html"",""title_normalizer_revision"":""2f434fba22de3a14c1b199331c8ca18408dc72e702071bf4bbfe380daff40f58""}"
topcv,2005193,2026-01-08,Nhân Viên Kỹ Thuật (IT Service Desk L2),Nhân Viên Kỹ Thuật IT Service Desk L2 ,mid,Ho Chi Minh,1,1,[],13000000,18000000,information_technology,"{""dataset"":""baocgb/vietnam-it-jobs-raw-data-from-topcv-2026"",""dataset_commit"":""kaggle-9263561-v1:e78ff2b6ed521ad894a70271a3254fcf434813916fdade4f7d449bc4fdf34ef9"",""dataset_url"":""https://www.kaggle.com/datasets/baocgb/vietnam-it-jobs-raw-data-from-topcv-2026"",""dataset_version"":""1"",""license"":""CC-BY-4.0"",""location_normalizer_revision"":""2026-07-19.1"",""raw_sha256"":""e78ff2b6ed521ad894a70271a3254fcf434813916fdade4f7d449bc4fdf34ef9"",""salary_source_currency"":""VND"",""source_url"":""https://www.topcv.vn/viec-lam/nhan-vien-ky-thuat-it-service-desk-l2/2005193.html"",""title_normalizer_revision"":""2f434fba22de3a14c1b199331c8ca18408dc72e702071bf4bbfe380daff40f58""}"
topcv,2005253,2026-01-08,IT Comtor (Có Kinh Nghiệm Sub-PM) - JLPT N2,IT Comtor Có Kinh Nghiệm Sub-PM - JLPT N2,mid,Ha Noi,3,3,[],25000000,45000000,information_technology,"{""dataset"":""baocgb/vietnam-it-jobs-raw-data-from-topcv-2026"",""dataset_commit"":""kaggle-9263561-v1:e78ff2b6ed521ad894a70271a3254fcf434813916fdade4f7d449bc4fdf34ef9"",""dataset_url"":""https://www.kaggle.com/datasets/baocgb/vietnam-it-jobs-raw-data-from-topcv-2026"",""dataset_version"":""1"",""license"":""CC-BY-4.0"",""location_normalizer_revision"":""2026-07-19.1"",""raw_sha256"":""e78ff2b6ed521ad894a70271a3254fcf434813916fdade4f7d449bc4fdf34ef9"",""salary_source_currency"":""VND"",""source_url"":""https://www.topcv.vn/viec-lam/it-comtor-co-kinh-nghiem-sub-pm-jlpt-n2/2005253.html"",""title_normalizer_revision"":""2f434fba22de3a14c1b199331c8ca18408dc72e702071bf4bbfe380daff40f58""}"
topcv,2005269,2026-01-08,Project Manager (Tiếng Nhật N2),Project Manager,manager,Ha Noi,2,2,[],30000000,45000000,information_technology,"{""dataset"":""baocgb/vietnam-it-jobs-raw-data-from-topcv-2026"",""dataset_commit"":""kaggle-9263561-v1:e78ff2b6ed521ad894a70271a3254fcf434813916fdade4f7d449bc4fdf34ef9"",""dataset_url"":""https://www.kaggle.com/datasets/baocgb/vietnam-it-jobs-raw-data-from-topcv-2026"",""dataset_version"":""1"",""license"":""CC-BY-4.0"",""location_normalizer_revision"":""2026-07-19.1"",""raw_sha256"":""e78ff2b6ed521ad894a70271a3254fcf434813916fdade4f7d449bc4fdf34ef9"",""salary_source_currency"":""VND"",""source_url"":""https://www.topcv.vn/viec-lam/project-manager-tieng-nhat-n2/2005269.html"",""title_normalizer_revision"":""2f434fba22de3a14c1b199331c8ca18408dc72e702071bf4bbfe380daff40f58""}"
topcv,2005280,2026-01-08,Trưởng Bộ Phận Quản Trị Hệ Thống (MCN),System Engineer,mid,Ha Noi,3,3,[],30000000,40000000,information_technology,"{""dataset"":""baocgb/vietnam-it-jobs-raw-data-from-topcv-2026"",""dataset_commit"":""kaggle-9263561-v1:e78ff2b6ed521ad894a70271a3254fcf434813916fdade4f7d449bc4fdf34ef9"",""dataset_url"":""https://www.kaggle.com/datasets/baocgb/vietnam-it-jobs-raw-data-from-topcv-2026"",""dataset_version"":""1"",""license"":""CC-BY-4.0"",""location_normalizer_revision"":""2026-07-19.1"",""raw_sha256"":""e78ff2b6ed521ad894a70271a3254fcf434813916fdade4f7d449bc4fdf34ef9"",""salary_source_currency"":""VND"",""source_url"":""https://www.topcv.vn/viec-lam/truong-bo-phan-quan-tri-he-thong-mcn/2005280.html"",""title_normalizer_revision"":""2f434fba22de3a14c1b199331c8ca18408dc72e702071bf4bbfe380daff40f58""}"
topcv,2005324,2026-01-08,Thực Tập Sinh Công Nghệ Thông Tin (Có Mộc+ Lương),Thực Tập Sinh Công Nghệ Thông Tin Có Mộc+ Lương ,intern,Ho Chi Minh,,,[],4000000,10000000,information_technology,"{""dataset"":""baocgb/vietnam-it-jobs-raw-data-from-topcv-2026"",""dataset_commit"":""kaggle-9263561-v1:e78ff2b6ed521ad894a70271a3254fcf434813916fdade4f7d449bc4fdf34ef9"",""dataset_url"":""https://www.kaggle.com/datasets/baocgb/vietnam-it-jobs-raw-data-from-topcv-2026"",""dataset_version"":""1"",""license"":""CC-BY-4.0"",""location_normalizer_revision"":""2026-07-19.1"",""raw_sha256"":""e78ff2b6ed521ad894a70271a3254fcf434813916fdade4f7d449bc4fdf34ef9"",""salary_source_currency"":""VND"",""source_url"":""https://www.topcv.vn/viec-lam/thuc-tap-sinh-cong-nghe-thong-tin-co-moc-luong/2005324.html"",""title_normalizer_revision"":""2f434fba22de3a14c1b199331c8ca18408dc72e702071bf4bbfe380daff40f58""}"
topcv,2005348,2026-01-08,Lập Trình Kiêm Vận Hành Máy Tiện,Lập Trình Kiêm Vận Hành Máy Tiện,mid,Ho Chi Minh,2,2,[],11000000,15000000,information_technology,"{""dataset"":""baocgb/vietnam-it-jobs-raw-data-from-topcv-2026"",""dataset_commit"":""kaggle-9263561-v1:e78ff2b6ed521ad894a70271a3254fcf434813916fdade4f7d449bc4fdf34ef9"",""dataset_url"":""https://www.kaggle.com/datasets/baocgb/vietnam-it-jobs-raw-data-from-topcv-2026"",""dataset_version"":""1"",""license"":""CC-BY-4.0"",""location_normalizer_revision"":""2026-07-19.1"",""raw_sha256"":""e78ff2b6ed521ad894a70271a3254fcf434813916fdade4f7d449bc4fdf34ef9"",""salary_source_currency"":""VND"",""source_url"":""https://www.topcv.vn/viec-lam/lap-trinh-kiem-van-hanh-may-tien/2005348.html"",""title_normalizer_revision"":""2f434fba22de3a14c1b199331c8ca18408dc72e702071bf4bbfe380daff40f58""}"
topcv,2005356,2026-01-08,Thực Tập Sinh Công Nghệ Thông Tin Có Lương,Thực Tập Sinh Công Nghệ Thông Tin Có Lương,intern,Ho Chi Minh,,,[],4000000,10000000,information_technology,"{""dataset"":""baocgb/vietnam-it-jobs-raw-data-from-topcv-2026"",""dataset_commit"":""kaggle-9263561-v1:e78ff2b6ed521ad894a70271a3254fcf434813916fdade4f7d449bc4fdf34ef9"",""dataset_url"":""https://www.kaggle.com/datasets/baocgb/vietnam-it-jobs-raw-data-from-topcv-2026"",""dataset_version"":""1"",""license"":""CC-BY-4.0"",""location_normalizer_revision"":""2026-07-19.1"",""raw_sha256"":""e78ff2b6ed521ad894a70271a3254fcf434813916fdade4f7d449bc4fdf34ef9"",""salary_source_currency"":""VND"",""source_url"":""https://www.topcv.vn/viec-lam/thuc-tap-sinh-cong-nghe-thong-tin-co-luong/2005356.html"",""title_normalizer_revision"":""2f434fba22de3a14c1b199331c8ca18408dc72e702071bf4bbfe380daff40f58""}"
topcv,2005486,2026-01-08,Trưởng Nhóm IT,Trưởng Nhóm IT,lead,Khánh Hòa,2,2,[],12000000,14000000,information_technology,"{""dataset"":""baocgb/vietnam-it-jobs-raw-data-from-topcv-2026"",""dataset_commit"":""kaggle-9263561-v1:e78ff2b6ed521ad894a70271a3254fcf434813916fdade4f7d449bc4fdf34ef9"",""dataset_url"":""https://www.kaggle.com/datasets/baocgb/vietnam-it-jobs-raw-data-from-topcv-2026"",""dataset_version"":""1"",""license"":""CC-BY-4.0"",""location_normalizer_revision"":""2026-07-19.1"",""raw_sha256"":""e78ff2b6ed521ad894a70271a3254fcf434813916fdade4f7d449bc4fdf34ef9"",""salary_source_currency"":""VND"",""source_url"":""https://www.topcv.vn/viec-lam/truong-nhom-it/2005486.html"",""title_normalizer_revision"":""2f434fba22de3a14c1b199331c8ca18408dc72e702071bf4bbfe380daff40f58""}"
topcv,2005494,2026-01-12,IT Helpdesk Intern,IT Support,intern,Ha Noi,,,[],,5000000,information_technology,"{""dataset"":""baocgb/vietnam-it-jobs-raw-data-from-topcv-2026"",""dataset_commit"":""kaggle-9263561-v1:e78ff2b6ed521ad894a70271a3254fcf434813916fdade4f7d449bc4fdf34ef9"",""dataset_url"":""https://www.kaggle.com/datasets/baocgb/vietnam-it-jobs-raw-data-from-topcv-2026"",""dataset_version"":""1"",""license"":""CC-BY-4.0"",""location_normalizer_revision"":""2026-07-19.1"",""raw_sha256"":""e78ff2b6ed521ad894a70271a3254fcf434813916fdade4f7d449bc4fdf34ef9"",""salary_source_currency"":""VND"",""source_url"":""https://www.topcv.vn/viec-lam/it-helpdesk-intern/2005494.html"",""title_normalizer_revision"":""2f434fba22de3a14c1b199331c8ca18408dc72e702071bf4bbfe380daff40f58""}"
topcv,2005514,2026-01-08,Idea Creator (Mobile App),Idea Creator Mobile App ,mid,Ha Noi,2,2,[],15000000,25000000,information_technology,"{""dataset"":""baocgb/vietnam-it-jobs-raw-data-from-topcv-2026"",""dataset_commit"":""kaggle-9263561-v1:e78ff2b6ed521ad894a70271a3254fcf434813916fdade4f7d449bc4fdf34ef9"",""dataset_url"":""https://www.kaggle.com/datasets/baocgb/vietnam-it-jobs-raw-data-from-topcv-2026"",""dataset_version"":""1"",""license"":""CC-BY-4.0"",""location_normalizer_revision"":""2026-07-19.1"",""raw_sha256"":""e78ff2b6ed521ad894a70271a3254fcf434813916fdade4f7d449bc4fdf34ef9"",""salary_source_currency"":""VND"",""source_url"":""https://www.topcv.vn/viec-lam/idea-creator-mobile-app/2005514.html"",""title_normalizer_revision"":""2f434fba22de3a14c1b199331c8ca18408dc72e702071bf4bbfe380daff40f58""}"
topcv,2005598,2026-01-08,Project Financial Modelling Executive,Project Financial Modelling Executive,mid,Ha Noi,2,2,[],11000000,17000000,information_technology,"{""dataset"":""baocgb/vietnam-it-jobs-raw-data-from-topcv-2026"",""dataset_commit"":""kaggle-9263561-v1:e78ff2b6ed521ad894a70271a3254fcf434813916fdade4f7d449bc4fdf34ef9"",""dataset_url"":""https://www.kaggle.com/datasets/baocgb/vietnam-it-jobs-raw-data-from-topcv-2026"",""dataset_version"":""1"",""license"":""CC-BY-4.0"",""location_normalizer_revision"":""2026-07-19.1"",""raw_sha256"":""e78ff2b6ed521ad894a70271a3254fcf434813916fdade4f7d449bc4fdf34ef9"",""salary_source_currency"":""VND"",""source_url"":""https://www.topcv.vn/viec-lam/project-financial-modelling-executive/2005598.html"",""title_normalizer_revision"":""2f434fba22de3a14c1b199331c8ca18408dc72e702071bf4bbfe380daff40f58""}"
topcv,2005667,2026-01-08,Thực Tập Sinh JavaScript - Playable Ads (Short Demo Game),Thực Tập Sinh JavaScript - Playable Ads Short Demo Game ,intern,Ha Noi,,,[],6000000,8000000,information_technology,"{""dataset"":""baocgb/vietnam-it-jobs-raw-data-from-topcv-2026"",""dataset_commit"":""kaggle-9263561-v1:e78ff2b6ed521ad894a70271a3254fcf434813916fdade4f7d449bc4fdf34ef9"",""dataset_url"":""https://www.kaggle.com/datasets/baocgb/vietnam-it-jobs-raw-data-from-topcv-2026"",""dataset_version"":""1"",""license"":""CC-BY-4.0"",""location_normalizer_revision"":""2026-07-19.1"",""raw_sha256"":""e78ff2b6ed521ad894a70271a3254fcf434813916fdade4f7d449bc4fdf34ef9"",""salary_source_currency"":""VND"",""source_url"":""https://www.topcv.vn/viec-lam/thuc-tap-sinh-javascript-playable-ads-short-demo-game/2005667.html"",""title_normalizer_revision"":""2f434fba22de3a14c1b199331c8ca18408dc72e702071bf4bbfe380daff40f58""}"
topcv,2005684,2026-01-08,Nhân Viên Kinh Doanh (Business Development),Nhân Viên Kinh Doanh Business Development ,mid,Ho Chi Minh,1,1,[],7000000,15000000,information_technology,"{""dataset"":""baocgb/vietnam-it-jobs-raw-data-from-topcv-2026"",""dataset_commit"":""kaggle-9263561-v1:e78ff2b6ed521ad894a70271a3254fcf434813916fdade4f7d449bc4fdf34ef9"",""dataset_url"":""https://www.kaggle.com/datasets/baocgb/vietnam-it-jobs-raw-data-from-topcv-2026"",""dataset_version"":""1"",""license"":""CC-BY-4.0"",""location_normalizer_revision"":""2026-07-19.1"",""raw_sha256"":""e78ff2b6ed521ad894a70271a3254fcf434813916fdade4f7d449bc4fdf34ef9"",""salary_source_currency"":""VND"",""source_url"":""https://www.topcv.vn/viec-lam/nhan-vien-kinh-doanh-business-development/2005684.html"",""title_normalizer_revision"":""2f434fba22de3a14c1b199331c8ca18408dc72e702071bf4bbfe380daff40f58""}"
topcv,2005686,2026-01-08,"Thực Tập Sinh Công Nghệ Thông Tin ( Được Đào Tạo - Q.12, Tp Hồ Chí Minh)","Thực Tập Sinh Công Nghệ Thông Tin Được Đào Tạo - Q.12, Tp Hồ Chí Minh ",intern,Ho Chi Minh,,,[],8000000,15000000,information_technology,"{""dataset"":""baocgb/vietnam-it-jobs-raw-data-from-topcv-2026"",""dataset_commit"":""kaggle-9263561-v1:e78ff2b6ed521ad894a70271a3254fcf434813916fdade4f7d449bc4fdf34ef9"",""dataset_url"":""https://www.kaggle.com/datasets/baocgb/vietnam-it-jobs-raw-data-from-topcv-2026"",""dataset_version"":""1"",""license"":""CC-BY-4.0"",""location_normalizer_revision"":""2026-07-19.1"",""raw_sha256"":""e78ff2b6ed521ad894a70271a3254fcf434813916fdade4f7d449bc4fdf34ef9"",""salary_source_currency"":""VND"",""source_url"":""https://www.topcv.vn/viec-lam/thuc-tap-sinh-cong-nghe-thong-tin-duoc-dao-tao-q-12-tp-ho-chi-minh/2005686.html"",""title_normalizer_revision"":""2f434fba22de3a14c1b199331c8ca18408dc72e702071bf4bbfe380daff40f58""}"
topcv,2005756,2026-01-08,Nhân Viên Tư Vấn Giải Pháp,Nhân Viên Tư Vấn Giải Pháp,mid,Ho Chi Minh,1,1,[],12000000,18000000,information_technology,"{""dataset"":""baocgb/vietnam-it-jobs-raw-data-from-topcv-2026"",""dataset_commit"":""kaggle-9263561-v1:e78ff2b6ed521ad894a70271a3254fcf434813916fdade4f7d449bc4fdf34ef9"",""dataset_url"":""https://www.kaggle.com/datasets/baocgb/vietnam-it-jobs-raw-data-from-topcv-2026"",""dataset_version"":""1"",""license"":""CC-BY-4.0"",""location_normalizer_revision"":""2026-07-19.1"",""raw_sha256"":""e78ff2b6ed521ad894a70271a3254fcf434813916fdade4f7d449bc4fdf34ef9"",""salary_source_currency"":""VND"",""source_url"":""https://www.topcv.vn/viec-lam/nhan-vien-tu-van-giai-phap/2005756.html"",""title_normalizer_revision"":""2f434fba22de3a14c1b199331c8ca18408dc72e702071bf4bbfe380daff40f58""}"
topcv,2005772,2026-01-08,Project Owner,Project Owner,mid,Ha Noi,3,3,[],20000000,30000000,information_technology,"{""dataset"":""baocgb/vietnam-it-jobs-raw-data-from-topcv-2026"",""dataset_commit"":""kaggle-9263561-v1:e78ff2b6ed521ad894a70271a3254fcf434813916fdade4f7d449bc4fdf34ef9"",""dataset_url"":""https://www.kaggle.com/datasets/baocgb/vietnam-it-jobs-raw-data-from-topcv-2026"",""dataset_version"":""1"",""license"":""CC-BY-4.0"",""location_normalizer_revision"":""2026-07-19.1"",""raw_sha256"":""e78ff2b6ed521ad894a70271a3254fcf434813916fdade4f7d449bc4fdf34ef9"",""salary_source_currency"":""VND"",""source_url"":""https://www.topcv.vn/viec-lam/project-owner/2005772.html"",""title_normalizer_revision"":""2f434fba22de3a14c1b199331c8ca18408dc72e702071bf4bbfe380daff40f58""}"
topcv,2005786,2026-01-08,IT Support / IT Helpdesk,IT Support,mid,Ho Chi Minh,1,1,[],14000000,18000000,information_technology,"{""dataset"":""baocgb/vietnam-it-jobs-raw-data-from-topcv-2026"",""dataset_commit"":""kaggle-9263561-v1:e78ff2b6ed521ad894a70271a3254fcf434813916fdade4f7d449bc4fdf34ef9"",""dataset_url"":""https://www.kaggle.com/datasets/baocgb/vietnam-it-jobs-raw-data-from-topcv-2026"",""dataset_version"":""1"",""license"":""CC-BY-4.0"",""location_normalizer_revision"":""2026-07-19.1"",""raw_sha256"":""e78ff2b6ed521ad894a70271a3254fcf434813916fdade4f7d449bc4fdf34ef9"",""salary_source_currency"":""VND"",""source_url"":""https://www.topcv.vn/brand/concentrixservices/tuyen-dung/it-support-it-helpdesk-j2005786.html"",""title_normalizer_revision"":""2f434fba22de3a14c1b199331c8ca18408dc72e702071bf4bbfe380daff40f58""}"
topcv,2005914,2026-01-08,Chuyên Viên Tư Vấn Giải Pháp SME (Pre-Sales),Chuyên Viên Tư Vấn Giải Pháp SME Pre-Sales ,mid,Ho Chi Minh,3,3,[],18000000,25000000,information_technology,"{""dataset"":""baocgb/vietnam-it-jobs-raw-data-from-topcv-2026"",""dataset_commit"":""kaggle-9263561-v1:e78ff2b6ed521ad894a70271a3254fcf434813916fdade4f7d449bc4fdf34ef9"",""dataset_url"":""https://www.kaggle.com/datasets/baocgb/vietnam-it-jobs-raw-data-from-topcv-2026"",""dataset_version"":""1"",""license"":""CC-BY-4.0"",""location_normalizer_revision"":""2026-07-19.1"",""raw_sha256"":""e78ff2b6ed521ad894a70271a3254fcf434813916fdade4f7d449bc4fdf34ef9"",""salary_source_currency"":""VND"",""source_url"":""https://www.topcv.vn/viec-lam/chuyen-vien-tu-van-giai-phap-sme-pre-sales/2005914.html"",""title_normalizer_revision"":""2f434fba22de3a14c1b199331c8ca18408dc72e702071bf4bbfe380daff40f58""}"
topcv,2006055,2026-01-08,Internship Back-End Developer (NODE.JS/PYTHON) Thu Nhập Upto 9 Triệu,Backend Developer,intern,Ha Noi,1,1,[],,9000000,information_technology,"{""dataset"":""baocgb/vietnam-it-jobs-raw-data-from-topcv-2026"",""dataset_commit"":""kaggle-9263561-v1:e78ff2b6ed521ad894a70271a3254fcf434813916fdade4f7d449bc4fdf34ef9"",""dataset_url"":""https://www.kaggle.com/datasets/baocgb/vietnam-it-jobs-raw-data-from-topcv-2026"",""dataset_version"":""1"",""license"":""CC-BY-4.0"",""location_normalizer_revision"":""2026-07-19.1"",""raw_sha256"":""e78ff2b6ed521ad894a70271a3254fcf434813916fdade4f7d449bc4fdf34ef9"",""salary_source_currency"":""VND"",""source_url"":""https://www.topcv.vn/viec-lam/internship-back-end-developer-node-js-python-thu-nhap-upto-9-trieu/2006055.html"",""title_normalizer_revision"":""2f434fba22de3a14c1b199331c8ca18408dc72e702071bf4bbfe380daff40f58""}"
topcv,2006214,2026-01-08,Project Manager (PM),Project Manager,manager,Ha Noi,5,5,[],30000000,40000000,information_technology,"{""dataset"":""baocgb/vietnam-it-jobs-raw-data-from-topcv-2026"",""dataset_commit"":""kaggle-9263561-v1:e78ff2b6ed521ad894a70271a3254fcf434813916fdade4f7d449bc4fdf34ef9"",""dataset_url"":""https://www.kaggle.com/datasets/baocgb/vietnam-it-jobs-raw-data-from-topcv-2026"",""dataset_version"":""1"",""license"":""CC-BY-4.0"",""location_normalizer_revision"":""2026-07-19.1"",""raw_sha256"":""e78ff2b6ed521ad894a70271a3254fcf434813916fdade4f7d449bc4fdf34ef9"",""salary_source_currency"":""VND"",""source_url"":""https://www.topcv.vn/viec-lam/project-manager-pm/2006214.html"",""title_normalizer_revision"":""2f434fba22de3a14c1b199331c8ca18408dc72e702071bf4bbfe380daff40f58""}"
topcv,2006232,2026-01-08,Golang Developer,Backend Developer,mid,Ho Chi Minh,3,3,[],30000000,80000000,information_technology,"{""dataset"":""baocgb/vietnam-it-jobs-raw-data-from-topcv-2026"",""dataset_commit"":""kaggle-9263561-v1:e78ff2b6ed521ad894a70271a3254fcf434813916fdade4f7d449bc4fdf34ef9"",""dataset_url"":""https://www.kaggle.com/datasets/baocgb/vietnam-it-jobs-raw-data-from-topcv-2026"",""dataset_version"":""1"",""license"":""CC-BY-4.0"",""location_normalizer_revision"":""2026-07-19.1"",""raw_sha256"":""e78ff2b6ed521ad894a70271a3254fcf434813916fdade4f7d449bc4fdf34ef9"",""salary_source_currency"":""VND"",""source_url"":""https://www.topcv.vn/viec-lam/golang-developer/2006232.html"",""title_normalizer_revision"":""2f434fba22de3a14c1b199331c8ca18408dc72e702071bf4bbfe380daff40f58""}"
topcv,2006311,2026-01-08,Fresher NodeJS,Fresher NodeJS,fresher,Ha Noi,,,[],6000000,8000000,information_technology,"{""dataset"":""baocgb/vietnam-it-jobs-raw-data-from-topcv-2026"",""dataset_commit"":""kaggle-9263561-v1:e78ff2b6ed521ad894a70271a3254fcf434813916fdade4f7d449bc4fdf34ef9"",""dataset_url"":""https://www.kaggle.com/datasets/baocgb/vietnam-it-jobs-raw-data-from-topcv-2026"",""dataset_version"":""1"",""license"":""CC-BY-4.0"",""location_normalizer_revision"":""2026-07-19.1"",""raw_sha256"":""e78ff2b6ed521ad894a70271a3254fcf434813916fdade4f7d449bc4fdf34ef9"",""salary_source_currency"":""VND"",""source_url"":""https://www.topcv.vn/brand/fptsoftwareacademy/tuyen-dung/fresher-nodejs-j2006311.html"",""title_normalizer_revision"":""2f434fba22de3a14c1b199331c8ca18408dc72e702071bf4bbfe380daff40f58""}"
topcv,2006321,2026-01-08,Business Analyst (MES),Business Analyst,mid,Thanh Hóa,3,3,[],17000000,25000000,information_technology,"{""dataset"":""baocgb/vietnam-it-jobs-raw-data-from-topcv-2026"",""dataset_commit"":""kaggle-9263561-v1:e78ff2b6ed521ad894a70271a3254fcf434813916fdade4f7d449bc4fdf34ef9"",""dataset_url"":""https://www.kaggle.com/datasets/baocgb/vietnam-it-jobs-raw-data-from-topcv-2026"",""dataset_version"":""1"",""license"":""CC-BY-4.0"",""location_normalizer_revision"":""2026-07-19.1"",""raw_sha256"":""e78ff2b6ed521ad894a70271a3254fcf434813916fdade4f7d449bc4fdf34ef9"",""salary_source_currency"":""VND"",""source_url"":""https://www.topcv.vn/viec-lam/business-analyst-mes/2006321.html"",""title_normalizer_revision"":""2f434fba22de3a14c1b199331c8ca18408dc72e702071bf4bbfe380daff40f58""}"
topcv,2006428,2026-01-08,Chuyên Viên SAP Group Reporting (Hỗ Trợ Hợp Nhất Báo Cáo Tài Chính) - Up To 45M,Chuyên Viên SAP Group Reporting Hỗ Trợ Hợp Nhất Báo Cáo Tài Chính - Up To 45M,mid,Ha Noi,3,3,[],,45000000,information_technology,"{""dataset"":""baocgb/vietnam-it-jobs-raw-data-from-topcv-2026"",""dataset_commit"":""kaggle-9263561-v1:e78ff2b6ed521ad894a70271a3254fcf434813916fdade4f7d449bc4fdf34ef9"",""dataset_url"":""https://www.kaggle.com/datasets/baocgb/vietnam-it-jobs-raw-data-from-topcv-2026"",""dataset_version"":""1"",""license"":""CC-BY-4.0"",""location_normalizer_revision"":""2026-07-19.1"",""raw_sha256"":""e78ff2b6ed521ad894a70271a3254fcf434813916fdade4f7d449bc4fdf34ef9"",""salary_source_currency"":""VND"",""source_url"":""https://www.topcv.vn/viec-lam/chuyen-vien-sap-group-reporting-ho-tro-hop-nhat-bao-cao-tai-chinh-up-to-45m/2006428.html"",""title_normalizer_revision"":""2f434fba22de3a14c1b199331c8ca18408dc72e702071bf4bbfe380daff40f58""}"
topcv,2006439,2026-01-08,Chuyên Gia SAP BPC/EPM (Hỗ Trợ Báo Cáo Kế Toán Quản Trị Tập Đoàn) - Up To 45M,Senior Chuyên Gia SAP BPC/EPM Hỗ Trợ Báo Cáo Kế Toán Quản Trị Tập Đoàn - Up To 45M,senior,Ha Noi,3,3,[],,45000000,information_technology,"{""dataset"":""baocgb/vietnam-it-jobs-raw-data-from-topcv-2026"",""dataset_commit"":""kaggle-9263561-v1:e78ff2b6ed521ad894a70271a3254fcf434813916fdade4f7d449bc4fdf34ef9"",""dataset_url"":""https://www.kaggle.com/datasets/baocgb/vietnam-it-jobs-raw-data-from-topcv-2026"",""dataset_version"":""1"",""license"":""CC-BY-4.0"",""location_normalizer_revision"":""2026-07-19.1"",""raw_sha256"":""e78ff2b6ed521ad894a70271a3254fcf434813916fdade4f7d449bc4fdf34ef9"",""salary_source_currency"":""VND"",""source_url"":""https://www.topcv.vn/viec-lam/chuyen-gia-sap-bpc-epm-ho-tro-bao-cao-ke-toan-quan-tri-tap-doan-up-to-45m/2006439.html"",""title_normalizer_revision"":""2f434fba22de3a14c1b199331c8ca18408dc72e702071bf4bbfe380daff40f58""}"
topcv,2006447,2026-01-08,Nhân Viên IT Helpdesk,IT Support,mid,Ho Chi Minh,1,1,[],11000000,14000000,information_technology,"{""dataset"":""baocgb/vietnam-it-jobs-raw-data-from-topcv-2026"",""dataset_commit"":""kaggle-9263561-v1:e78ff2b6ed521ad894a70271a3254fcf434813916fdade4f7d449bc4fdf34ef9"",""dataset_url"":""https://www.kaggle.com/datasets/baocgb/vietnam-it-jobs-raw-data-from-topcv-2026"",""dataset_version"":""1"",""license"":""CC-BY-4.0"",""location_normalizer_revision"":""2026-07-19.1"",""raw_sha256"":""e78ff2b6ed521ad894a70271a3254fcf434813916fdade4f7d449bc4fdf34ef9"",""salary_source_currency"":""VND"",""source_url"":""https://www.topcv.vn/viec-lam/nhan-vien-it-helpdesk/2006447.html"",""title_normalizer_revision"":""2f434fba22de3a14c1b199331c8ca18408dc72e702071bf4bbfe380daff40f58""}"
topcv,2006564,2026-01-08,Nhân Viên Bảo Trì Website Alibaba,Nhân Viên Bảo Trì Website Alibaba,mid,Ho Chi Minh,1,1,[],12000000,20000000,information_technology,"{""dataset"":""baocgb/vietnam-it-jobs-raw-data-from-topcv-2026"",""dataset_commit"":""kaggle-9263561-v1:e78ff2b6ed521ad894a70271a3254fcf434813916fdade4f7d449bc4fdf34ef9"",""dataset_url"":""https://www.kaggle.com/datasets/baocgb/vietnam-it-jobs-raw-data-from-topcv-2026"",""dataset_version"":""1"",""license"":""CC-BY-4.0"",""location_normalizer_revision"":""2026-07-19.1"",""raw_sha256"":""e78ff2b6ed521ad894a70271a3254fcf434813916fdade4f7d449bc4fdf34ef9"",""salary_source_currency"":""VND"",""source_url"":""https://www.topcv.vn/viec-lam/nhan-vien-bao-tri-website-alibaba/2006564.html"",""title_normalizer_revision"":""2f434fba22de3a14c1b199331c8ca18408dc72e702071bf4bbfe380daff40f58""}"
topcv,2006651,2026-01-08,Backend Engineer,Backend Developer,mid,Ha Noi,3,3,[],20000000,35000000,information_technology,"{""dataset"":""baocgb/vietnam-it-jobs-raw-data-from-topcv-2026"",""dataset_commit"":""kaggle-9263561-v1:e78ff2b6ed521ad894a70271a3254fcf434813916fdade4f7d449bc4fdf34ef9"",""dataset_url"":""https://www.kaggle.com/datasets/baocgb/vietnam-it-jobs-raw-data-from-topcv-2026"",""dataset_version"":""1"",""license"":""CC-BY-4.0"",""location_normalizer_revision"":""2026-07-19.1"",""raw_sha256"":""e78ff2b6ed521ad894a70271a3254fcf434813916fdade4f7d449bc4fdf34ef9"",""salary_source_currency"":""VND"",""source_url"":""https://www.topcv.vn/viec-lam/backend-engineer/2006651.html"",""title_normalizer_revision"":""2f434fba22de3a14c1b199331c8ca18408dc72e702071bf4bbfe380daff40f58""}"
topcv,2006736,2026-01-08,Mobile Developer,Mobile Developer,mid,Ho Chi Minh,3,3,[],30000000,40000000,information_technology,"{""dataset"":""baocgb/vietnam-it-jobs-raw-data-from-topcv-2026"",""dataset_commit"":""kaggle-9263561-v1:e78ff2b6ed521ad894a70271a3254fcf434813916fdade4f7d449bc4fdf34ef9"",""dataset_url"":""https://www.kaggle.com/datasets/baocgb/vietnam-it-jobs-raw-data-from-topcv-2026"",""dataset_version"":""1"",""license"":""CC-BY-4.0"",""location_normalizer_revision"":""2026-07-19.1"",""raw_sha256"":""e78ff2b6ed521ad894a70271a3254fcf434813916fdade4f7d449bc4fdf34ef9"",""salary_source_currency"":""VND"",""source_url"":""https://www.topcv.vn/viec-lam/mobile-developer/2006736.html"",""title_normalizer_revision"":""2f434fba22de3a14c1b199331c8ca18408dc72e702071bf4bbfe380daff40f58""}"
topcv,2006740,2026-01-08,Nhân Viên Kỹ Thuật IT,Nhân Viên Kỹ Thuật IT,mid,Thanh Hóa,1,1,[],8000000,10000000,information_technology,"{""dataset"":""baocgb/vietnam-it-jobs-raw-data-from-topcv-2026"",""dataset_commit"":""kaggle-9263561-v1:e78ff2b6ed521ad894a70271a3254fcf434813916fdade4f7d449bc4fdf34ef9"",""dataset_url"":""https://www.kaggle.com/datasets/baocgb/vietnam-it-jobs-raw-data-from-topcv-2026"",""dataset_version"":""1"",""license"":""CC-BY-4.0"",""location_normalizer_revision"":""2026-07-19.1"",""raw_sha256"":""e78ff2b6ed521ad894a70271a3254fcf434813916fdade4f7d449bc4fdf34ef9"",""salary_source_currency"":""VND"",""source_url"":""https://www.topcv.vn/viec-lam/nhan-vien-ky-thuat-it/2006740.html"",""title_normalizer_revision"":""2f434fba22de3a14c1b199331c8ca18408dc72e702071bf4bbfe380daff40f58""}"
topcv,2006775,2026-01-09,"IT Sales Executive (IT Outsourcing, B2B) - Upto 40M - Hà Nội","IT Sales Executive IT Outsourcing, B2B - Upto 40M - Hà Nội",mid,Ha Noi,2,2,[],,40000000,information_technology,"{""dataset"":""baocgb/vietnam-it-jobs-raw-data-from-topcv-2026"",""dataset_commit"":""kaggle-9263561-v1:e78ff2b6ed521ad894a70271a3254fcf434813916fdade4f7d449bc4fdf34ef9"",""dataset_url"":""https://www.kaggle.com/datasets/baocgb/vietnam-it-jobs-raw-data-from-topcv-2026"",""dataset_version"":""1"",""license"":""CC-BY-4.0"",""location_normalizer_revision"":""2026-07-19.1"",""raw_sha256"":""e78ff2b6ed521ad894a70271a3254fcf434813916fdade4f7d449bc4fdf34ef9"",""salary_source_currency"":""VND"",""source_url"":""https://www.topcv.vn/viec-lam/it-sales-executive-it-outsourcing-b2b-upto-40m-ha-noi/2006775.html"",""title_normalizer_revision"":""2f434fba22de3a14c1b199331c8ca18408dc72e702071bf4bbfe380daff40f58""}"
topcv,2006833,2026-01-08,Chuyên Viên Quản Trị Mạng,Network Engineer,mid,Ha Noi,3,3,[],18000000,25000000,information_technology,"{""dataset"":""baocgb/vietnam-it-jobs-raw-data-from-topcv-2026"",""dataset_commit"":""kaggle-9263561-v1:e78ff2b6ed521ad894a70271a3254fcf434813916fdade4f7d449bc4fdf34ef9"",""dataset_url"":""https://www.kaggle.com/datasets/baocgb/vietnam-it-jobs-raw-data-from-topcv-2026"",""dataset_version"":""1"",""license"":""CC-BY-4.0"",""location_normalizer_revision"":""2026-07-19.1"",""raw_sha256"":""e78ff2b6ed521ad894a70271a3254fcf434813916fdade4f7d449bc4fdf34ef9"",""salary_source_currency"":""VND"",""source_url"":""https://www.topcv.vn/viec-lam/chuyen-vien-quan-tri-mang/2006833.html"",""title_normalizer_revision"":""2f434fba22de3a14c1b199331c8ca18408dc72e702071bf4bbfe380daff40f58""}"
topcv,2006879,2026-01-08,Trưởng Nhóm Số Hóa Tài Liệu,Trưởng Nhóm Số Hóa Tài Liệu,lead,Ha Noi,1,1,[],15000000,25000000,information_technology,"{""dataset"":""baocgb/vietnam-it-jobs-raw-data-from-topcv-2026"",""dataset_commit"":""kaggle-9263561-v1:e78ff2b6ed521ad894a70271a3254fcf434813916fdade4f7d449bc4fdf34ef9"",""dataset_url"":""https://www.kaggle.com/datasets/baocgb/vietnam-it-jobs-raw-data-from-topcv-2026"",""dataset_version"":""1"",""license"":""CC-BY-4.0"",""location_normalizer_revision"":""2026-07-19.1"",""raw_sha256"":""e78ff2b6ed521ad894a70271a3254fcf434813916fdade4f7d449bc4fdf34ef9"",""salary_source_currency"":""VND"",""source_url"":""https://www.topcv.vn/viec-lam/truong-nhom-so-hoa-tai-lieu/2006879.html"",""title_normalizer_revision"":""2f434fba22de3a14c1b199331c8ca18408dc72e702071bf4bbfe380daff40f58""}"
topcv,2006958,2026-01-08,Chuyên Viên IT,Chuyên Viên IT,mid,Ho Chi Minh,3,3,[],20000000,30000000,information_technology,"{""dataset"":""baocgb/vietnam-it-jobs-raw-data-from-topcv-2026"",""dataset_commit"":""kaggle-9263561-v1:e78ff2b6ed521ad894a70271a3254fcf434813916fdade4f7d449bc4fdf34ef9"",""dataset_url"":""https://www.kaggle.com/datasets/baocgb/vietnam-it-jobs-raw-data-from-topcv-2026"",""dataset_version"":""1"",""license"":""CC-BY-4.0"",""location_normalizer_revision"":""2026-07-19.1"",""raw_sha256"":""e78ff2b6ed521ad894a70271a3254fcf434813916fdade4f7d449bc4fdf34ef9"",""salary_source_currency"":""VND"",""source_url"":""https://www.topcv.vn/viec-lam/chuyen-vien-it/2006958.html"",""title_normalizer_revision"":""2f434fba22de3a14c1b199331c8ca18408dc72e702071bf4bbfe380daff40f58""}"
topcv,2006976,2026-01-08,Fresher Mobile Developer,Mobile Developer,fresher,Ho Chi Minh,1,1,[],8000000,14000000,information_technology,"{""dataset"":""baocgb/vietnam-it-jobs-raw-data-from-topcv-2026"",""dataset_commit"":""kaggle-9263561-v1:e78ff2b6ed521ad894a70271a3254fcf434813916fdade4f7d449bc4fdf34ef9"",""dataset_url"":""https://www.kaggle.com/datasets/baocgb/vietnam-it-jobs-raw-data-from-topcv-2026"",""dataset_version"":""1"",""license"":""CC-BY-4.0"",""location_normalizer_revision"":""2026-07-19.1"",""raw_sha256"":""e78ff2b6ed521ad894a70271a3254fcf434813916fdade4f7d449bc4fdf34ef9"",""salary_source_currency"":""VND"",""source_url"":""https://www.topcv.vn/viec-lam/fresher-mobile-developer/2006976.html"",""title_normalizer_revision"":""2f434fba22de3a14c1b199331c8ca18408dc72e702071bf4bbfe380daff40f58""}"
topcv,2007000,2026-01-08,Chuyên Viên Phát Triển Phần Mềm Fullstack,Fullstack Developer,mid,Ha Noi,3,3,[],15000000,35000000,information_technology,"{""dataset"":""baocgb/vietnam-it-jobs-raw-data-from-topcv-2026"",""dataset_commit"":""kaggle-9263561-v1:e78ff2b6ed521ad894a70271a3254fcf434813916fdade4f7d449bc4fdf34ef9"",""dataset_url"":""https://www.kaggle.com/datasets/baocgb/vietnam-it-jobs-raw-data-from-topcv-2026"",""dataset_version"":""1"",""license"":""CC-BY-4.0"",""location_normalizer_revision"":""2026-07-19.1"",""raw_sha256"":""e78ff2b6ed521ad894a70271a3254fcf434813916fdade4f7d449bc4fdf34ef9"",""salary_source_currency"":""VND"",""source_url"":""https://www.topcv.vn/viec-lam/chuyen-vien-phat-trien-phan-mem-fullstack/2007000.html"",""title_normalizer_revision"":""2f434fba22de3a14c1b199331c8ca18408dc72e702071bf4bbfe380daff40f58""}"
topcv,2007051,2026-01-08,IT Comtor,IT Comtor,mid,Ha Noi,2,2,[],,30000000,information_technology,"{""dataset"":""baocgb/vietnam-it-jobs-raw-data-from-topcv-2026"",""dataset_commit"":""kaggle-9263561-v1:e78ff2b6ed521ad894a70271a3254fcf434813916fdade4f7d449bc4fdf34ef9"",""dataset_url"":""https://www.kaggle.com/datasets/baocgb/vietnam-it-jobs-raw-data-from-topcv-2026"",""dataset_version"":""1"",""license"":""CC-BY-4.0"",""location_normalizer_revision"":""2026-07-19.1"",""raw_sha256"":""e78ff2b6ed521ad894a70271a3254fcf434813916fdade4f7d449bc4fdf34ef9"",""salary_source_currency"":""VND"",""source_url"":""https://www.topcv.vn/viec-lam/it-comtor/2007051.html"",""title_normalizer_revision"":""2f434fba22de3a14c1b199331c8ca18408dc72e702071bf4bbfe380daff40f58""}"
topcv,2007100,2026-01-08,Mobile Developer Intern,Mobile Developer,intern,Da Nang,,,[],1000000,,information_technology,"{""dataset"":""baocgb/vietnam-it-jobs-raw-data-from-topcv-2026"",""dataset_commit"":""kaggle-9263561-v1:e78ff2b6ed521ad894a70271a3254fcf434813916fdade4f7d449bc4fdf34ef9"",""dataset_url"":""https://www.kaggle.com/datasets/baocgb/vietnam-it-jobs-raw-data-from-topcv-2026"",""dataset_version"":""1"",""license"":""CC-BY-4.0"",""location_normalizer_revision"":""2026-07-19.1"",""raw_sha256"":""e78ff2b6ed521ad894a70271a3254fcf434813916fdade4f7d449bc4fdf34ef9"",""salary_source_currency"":""VND"",""source_url"":""https://www.topcv.vn/viec-lam/mobile-developer-intern/2007100.html"",""title_normalizer_revision"":""2f434fba22de3a14c1b199331c8ca18408dc72e702071bf4bbfe380daff40f58""}"
topcv,2007142,2026-01-08,Trưởng Phòng Công Nghệ Phát Triển Phần Mềm,Software Engineer,manager,Ho Chi Minh,5,5,[],40000000,50000000,information_technology,"{""dataset"":""baocgb/vietnam-it-jobs-raw-data-from-topcv-2026"",""dataset_commit"":""kaggle-9263561-v1:e78ff2b6ed521ad894a70271a3254fcf434813916fdade4f7d449bc4fdf34ef9"",""dataset_url"":""https://www.kaggle.com/datasets/baocgb/vietnam-it-jobs-raw-data-from-topcv-2026"",""dataset_version"":""1"",""license"":""CC-BY-4.0"",""location_normalizer_revision"":""2026-07-19.1"",""raw_sha256"":""e78ff2b6ed521ad894a70271a3254fcf434813916fdade4f7d449bc4fdf34ef9"",""salary_source_currency"":""VND"",""source_url"":""https://www.topcv.vn/viec-lam/truong-phong-cong-nghe-phat-trien-phan-mem/2007142.html"",""title_normalizer_revision"":""2f434fba22de3a14c1b199331c8ca18408dc72e702071bf4bbfe380daff40f58""}"
topcv,2007184,2026-01-08,Customer Support (IT/ English Required) / Chuyên Viên Hỗ Trợ Khách Hàng Quốc Tế,Customer Support IT/ English Required / Chuyên Viên Hỗ Trợ Khách Hàng Quốc Tế,mid,Ha Noi,1,1,[],,30000000,information_technology,"{""dataset"":""baocgb/vietnam-it-jobs-raw-data-from-topcv-2026"",""dataset_commit"":""kaggle-9263561-v1:e78ff2b6ed521ad894a70271a3254fcf434813916fdade4f7d449bc4fdf34ef9"",""dataset_url"":""https://www.kaggle.com/datasets/baocgb/vietnam-it-jobs-raw-data-from-topcv-2026"",""dataset_version"":""1"",""license"":""CC-BY-4.0"",""location_normalizer_revision"":""2026-07-19.1"",""raw_sha256"":""e78ff2b6ed521ad894a70271a3254fcf434813916fdade4f7d449bc4fdf34ef9"",""salary_source_currency"":""VND"",""source_url"":""https://www.topcv.vn/viec-lam/customer-support-it-english-required-chuyen-vien-ho-tro-khach-hang-quoc-te/2007184.html"",""title_normalizer_revision"":""2f434fba22de3a14c1b199331c8ca18408dc72e702071bf4bbfe380daff40f58""}"
topcv,2007196,2026-01-09,Nhân Viên Tester/QC,QA Engineer,mid,Ho Chi Minh,1,1,[],10000000,12000000,information_technology,"{""dataset"":""baocgb/vietnam-it-jobs-raw-data-from-topcv-2026"",""dataset_commit"":""kaggle-9263561-v1:e78ff2b6ed521ad894a70271a3254fcf434813916fdade4f7d449bc4fdf34ef9"",""dataset_url"":""https://www.kaggle.com/datasets/baocgb/vietnam-it-jobs-raw-data-from-topcv-2026"",""dataset_version"":""1"",""license"":""CC-BY-4.0"",""location_normalizer_revision"":""2026-07-19.1"",""raw_sha256"":""e78ff2b6ed521ad894a70271a3254fcf434813916fdade4f7d449bc4fdf34ef9"",""salary_source_currency"":""VND"",""source_url"":""https://www.topcv.vn/viec-lam/nhan-vien-tester-qc/2007196.html"",""title_normalizer_revision"":""2f434fba22de3a14c1b199331c8ca18408dc72e702071bf4bbfe380daff40f58""}"
topcv,2007243,2026-01-08,PHP Developer ERP Cross-Border – YII – Tiếng Trung,Backend Developer,mid,Ho Chi Minh,2,2,[],12000000,20000000,information_technology,"{""dataset"":""baocgb/vietnam-it-jobs-raw-data-from-topcv-2026"",""dataset_commit"":""kaggle-9263561-v1:e78ff2b6ed521ad894a70271a3254fcf434813916fdade4f7d449bc4fdf34ef9"",""dataset_url"":""https://www.kaggle.com/datasets/baocgb/vietnam-it-jobs-raw-data-from-topcv-2026"",""dataset_version"":""1"",""license"":""CC-BY-4.0"",""location_normalizer_revision"":""2026-07-19.1"",""raw_sha256"":""e78ff2b6ed521ad894a70271a3254fcf434813916fdade4f7d449bc4fdf34ef9"",""salary_source_currency"":""VND"",""source_url"":""https://www.topcv.vn/viec-lam/php-developer-erp-cross-border-yii-tieng-trung/2007243.html"",""title_normalizer_revision"":""2f434fba22de3a14c1b199331c8ca18408dc72e702071bf4bbfe380daff40f58""}"
topcv,2007267,2026-01-13,IOS Developer,Mobile Developer,mid,Ha Noi,3,3,[],25000000,30000000,information_technology,"{""dataset"":""baocgb/vietnam-it-jobs-raw-data-from-topcv-2026"",""dataset_commit"":""kaggle-9263561-v1:e78ff2b6ed521ad894a70271a3254fcf434813916fdade4f7d449bc4fdf34ef9"",""dataset_url"":""https://www.kaggle.com/datasets/baocgb/vietnam-it-jobs-raw-data-from-topcv-2026"",""dataset_version"":""1"",""license"":""CC-BY-4.0"",""location_normalizer_revision"":""2026-07-19.1"",""raw_sha256"":""e78ff2b6ed521ad894a70271a3254fcf434813916fdade4f7d449bc4fdf34ef9"",""salary_source_currency"":""VND"",""source_url"":""https://www.topcv.vn/viec-lam/ios-developer/2007267.html"",""title_normalizer_revision"":""2f434fba22de3a14c1b199331c8ca18408dc72e702071bf4bbfe380daff40f58""}"
topcv,2007268,2026-01-08,Lập Trình Viên Android,Mobile Developer,mid,Ha Noi,3,3,[],25000000,30000000,information_technology,"{""dataset"":""baocgb/vietnam-it-jobs-raw-data-from-topcv-2026"",""dataset_commit"":""kaggle-9263561-v1:e78ff2b6ed521ad894a70271a3254fcf434813916fdade4f7d449bc4fdf34ef9"",""dataset_url"":""https://www.kaggle.com/datasets/baocgb/vietnam-it-jobs-raw-data-from-topcv-2026"",""dataset_version"":""1"",""license"":""CC-BY-4.0"",""location_normalizer_revision"":""2026-07-19.1"",""raw_sha256"":""e78ff2b6ed521ad894a70271a3254fcf434813916fdade4f7d449bc4fdf34ef9"",""salary_source_currency"":""VND"",""source_url"":""https://www.topcv.vn/viec-lam/lap-trinh-vien-android/2007268.html"",""title_normalizer_revision"":""2f434fba22de3a14c1b199331c8ca18408dc72e702071bf4bbfe380daff40f58""}"
topcv,2007301,2026-01-09,Backend Engineer (.NET/Java) – Định Hướng DE,Backend Developer,mid,Ha Noi,2,2,[],,20000000,information_technology,"{""dataset"":""baocgb/vietnam-it-jobs-raw-data-from-topcv-2026"",""dataset_commit"":""kaggle-9263561-v1:e78ff2b6ed521ad894a70271a3254fcf434813916fdade4f7d449bc4fdf34ef9"",""dataset_url"":""https://www.kaggle.com/datasets/baocgb/vietnam-it-jobs-raw-data-from-topcv-2026"",""dataset_version"":""1"",""license"":""CC-BY-4.0"",""location_normalizer_revision"":""2026-07-19.1"",""raw_sha256"":""e78ff2b6ed521ad894a70271a3254fcf434813916fdade4f7d449bc4fdf34ef9"",""salary_source_currency"":""VND"",""source_url"":""https://www.topcv.vn/viec-lam/backend-engineer-net-java-dinh-huong-de/2007301.html"",""title_normalizer_revision"":""2f434fba22de3a14c1b199331c8ca18408dc72e702071bf4bbfe380daff40f58""}"
topcv,2007387,2026-01-09,Nhân Viên Kỹ Thuật,Nhân Viên Kỹ Thuật,mid,Ho Chi Minh,2,2,[],12000000,15000000,information_technology,"{""dataset"":""baocgb/vietnam-it-jobs-raw-data-from-topcv-2026"",""dataset_commit"":""kaggle-9263561-v1:e78ff2b6ed521ad894a70271a3254fcf434813916fdade4f7d449bc4fdf34ef9"",""dataset_url"":""https://www.kaggle.com/datasets/baocgb/vietnam-it-jobs-raw-data-from-topcv-2026"",""dataset_version"":""1"",""license"":""CC-BY-4.0"",""location_normalizer_revision"":""2026-07-19.1"",""raw_sha256"":""e78ff2b6ed521ad894a70271a3254fcf434813916fdade4f7d449bc4fdf34ef9"",""salary_source_currency"":""VND"",""source_url"":""https://www.topcv.vn/viec-lam/nhan-vien-ky-thuat/2007387.html"",""title_normalizer_revision"":""2f434fba22de3a14c1b199331c8ca18408dc72e702071bf4bbfe380daff40f58""}"
topcv,2007445,2026-01-09,Game Tester,QA Engineer,mid,Ha Noi,2,2,[],10000000,13000000,information_technology,"{""dataset"":""baocgb/vietnam-it-jobs-raw-data-from-topcv-2026"",""dataset_commit"":""kaggle-9263561-v1:e78ff2b6ed521ad894a70271a3254fcf434813916fdade4f7d449bc4fdf34ef9"",""dataset_url"":""https://www.kaggle.com/datasets/baocgb/vietnam-it-jobs-raw-data-from-topcv-2026"",""dataset_version"":""1"",""license"":""CC-BY-4.0"",""location_normalizer_revision"":""2026-07-19.1"",""raw_sha256"":""e78ff2b6ed521ad894a70271a3254fcf434813916fdade4f7d449bc4fdf34ef9"",""salary_source_currency"":""VND"",""source_url"":""https://www.topcv.vn/viec-lam/game-tester/2007445.html"",""title_normalizer_revision"":""2f434fba22de3a14c1b199331c8ca18408dc72e702071bf4bbfe380daff40f58""}"
topcv,2007544,2026-01-09,Tester / QA (Full-Time),QA Engineer,mid,Nghệ An,1,1,[],6000000,10000000,information_technology,"{""dataset"":""baocgb/vietnam-it-jobs-raw-data-from-topcv-2026"",""dataset_commit"":""kaggle-9263561-v1:e78ff2b6ed521ad894a70271a3254fcf434813916fdade4f7d449bc4fdf34ef9"",""dataset_url"":""https://www.kaggle.com/datasets/baocgb/vietnam-it-jobs-raw-data-from-topcv-2026"",""dataset_version"":""1"",""license"":""CC-BY-4.0"",""location_normalizer_revision"":""2026-07-19.1"",""raw_sha256"":""e78ff2b6ed521ad894a70271a3254fcf434813916fdade4f7d449bc4fdf34ef9"",""salary_source_currency"":""VND"",""source_url"":""https://www.topcv.vn/viec-lam/tester-qa-full-time/2007544.html"",""title_normalizer_revision"":""2f434fba22de3a14c1b199331c8ca18408dc72e702071bf4bbfe380daff40f58""}"
topcv,2007605,2026-01-09,IT Comtor/Sub-PM,IT Comtor/Sub-PM,mid,Ha Noi,1,1,[],,28000000,information_technology,"{""dataset"":""baocgb/vietnam-it-jobs-raw-data-from-topcv-2026"",""dataset_commit"":""kaggle-9263561-v1:e78ff2b6ed521ad894a70271a3254fcf434813916fdade4f7d449bc4fdf34ef9"",""dataset_url"":""https://www.kaggle.com/datasets/baocgb/vietnam-it-jobs-raw-data-from-topcv-2026"",""dataset_version"":""1"",""license"":""CC-BY-4.0"",""location_normalizer_revision"":""2026-07-19.1"",""raw_sha256"":""e78ff2b6ed521ad894a70271a3254fcf434813916fdade4f7d449bc4fdf34ef9"",""salary_source_currency"":""VND"",""source_url"":""https://www.topcv.vn/viec-lam/it-comtor-sub-pm/2007605.html"",""title_normalizer_revision"":""2f434fba22de3a14c1b199331c8ca18408dc72e702071bf4bbfe380daff40f58""}"
topcv,2007633,2026-01-09,Developer Staff,Senior Software Engineer,senior,Đồng Nai,1,1,[],8000000,15000000,information_technology,"{""dataset"":""baocgb/vietnam-it-jobs-raw-data-from-topcv-2026"",""dataset_commit"":""kaggle-9263561-v1:e78ff2b6ed521ad894a70271a3254fcf434813916fdade4f7d449bc4fdf34ef9"",""dataset_url"":""https://www.kaggle.com/datasets/baocgb/vietnam-it-jobs-raw-data-from-topcv-2026"",""dataset_version"":""1"",""license"":""CC-BY-4.0"",""location_normalizer_revision"":""2026-07-19.1"",""raw_sha256"":""e78ff2b6ed521ad894a70271a3254fcf434813916fdade4f7d449bc4fdf34ef9"",""salary_source_currency"":""VND"",""source_url"":""https://www.topcv.vn/viec-lam/developer-staff/2007633.html"",""title_normalizer_revision"":""2f434fba22de3a14c1b199331c8ca18408dc72e702071bf4bbfe380daff40f58""}"
topcv,2007708,2026-01-09,Thực Tập SEO Marketing( Hỗ Trợ Mộc + Có Lương),Thực Tập SEO Marketing Hỗ Trợ Mộc + Có Lương ,intern,Ho Chi Minh,,,[],4000000,10000000,information_technology,"{""dataset"":""baocgb/vietnam-it-jobs-raw-data-from-topcv-2026"",""dataset_commit"":""kaggle-9263561-v1:e78ff2b6ed521ad894a70271a3254fcf434813916fdade4f7d449bc4fdf34ef9"",""dataset_url"":""https://www.kaggle.com/datasets/baocgb/vietnam-it-jobs-raw-data-from-topcv-2026"",""dataset_version"":""1"",""license"":""CC-BY-4.0"",""location_normalizer_revision"":""2026-07-19.1"",""raw_sha256"":""e78ff2b6ed521ad894a70271a3254fcf434813916fdade4f7d449bc4fdf34ef9"",""salary_source_currency"":""VND"",""source_url"":""https://www.topcv.vn/viec-lam/thuc-tap-seo-marketing-ho-tro-moc-co-luong/2007708.html"",""title_normalizer_revision"":""2f434fba22de3a14c1b199331c8ca18408dc72e702071bf4bbfe380daff40f58""}"
topcv,2007847,2026-01-09,UA Marketing Leader (Mobile App),UA Marketing Leader Mobile App ,lead,Ha Noi,3,3,[],18000000,35000000,information_technology,"{""dataset"":""baocgb/vietnam-it-jobs-raw-data-from-topcv-2026"",""dataset_commit"":""kaggle-9263561-v1:e78ff2b6ed521ad894a70271a3254fcf434813916fdade4f7d449bc4fdf34ef9"",""dataset_url"":""https://www.kaggle.com/datasets/baocgb/vietnam-it-jobs-raw-data-from-topcv-2026"",""dataset_version"":""1"",""license"":""CC-BY-4.0"",""location_normalizer_revision"":""2026-07-19.1"",""raw_sha256"":""e78ff2b6ed521ad894a70271a3254fcf434813916fdade4f7d449bc4fdf34ef9"",""salary_source_currency"":""VND"",""source_url"":""https://www.topcv.vn/viec-lam/ua-marketing-leader-mobile-app/2007847.html"",""title_normalizer_revision"":""2f434fba22de3a14c1b199331c8ca18408dc72e702071bf4bbfe380daff40f58""}"
topcv,2007908,2026-01-09,Business Analyst (Shopify B2B),Business Analyst,mid,Ha Noi,1,1,[],12000000,25000000,information_technology,"{""dataset"":""baocgb/vietnam-it-jobs-raw-data-from-topcv-2026"",""dataset_commit"":""kaggle-9263561-v1:e78ff2b6ed521ad894a70271a3254fcf434813916fdade4f7d449bc4fdf34ef9"",""dataset_url"":""https://www.kaggle.com/datasets/baocgb/vietnam-it-jobs-raw-data-from-topcv-2026"",""dataset_version"":""1"",""license"":""CC-BY-4.0"",""location_normalizer_revision"":""2026-07-19.1"",""raw_sha256"":""e78ff2b6ed521ad894a70271a3254fcf434813916fdade4f7d449bc4fdf34ef9"",""salary_source_currency"":""VND"",""source_url"":""https://www.topcv.vn/viec-lam/business-analyst-shopify-b2b/2007908.html"",""title_normalizer_revision"":""2f434fba22de3a14c1b199331c8ca18408dc72e702071bf4bbfe380daff40f58""}"
topcv,2008028,2026-01-09,System Admin,System Admin,mid,Ha Noi,1,1,[],10000000,20000000,information_technology,"{""dataset"":""baocgb/vietnam-it-jobs-raw-data-from-topcv-2026"",""dataset_commit"":""kaggle-9263561-v1:e78ff2b6ed521ad894a70271a3254fcf434813916fdade4f7d449bc4fdf34ef9"",""dataset_url"":""https://www.kaggle.com/datasets/baocgb/vietnam-it-jobs-raw-data-from-topcv-2026"",""dataset_version"":""1"",""license"":""CC-BY-4.0"",""location_normalizer_revision"":""2026-07-19.1"",""raw_sha256"":""e78ff2b6ed521ad894a70271a3254fcf434813916fdade4f7d449bc4fdf34ef9"",""salary_source_currency"":""VND"",""source_url"":""https://www.topcv.vn/viec-lam/system-admin/2008028.html"",""title_normalizer_revision"":""2f434fba22de3a14c1b199331c8ca18408dc72e702071bf4bbfe380daff40f58""}"
topcv,2008337,2026-01-09,Android Developer,Mobile Developer,mid,Ha Noi,3,3,[],24000000,29000000,information_technology,"{""dataset"":""baocgb/vietnam-it-jobs-raw-data-from-topcv-2026"",""dataset_commit"":""kaggle-9263561-v1:e78ff2b6ed521ad894a70271a3254fcf434813916fdade4f7d449bc4fdf34ef9"",""dataset_url"":""https://www.kaggle.com/datasets/baocgb/vietnam-it-jobs-raw-data-from-topcv-2026"",""dataset_version"":""1"",""license"":""CC-BY-4.0"",""location_normalizer_revision"":""2026-07-19.1"",""raw_sha256"":""e78ff2b6ed521ad894a70271a3254fcf434813916fdade4f7d449bc4fdf34ef9"",""salary_source_currency"":""VND"",""source_url"":""https://www.topcv.vn/viec-lam/android-developer/2008337.html"",""title_normalizer_revision"":""2f434fba22de3a14c1b199331c8ca18408dc72e702071bf4bbfe380daff40f58""}"
topcv,2008356,2026-01-09,Full Stack Developer Intern (Nodejs & Reactjs),Fullstack Developer,intern,Ha Noi,1,1,[],,4000000,information_technology,"{""dataset"":""baocgb/vietnam-it-jobs-raw-data-from-topcv-2026"",""dataset_commit"":""kaggle-9263561-v1:e78ff2b6ed521ad894a70271a3254fcf434813916fdade4f7d449bc4fdf34ef9"",""dataset_url"":""https://www.kaggle.com/datasets/baocgb/vietnam-it-jobs-raw-data-from-topcv-2026"",""dataset_version"":""1"",""license"":""CC-BY-4.0"",""location_normalizer_revision"":""2026-07-19.1"",""raw_sha256"":""e78ff2b6ed521ad894a70271a3254fcf434813916fdade4f7d449bc4fdf34ef9"",""salary_source_currency"":""VND"",""source_url"":""https://www.topcv.vn/viec-lam/full-stack-developer-intern-nodejs-reactjs/2008356.html"",""title_normalizer_revision"":""2f434fba22de3a14c1b199331c8ca18408dc72e702071bf4bbfe380daff40f58""}"
topcv,2008369,2026-01-09,Mid/Senior Business Analyst,Senior Business Analyst,senior,Ha Noi,2,2,[],18000000,30000000,information_technology,"{""dataset"":""baocgb/vietnam-it-jobs-raw-data-from-topcv-2026"",""dataset_commit"":""kaggle-9263561-v1:e78ff2b6ed521ad894a70271a3254fcf434813916fdade4f7d449bc4fdf34ef9"",""dataset_url"":""https://www.kaggle.com/datasets/baocgb/vietnam-it-jobs-raw-data-from-topcv-2026"",""dataset_version"":""1"",""license"":""CC-BY-4.0"",""location_normalizer_revision"":""2026-07-19.1"",""raw_sha256"":""e78ff2b6ed521ad894a70271a3254fcf434813916fdade4f7d449bc4fdf34ef9"",""salary_source_currency"":""VND"",""source_url"":""https://www.topcv.vn/viec-lam/mid-senior-business-analyst/2008369.html"",""title_normalizer_revision"":""2f434fba22de3a14c1b199331c8ca18408dc72e702071bf4bbfe380daff40f58""}"
topcv,2008395,2026-01-09,Performance Test / Manual Test (OB Sớm),Performance Test / Manual Test OB Sớm ,mid,Ha Noi,2,2,[],12000000,22000000,information_technology,"{""dataset"":""baocgb/vietnam-it-jobs-raw-data-from-topcv-2026"",""dataset_commit"":""kaggle-9263561-v1:e78ff2b6ed521ad894a70271a3254fcf434813916fdade4f7d449bc4fdf34ef9"",""dataset_url"":""https://www.kaggle.com/datasets/baocgb/vietnam-it-jobs-raw-data-from-topcv-2026"",""dataset_version"":""1"",""license"":""CC-BY-4.0"",""location_normalizer_revision"":""2026-07-19.1"",""raw_sha256"":""e78ff2b6ed521ad894a70271a3254fcf434813916fdade4f7d449bc4fdf34ef9"",""salary_source_currency"":""VND"",""source_url"":""https://www.topcv.vn/viec-lam/performance-test-manual-test-ob-som/2008395.html"",""title_normalizer_revision"":""2f434fba22de3a14c1b199331c8ca18408dc72e702071bf4bbfe380daff40f58""}"
topcv,2008396,2026-01-12,Kiểm Thử Viên Chất Lượng (QA Tester) - Chuyên Về Mobile & Web,QA Engineer,mid,Ho Chi Minh,3,3,[],15000000,20000000,information_technology,"{""dataset"":""baocgb/vietnam-it-jobs-raw-data-from-topcv-2026"",""dataset_commit"":""kaggle-9263561-v1:e78ff2b6ed521ad894a70271a3254fcf434813916fdade4f7d449bc4fdf34ef9"",""dataset_url"":""https://www.kaggle.com/datasets/baocgb/vietnam-it-jobs-raw-data-from-topcv-2026"",""dataset_version"":""1"",""license"":""CC-BY-4.0"",""location_normalizer_revision"":""2026-07-19.1"",""raw_sha256"":""e78ff2b6ed521ad894a70271a3254fcf434813916fdade4f7d449bc4fdf34ef9"",""salary_source_currency"":""VND"",""source_url"":""https://www.topcv.vn/viec-lam/kiem-thu-vien-chat-luong-qa-tester-chuyen-ve-mobile-web/2008396.html"",""title_normalizer_revision"":""2f434fba22de3a14c1b199331c8ca18408dc72e702071bf4bbfe380daff40f58""}"
topcv,2008415,2026-01-09,IT System,IT System,mid,Ha Noi,3,3,[],18000000,26000000,information_technology,"{""dataset"":""baocgb/vietnam-it-jobs-raw-data-from-topcv-2026"",""dataset_commit"":""kaggle-9263561-v1:e78ff2b6ed521ad894a70271a3254fcf434813916fdade4f7d449bc4fdf34ef9"",""dataset_url"":""https://www.kaggle.com/datasets/baocgb/vietnam-it-jobs-raw-data-from-topcv-2026"",""dataset_version"":""1"",""license"":""CC-BY-4.0"",""location_normalizer_revision"":""2026-07-19.1"",""raw_sha256"":""e78ff2b6ed521ad894a70271a3254fcf434813916fdade4f7d449bc4fdf34ef9"",""salary_source_currency"":""VND"",""source_url"":""https://www.topcv.vn/viec-lam/it-system/2008415.html"",""title_normalizer_revision"":""2f434fba22de3a14c1b199331c8ca18408dc72e702071bf4bbfe380daff40f58""}"
topcv,2008447,2026-01-09,Manual Software Tester (QA/QC From 3yrs Exp.),QA Engineer,mid,Ho Chi Minh,3,3,[],23000000,38000000,information_technology,"{""dataset"":""baocgb/vietnam-it-jobs-raw-data-from-topcv-2026"",""dataset_commit"":""kaggle-9263561-v1:e78ff2b6ed521ad894a70271a3254fcf434813916fdade4f7d449bc4fdf34ef9"",""dataset_url"":""https://www.kaggle.com/datasets/baocgb/vietnam-it-jobs-raw-data-from-topcv-2026"",""dataset_version"":""1"",""license"":""CC-BY-4.0"",""location_normalizer_revision"":""2026-07-19.1"",""raw_sha256"":""e78ff2b6ed521ad894a70271a3254fcf434813916fdade4f7d449bc4fdf34ef9"",""salary_source_currency"":""VND"",""source_url"":""https://www.topcv.vn/viec-lam/manual-software-tester-qa-qc-from-3yrs-exp/2008447.html"",""title_normalizer_revision"":""2f434fba22de3a14c1b199331c8ca18408dc72e702071bf4bbfe380daff40f58""}"
topcv,2008657,2026-01-10,Shopify/WooCommerce Web Builder,Shopify/WooCommerce Web Builder,mid,Ha Noi,1,1,[],6000000,8000000,information_technology,"{""dataset"":""baocgb/vietnam-it-jobs-raw-data-from-topcv-2026"",""dataset_commit"":""kaggle-9263561-v1:e78ff2b6ed521ad894a70271a3254fcf434813916fdade4f7d449bc4fdf34ef9"",""dataset_url"":""https://www.kaggle.com/datasets/baocgb/vietnam-it-jobs-raw-data-from-topcv-2026"",""dataset_version"":""1"",""license"":""CC-BY-4.0"",""location_normalizer_revision"":""2026-07-19.1"",""raw_sha256"":""e78ff2b6ed521ad894a70271a3254fcf434813916fdade4f7d449bc4fdf34ef9"",""salary_source_currency"":""VND"",""source_url"":""https://www.topcv.vn/viec-lam/shopify-woocommerce-web-builder/2008657.html"",""title_normalizer_revision"":""2f434fba22de3a14c1b199331c8ca18408dc72e702071bf4bbfe380daff40f58""}"
topcv,2008662,2026-01-10,Shopify/WooCommerce Web Builder,Shopify/WooCommerce Web Builder,mid,Ha Noi,1,1,[],6000000,8000000,information_technology,"{""dataset"":""baocgb/vietnam-it-jobs-raw-data-from-topcv-2026"",""dataset_commit"":""kaggle-9263561-v1:e78ff2b6ed521ad894a70271a3254fcf434813916fdade4f7d449bc4fdf34ef9"",""dataset_url"":""https://www.kaggle.com/datasets/baocgb/vietnam-it-jobs-raw-data-from-topcv-2026"",""dataset_version"":""1"",""license"":""CC-BY-4.0"",""location_normalizer_revision"":""2026-07-19.1"",""raw_sha256"":""e78ff2b6ed521ad894a70271a3254fcf434813916fdade4f7d449bc4fdf34ef9"",""salary_source_currency"":""VND"",""source_url"":""https://www.topcv.vn/viec-lam/shopify-woocommerce-web-builder/2008662.html"",""title_normalizer_revision"":""2f434fba22de3a14c1b199331c8ca18408dc72e702071bf4bbfe380daff40f58""}"
topcv,2008716,2026-01-10,Quản Lý Dự Án Xây Dựng Dân Dụng,Project Manager,manager,Ho Chi Minh,5,5,[],25000000,35000000,information_technology,"{""dataset"":""baocgb/vietnam-it-jobs-raw-data-from-topcv-2026"",""dataset_commit"":""kaggle-9263561-v1:e78ff2b6ed521ad894a70271a3254fcf434813916fdade4f7d449bc4fdf34ef9"",""dataset_url"":""https://www.kaggle.com/datasets/baocgb/vietnam-it-jobs-raw-data-from-topcv-2026"",""dataset_version"":""1"",""license"":""CC-BY-4.0"",""location_normalizer_revision"":""2026-07-19.1"",""raw_sha256"":""e78ff2b6ed521ad894a70271a3254fcf434813916fdade4f7d449bc4fdf34ef9"",""salary_source_currency"":""VND"",""source_url"":""https://www.topcv.vn/viec-lam/quan-ly-du-an-xay-dung-dan-dung/2008716.html"",""title_normalizer_revision"":""2f434fba22de3a14c1b199331c8ca18408dc72e702071bf4bbfe380daff40f58""}"
topcv,2008766,2026-01-10,Lập Trình Viên Back-End (Java),Backend Developer,mid,Ha Noi,2,2,[],12000000,35000000,information_technology,"{""dataset"":""baocgb/vietnam-it-jobs-raw-data-from-topcv-2026"",""dataset_commit"":""kaggle-9263561-v1:e78ff2b6ed521ad894a70271a3254fcf434813916fdade4f7d449bc4fdf34ef9"",""dataset_url"":""https://www.kaggle.com/datasets/baocgb/vietnam-it-jobs-raw-data-from-topcv-2026"",""dataset_version"":""1"",""license"":""CC-BY-4.0"",""location_normalizer_revision"":""2026-07-19.1"",""raw_sha256"":""e78ff2b6ed521ad894a70271a3254fcf434813916fdade4f7d449bc4fdf34ef9"",""salary_source_currency"":""VND"",""source_url"":""https://www.topcv.vn/viec-lam/lap-trinh-vien-back-end-java/2008766.html"",""title_normalizer_revision"":""2f434fba22de3a14c1b199331c8ca18408dc72e702071bf4bbfe380daff40f58""}"
topcv,2008883,2026-01-10,Lập Trình Odoo (Junior),Junior Lập Trình Odoo Junior ,junior,Ha Noi,1,1,[],10000000,20000000,information_technology,"{""dataset"":""baocgb/vietnam-it-jobs-raw-data-from-topcv-2026"",""dataset_commit"":""kaggle-9263561-v1:e78ff2b6ed521ad894a70271a3254fcf434813916fdade4f7d449bc4fdf34ef9"",""dataset_url"":""https://www.kaggle.com/datasets/baocgb/vietnam-it-jobs-raw-data-from-topcv-2026"",""dataset_version"":""1"",""license"":""CC-BY-4.0"",""location_normalizer_revision"":""2026-07-19.1"",""raw_sha256"":""e78ff2b6ed521ad894a70271a3254fcf434813916fdade4f7d449bc4fdf34ef9"",""salary_source_currency"":""VND"",""source_url"":""https://www.topcv.vn/viec-lam/lap-trinh-odoo-junior/2008883.html"",""title_normalizer_revision"":""2f434fba22de3a14c1b199331c8ca18408dc72e702071bf4bbfe380daff40f58""}"
topcv,2008923,2026-01-10,Chuyên Viên Tuyển Dụng IT (IT Recruiter),Chuyên Viên Tuyển Dụng IT IT Recruiter ,mid,Ha Noi,2,2,[],,15000000,information_technology,"{""dataset"":""baocgb/vietnam-it-jobs-raw-data-from-topcv-2026"",""dataset_commit"":""kaggle-9263561-v1:e78ff2b6ed521ad894a70271a3254fcf434813916fdade4f7d449bc4fdf34ef9"",""dataset_url"":""https://www.kaggle.com/datasets/baocgb/vietnam-it-jobs-raw-data-from-topcv-2026"",""dataset_version"":""1"",""license"":""CC-BY-4.0"",""location_normalizer_revision"":""2026-07-19.1"",""raw_sha256"":""e78ff2b6ed521ad894a70271a3254fcf434813916fdade4f7d449bc4fdf34ef9"",""salary_source_currency"":""VND"",""source_url"":""https://www.topcv.vn/viec-lam/chuyen-vien-tuyen-dung-it-it-recruiter/2008923.html"",""title_normalizer_revision"":""2f434fba22de3a14c1b199331c8ca18408dc72e702071bf4bbfe380daff40f58""}"
topcv,2009230,2026-01-12,Phó Phòng Kỹ Thuật,Phó Phòng Kỹ Thuật,manager,Ho Chi Minh,3,3,[],15000000,20000000,information_technology,"{""dataset"":""baocgb/vietnam-it-jobs-raw-data-from-topcv-2026"",""dataset_commit"":""kaggle-9263561-v1:e78ff2b6ed521ad894a70271a3254fcf434813916fdade4f7d449bc4fdf34ef9"",""dataset_url"":""https://www.kaggle.com/datasets/baocgb/vietnam-it-jobs-raw-data-from-topcv-2026"",""dataset_version"":""1"",""license"":""CC-BY-4.0"",""location_normalizer_revision"":""2026-07-19.1"",""raw_sha256"":""e78ff2b6ed521ad894a70271a3254fcf434813916fdade4f7d449bc4fdf34ef9"",""salary_source_currency"":""VND"",""source_url"":""https://www.topcv.vn/viec-lam/pho-phong-ky-thuat/2009230.html"",""title_normalizer_revision"":""2f434fba22de3a14c1b199331c8ca18408dc72e702071bf4bbfe380daff40f58""}"
topcv,2009232,2026-01-12,Middle Full-Stack Web Dev - Từ 3 Năm Kinh Nghiệm - Offer Upto 40M - Hà Nội,Fullstack Developer,mid,Ha Noi,3,3,[],,40000000,information_technology,"{""dataset"":""baocgb/vietnam-it-jobs-raw-data-from-topcv-2026"",""dataset_commit"":""kaggle-9263561-v1:e78ff2b6ed521ad894a70271a3254fcf434813916fdade4f7d449bc4fdf34ef9"",""dataset_url"":""https://www.kaggle.com/datasets/baocgb/vietnam-it-jobs-raw-data-from-topcv-2026"",""dataset_version"":""1"",""license"":""CC-BY-4.0"",""location_normalizer_revision"":""2026-07-19.1"",""raw_sha256"":""e78ff2b6ed521ad894a70271a3254fcf434813916fdade4f7d449bc4fdf34ef9"",""salary_source_currency"":""VND"",""source_url"":""https://www.topcv.vn/viec-lam/middle-full-stack-web-dev-tu-3-nam-kinh-nghiem-offer-upto-40m-ha-noi/2009232.html"",""title_normalizer_revision"":""2f434fba22de3a14c1b199331c8ca18408dc72e702071bf4bbfe380daff40f58""}"
topcv,2009264,2026-01-12,Tin mới Unity Developer,Game Developer,mid,Ha Noi,1,1,[],,20000000,information_technology,"{""dataset"":""baocgb/vietnam-it-jobs-raw-data-from-topcv-2026"",""dataset_commit"":""kaggle-9263561-v1:e78ff2b6ed521ad894a70271a3254fcf434813916fdade4f7d449bc4fdf34ef9"",""dataset_url"":""https://www.kaggle.com/datasets/baocgb/vietnam-it-jobs-raw-data-from-topcv-2026"",""dataset_version"":""1"",""license"":""CC-BY-4.0"",""location_normalizer_revision"":""2026-07-19.1"",""raw_sha256"":""e78ff2b6ed521ad894a70271a3254fcf434813916fdade4f7d449bc4fdf34ef9"",""salary_source_currency"":""VND"",""source_url"":""https://www.topcv.vn/viec-lam/unity-developer/2009264.html"",""title_normalizer_revision"":""2f434fba22de3a14c1b199331c8ca18408dc72e702071bf4bbfe380daff40f58""}"
topcv,2009307,2026-01-12,Chuyên Viên Business Analyst,Business Analyst,mid,Ha Noi,2,2,[],10000000,15000000,information_technology,"{""dataset"":""baocgb/vietnam-it-jobs-raw-data-from-topcv-2026"",""dataset_commit"":""kaggle-9263561-v1:e78ff2b6ed521ad894a70271a3254fcf434813916fdade4f7d449bc4fdf34ef9"",""dataset_url"":""https://www.kaggle.com/datasets/baocgb/vietnam-it-jobs-raw-data-from-topcv-2026"",""dataset_version"":""1"",""license"":""CC-BY-4.0"",""location_normalizer_revision"":""2026-07-19.1"",""raw_sha256"":""e78ff2b6ed521ad894a70271a3254fcf434813916fdade4f7d449bc4fdf34ef9"",""salary_source_currency"":""VND"",""source_url"":""https://www.topcv.vn/viec-lam/chuyen-vien-business-analyst/2009307.html"",""title_normalizer_revision"":""2f434fba22de3a14c1b199331c8ca18408dc72e702071bf4bbfe380daff40f58""}"
topcv,2009338,2026-01-12,Lập Trình Viên React Kinh Nghiệm Từ 5 Năm,Software Engineer,mid,Ha Noi,5,5,[],20000000,,information_technology,"{""dataset"":""baocgb/vietnam-it-jobs-raw-data-from-topcv-2026"",""dataset_commit"":""kaggle-9263561-v1:e78ff2b6ed521ad894a70271a3254fcf434813916fdade4f7d449bc4fdf34ef9"",""dataset_url"":""https://www.kaggle.com/datasets/baocgb/vietnam-it-jobs-raw-data-from-topcv-2026"",""dataset_version"":""1"",""license"":""CC-BY-4.0"",""location_normalizer_revision"":""2026-07-19.1"",""raw_sha256"":""e78ff2b6ed521ad894a70271a3254fcf434813916fdade4f7d449bc4fdf34ef9"",""salary_source_currency"":""VND"",""source_url"":""https://www.topcv.vn/viec-lam/lap-trinh-vien-react-kinh-nghiem-tu-5-nam/2009338.html"",""title_normalizer_revision"":""2f434fba22de3a14c1b199331c8ca18408dc72e702071bf4bbfe380daff40f58""}"
topcv,2009354,2026-01-12,Lập Trình Viên Java Kinh Nghiệm Từ 5 Năm,Backend Developer,mid,Ha Noi,5,5,[],20000000,,information_technology,"{""dataset"":""baocgb/vietnam-it-jobs-raw-data-from-topcv-2026"",""dataset_commit"":""kaggle-9263561-v1:e78ff2b6ed521ad894a70271a3254fcf434813916fdade4f7d449bc4fdf34ef9"",""dataset_url"":""https://www.kaggle.com/datasets/baocgb/vietnam-it-jobs-raw-data-from-topcv-2026"",""dataset_version"":""1"",""license"":""CC-BY-4.0"",""location_normalizer_revision"":""2026-07-19.1"",""raw_sha256"":""e78ff2b6ed521ad894a70271a3254fcf434813916fdade4f7d449bc4fdf34ef9"",""salary_source_currency"":""VND"",""source_url"":""https://www.topcv.vn/viec-lam/lap-trinh-vien-java-kinh-nghiem-tu-5-nam/2009354.html"",""title_normalizer_revision"":""2f434fba22de3a14c1b199331c8ca18408dc72e702071bf4bbfe380daff40f58""}"
topcv,2009412,2026-01-12,Playable Ads Developer (Unity),Playable Ads Developer Unity ,mid,Ha Noi,1,1,[],7000000,15000000,information_technology,"{""dataset"":""baocgb/vietnam-it-jobs-raw-data-from-topcv-2026"",""dataset_commit"":""kaggle-9263561-v1:e78ff2b6ed521ad894a70271a3254fcf434813916fdade4f7d449bc4fdf34ef9"",""dataset_url"":""https://www.kaggle.com/datasets/baocgb/vietnam-it-jobs-raw-data-from-topcv-2026"",""dataset_version"":""1"",""license"":""CC-BY-4.0"",""location_normalizer_revision"":""2026-07-19.1"",""raw_sha256"":""e78ff2b6ed521ad894a70271a3254fcf434813916fdade4f7d449bc4fdf34ef9"",""salary_source_currency"":""VND"",""source_url"":""https://www.topcv.vn/viec-lam/playable-ads-developer-unity/2009412.html"",""title_normalizer_revision"":""2f434fba22de3a14c1b199331c8ca18408dc72e702071bf4bbfe380daff40f58""}"
topcv,2009418,2026-01-12,Fullstack .Net Technical Support,Fullstack Developer,mid,Ho Chi Minh,1,1,[],,20000000,information_technology,"{""dataset"":""baocgb/vietnam-it-jobs-raw-data-from-topcv-2026"",""dataset_commit"":""kaggle-9263561-v1:e78ff2b6ed521ad894a70271a3254fcf434813916fdade4f7d449bc4fdf34ef9"",""dataset_url"":""https://www.kaggle.com/datasets/baocgb/vietnam-it-jobs-raw-data-from-topcv-2026"",""dataset_version"":""1"",""license"":""CC-BY-4.0"",""location_normalizer_revision"":""2026-07-19.1"",""raw_sha256"":""e78ff2b6ed521ad894a70271a3254fcf434813916fdade4f7d449bc4fdf34ef9"",""salary_source_currency"":""VND"",""source_url"":""https://www.topcv.vn/viec-lam/fullstack-net-technical-support/2009418.html"",""title_normalizer_revision"":""2f434fba22de3a14c1b199331c8ca18408dc72e702071bf4bbfe380daff40f58""}"
topcv,2009476,2026-01-12,Trưởng Nhóm Mobile Developer,Mobile Developer,lead,Ha Noi,2,2,[],,40000000,information_technology,"{""dataset"":""baocgb/vietnam-it-jobs-raw-data-from-topcv-2026"",""dataset_commit"":""kaggle-9263561-v1:e78ff2b6ed521ad894a70271a3254fcf434813916fdade4f7d449bc4fdf34ef9"",""dataset_url"":""https://www.kaggle.com/datasets/baocgb/vietnam-it-jobs-raw-data-from-topcv-2026"",""dataset_version"":""1"",""license"":""CC-BY-4.0"",""location_normalizer_revision"":""2026-07-19.1"",""raw_sha256"":""e78ff2b6ed521ad894a70271a3254fcf434813916fdade4f7d449bc4fdf34ef9"",""salary_source_currency"":""VND"",""source_url"":""https://www.topcv.vn/viec-lam/truong-nhom-mobile-developer/2009476.html"",""title_normalizer_revision"":""2f434fba22de3a14c1b199331c8ca18408dc72e702071bf4bbfe380daff40f58""}"
topcv,2009502,2026-01-14,Junior Tester_Tiếng Anh Tốt,Junior Tester_Tiếng Anh Tốt,junior,Ha Noi,1,1,[],,20000000,information_technology,"{""dataset"":""baocgb/vietnam-it-jobs-raw-data-from-topcv-2026"",""dataset_commit"":""kaggle-9263561-v1:e78ff2b6ed521ad894a70271a3254fcf434813916fdade4f7d449bc4fdf34ef9"",""dataset_url"":""https://www.kaggle.com/datasets/baocgb/vietnam-it-jobs-raw-data-from-topcv-2026"",""dataset_version"":""1"",""license"":""CC-BY-4.0"",""location_normalizer_revision"":""2026-07-19.1"",""raw_sha256"":""e78ff2b6ed521ad894a70271a3254fcf434813916fdade4f7d449bc4fdf34ef9"",""salary_source_currency"":""VND"",""source_url"":""https://www.topcv.vn/viec-lam/junior-tester-tieng-anh-tot/2009502.html"",""title_normalizer_revision"":""2f434fba22de3a14c1b199331c8ca18408dc72e702071bf4bbfe380daff40f58""}"
topcv,2009510,2026-01-13,IT Project Management Officer,IT Project Management Officer,mid,Ha Noi,1,1,[],30000000,40000000,information_technology,"{""dataset"":""baocgb/vietnam-it-jobs-raw-data-from-topcv-2026"",""dataset_commit"":""kaggle-9263561-v1:e78ff2b6ed521ad894a70271a3254fcf434813916fdade4f7d449bc4fdf34ef9"",""dataset_url"":""https://www.kaggle.com/datasets/baocgb/vietnam-it-jobs-raw-data-from-topcv-2026"",""dataset_version"":""1"",""license"":""CC-BY-4.0"",""location_normalizer_revision"":""2026-07-19.1"",""raw_sha256"":""e78ff2b6ed521ad894a70271a3254fcf434813916fdade4f7d449bc4fdf34ef9"",""salary_source_currency"":""VND"",""source_url"":""https://www.topcv.vn/viec-lam/it-project-management-officer/2009510.html"",""title_normalizer_revision"":""2f434fba22de3a14c1b199331c8ca18408dc72e702071bf4bbfe380daff40f58""}"
topcv,2009596,2026-01-12,Frontend / ReactJS / NextJS Developer - Từ 2 - 5 Năm Kinh Nghiệm - Thu Nhập 15 - 25 Triệu - Tại Hà Nội,Frontend Developer,mid,Ha Noi,2,2,[],15000000,25000000,information_technology,"{""dataset"":""baocgb/vietnam-it-jobs-raw-data-from-topcv-2026"",""dataset_commit"":""kaggle-9263561-v1:e78ff2b6ed521ad894a70271a3254fcf434813916fdade4f7d449bc4fdf34ef9"",""dataset_url"":""https://www.kaggle.com/datasets/baocgb/vietnam-it-jobs-raw-data-from-topcv-2026"",""dataset_version"":""1"",""license"":""CC-BY-4.0"",""location_normalizer_revision"":""2026-07-19.1"",""raw_sha256"":""e78ff2b6ed521ad894a70271a3254fcf434813916fdade4f7d449bc4fdf34ef9"",""salary_source_currency"":""VND"",""source_url"":""https://www.topcv.vn/viec-lam/frontend-reactjs-nextjs-developer-tu-2-5-nam-kinh-nghiem-thu-nhap-15-25-trieu-tai-ha-noi/2009596.html"",""title_normalizer_revision"":""2f434fba22de3a14c1b199331c8ca18408dc72e702071bf4bbfe380daff40f58""}"
topcv,2009627,2026-01-12,Backend / ASP.NET C# Từ 2 - 5 Năm Kinh Nghiệm,Backend Developer,mid,Ha Noi,2,2,[],15000000,25000000,information_technology,"{""dataset"":""baocgb/vietnam-it-jobs-raw-data-from-topcv-2026"",""dataset_commit"":""kaggle-9263561-v1:e78ff2b6ed521ad894a70271a3254fcf434813916fdade4f7d449bc4fdf34ef9"",""dataset_url"":""https://www.kaggle.com/datasets/baocgb/vietnam-it-jobs-raw-data-from-topcv-2026"",""dataset_version"":""1"",""license"":""CC-BY-4.0"",""location_normalizer_revision"":""2026-07-19.1"",""raw_sha256"":""e78ff2b6ed521ad894a70271a3254fcf434813916fdade4f7d449bc4fdf34ef9"",""salary_source_currency"":""VND"",""source_url"":""https://www.topcv.vn/viec-lam/backend-asp-net-c-tu-2-5-nam-kinh-nghiem/2009627.html"",""title_normalizer_revision"":""2f434fba22de3a14c1b199331c8ca18408dc72e702071bf4bbfe380daff40f58""}"
topcv,2009683,2026-01-12,Personal Assistant & Project Coordinator (Tech),Personal Assistant & Project Coordinator Tech ,mid,Ho Chi Minh,2,2,[],20000000,40000000,information_technology,"{""dataset"":""baocgb/vietnam-it-jobs-raw-data-from-topcv-2026"",""dataset_commit"":""kaggle-9263561-v1:e78ff2b6ed521ad894a70271a3254fcf434813916fdade4f7d449bc4fdf34ef9"",""dataset_url"":""https://www.kaggle.com/datasets/baocgb/vietnam-it-jobs-raw-data-from-topcv-2026"",""dataset_version"":""1"",""license"":""CC-BY-4.0"",""location_normalizer_revision"":""2026-07-19.1"",""raw_sha256"":""e78ff2b6ed521ad894a70271a3254fcf434813916fdade4f7d449bc4fdf34ef9"",""salary_source_currency"":""VND"",""source_url"":""https://www.topcv.vn/viec-lam/personal-assistant-project-coordinator-tech/2009683.html"",""title_normalizer_revision"":""2f434fba22de3a14c1b199331c8ca18408dc72e702071bf4bbfe380daff40f58""}"
topcv,2009717,2026-01-12,Flutter Developer,Mobile Developer (Flutter),mid,Ha Noi,3,3,[],20000000,40000000,information_technology,"{""dataset"":""baocgb/vietnam-it-jobs-raw-data-from-topcv-2026"",""dataset_commit"":""kaggle-9263561-v1:e78ff2b6ed521ad894a70271a3254fcf434813916fdade4f7d449bc4fdf34ef9"",""dataset_url"":""https://www.kaggle.com/datasets/baocgb/vietnam-it-jobs-raw-data-from-topcv-2026"",""dataset_version"":""1"",""license"":""CC-BY-4.0"",""location_normalizer_revision"":""2026-07-19.1"",""raw_sha256"":""e78ff2b6ed521ad894a70271a3254fcf434813916fdade4f7d449bc4fdf34ef9"",""salary_source_currency"":""VND"",""source_url"":""https://www.topcv.vn/viec-lam/flutter-developer/2009717.html"",""title_normalizer_revision"":""2f434fba22de3a14c1b199331c8ca18408dc72e702071bf4bbfe380daff40f58""}"
topcv,2009770,2026-01-12,Business Analyst (Junior),Junior Business Analyst,junior,Ha Noi,1,1,[],10000000,15000000,information_technology,"{""dataset"":""baocgb/vietnam-it-jobs-raw-data-from-topcv-2026"",""dataset_commit"":""kaggle-9263561-v1:e78ff2b6ed521ad894a70271a3254fcf434813916fdade4f7d449bc4fdf34ef9"",""dataset_url"":""https://www.kaggle.com/datasets/baocgb/vietnam-it-jobs-raw-data-from-topcv-2026"",""dataset_version"":""1"",""license"":""CC-BY-4.0"",""location_normalizer_revision"":""2026-07-19.1"",""raw_sha256"":""e78ff2b6ed521ad894a70271a3254fcf434813916fdade4f7d449bc4fdf34ef9"",""salary_source_currency"":""VND"",""source_url"":""https://www.topcv.vn/viec-lam/business-analyst-junior/2009770.html"",""title_normalizer_revision"":""2f434fba22de3a14c1b199331c8ca18408dc72e702071bf4bbfe380daff40f58""}"
topcv,2009776,2026-01-12,Project Manager,Project Manager,manager,Ha Noi,3,3,[],,50000000,information_technology,"{""dataset"":""baocgb/vietnam-it-jobs-raw-data-from-topcv-2026"",""dataset_commit"":""kaggle-9263561-v1:e78ff2b6ed521ad894a70271a3254fcf434813916fdade4f7d449bc4fdf34ef9"",""dataset_url"":""https://www.kaggle.com/datasets/baocgb/vietnam-it-jobs-raw-data-from-topcv-2026"",""dataset_version"":""1"",""license"":""CC-BY-4.0"",""location_normalizer_revision"":""2026-07-19.1"",""raw_sha256"":""e78ff2b6ed521ad894a70271a3254fcf434813916fdade4f7d449bc4fdf34ef9"",""salary_source_currency"":""VND"",""source_url"":""https://www.topcv.vn/viec-lam/project-manager/2009776.html"",""title_normalizer_revision"":""2f434fba22de3a14c1b199331c8ca18408dc72e702071bf4bbfe380daff40f58""}"
topcv,2009784,2026-01-13,Bridge Software Engineer (BrSE),Software Engineer,mid,Ha Noi,3,3,[],,60000000,information_technology,"{""dataset"":""baocgb/vietnam-it-jobs-raw-data-from-topcv-2026"",""dataset_commit"":""kaggle-9263561-v1:e78ff2b6ed521ad894a70271a3254fcf434813916fdade4f7d449bc4fdf34ef9"",""dataset_url"":""https://www.kaggle.com/datasets/baocgb/vietnam-it-jobs-raw-data-from-topcv-2026"",""dataset_version"":""1"",""license"":""CC-BY-4.0"",""location_normalizer_revision"":""2026-07-19.1"",""raw_sha256"":""e78ff2b6ed521ad894a70271a3254fcf434813916fdade4f7d449bc4fdf34ef9"",""salary_source_currency"":""VND"",""source_url"":""https://www.topcv.vn/viec-lam/bridge-software-engineer-brse/2009784.html"",""title_normalizer_revision"":""2f434fba22de3a14c1b199331c8ca18408dc72e702071bf4bbfe380daff40f58""}"
topcv,2009836,2026-01-13,Kỹ Sư Cấu Hình Hệ Thống,Kỹ Sư Cấu Hình Hệ Thống,mid,Ha Noi,1,1,[],15000000,,information_technology,"{""dataset"":""baocgb/vietnam-it-jobs-raw-data-from-topcv-2026"",""dataset_commit"":""kaggle-9263561-v1:e78ff2b6ed521ad894a70271a3254fcf434813916fdade4f7d449bc4fdf34ef9"",""dataset_url"":""https://www.kaggle.com/datasets/baocgb/vietnam-it-jobs-raw-data-from-topcv-2026"",""dataset_version"":""1"",""license"":""CC-BY-4.0"",""location_normalizer_revision"":""2026-07-19.1"",""raw_sha256"":""e78ff2b6ed521ad894a70271a3254fcf434813916fdade4f7d449bc4fdf34ef9"",""salary_source_currency"":""VND"",""source_url"":""https://www.topcv.vn/viec-lam/ky-su-cau-hinh-he-thong/2009836.html"",""title_normalizer_revision"":""2f434fba22de3a14c1b199331c8ca18408dc72e702071bf4bbfe380daff40f58""}"
topcv,2009845,2026-01-12,VueJS/ReactJS Developer,Frontend Developer,mid,Ha Noi,2,2,[],,40000000,information_technology,"{""dataset"":""baocgb/vietnam-it-jobs-raw-data-from-topcv-2026"",""dataset_commit"":""kaggle-9263561-v1:e78ff2b6ed521ad894a70271a3254fcf434813916fdade4f7d449bc4fdf34ef9"",""dataset_url"":""https://www.kaggle.com/datasets/baocgb/vietnam-it-jobs-raw-data-from-topcv-2026"",""dataset_version"":""1"",""license"":""CC-BY-4.0"",""location_normalizer_revision"":""2026-07-19.1"",""raw_sha256"":""e78ff2b6ed521ad894a70271a3254fcf434813916fdade4f7d449bc4fdf34ef9"",""salary_source_currency"":""VND"",""source_url"":""https://www.topcv.vn/viec-lam/vuejs-reactjs-developer/2009845.html"",""title_normalizer_revision"":""2f434fba22de3a14c1b199331c8ca18408dc72e702071bf4bbfe380daff40f58""}"
topcv,2009904,2026-01-12,Kỹ Sư Lập Trình Phần Mềm Test & Xử Lý Hình Ảnh,Kỹ Sư Lập Trình Phần Mềm Test & Xử Lý Hình Ảnh,mid,Ninh Bình,1,1,[],17500000,32500000,information_technology,"{""dataset"":""baocgb/vietnam-it-jobs-raw-data-from-topcv-2026"",""dataset_commit"":""kaggle-9263561-v1:e78ff2b6ed521ad894a70271a3254fcf434813916fdade4f7d449bc4fdf34ef9"",""dataset_url"":""https://www.kaggle.com/datasets/baocgb/vietnam-it-jobs-raw-data-from-topcv-2026"",""dataset_version"":""1"",""license"":""CC-BY-4.0"",""location_normalizer_revision"":""2026-07-19.1"",""raw_sha256"":""e78ff2b6ed521ad894a70271a3254fcf434813916fdade4f7d449bc4fdf34ef9"",""salary_source_currency"":""USD"",""source_url"":""https://www.topcv.vn/viec-lam/ky-su-lap-trinh-phan-mem-test-xu-ly-hinh-anh/2009904.html"",""title_normalizer_revision"":""2f434fba22de3a14c1b199331c8ca18408dc72e702071bf4bbfe380daff40f58"",""usd_to_vnd"":""25000""}"
topcv,2009953,2026-01-12,"IT Customer Support (Open For Fresher, English Fluency, Up To 24mil Gross)","IT Customer Support Open For Fresher, English Fluency, Up To 24mil Gross ",fresher,Ha Noi,1,1,[],18000000,24000000,information_technology,"{""dataset"":""baocgb/vietnam-it-jobs-raw-data-from-topcv-2026"",""dataset_commit"":""kaggle-9263561-v1:e78ff2b6ed521ad894a70271a3254fcf434813916fdade4f7d449bc4fdf34ef9"",""dataset_url"":""https://www.kaggle.com/datasets/baocgb/vietnam-it-jobs-raw-data-from-topcv-2026"",""dataset_version"":""1"",""license"":""CC-BY-4.0"",""location_normalizer_revision"":""2026-07-19.1"",""raw_sha256"":""e78ff2b6ed521ad894a70271a3254fcf434813916fdade4f7d449bc4fdf34ef9"",""salary_source_currency"":""VND"",""source_url"":""https://www.topcv.vn/viec-lam/it-customer-support-open-for-fresher-english-fluency-up-to-24mil-gross/2009953.html"",""title_normalizer_revision"":""2f434fba22de3a14c1b199331c8ca18408dc72e702071bf4bbfe380daff40f58""}"
topcv,2010188,2026-01-12,Back-End Python/NodeJS,Backend Developer,mid,Ha Noi,2,2,[],,40000000,information_technology,"{""dataset"":""baocgb/vietnam-it-jobs-raw-data-from-topcv-2026"",""dataset_commit"":""kaggle-9263561-v1:e78ff2b6ed521ad894a70271a3254fcf434813916fdade4f7d449bc4fdf34ef9"",""dataset_url"":""https://www.kaggle.com/datasets/baocgb/vietnam-it-jobs-raw-data-from-topcv-2026"",""dataset_version"":""1"",""license"":""CC-BY-4.0"",""location_normalizer_revision"":""2026-07-19.1"",""raw_sha256"":""e78ff2b6ed521ad894a70271a3254fcf434813916fdade4f7d449bc4fdf34ef9"",""salary_source_currency"":""VND"",""source_url"":""https://www.topcv.vn/viec-lam/back-end-python-nodejs/2010188.html"",""title_normalizer_revision"":""2f434fba22de3a14c1b199331c8ca18408dc72e702071bf4bbfe380daff40f58""}"
topcv,2010192,2026-01-12,Quality Control (Japanese N4) / Kiểm Thử Phần Mềm,QA Engineer,mid,Ho Chi Minh,2,2,[],10000000,25000000,information_technology,"{""dataset"":""baocgb/vietnam-it-jobs-raw-data-from-topcv-2026"",""dataset_commit"":""kaggle-9263561-v1:e78ff2b6ed521ad894a70271a3254fcf434813916fdade4f7d449bc4fdf34ef9"",""dataset_url"":""https://www.kaggle.com/datasets/baocgb/vietnam-it-jobs-raw-data-from-topcv-2026"",""dataset_version"":""1"",""license"":""CC-BY-4.0"",""location_normalizer_revision"":""2026-07-19.1"",""raw_sha256"":""e78ff2b6ed521ad894a70271a3254fcf434813916fdade4f7d449bc4fdf34ef9"",""salary_source_currency"":""VND"",""source_url"":""https://www.topcv.vn/viec-lam/quality-control-japanese-n4-kiem-thu-phan-mem/2010192.html"",""title_normalizer_revision"":""2f434fba22de3a14c1b199331c8ca18408dc72e702071bf4bbfe380daff40f58""}"
topcv,2010354,2026-01-13,"Chuyên Viên Kinh Doanh/ Sales Ngành Camera, CNTT","Chuyên Viên Kinh Doanh/ Sales Ngành Camera, CNTT",mid,Ha Noi,1,1,[],20000000,,information_technology,"{""dataset"":""baocgb/vietnam-it-jobs-raw-data-from-topcv-2026"",""dataset_commit"":""kaggle-9263561-v1:e78ff2b6ed521ad894a70271a3254fcf434813916fdade4f7d449bc4fdf34ef9"",""dataset_url"":""https://www.kaggle.com/datasets/baocgb/vietnam-it-jobs-raw-data-from-topcv-2026"",""dataset_version"":""1"",""license"":""CC-BY-4.0"",""location_normalizer_revision"":""2026-07-19.1"",""raw_sha256"":""e78ff2b6ed521ad894a70271a3254fcf434813916fdade4f7d449bc4fdf34ef9"",""salary_source_currency"":""VND"",""source_url"":""https://www.topcv.vn/viec-lam/chuyen-vien-kinh-doanh-sales-nganh-camera-cntt/2010354.html"",""title_normalizer_revision"":""2f434fba22de3a14c1b199331c8ca18408dc72e702071bf4bbfe380daff40f58""}"
topcv,2010438,2026-01-13,Lập Trình Viên Angular,Software Engineer,mid,Ha Noi,3,3,[],18000000,34000000,information_technology,"{""dataset"":""baocgb/vietnam-it-jobs-raw-data-from-topcv-2026"",""dataset_commit"":""kaggle-9263561-v1:e78ff2b6ed521ad894a70271a3254fcf434813916fdade4f7d449bc4fdf34ef9"",""dataset_url"":""https://www.kaggle.com/datasets/baocgb/vietnam-it-jobs-raw-data-from-topcv-2026"",""dataset_version"":""1"",""license"":""CC-BY-4.0"",""location_normalizer_revision"":""2026-07-19.1"",""raw_sha256"":""e78ff2b6ed521ad894a70271a3254fcf434813916fdade4f7d449bc4fdf34ef9"",""salary_source_currency"":""VND"",""source_url"":""https://www.topcv.vn/viec-lam/lap-trinh-vien-angular/2010438.html"",""title_normalizer_revision"":""2f434fba22de3a14c1b199331c8ca18408dc72e702071bf4bbfe380daff40f58""}"
topcv,2010462,2026-01-13,Java Developer,Backend Developer,mid,Ha Noi,3,3,[],20000000,40000000,information_technology,"{""dataset"":""baocgb/vietnam-it-jobs-raw-data-from-topcv-2026"",""dataset_commit"":""kaggle-9263561-v1:e78ff2b6ed521ad894a70271a3254fcf434813916fdade4f7d449bc4fdf34ef9"",""dataset_url"":""https://www.kaggle.com/datasets/baocgb/vietnam-it-jobs-raw-data-from-topcv-2026"",""dataset_version"":""1"",""license"":""CC-BY-4.0"",""location_normalizer_revision"":""2026-07-19.1"",""raw_sha256"":""e78ff2b6ed521ad894a70271a3254fcf434813916fdade4f7d449bc4fdf34ef9"",""salary_source_currency"":""VND"",""source_url"":""https://www.topcv.vn/viec-lam/java-developer/2010462.html"",""title_normalizer_revision"":""2f434fba22de3a14c1b199331c8ca18408dc72e702071bf4bbfe380daff40f58""}"
topcv,2010474,2026-01-13,Manual Tester,QA Engineer,mid,Ha Noi,2,2,[],15000000,28000000,information_technology,"{""dataset"":""baocgb/vietnam-it-jobs-raw-data-from-topcv-2026"",""dataset_commit"":""kaggle-9263561-v1:e78ff2b6ed521ad894a70271a3254fcf434813916fdade4f7d449bc4fdf34ef9"",""dataset_url"":""https://www.kaggle.com/datasets/baocgb/vietnam-it-jobs-raw-data-from-topcv-2026"",""dataset_version"":""1"",""license"":""CC-BY-4.0"",""location_normalizer_revision"":""2026-07-19.1"",""raw_sha256"":""e78ff2b6ed521ad894a70271a3254fcf434813916fdade4f7d449bc4fdf34ef9"",""salary_source_currency"":""VND"",""source_url"":""https://www.topcv.vn/viec-lam/manual-tester/2010474.html"",""title_normalizer_revision"":""2f434fba22de3a14c1b199331c8ca18408dc72e702071bf4bbfe380daff40f58""}"
topcv,2010516,2026-01-13,Project Manager,Project Manager,manager,Ha Noi,2,2,[],,30000000,information_technology,"{""dataset"":""baocgb/vietnam-it-jobs-raw-data-from-topcv-2026"",""dataset_commit"":""kaggle-9263561-v1:e78ff2b6ed521ad894a70271a3254fcf434813916fdade4f7d449bc4fdf34ef9"",""dataset_url"":""https://www.kaggle.com/datasets/baocgb/vietnam-it-jobs-raw-data-from-topcv-2026"",""dataset_version"":""1"",""license"":""CC-BY-4.0"",""location_normalizer_revision"":""2026-07-19.1"",""raw_sha256"":""e78ff2b6ed521ad894a70271a3254fcf434813916fdade4f7d449bc4fdf34ef9"",""salary_source_currency"":""VND"",""source_url"":""https://www.topcv.vn/viec-lam/project-manager/2010516.html"",""title_normalizer_revision"":""2f434fba22de3a14c1b199331c8ca18408dc72e702071bf4bbfe380daff40f58""}"
topcv,2010556,2026-01-13,Tư Vấn Khách Hàng Dịch Vụ IT,Tư Vấn Khách Hàng Dịch Vụ IT,mid,Ho Chi Minh,,,[],3500000,,information_technology,"{""dataset"":""baocgb/vietnam-it-jobs-raw-data-from-topcv-2026"",""dataset_commit"":""kaggle-9263561-v1:e78ff2b6ed521ad894a70271a3254fcf434813916fdade4f7d449bc4fdf34ef9"",""dataset_url"":""https://www.kaggle.com/datasets/baocgb/vietnam-it-jobs-raw-data-from-topcv-2026"",""dataset_version"":""1"",""license"":""CC-BY-4.0"",""location_normalizer_revision"":""2026-07-19.1"",""raw_sha256"":""e78ff2b6ed521ad894a70271a3254fcf434813916fdade4f7d449bc4fdf34ef9"",""salary_source_currency"":""VND"",""source_url"":""https://www.topcv.vn/viec-lam/tu-van-khach-hang-dich-vu-it/2010556.html"",""title_normalizer_revision"":""2f434fba22de3a14c1b199331c8ca18408dc72e702071bf4bbfe380daff40f58""}"
topcv,2010653,2026-01-14,Thực Tập Sinh Lập Trình Mobile App,Mobile Developer,intern,Ho Chi Minh,1,1,[],,2000000,information_technology,"{""dataset"":""baocgb/vietnam-it-jobs-raw-data-from-topcv-2026"",""dataset_commit"":""kaggle-9263561-v1:e78ff2b6ed521ad894a70271a3254fcf434813916fdade4f7d449bc4fdf34ef9"",""dataset_url"":""https://www.kaggle.com/datasets/baocgb/vietnam-it-jobs-raw-data-from-topcv-2026"",""dataset_version"":""1"",""license"":""CC-BY-4.0"",""location_normalizer_revision"":""2026-07-19.1"",""raw_sha256"":""e78ff2b6ed521ad894a70271a3254fcf434813916fdade4f7d449bc4fdf34ef9"",""salary_source_currency"":""VND"",""source_url"":""https://www.topcv.vn/viec-lam/thuc-tap-sinh-lap-trinh-mobile-app/2010653.html"",""title_normalizer_revision"":""2f434fba22de3a14c1b199331c8ca18408dc72e702071bf4bbfe380daff40f58""}"
topcv,2010710,2026-01-13,Dev (Java Backend) - Từ 2 Năm KN - Dự Án Bank/Finance - UPTO 25M,Backend Developer,mid,Ha Noi,2,2,[],,25000000,information_technology,"{""dataset"":""baocgb/vietnam-it-jobs-raw-data-from-topcv-2026"",""dataset_commit"":""kaggle-9263561-v1:e78ff2b6ed521ad894a70271a3254fcf434813916fdade4f7d449bc4fdf34ef9"",""dataset_url"":""https://www.kaggle.com/datasets/baocgb/vietnam-it-jobs-raw-data-from-topcv-2026"",""dataset_version"":""1"",""license"":""CC-BY-4.0"",""location_normalizer_revision"":""2026-07-19.1"",""raw_sha256"":""e78ff2b6ed521ad894a70271a3254fcf434813916fdade4f7d449bc4fdf34ef9"",""salary_source_currency"":""VND"",""source_url"":""https://www.topcv.vn/viec-lam/dev-java-backend-tu-2-nam-kn-du-an-bank-finance-upto-25m/2010710.html"",""title_normalizer_revision"":""2f434fba22de3a14c1b199331c8ca18408dc72e702071bf4bbfe380daff40f58""}"
topcv,2010715,2026-01-13,Nhân Viên Game R&D,Nhân Viên Game R&D,mid,Ha Noi,1,1,[],10000000,15000000,information_technology,"{""dataset"":""baocgb/vietnam-it-jobs-raw-data-from-topcv-2026"",""dataset_commit"":""kaggle-9263561-v1:e78ff2b6ed521ad894a70271a3254fcf434813916fdade4f7d449bc4fdf34ef9"",""dataset_url"":""https://www.kaggle.com/datasets/baocgb/vietnam-it-jobs-raw-data-from-topcv-2026"",""dataset_version"":""1"",""license"":""CC-BY-4.0"",""location_normalizer_revision"":""2026-07-19.1"",""raw_sha256"":""e78ff2b6ed521ad894a70271a3254fcf434813916fdade4f7d449bc4fdf34ef9"",""salary_source_currency"":""VND"",""source_url"":""https://www.topcv.vn/viec-lam/nhan-vien-game-rd/2010715.html"",""title_normalizer_revision"":""2f434fba22de3a14c1b199331c8ca18408dc72e702071bf4bbfe380daff40f58""}"
topcv,2010788,2026-01-13,Technical Leader (.NET),Technical Leader .NET ,lead,Ha Noi,5,5,[],,50000000,information_technology,"{""dataset"":""baocgb/vietnam-it-jobs-raw-data-from-topcv-2026"",""dataset_commit"":""kaggle-9263561-v1:e78ff2b6ed521ad894a70271a3254fcf434813916fdade4f7d449bc4fdf34ef9"",""dataset_url"":""https://www.kaggle.com/datasets/baocgb/vietnam-it-jobs-raw-data-from-topcv-2026"",""dataset_version"":""1"",""license"":""CC-BY-4.0"",""location_normalizer_revision"":""2026-07-19.1"",""raw_sha256"":""e78ff2b6ed521ad894a70271a3254fcf434813916fdade4f7d449bc4fdf34ef9"",""salary_source_currency"":""VND"",""source_url"":""https://www.topcv.vn/viec-lam/technical-leader-net/2010788.html"",""title_normalizer_revision"":""2f434fba22de3a14c1b199331c8ca18408dc72e702071bf4bbfe380daff40f58""}"
topcv,2010820,2026-01-14,Middle Java Developer,Backend Developer,mid,Ha Noi,3,3,[],14000000,17000000,information_technology,"{""dataset"":""baocgb/vietnam-it-jobs-raw-data-from-topcv-2026"",""dataset_commit"":""kaggle-9263561-v1:e78ff2b6ed521ad894a70271a3254fcf434813916fdade4f7d449bc4fdf34ef9"",""dataset_url"":""https://www.kaggle.com/datasets/baocgb/vietnam-it-jobs-raw-data-from-topcv-2026"",""dataset_version"":""1"",""license"":""CC-BY-4.0"",""location_normalizer_revision"":""2026-07-19.1"",""raw_sha256"":""e78ff2b6ed521ad894a70271a3254fcf434813916fdade4f7d449bc4fdf34ef9"",""salary_source_currency"":""VND"",""source_url"":""https://www.topcv.vn/viec-lam/middle-java-developer/2010820.html"",""title_normalizer_revision"":""2f434fba22de3a14c1b199331c8ca18408dc72e702071bf4bbfe380daff40f58""}"
topcv,2010834,2026-01-13,Quality Engineer ( Automation & Manual Test- Upto 25M Net),Quality Engineer Automation & Manual Test- Upto 25M Net ,mid,Ha Noi,2,2,[],15000000,25000000,information_technology,"{""dataset"":""baocgb/vietnam-it-jobs-raw-data-from-topcv-2026"",""dataset_commit"":""kaggle-9263561-v1:e78ff2b6ed521ad894a70271a3254fcf434813916fdade4f7d449bc4fdf34ef9"",""dataset_url"":""https://www.kaggle.com/datasets/baocgb/vietnam-it-jobs-raw-data-from-topcv-2026"",""dataset_version"":""1"",""license"":""CC-BY-4.0"",""location_normalizer_revision"":""2026-07-19.1"",""raw_sha256"":""e78ff2b6ed521ad894a70271a3254fcf434813916fdade4f7d449bc4fdf34ef9"",""salary_source_currency"":""VND"",""source_url"":""https://www.topcv.vn/viec-lam/quality-engineer-automation-manual-test-upto-25m-net/2010834.html"",""title_normalizer_revision"":""2f434fba22de3a14c1b199331c8ca18408dc72e702071bf4bbfe380daff40f58""}"
topcv,2010880,2026-01-13,Dev Mobile Frontend (Android/IOS) - (Từ 2 Năm KN) - Dự Án Bank/Finance - Upto 25M,Frontend Developer,mid,Ha Noi,2,2,[],,25000000,information_technology,"{""dataset"":""baocgb/vietnam-it-jobs-raw-data-from-topcv-2026"",""dataset_commit"":""kaggle-9263561-v1:e78ff2b6ed521ad894a70271a3254fcf434813916fdade4f7d449bc4fdf34ef9"",""dataset_url"":""https://www.kaggle.com/datasets/baocgb/vietnam-it-jobs-raw-data-from-topcv-2026"",""dataset_version"":""1"",""license"":""CC-BY-4.0"",""location_normalizer_revision"":""2026-07-19.1"",""raw_sha256"":""e78ff2b6ed521ad894a70271a3254fcf434813916fdade4f7d449bc4fdf34ef9"",""salary_source_currency"":""VND"",""source_url"":""https://www.topcv.vn/viec-lam/dev-mobile-frontend-android-ios-tu-2-nam-kn-du-an-bank-finance-upto-25m/2010880.html"",""title_normalizer_revision"":""2f434fba22de3a14c1b199331c8ca18408dc72e702071bf4bbfe380daff40f58""}"
topcv,2010906,2026-01-13,DEV Backend Mobile (Từ 2 Năm KN) - Dự Án Bank/Finance - Upto 25M,Backend Developer,mid,Ha Noi,2,2,[],,25000000,information_technology,"{""dataset"":""baocgb/vietnam-it-jobs-raw-data-from-topcv-2026"",""dataset_commit"":""kaggle-9263561-v1:e78ff2b6ed521ad894a70271a3254fcf434813916fdade4f7d449bc4fdf34ef9"",""dataset_url"":""https://www.kaggle.com/datasets/baocgb/vietnam-it-jobs-raw-data-from-topcv-2026"",""dataset_version"":""1"",""license"":""CC-BY-4.0"",""location_normalizer_revision"":""2026-07-19.1"",""raw_sha256"":""e78ff2b6ed521ad894a70271a3254fcf434813916fdade4f7d449bc4fdf34ef9"",""salary_source_currency"":""VND"",""source_url"":""https://www.topcv.vn/viec-lam/dev-backend-mobile-tu-2-nam-kn-du-an-bank-finance-upto-25m/2010906.html"",""title_normalizer_revision"":""2f434fba22de3a14c1b199331c8ca18408dc72e702071bf4bbfe380daff40f58""}"
topcv,2011075,2026-01-13,IT Tiếng Nhật Mới Tốt Nghiệp,IT Tiếng Nhật Mới Tốt Nghiệp,fresher,Đồng Nai,,,[],11000000,13000000,information_technology,"{""dataset"":""baocgb/vietnam-it-jobs-raw-data-from-topcv-2026"",""dataset_commit"":""kaggle-9263561-v1:e78ff2b6ed521ad894a70271a3254fcf434813916fdade4f7d449bc4fdf34ef9"",""dataset_url"":""https://www.kaggle.com/datasets/baocgb/vietnam-it-jobs-raw-data-from-topcv-2026"",""dataset_version"":""1"",""license"":""CC-BY-4.0"",""location_normalizer_revision"":""2026-07-19.1"",""raw_sha256"":""e78ff2b6ed521ad894a70271a3254fcf434813916fdade4f7d449bc4fdf34ef9"",""salary_source_currency"":""VND"",""source_url"":""https://www.topcv.vn/viec-lam/it-tieng-nhat-moi-tot-nghiep/2011075.html"",""title_normalizer_revision"":""2f434fba22de3a14c1b199331c8ca18408dc72e702071bf4bbfe380daff40f58""}"
topcv,2011103,2026-01-14,Thực Tập Sinh Công Nghệ Thông Tin,Thực Tập Sinh Công Nghệ Thông Tin,intern,Ha Noi,,,[],2000000,3000000,information_technology,"{""dataset"":""baocgb/vietnam-it-jobs-raw-data-from-topcv-2026"",""dataset_commit"":""kaggle-9263561-v1:e78ff2b6ed521ad894a70271a3254fcf434813916fdade4f7d449bc4fdf34ef9"",""dataset_url"":""https://www.kaggle.com/datasets/baocgb/vietnam-it-jobs-raw-data-from-topcv-2026"",""dataset_version"":""1"",""license"":""CC-BY-4.0"",""location_normalizer_revision"":""2026-07-19.1"",""raw_sha256"":""e78ff2b6ed521ad894a70271a3254fcf434813916fdade4f7d449bc4fdf34ef9"",""salary_source_currency"":""VND"",""source_url"":""https://www.topcv.vn/viec-lam/thuc-tap-sinh-cong-nghe-thong-tin/2011103.html"",""title_normalizer_revision"":""2f434fba22de3a14c1b199331c8ca18408dc72e702071bf4bbfe380daff40f58""}"
topcv,2011202,2026-01-13,Business Analyst,Business Analyst,mid,Ha Noi,3,3,[],30000000,40000000,information_technology,"{""dataset"":""baocgb/vietnam-it-jobs-raw-data-from-topcv-2026"",""dataset_commit"":""kaggle-9263561-v1:e78ff2b6ed521ad894a70271a3254fcf434813916fdade4f7d449bc4fdf34ef9"",""dataset_url"":""https://www.kaggle.com/datasets/baocgb/vietnam-it-jobs-raw-data-from-topcv-2026"",""dataset_version"":""1"",""license"":""CC-BY-4.0"",""location_normalizer_revision"":""2026-07-19.1"",""raw_sha256"":""e78ff2b6ed521ad894a70271a3254fcf434813916fdade4f7d449bc4fdf34ef9"",""salary_source_currency"":""VND"",""source_url"":""https://www.topcv.vn/viec-lam/business-analyst/2011202.html"",""title_normalizer_revision"":""2f434fba22de3a14c1b199331c8ca18408dc72e702071bf4bbfe380daff40f58""}"
topcv,2011207,2026-01-13,Business Analyst,Business Analyst,mid,Ha Noi,2,2,[],10000000,15000000,information_technology,"{""dataset"":""baocgb/vietnam-it-jobs-raw-data-from-topcv-2026"",""dataset_commit"":""kaggle-9263561-v1:e78ff2b6ed521ad894a70271a3254fcf434813916fdade4f7d449bc4fdf34ef9"",""dataset_url"":""https://www.kaggle.com/datasets/baocgb/vietnam-it-jobs-raw-data-from-topcv-2026"",""dataset_version"":""1"",""license"":""CC-BY-4.0"",""location_normalizer_revision"":""2026-07-19.1"",""raw_sha256"":""e78ff2b6ed521ad894a70271a3254fcf434813916fdade4f7d449bc4fdf34ef9"",""salary_source_currency"":""VND"",""source_url"":""https://www.topcv.vn/viec-lam/business-analyst/2011207.html"",""title_normalizer_revision"":""2f434fba22de3a14c1b199331c8ca18408dc72e702071bf4bbfe380daff40f58""}"
topcv,2011258,2026-01-13,Python Developer,Backend Developer,mid,Ha Noi,2,2,[],15000000,25000000,information_technology,"{""dataset"":""baocgb/vietnam-it-jobs-raw-data-from-topcv-2026"",""dataset_commit"":""kaggle-9263561-v1:e78ff2b6ed521ad894a70271a3254fcf434813916fdade4f7d449bc4fdf34ef9"",""dataset_url"":""https://www.kaggle.com/datasets/baocgb/vietnam-it-jobs-raw-data-from-topcv-2026"",""dataset_version"":""1"",""license"":""CC-BY-4.0"",""location_normalizer_revision"":""2026-07-19.1"",""raw_sha256"":""e78ff2b6ed521ad894a70271a3254fcf434813916fdade4f7d449bc4fdf34ef9"",""salary_source_currency"":""VND"",""source_url"":""https://www.topcv.vn/viec-lam/python-developer/2011258.html"",""title_normalizer_revision"":""2f434fba22de3a14c1b199331c8ca18408dc72e702071bf4bbfe380daff40f58""}"
topcv,2011307,2026-01-13,Manual Tester,QA Engineer,mid,Ha Noi,2,2,[],20000000,28000000,information_technology,"{""dataset"":""baocgb/vietnam-it-jobs-raw-data-from-topcv-2026"",""dataset_commit"":""kaggle-9263561-v1:e78ff2b6ed521ad894a70271a3254fcf434813916fdade4f7d449bc4fdf34ef9"",""dataset_url"":""https://www.kaggle.com/datasets/baocgb/vietnam-it-jobs-raw-data-from-topcv-2026"",""dataset_version"":""1"",""license"":""CC-BY-4.0"",""location_normalizer_revision"":""2026-07-19.1"",""raw_sha256"":""e78ff2b6ed521ad894a70271a3254fcf434813916fdade4f7d449bc4fdf34ef9"",""salary_source_currency"":""VND"",""source_url"":""https://www.topcv.vn/viec-lam/manual-tester/2011307.html"",""title_normalizer_revision"":""2f434fba22de3a14c1b199331c8ca18408dc72e702071bf4bbfe380daff40f58""}"
topcv,2011322,2026-01-14,Java Developer,Backend Developer,mid,Ha Noi,3,3,[],18000000,26500000,information_technology,"{""dataset"":""baocgb/vietnam-it-jobs-raw-data-from-topcv-2026"",""dataset_commit"":""kaggle-9263561-v1:e78ff2b6ed521ad894a70271a3254fcf434813916fdade4f7d449bc4fdf34ef9"",""dataset_url"":""https://www.kaggle.com/datasets/baocgb/vietnam-it-jobs-raw-data-from-topcv-2026"",""dataset_version"":""1"",""license"":""CC-BY-4.0"",""location_normalizer_revision"":""2026-07-19.1"",""raw_sha256"":""e78ff2b6ed521ad894a70271a3254fcf434813916fdade4f7d449bc4fdf34ef9"",""salary_source_currency"":""VND"",""source_url"":""https://www.topcv.vn/viec-lam/java-developer/2011322.html"",""title_normalizer_revision"":""2f434fba22de3a14c1b199331c8ca18408dc72e702071bf4bbfe380daff40f58""}"
topcv,2011335,2026-01-13,Developer (Backend Mobile),Backend Developer,mid,Ha Noi,3,3,[],20000000,34000000,information_technology,"{""dataset"":""baocgb/vietnam-it-jobs-raw-data-from-topcv-2026"",""dataset_commit"":""kaggle-9263561-v1:e78ff2b6ed521ad894a70271a3254fcf434813916fdade4f7d449bc4fdf34ef9"",""dataset_url"":""https://www.kaggle.com/datasets/baocgb/vietnam-it-jobs-raw-data-from-topcv-2026"",""dataset_version"":""1"",""license"":""CC-BY-4.0"",""location_normalizer_revision"":""2026-07-19.1"",""raw_sha256"":""e78ff2b6ed521ad894a70271a3254fcf434813916fdade4f7d449bc4fdf34ef9"",""salary_source_currency"":""VND"",""source_url"":""https://www.topcv.vn/viec-lam/developer-backend-mobile/2011335.html"",""title_normalizer_revision"":""2f434fba22de3a14c1b199331c8ca18408dc72e702071bf4bbfe380daff40f58""}"
topcv,2011341,2026-01-14,Mobile Developer (Android),Mobile Developer,mid,Ha Noi,2,2,[],20000000,26500000,information_technology,"{""dataset"":""baocgb/vietnam-it-jobs-raw-data-from-topcv-2026"",""dataset_commit"":""kaggle-9263561-v1:e78ff2b6ed521ad894a70271a3254fcf434813916fdade4f7d449bc4fdf34ef9"",""dataset_url"":""https://www.kaggle.com/datasets/baocgb/vietnam-it-jobs-raw-data-from-topcv-2026"",""dataset_version"":""1"",""license"":""CC-BY-4.0"",""location_normalizer_revision"":""2026-07-19.1"",""raw_sha256"":""e78ff2b6ed521ad894a70271a3254fcf434813916fdade4f7d449bc4fdf34ef9"",""salary_source_currency"":""VND"",""source_url"":""https://www.topcv.vn/viec-lam/mobile-developer-android/2011341.html"",""title_normalizer_revision"":""2f434fba22de3a14c1b199331c8ca18408dc72e702071bf4bbfe380daff40f58""}"
topcv,2011346,2026-01-13,Japanese IT Engineer,Japanese IT Engineer,mid,Ho Chi Minh,1,1,[],50000000,80000000,information_technology,"{""dataset"":""baocgb/vietnam-it-jobs-raw-data-from-topcv-2026"",""dataset_commit"":""kaggle-9263561-v1:e78ff2b6ed521ad894a70271a3254fcf434813916fdade4f7d449bc4fdf34ef9"",""dataset_url"":""https://www.kaggle.com/datasets/baocgb/vietnam-it-jobs-raw-data-from-topcv-2026"",""dataset_version"":""1"",""license"":""CC-BY-4.0"",""location_normalizer_revision"":""2026-07-19.1"",""raw_sha256"":""e78ff2b6ed521ad894a70271a3254fcf434813916fdade4f7d449bc4fdf34ef9"",""salary_source_currency"":""VND"",""source_url"":""https://www.topcv.vn/brand/concentrixservices/tuyen-dung/japanese-it-engineer-j2011346.html"",""title_normalizer_revision"":""2f434fba22de3a14c1b199331c8ca18408dc72e702071bf4bbfe380daff40f58""}"
topcv,2011347,2026-01-13,Mobile Developer (Flutter),Mobile Developer,mid,Ha Noi,3,3,[],20000000,40000000,information_technology,"{""dataset"":""baocgb/vietnam-it-jobs-raw-data-from-topcv-2026"",""dataset_commit"":""kaggle-9263561-v1:e78ff2b6ed521ad894a70271a3254fcf434813916fdade4f7d449bc4fdf34ef9"",""dataset_url"":""https://www.kaggle.com/datasets/baocgb/vietnam-it-jobs-raw-data-from-topcv-2026"",""dataset_version"":""1"",""license"":""CC-BY-4.0"",""location_normalizer_revision"":""2026-07-19.1"",""raw_sha256"":""e78ff2b6ed521ad894a70271a3254fcf434813916fdade4f7d449bc4fdf34ef9"",""salary_source_currency"":""VND"",""source_url"":""https://www.topcv.vn/viec-lam/mobile-developer-flutter/2011347.html"",""title_normalizer_revision"":""2f434fba22de3a14c1b199331c8ca18408dc72e702071bf4bbfe380daff40f58""}"
topcv,2011353,2026-01-14,Mobile Developer (IOS),Mobile Developer,mid,Ha Noi,2,2,[],20000000,26500000,information_technology,"{""dataset"":""baocgb/vietnam-it-jobs-raw-data-from-topcv-2026"",""dataset_commit"":""kaggle-9263561-v1:e78ff2b6ed521ad894a70271a3254fcf434813916fdade4f7d449bc4fdf34ef9"",""dataset_url"":""https://www.kaggle.com/datasets/baocgb/vietnam-it-jobs-raw-data-from-topcv-2026"",""dataset_version"":""1"",""license"":""CC-BY-4.0"",""location_normalizer_revision"":""2026-07-19.1"",""raw_sha256"":""e78ff2b6ed521ad894a70271a3254fcf434813916fdade4f7d449bc4fdf34ef9"",""salary_source_currency"":""VND"",""source_url"":""https://www.topcv.vn/viec-lam/mobile-developer-ios/2011353.html"",""title_normalizer_revision"":""2f434fba22de3a14c1b199331c8ca18408dc72e702071bf4bbfe380daff40f58""}"
topcv,2011358,2026-01-13,Chuyên Viên Vận Hành Ứng Dụng-Application Operator,Chuyên Viên Vận Hành Ứng Dụng-Application Operator,mid,Ho Chi Minh,3,3,[],,30000000,information_technology,"{""dataset"":""baocgb/vietnam-it-jobs-raw-data-from-topcv-2026"",""dataset_commit"":""kaggle-9263561-v1:e78ff2b6ed521ad894a70271a3254fcf434813916fdade4f7d449bc4fdf34ef9"",""dataset_url"":""https://www.kaggle.com/datasets/baocgb/vietnam-it-jobs-raw-data-from-topcv-2026"",""dataset_version"":""1"",""license"":""CC-BY-4.0"",""location_normalizer_revision"":""2026-07-19.1"",""raw_sha256"":""e78ff2b6ed521ad894a70271a3254fcf434813916fdade4f7d449bc4fdf34ef9"",""salary_source_currency"":""VND"",""source_url"":""https://www.topcv.vn/viec-lam/chuyen-vien-van-hanh-ung-dung-application-operator/2011358.html"",""title_normalizer_revision"":""2f434fba22de3a14c1b199331c8ca18408dc72e702071bf4bbfe380daff40f58""}"
topcv,2011360,2026-01-13,Thực Tập Sinh Lập Trình .Net,Thực Tập Sinh Lập Trình .Net,intern,Ha Noi,1,1,[],3000000,5000000,information_technology,"{""dataset"":""baocgb/vietnam-it-jobs-raw-data-from-topcv-2026"",""dataset_commit"":""kaggle-9263561-v1:e78ff2b6ed521ad894a70271a3254fcf434813916fdade4f7d449bc4fdf34ef9"",""dataset_url"":""https://www.kaggle.com/datasets/baocgb/vietnam-it-jobs-raw-data-from-topcv-2026"",""dataset_version"":""1"",""license"":""CC-BY-4.0"",""location_normalizer_revision"":""2026-07-19.1"",""raw_sha256"":""e78ff2b6ed521ad894a70271a3254fcf434813916fdade4f7d449bc4fdf34ef9"",""salary_source_currency"":""VND"",""source_url"":""https://www.topcv.vn/viec-lam/thuc-tap-sinh-lap-trinh-net/2011360.html"",""title_normalizer_revision"":""2f434fba22de3a14c1b199331c8ca18408dc72e702071bf4bbfe380daff40f58""}"
topcv,2011365,2026-01-13,.Net Developer,Backend Developer,mid,Ha Noi,2,2,[],20000000,26500000,information_technology,"{""dataset"":""baocgb/vietnam-it-jobs-raw-data-from-topcv-2026"",""dataset_commit"":""kaggle-9263561-v1:e78ff2b6ed521ad894a70271a3254fcf434813916fdade4f7d449bc4fdf34ef9"",""dataset_url"":""https://www.kaggle.com/datasets/baocgb/vietnam-it-jobs-raw-data-from-topcv-2026"",""dataset_version"":""1"",""license"":""CC-BY-4.0"",""location_normalizer_revision"":""2026-07-19.1"",""raw_sha256"":""e78ff2b6ed521ad894a70271a3254fcf434813916fdade4f7d449bc4fdf34ef9"",""salary_source_currency"":""VND"",""source_url"":""https://www.topcv.vn/viec-lam/net-developer/2011365.html"",""title_normalizer_revision"":""2f434fba22de3a14c1b199331c8ca18408dc72e702071bf4bbfe380daff40f58""}"
topcv,2011381,2026-01-14,Backend Lead Engineer,Backend Developer,lead,Ha Noi,3,3,[],50000000,70000000,information_technology,"{""dataset"":""baocgb/vietnam-it-jobs-raw-data-from-topcv-2026"",""dataset_commit"":""kaggle-9263561-v1:e78ff2b6ed521ad894a70271a3254fcf434813916fdade4f7d449bc4fdf34ef9"",""dataset_url"":""https://www.kaggle.com/datasets/baocgb/vietnam-it-jobs-raw-data-from-topcv-2026"",""dataset_version"":""1"",""license"":""CC-BY-4.0"",""location_normalizer_revision"":""2026-07-19.1"",""raw_sha256"":""e78ff2b6ed521ad894a70271a3254fcf434813916fdade4f7d449bc4fdf34ef9"",""salary_source_currency"":""VND"",""source_url"":""https://www.topcv.vn/viec-lam/backend-lead-engineer/2011381.html"",""title_normalizer_revision"":""2f434fba22de3a14c1b199331c8ca18408dc72e702071bf4bbfe380daff40f58""}"
topcv,2011457,2026-01-13,NV Kinh Doanh-Thiết Bị & Giải Pháp Nghe Nhìn AV/IT,NV Kinh Doanh-Thiết Bị & Giải Pháp Nghe Nhìn AV/IT,mid,Ha Noi,2,2,[],15000000,30000000,information_technology,"{""dataset"":""baocgb/vietnam-it-jobs-raw-data-from-topcv-2026"",""dataset_commit"":""kaggle-9263561-v1:e78ff2b6ed521ad894a70271a3254fcf434813916fdade4f7d449bc4fdf34ef9"",""dataset_url"":""https://www.kaggle.com/datasets/baocgb/vietnam-it-jobs-raw-data-from-topcv-2026"",""dataset_version"":""1"",""license"":""CC-BY-4.0"",""location_normalizer_revision"":""2026-07-19.1"",""raw_sha256"":""e78ff2b6ed521ad894a70271a3254fcf434813916fdade4f7d449bc4fdf34ef9"",""salary_source_currency"":""VND"",""source_url"":""https://www.topcv.vn/viec-lam/nv-kinh-doanh-thiet-bi-giai-phap-nghe-nhin-av-it/2011457.html"",""title_normalizer_revision"":""2f434fba22de3a14c1b199331c8ca18408dc72e702071bf4bbfe380daff40f58""}"
topcv,2011507,2026-01-13,Chuyên Viên Hỗ Trợ Và Đào Tạo Người Dùng,Chuyên Viên Hỗ Trợ Và Đào Tạo Người Dùng,mid,Ho Chi Minh,1,1,[],15000000,20000000,information_technology,"{""dataset"":""baocgb/vietnam-it-jobs-raw-data-from-topcv-2026"",""dataset_commit"":""kaggle-9263561-v1:e78ff2b6ed521ad894a70271a3254fcf434813916fdade4f7d449bc4fdf34ef9"",""dataset_url"":""https://www.kaggle.com/datasets/baocgb/vietnam-it-jobs-raw-data-from-topcv-2026"",""dataset_version"":""1"",""license"":""CC-BY-4.0"",""location_normalizer_revision"":""2026-07-19.1"",""raw_sha256"":""e78ff2b6ed521ad894a70271a3254fcf434813916fdade4f7d449bc4fdf34ef9"",""salary_source_currency"":""VND"",""source_url"":""https://www.topcv.vn/viec-lam/chuyen-vien-ho-tro-va-dao-tao-nguoi-dung/2011507.html"",""title_normalizer_revision"":""2f434fba22de3a14c1b199331c8ca18408dc72e702071bf4bbfe380daff40f58""}"
topcv,2011560,2026-01-13,Unity Dev,Unity Dev,mid,Ha Noi,3,3,[],20000000,40000000,information_technology,"{""dataset"":""baocgb/vietnam-it-jobs-raw-data-from-topcv-2026"",""dataset_commit"":""kaggle-9263561-v1:e78ff2b6ed521ad894a70271a3254fcf434813916fdade4f7d449bc4fdf34ef9"",""dataset_url"":""https://www.kaggle.com/datasets/baocgb/vietnam-it-jobs-raw-data-from-topcv-2026"",""dataset_version"":""1"",""license"":""CC-BY-4.0"",""location_normalizer_revision"":""2026-07-19.1"",""raw_sha256"":""e78ff2b6ed521ad894a70271a3254fcf434813916fdade4f7d449bc4fdf34ef9"",""salary_source_currency"":""VND"",""source_url"":""https://www.topcv.vn/viec-lam/unity-dev/2011560.html"",""title_normalizer_revision"":""2f434fba22de3a14c1b199331c8ca18408dc72e702071bf4bbfe380daff40f58""}"
topcv,2011568,2026-01-13,Nhân Viên Phân Tích Nghiệp Vụ,Business Analyst,mid,Ha Noi,4,4,[],20000000,38000000,information_technology,"{""dataset"":""baocgb/vietnam-it-jobs-raw-data-from-topcv-2026"",""dataset_commit"":""kaggle-9263561-v1:e78ff2b6ed521ad894a70271a3254fcf434813916fdade4f7d449bc4fdf34ef9"",""dataset_url"":""https://www.kaggle.com/datasets/baocgb/vietnam-it-jobs-raw-data-from-topcv-2026"",""dataset_version"":""1"",""license"":""CC-BY-4.0"",""location_normalizer_revision"":""2026-07-19.1"",""raw_sha256"":""e78ff2b6ed521ad894a70271a3254fcf434813916fdade4f7d449bc4fdf34ef9"",""salary_source_currency"":""VND"",""source_url"":""https://www.topcv.vn/viec-lam/nhan-vien-phan-tich-nghiep-vu/2011568.html"",""title_normalizer_revision"":""2f434fba22de3a14c1b199331c8ca18408dc72e702071bf4bbfe380daff40f58""}"
topcv,2011610,2026-01-13,IT Application Leader,IT Application Leader,lead,Ho Chi Minh,5,5,[],23000000,25000000,information_technology,"{""dataset"":""baocgb/vietnam-it-jobs-raw-data-from-topcv-2026"",""dataset_commit"":""kaggle-9263561-v1:e78ff2b6ed521ad894a70271a3254fcf434813916fdade4f7d449bc4fdf34ef9"",""dataset_url"":""https://www.kaggle.com/datasets/baocgb/vietnam-it-jobs-raw-data-from-topcv-2026"",""dataset_version"":""1"",""license"":""CC-BY-4.0"",""location_normalizer_revision"":""2026-07-19.1"",""raw_sha256"":""e78ff2b6ed521ad894a70271a3254fcf434813916fdade4f7d449bc4fdf34ef9"",""salary_source_currency"":""VND"",""source_url"":""https://www.topcv.vn/viec-lam/it-application-leader/2011610.html"",""title_normalizer_revision"":""2f434fba22de3a14c1b199331c8ca18408dc72e702071bf4bbfe380daff40f58""}"
topcv,2011727,2026-01-14,Kỹ Sư Tự Động Hóa,Kỹ Sư Tự Động Hóa,mid,Ho Chi Minh,2,2,[],12000000,20000000,information_technology,"{""dataset"":""baocgb/vietnam-it-jobs-raw-data-from-topcv-2026"",""dataset_commit"":""kaggle-9263561-v1:e78ff2b6ed521ad894a70271a3254fcf434813916fdade4f7d449bc4fdf34ef9"",""dataset_url"":""https://www.kaggle.com/datasets/baocgb/vietnam-it-jobs-raw-data-from-topcv-2026"",""dataset_version"":""1"",""license"":""CC-BY-4.0"",""location_normalizer_revision"":""2026-07-19.1"",""raw_sha256"":""e78ff2b6ed521ad894a70271a3254fcf434813916fdade4f7d449bc4fdf34ef9"",""salary_source_currency"":""VND"",""source_url"":""https://www.topcv.vn/viec-lam/ky-su-tu-dong-hoa/2011727.html"",""title_normalizer_revision"":""2f434fba22de3a14c1b199331c8ca18408dc72e702071bf4bbfe380daff40f58""}"
topcv,2011788,2026-01-14,Nhân Viên Developer – Hàng Len (Knitwear),Nhân Viên Developer – Hàng Len Knitwear ,mid,Đồng Nai,2,2,[],15000000,25000000,information_technology,"{""dataset"":""baocgb/vietnam-it-jobs-raw-data-from-topcv-2026"",""dataset_commit"":""kaggle-9263561-v1:e78ff2b6ed521ad894a70271a3254fcf434813916fdade4f7d449bc4fdf34ef9"",""dataset_url"":""https://www.kaggle.com/datasets/baocgb/vietnam-it-jobs-raw-data-from-topcv-2026"",""dataset_version"":""1"",""license"":""CC-BY-4.0"",""location_normalizer_revision"":""2026-07-19.1"",""raw_sha256"":""e78ff2b6ed521ad894a70271a3254fcf434813916fdade4f7d449bc4fdf34ef9"",""salary_source_currency"":""VND"",""source_url"":""https://www.topcv.vn/viec-lam/nhan-vien-developer-hang-len-knitwear/2011788.html"",""title_normalizer_revision"":""2f434fba22de3a14c1b199331c8ca18408dc72e702071bf4bbfe380daff40f58""}"
topcv,2011806,2026-01-15,Kỹ Sư Công Nghệ Thông Tin Tại Hà Nội/ Thu Nhập Upto 50M,Kỹ Sư Công Nghệ Thông Tin Tại Hà Nội/ Thu Nhập Upto 50M,mid,Ha Noi,2,2,[],30000000,50000000,information_technology,"{""dataset"":""baocgb/vietnam-it-jobs-raw-data-from-topcv-2026"",""dataset_commit"":""kaggle-9263561-v1:e78ff2b6ed521ad894a70271a3254fcf434813916fdade4f7d449bc4fdf34ef9"",""dataset_url"":""https://www.kaggle.com/datasets/baocgb/vietnam-it-jobs-raw-data-from-topcv-2026"",""dataset_version"":""1"",""license"":""CC-BY-4.0"",""location_normalizer_revision"":""2026-07-19.1"",""raw_sha256"":""e78ff2b6ed521ad894a70271a3254fcf434813916fdade4f7d449bc4fdf34ef9"",""salary_source_currency"":""VND"",""source_url"":""https://www.topcv.vn/viec-lam/ky-su-cong-nghe-thong-tin-tai-ha-noi-thu-nhap-upto-50m/2011806.html"",""title_normalizer_revision"":""2f434fba22de3a14c1b199331c8ca18408dc72e702071bf4bbfe380daff40f58""}"
topcv,2011863,2026-01-14,Backend Lead Engineer,Backend Developer,lead,Ha Noi,3,3,[],50000000,70000000,information_technology,"{""dataset"":""baocgb/vietnam-it-jobs-raw-data-from-topcv-2026"",""dataset_commit"":""kaggle-9263561-v1:e78ff2b6ed521ad894a70271a3254fcf434813916fdade4f7d449bc4fdf34ef9"",""dataset_url"":""https://www.kaggle.com/datasets/baocgb/vietnam-it-jobs-raw-data-from-topcv-2026"",""dataset_version"":""1"",""license"":""CC-BY-4.0"",""location_normalizer_revision"":""2026-07-19.1"",""raw_sha256"":""e78ff2b6ed521ad894a70271a3254fcf434813916fdade4f7d449bc4fdf34ef9"",""salary_source_currency"":""VND"",""source_url"":""https://www.topcv.vn/viec-lam/backend-lead-engineer/2011863.html"",""title_normalizer_revision"":""2f434fba22de3a14c1b199331c8ca18408dc72e702071bf4bbfe380daff40f58""}"
topcv,2011992,2026-01-14,Chuyên Viên IT Biết Chạy ADS,Chuyên Viên IT Biết Chạy ADS,mid,Ho Chi Minh,1,1,[],11000000,14000000,information_technology,"{""dataset"":""baocgb/vietnam-it-jobs-raw-data-from-topcv-2026"",""dataset_commit"":""kaggle-9263561-v1:e78ff2b6ed521ad894a70271a3254fcf434813916fdade4f7d449bc4fdf34ef9"",""dataset_url"":""https://www.kaggle.com/datasets/baocgb/vietnam-it-jobs-raw-data-from-topcv-2026"",""dataset_version"":""1"",""license"":""CC-BY-4.0"",""location_normalizer_revision"":""2026-07-19.1"",""raw_sha256"":""e78ff2b6ed521ad894a70271a3254fcf434813916fdade4f7d449bc4fdf34ef9"",""salary_source_currency"":""VND"",""source_url"":""https://www.topcv.vn/viec-lam/chuyen-vien-it-biet-chay-ads/2011992.html"",""title_normalizer_revision"":""2f434fba22de3a14c1b199331c8ca18408dc72e702071bf4bbfe380daff40f58""}"
topcv,2012030,2026-01-15,IT Helpdesk,IT Support,mid,Ha Noi,1,1,[],10000000,15000000,information_technology,"{""dataset"":""baocgb/vietnam-it-jobs-raw-data-from-topcv-2026"",""dataset_commit"":""kaggle-9263561-v1:e78ff2b6ed521ad894a70271a3254fcf434813916fdade4f7d449bc4fdf34ef9"",""dataset_url"":""https://www.kaggle.com/datasets/baocgb/vietnam-it-jobs-raw-data-from-topcv-2026"",""dataset_version"":""1"",""license"":""CC-BY-4.0"",""location_normalizer_revision"":""2026-07-19.1"",""raw_sha256"":""e78ff2b6ed521ad894a70271a3254fcf434813916fdade4f7d449bc4fdf34ef9"",""salary_source_currency"":""VND"",""source_url"":""https://www.topcv.vn/viec-lam/it-helpdesk/2012030.html"",""title_normalizer_revision"":""2f434fba22de3a14c1b199331c8ca18408dc72e702071bf4bbfe380daff40f58""}"
topcv,2012074,2026-01-14,IOS Developer,Mobile Developer,mid,Ha Noi,3,3,[],,45000000,information_technology,"{""dataset"":""baocgb/vietnam-it-jobs-raw-data-from-topcv-2026"",""dataset_commit"":""kaggle-9263561-v1:e78ff2b6ed521ad894a70271a3254fcf434813916fdade4f7d449bc4fdf34ef9"",""dataset_url"":""https://www.kaggle.com/datasets/baocgb/vietnam-it-jobs-raw-data-from-topcv-2026"",""dataset_version"":""1"",""license"":""CC-BY-4.0"",""location_normalizer_revision"":""2026-07-19.1"",""raw_sha256"":""e78ff2b6ed521ad894a70271a3254fcf434813916fdade4f7d449bc4fdf34ef9"",""salary_source_currency"":""VND"",""source_url"":""https://www.topcv.vn/viec-lam/ios-developer/2012074.html"",""title_normalizer_revision"":""2f434fba22de3a14c1b199331c8ca18408dc72e702071bf4bbfe380daff40f58""}"
topcv,2012120,2026-01-14,ReactJS Developer,Frontend Developer,mid,Ha Noi,5,5,[],32000000,39000000,information_technology,"{""dataset"":""baocgb/vietnam-it-jobs-raw-data-from-topcv-2026"",""dataset_commit"":""kaggle-9263561-v1:e78ff2b6ed521ad894a70271a3254fcf434813916fdade4f7d449bc4fdf34ef9"",""dataset_url"":""https://www.kaggle.com/datasets/baocgb/vietnam-it-jobs-raw-data-from-topcv-2026"",""dataset_version"":""1"",""license"":""CC-BY-4.0"",""location_normalizer_revision"":""2026-07-19.1"",""raw_sha256"":""e78ff2b6ed521ad894a70271a3254fcf434813916fdade4f7d449bc4fdf34ef9"",""salary_source_currency"":""VND"",""source_url"":""https://www.topcv.vn/viec-lam/reactjs-developer/2012120.html"",""title_normalizer_revision"":""2f434fba22de3a14c1b199331c8ca18408dc72e702071bf4bbfe380daff40f58""}"
topcv,2012251,2026-01-14,Business Analyst,Business Analyst,mid,Ha Noi,1,1,[],,18000000,information_technology,"{""dataset"":""baocgb/vietnam-it-jobs-raw-data-from-topcv-2026"",""dataset_commit"":""kaggle-9263561-v1:e78ff2b6ed521ad894a70271a3254fcf434813916fdade4f7d449bc4fdf34ef9"",""dataset_url"":""https://www.kaggle.com/datasets/baocgb/vietnam-it-jobs-raw-data-from-topcv-2026"",""dataset_version"":""1"",""license"":""CC-BY-4.0"",""location_normalizer_revision"":""2026-07-19.1"",""raw_sha256"":""e78ff2b6ed521ad894a70271a3254fcf434813916fdade4f7d449bc4fdf34ef9"",""salary_source_currency"":""VND"",""source_url"":""https://www.topcv.vn/viec-lam/business-analyst/2012251.html"",""title_normalizer_revision"":""2f434fba22de3a14c1b199331c8ca18408dc72e702071bf4bbfe380daff40f58""}"
topcv,2012302,2026-01-14,Chuyên Viên Kinh Doanh Dự Án B2B Lĩnh Vực CNTT,Chuyên Viên Kinh Doanh Dự Án B2B Lĩnh Vực CNTT,mid,Ho Chi Minh,1,1,[],20000000,30000000,information_technology,"{""dataset"":""baocgb/vietnam-it-jobs-raw-data-from-topcv-2026"",""dataset_commit"":""kaggle-9263561-v1:e78ff2b6ed521ad894a70271a3254fcf434813916fdade4f7d449bc4fdf34ef9"",""dataset_url"":""https://www.kaggle.com/datasets/baocgb/vietnam-it-jobs-raw-data-from-topcv-2026"",""dataset_version"":""1"",""license"":""CC-BY-4.0"",""location_normalizer_revision"":""2026-07-19.1"",""raw_sha256"":""e78ff2b6ed521ad894a70271a3254fcf434813916fdade4f7d449bc4fdf34ef9"",""salary_source_currency"":""VND"",""source_url"":""https://www.topcv.vn/viec-lam/chuyen-vien-kinh-doanh-du-an-b2b-linh-vuc-cntt/2012302.html"",""title_normalizer_revision"":""2f434fba22de3a14c1b199331c8ca18408dc72e702071bf4bbfe380daff40f58""}"
topcv,2012387,2026-01-14,Nhân Viên IT Xử Lý Phần Mềm,Nhân Viên IT Xử Lý Phần Mềm,mid,Ho Chi Minh,1,1,[],10000000,20000000,information_technology,"{""dataset"":""baocgb/vietnam-it-jobs-raw-data-from-topcv-2026"",""dataset_commit"":""kaggle-9263561-v1:e78ff2b6ed521ad894a70271a3254fcf434813916fdade4f7d449bc4fdf34ef9"",""dataset_url"":""https://www.kaggle.com/datasets/baocgb/vietnam-it-jobs-raw-data-from-topcv-2026"",""dataset_version"":""1"",""license"":""CC-BY-4.0"",""location_normalizer_revision"":""2026-07-19.1"",""raw_sha256"":""e78ff2b6ed521ad894a70271a3254fcf434813916fdade4f7d449bc4fdf34ef9"",""salary_source_currency"":""VND"",""source_url"":""https://www.topcv.vn/viec-lam/nhan-vien-it-xu-ly-phan-mem/2012387.html"",""title_normalizer_revision"":""2f434fba22de3a14c1b199331c8ca18408dc72e702071bf4bbfe380daff40f58""}"
topcv,2012517,2026-01-14,Tin mới Intern Backend Dev (PHP Or Python),Backend Developer,intern,Ho Chi Minh,,,[],6300000,6900000,information_technology,"{""dataset"":""baocgb/vietnam-it-jobs-raw-data-from-topcv-2026"",""dataset_commit"":""kaggle-9263561-v1:e78ff2b6ed521ad894a70271a3254fcf434813916fdade4f7d449bc4fdf34ef9"",""dataset_url"":""https://www.kaggle.com/datasets/baocgb/vietnam-it-jobs-raw-data-from-topcv-2026"",""dataset_version"":""1"",""license"":""CC-BY-4.0"",""location_normalizer_revision"":""2026-07-19.1"",""raw_sha256"":""e78ff2b6ed521ad894a70271a3254fcf434813916fdade4f7d449bc4fdf34ef9"",""salary_source_currency"":""VND"",""source_url"":""https://www.topcv.vn/viec-lam/intern-backend-dev-php-or-python/2012517.html"",""title_normalizer_revision"":""2f434fba22de3a14c1b199331c8ca18408dc72e702071bf4bbfe380daff40f58""}"
topcv,2012600,2026-01-14,"Android Developer (Java, Kotlin)",Mobile Developer,mid,Ha Noi,2,2,[],,30000000,information_technology,"{""dataset"":""baocgb/vietnam-it-jobs-raw-data-from-topcv-2026"",""dataset_commit"":""kaggle-9263561-v1:e78ff2b6ed521ad894a70271a3254fcf434813916fdade4f7d449bc4fdf34ef9"",""dataset_url"":""https://www.kaggle.com/datasets/baocgb/vietnam-it-jobs-raw-data-from-topcv-2026"",""dataset_version"":""1"",""license"":""CC-BY-4.0"",""location_normalizer_revision"":""2026-07-19.1"",""raw_sha256"":""e78ff2b6ed521ad894a70271a3254fcf434813916fdade4f7d449bc4fdf34ef9"",""salary_source_currency"":""VND"",""source_url"":""https://www.topcv.vn/viec-lam/android-developer-java-kotlin/2012600.html"",""title_normalizer_revision"":""2f434fba22de3a14c1b199331c8ca18408dc72e702071bf4bbfe380daff40f58""}"
topcv,2012738,2026-01-14,Lập Trình IOS,Mobile Developer,mid,Ha Noi,3,3,[],25000000,40000000,information_technology,"{""dataset"":""baocgb/vietnam-it-jobs-raw-data-from-topcv-2026"",""dataset_commit"":""kaggle-9263561-v1:e78ff2b6ed521ad894a70271a3254fcf434813916fdade4f7d449bc4fdf34ef9"",""dataset_url"":""https://www.kaggle.com/datasets/baocgb/vietnam-it-jobs-raw-data-from-topcv-2026"",""dataset_version"":""1"",""license"":""CC-BY-4.0"",""location_normalizer_revision"":""2026-07-19.1"",""raw_sha256"":""e78ff2b6ed521ad894a70271a3254fcf434813916fdade4f7d449bc4fdf34ef9"",""salary_source_currency"":""VND"",""source_url"":""https://www.topcv.vn/viec-lam/lap-trinh-ios/2012738.html"",""title_normalizer_revision"":""2f434fba22de3a14c1b199331c8ca18408dc72e702071bf4bbfe380daff40f58""}"
topcv,2012783,2026-01-14,Business Analyst - OB Sau 1 Tuần,Business Analyst,mid,Ha Noi,2,2,[],14000000,17000000,information_technology,"{""dataset"":""baocgb/vietnam-it-jobs-raw-data-from-topcv-2026"",""dataset_commit"":""kaggle-9263561-v1:e78ff2b6ed521ad894a70271a3254fcf434813916fdade4f7d449bc4fdf34ef9"",""dataset_url"":""https://www.kaggle.com/datasets/baocgb/vietnam-it-jobs-raw-data-from-topcv-2026"",""dataset_version"":""1"",""license"":""CC-BY-4.0"",""location_normalizer_revision"":""2026-07-19.1"",""raw_sha256"":""e78ff2b6ed521ad894a70271a3254fcf434813916fdade4f7d449bc4fdf34ef9"",""salary_source_currency"":""VND"",""source_url"":""https://www.topcv.vn/viec-lam/business-analyst-ob-sau-1-tuan/2012783.html"",""title_normalizer_revision"":""2f434fba22de3a14c1b199331c8ca18408dc72e702071bf4bbfe380daff40f58""}"
topcv,2012789,2026-01-14,Chuyên Viên Sản Phẩm - Product Owner (Mobile App),Product Owner,mid,Ha Noi,3,3,[],30000000,35000000,information_technology,"{""dataset"":""baocgb/vietnam-it-jobs-raw-data-from-topcv-2026"",""dataset_commit"":""kaggle-9263561-v1:e78ff2b6ed521ad894a70271a3254fcf434813916fdade4f7d449bc4fdf34ef9"",""dataset_url"":""https://www.kaggle.com/datasets/baocgb/vietnam-it-jobs-raw-data-from-topcv-2026"",""dataset_version"":""1"",""license"":""CC-BY-4.0"",""location_normalizer_revision"":""2026-07-19.1"",""raw_sha256"":""e78ff2b6ed521ad894a70271a3254fcf434813916fdade4f7d449bc4fdf34ef9"",""salary_source_currency"":""VND"",""source_url"":""https://www.topcv.vn/viec-lam/chuyen-vien-san-pham-product-owner-mobile-app/2012789.html"",""title_normalizer_revision"":""2f434fba22de3a14c1b199331c8ca18408dc72e702071bf4bbfe380daff40f58""}"
topcv,2013073,2026-01-15,Nhân Viên Kỹ Thuật Lập Trình,Nhân Viên Kỹ Thuật Lập Trình,mid,Ha Noi,2,2,[],9000000,14000000,information_technology,"{""dataset"":""baocgb/vietnam-it-jobs-raw-data-from-topcv-2026"",""dataset_commit"":""kaggle-9263561-v1:e78ff2b6ed521ad894a70271a3254fcf434813916fdade4f7d449bc4fdf34ef9"",""dataset_url"":""https://www.kaggle.com/datasets/baocgb/vietnam-it-jobs-raw-data-from-topcv-2026"",""dataset_version"":""1"",""license"":""CC-BY-4.0"",""location_normalizer_revision"":""2026-07-19.1"",""raw_sha256"":""e78ff2b6ed521ad894a70271a3254fcf434813916fdade4f7d449bc4fdf34ef9"",""salary_source_currency"":""VND"",""source_url"":""https://www.topcv.vn/viec-lam/nhan-vien-ky-thuat-lap-trinh/2013073.html"",""title_normalizer_revision"":""2f434fba22de3a14c1b199331c8ca18408dc72e702071bf4bbfe380daff40f58""}"
topcv,2013090,2026-01-15,Thực Tập Sinh Tư Vấn Thiết Kế Website,Thực Tập Sinh Tư Vấn Thiết Kế Website,intern,Ho Chi Minh,,,[],4000000,10000000,information_technology,"{""dataset"":""baocgb/vietnam-it-jobs-raw-data-from-topcv-2026"",""dataset_commit"":""kaggle-9263561-v1:e78ff2b6ed521ad894a70271a3254fcf434813916fdade4f7d449bc4fdf34ef9"",""dataset_url"":""https://www.kaggle.com/datasets/baocgb/vietnam-it-jobs-raw-data-from-topcv-2026"",""dataset_version"":""1"",""license"":""CC-BY-4.0"",""location_normalizer_revision"":""2026-07-19.1"",""raw_sha256"":""e78ff2b6ed521ad894a70271a3254fcf434813916fdade4f7d449bc4fdf34ef9"",""salary_source_currency"":""VND"",""source_url"":""https://www.topcv.vn/viec-lam/thuc-tap-sinh-tu-van-thiet-ke-website/2013090.html"",""title_normalizer_revision"":""2f434fba22de3a14c1b199331c8ca18408dc72e702071bf4bbfe380daff40f58""}"
topcv,2013165,2026-01-15,Nhân Viên Triển Khai Giải Pháp ERP (Business Analyst - Vững Nghiệp Vụ Kế Toán),Business Analyst,mid,Ha Noi,1,1,[],8000000,15000000,information_technology,"{""dataset"":""baocgb/vietnam-it-jobs-raw-data-from-topcv-2026"",""dataset_commit"":""kaggle-9263561-v1:e78ff2b6ed521ad894a70271a3254fcf434813916fdade4f7d449bc4fdf34ef9"",""dataset_url"":""https://www.kaggle.com/datasets/baocgb/vietnam-it-jobs-raw-data-from-topcv-2026"",""dataset_version"":""1"",""license"":""CC-BY-4.0"",""location_normalizer_revision"":""2026-07-19.1"",""raw_sha256"":""e78ff2b6ed521ad894a70271a3254fcf434813916fdade4f7d449bc4fdf34ef9"",""salary_source_currency"":""VND"",""source_url"":""https://www.topcv.vn/viec-lam/nhan-vien-trien-khai-giai-phap-erp-business-analyst-vung-nghiep-vu-ke-toan/2013165.html"",""title_normalizer_revision"":""2f434fba22de3a14c1b199331c8ca18408dc72e702071bf4bbfe380daff40f58""}"
topcv,2013194,2026-01-15,"Tester [Hà Nội] - Thu Nhập 10-20 Triệu, Nhiều Đãi Ngộ Hấp Dẫn Khác",QA Engineer,mid,Ha Noi,,,[],10000000,20000000,information_technology,"{""dataset"":""baocgb/vietnam-it-jobs-raw-data-from-topcv-2026"",""dataset_commit"":""kaggle-9263561-v1:e78ff2b6ed521ad894a70271a3254fcf434813916fdade4f7d449bc4fdf34ef9"",""dataset_url"":""https://www.kaggle.com/datasets/baocgb/vietnam-it-jobs-raw-data-from-topcv-2026"",""dataset_version"":""1"",""license"":""CC-BY-4.0"",""location_normalizer_revision"":""2026-07-19.1"",""raw_sha256"":""e78ff2b6ed521ad894a70271a3254fcf434813916fdade4f7d449bc4fdf34ef9"",""salary_source_currency"":""VND"",""source_url"":""https://www.topcv.vn/viec-lam/tester-ha-noi-thu-nhap-10-20-trieu-nhieu-dai-ngo-hap-dan-khac/2013194.html"",""title_normalizer_revision"":""2f434fba22de3a14c1b199331c8ca18408dc72e702071bf4bbfe380daff40f58""}"
topcv,2013263,2026-01-15,Business Analyst,Business Analyst,mid,Ha Noi,2,2,[],,30000000,information_technology,"{""dataset"":""baocgb/vietnam-it-jobs-raw-data-from-topcv-2026"",""dataset_commit"":""kaggle-9263561-v1:e78ff2b6ed521ad894a70271a3254fcf434813916fdade4f7d449bc4fdf34ef9"",""dataset_url"":""https://www.kaggle.com/datasets/baocgb/vietnam-it-jobs-raw-data-from-topcv-2026"",""dataset_version"":""1"",""license"":""CC-BY-4.0"",""location_normalizer_revision"":""2026-07-19.1"",""raw_sha256"":""e78ff2b6ed521ad894a70271a3254fcf434813916fdade4f7d449bc4fdf34ef9"",""salary_source_currency"":""VND"",""source_url"":""https://www.topcv.vn/viec-lam/business-analyst/2013263.html"",""title_normalizer_revision"":""2f434fba22de3a14c1b199331c8ca18408dc72e702071bf4bbfe380daff40f58""}"
