source,source_record_id,source_snapshot_date,title,title_normalized,job_level,location,experience_years_min,experience_years_max,skills,salary_min,salary_max,category,source_metadata
vietjobs_vinuniversity,0016df69d4252200eebdf0824a1296f611e560a170d7f66ae36eb2a4d6d5bec0,2025-10-31,Nhân Viên Thiết Kế,Nhân Viên Thiết Kế,mid,Bắc Ninh,0,0,"[""Adobe Illustrator"",""Photoshop"",""InDesign""]",8000000,10000000,công_nghệ_thông_tin_kỹ_thuật_số,"{""dataset"":""dinhieufam/VietJobs"",""dataset_commit"":""ea140511b77935704e93d21c2973b72f46d48902"",""license"":""MIT""}"
vietjobs_vinuniversity,002d6e2013382af4c832b82047728d230a1dfc683b39b0b85f33925f957c3d18,2025-10-31,Nhân Viên Xác Thực Dữ Liệu (Contact Center),Nhân Viên Xác Thực Dữ Liệu Contact Center ,mid,Ho Chi Minh,0,0,"[""Tin học văn phòng tốt""]",6000000,6000000,công_nghệ_thông_tin_kỹ_thuật_số,"{""dataset"":""dinhieufam/VietJobs"",""dataset_commit"":""ea140511b77935704e93d21c2973b72f46d48902"",""license"":""MIT""}"
vietjobs_vinuniversity,004a94cea9ba8eccf2fdb2cbb3a546db1fa582147bb25452dbd4baa1b91c1686,2025-10-31,Nhân Viên Thiết Kế Đồ Họa,Nhân Viên Thiết Kế Đồ Họa,mid,Ha Noi,3,3,"[""Illustrator"",""Photoshop""]",10000000,15000000,công_nghệ_thông_tin_kỹ_thuật_số,"{""dataset"":""dinhieufam/VietJobs"",""dataset_commit"":""ea140511b77935704e93d21c2973b72f46d48902"",""license"":""MIT""}"
vietjobs_vinuniversity,004acec36877a53c7f5f68940684253f80b34b272a2067189c03e2aff2e1cdd0,2025-10-31,Tester (Có Kinh Nghiệm Bank),Tester Có Kinh Nghiệm Bank ,mid,Ha Noi,2,2,"[""SQL"",""Kiểm thử phần mềm"",""Test case"",""Test script""]",20000000,20000000,công_nghệ_thông_tin_kỹ_thuật_số,"{""dataset"":""dinhieufam/VietJobs"",""dataset_commit"":""ea140511b77935704e93d21c2973b72f46d48902"",""license"":""MIT""}"
vietjobs_vinuniversity,005da4ee3520d60227caf055b4a1ea69a3c0a12e9090069b7864b55be37f3bdb,2025-10-31,Nhân Viên Tư Vấn Thiết Kế Website,Nhân Viên Tư Vấn Thiết Kế Website,mid,Ho Chi Minh,0,0,"[""Sử dụng thành thạo máy tính"",""Phần mềm văn phòng (Word, Excel, PowerPoint)""]",8000000,20000000,công_nghệ_thông_tin_kỹ_thuật_số,"{""dataset"":""dinhieufam/VietJobs"",""dataset_commit"":""ea140511b77935704e93d21c2973b72f46d48902"",""license"":""MIT""}"
vietjobs_vinuniversity,00e00227197a2a3bc18fafae85338e7f31ab58749f532a3aa1dcce73731cc98e,2025-10-31,Nhân Viên Thiết Kế (Graphic Designer),Nhân Viên Thiết Kế Graphic Designer ,mid,Ha Noi,1,1,"[""Adobe Photoshop"",""Capcut"",""Adobe Premiere"",""Illustrator""]",15000000,20000000,công_nghệ_thông_tin_kỹ_thuật_số,"{""dataset"":""dinhieufam/VietJobs"",""dataset_commit"":""ea140511b77935704e93d21c2973b72f46d48902"",""license"":""MIT""}"
vietjobs_vinuniversity,00e51466a660a65e389b6482263cbf809d054cc03802da0da50f3e174d8bdce1,2025-10-31,Kĩ Sư Giám Sát / Lập Trình Tự Động Hóa,Kĩ Sư Giám Sát / Lập Trình Tự Động Hóa,mid,Ha Noi,0,0,"[""Lập trình và cấu hình hệ thống BMS/ELV""]",5000000,10000000,công_nghệ_thông_tin_kỹ_thuật_số,"{""dataset"":""dinhieufam/VietJobs"",""dataset_commit"":""ea140511b77935704e93d21c2973b72f46d48902"",""license"":""MIT""}"
vietjobs_vinuniversity,00f724309553f36230d2b126bfbd77803982c88834ff6e73b3076b0bb7066187,2025-10-31,"Hỗ trợ khách hàng của ERP - không có nền tảng, thích tốt nghiệp mới từ DAV/NEU/AOF/ULIS/TMU","Hỗ trợ khách hàng của ERP - không có nền tảng, thích tốt nghiệp mới từ DAV/NEU/AOF/ULIS/TMU",mid,Ha Noi,0,0,[],8000000,12000000,công_nghệ_thông_tin_kỹ_thuật_số,"{""dataset"":""dinhieufam/VietJobs"",""dataset_commit"":""ea140511b77935704e93d21c2973b72f46d48902"",""license"":""MIT""}"
vietjobs_vinuniversity,0160a90136265097de1947115063842565b16378338377c28dd48a5ebbe6b0d5,2025-10-31,Thực Tập Sinh Thiết Kế Đồ Họa,Thực Tập Sinh Thiết Kế Đồ Họa,intern,Ho Chi Minh,0,0,"[""Adobe Creative Suite"",""Photoshop"",""Illustrator""]",2000000,2000000,công_nghệ_thông_tin_kỹ_thuật_số,"{""dataset"":""dinhieufam/VietJobs"",""dataset_commit"":""ea140511b77935704e93d21c2973b72f46d48902"",""license"":""MIT""}"
vietjobs_vinuniversity,024a61152e15a6da3a9c3293e39c72a3244ef29a15a949c0012e38e6f3fad54d,2025-10-31,Nhân Viên Graphic Designer,Nhân Viên Graphic Designer,mid,Ho Chi Minh,2,2,"[""Adobe Illustrator"",""Photoshop""]",16000000,18000000,công_nghệ_thông_tin_kỹ_thuật_số,"{""dataset"":""dinhieufam/VietJobs"",""dataset_commit"":""ea140511b77935704e93d21c2973b72f46d48902"",""license"":""MIT""}"
vietjobs_vinuniversity,027ad8f97b676543a253e9d59960a6b873e3a34c7725cc6878391e6f65df58a2,2025-10-31,Nhà phát triển FullStack (JavaScript),Fullstack Developer,mid,Ha Noi,3,3,"[""JavaScript"",""React"",""Angular"",""Vue.js"",""Node.js"",""Python"",""Java"",""API RESTful"",""gRPC"",""FastAPI"",""PostgreSQL"",""Redis"",""Elastic search"",""vector databases""]",35000000,35000000,công_nghệ_thông_tin_kỹ_thuật_số,"{""dataset"":""dinhieufam/VietJobs"",""dataset_commit"":""ea140511b77935704e93d21c2973b72f46d48902"",""license"":""MIT""}"
vietjobs_vinuniversity,02885eadaf94677091e62d10bacd6db20eb8f26c2d496f2e0fe4456c37aad34d,2025-10-31,Nhà phân tích kinh doanh (Mạng xã hội/Miền thương mại điện tử),Nhà phân tích kinh doanh Mạng xã hội/Miền thương mại điện tử ,mid,Ha Noi,3,3,"[""SQL"",""NoSQL"",""Big Data"",""Data Warehouse"",""Jira"",""Confluence"",""Figma"",""Google Analytics"",""Power BI""]",15000000,35000000,công_nghệ_thông_tin_kỹ_thuật_số,"{""dataset"":""dinhieufam/VietJobs"",""dataset_commit"":""ea140511b77935704e93d21c2973b72f46d48902"",""license"":""MIT""}"
vietjobs_vinuniversity,02a5edf3b27603be46d2414bc2756fd7751959a9f6e25d57edc471a6470ae442,2025-10-31,Trưởng Phòng Kỹ Thuật,Trưởng Phòng Kỹ Thuật,mid,Ha Noi,2,2,"[""Thành thạo ngôn ngữ PHP"",""Hiểu sâu về quy trình sản xuất phần mềm"",""Thành thạo các bản vẽ UML, use case, cấu trúc database"",""Có chứng chỉ quản lý dự án"",""Có năng lực lập trình kinh nghiệm từ 07 năm, bao gồm cả front-end và back-end"",""Am hiểu về Apache, Nginx, MariaDB(MySQL), MongoDB hoặc NoSQL DB khác""]",20000000,40000000,công_nghệ_thông_tin_kỹ_thuật_số,"{""dataset"":""dinhieufam/VietJobs"",""dataset_commit"":""ea140511b77935704e93d21c2973b72f46d48902"",""license"":""MIT""}"
vietjobs_vinuniversity,02bded26830b36aabfb1970c6fe9c8268447c1e34e0e5d472a6de68eed883bf8,2025-10-31,Trưởng Phòng Gia Công CNC,Trưởng Phòng Gia Công CNC,mid,Ha Noi,1,1,"[""Lập trình 2D+3D"",""Sử dụng thành thạo phần mềm CAD/CAM"",""Solidworks""]",15000000,20000000,công_nghệ_thông_tin_kỹ_thuật_số,"{""dataset"":""dinhieufam/VietJobs"",""dataset_commit"":""ea140511b77935704e93d21c2973b72f46d48902"",""license"":""MIT""}"
vietjobs_vinuniversity,030db8c122e3539c33a1b7468467c8d7bd9ff4bcb73b3962fcff9d4948e02e64,2025-10-31,Kỹ sư độ tin cậy trang web của Junior (SRE),Junior SRE,junior,Ho Chi Minh,1,1,"[""Kubernetes"",""Docker"",""Terraform"",""Ansible"",""PostgreSQL"",""MongoDB"",""AWS"",""GitLab CI/CD"",""GitHub Actions""]",15000000,22000000,công_nghệ_thông_tin_kỹ_thuật_số,"{""dataset"":""dinhieufam/VietJobs"",""dataset_commit"":""ea140511b77935704e93d21c2973b72f46d48902"",""license"":""MIT""}"
vietjobs_vinuniversity,037f7860a53c668583a073ce5f002734bad239c1eda3d6207ba4746ce270f5ed,2025-10-31,"Backend (Python, NodeJS)",Backend Developer,mid,Ha Noi,2,2,"[""Python (FastAPI)"",""Node.js"",""RESTful API"",""Docker"",""Linux terminal"",""Bash"",""Mongodb"",""PostgreSQL""]",15000000,25000000,công_nghệ_thông_tin_kỹ_thuật_số,"{""dataset"":""dinhieufam/VietJobs"",""dataset_commit"":""ea140511b77935704e93d21c2973b72f46d48902"",""license"":""MIT""}"
vietjobs_vinuniversity,03e58d89163f97ea76904e5354e47871f6a58deb12126a87a0bf608d89074ead,2025-10-31,Game Designer,Game Designer,mid,Ho Chi Minh,2,2,"[""Photoshop"",""Game mechanics"",""Game balancing"",""Gameplay design"",""Level design""]",12000000,20000000,công_nghệ_thông_tin_kỹ_thuật_số,"{""dataset"":""dinhieufam/VietJobs"",""dataset_commit"":""ea140511b77935704e93d21c2973b72f46d48902"",""license"":""MIT""}"
vietjobs_vinuniversity,0478a867de1f65171241f9990411be520f5c00bd79e937838a862b969b2f98ce,2025-10-31,Nhân Viên Kinh Doanh Máy In,Nhân Viên Kinh Doanh Máy In,mid,Ho Chi Minh,0,0,"[""Kỹ năng đàm phán"",""Thương lượng hợp đồng"",""Sử dụng phần mềm ứng dụng soạn thảo văn bản"",""Bảng tính (Excel)""]",8000000,12000000,công_nghệ_thông_tin_kỹ_thuật_số,"{""dataset"":""dinhieufam/VietJobs"",""dataset_commit"":""ea140511b77935704e93d21c2973b72f46d48902"",""license"":""MIT""}"
vietjobs_vinuniversity,04bff95524214d6f746b37d362aa16577ae9bdf2ac8d9e8976bcdb7427cf20d2,2025-10-31,Nhân Viên Thiết Kế,Nhân Viên Thiết Kế,mid,Ha Noi,1,1,"[""Adobe Illustrator"",""Adobe Photoshop""]",12000000,18000000,công_nghệ_thông_tin_kỹ_thuật_số,"{""dataset"":""dinhieufam/VietJobs"",""dataset_commit"":""ea140511b77935704e93d21c2973b72f46d48902"",""license"":""MIT""}"
vietjobs_vinuniversity,04c8c40bf99aedaf5a461a1cb4845f08e95a44de685320f98621bf2d3b99ed4f,2025-10-31,Nhân Viên Kinh Doanh Dự Án CNTT (B2B),Nhân Viên Kinh Doanh Dự Án CNTT B2B ,mid,Ha Noi,1,1,"[""Kỹ năng tư vấn"",""Kỹ năng đàm phán"",""Quản lý dự án""]",15000000,25000000,công_nghệ_thông_tin_kỹ_thuật_số,"{""dataset"":""dinhieufam/VietJobs"",""dataset_commit"":""ea140511b77935704e93d21c2973b72f46d48902"",""license"":""MIT""}"
vietjobs_vinuniversity,04ca37ee4ed3764c50b9808f70cd215d7332f8d0bc4f31043b74f0eed4c22328,2025-10-31,Trợ Giảng/ Gia Sư/ Giáo Viên Part-Time CNTT/Lập Trình/Điện Tử/Truyền Thông Đa Phương Tiện,Trợ Giảng/ Gia Sư/ Giáo Viên Part-Time CNTT/Lập Trình/Điện Tử/Truyền Thông Đa Phương Tiện,mid,Ha Noi,0,0,"[""Kiến thức chuyên môn vững chắc trong lĩnh vực CNTT, thiết kế, điện tử viễn thông, truyền thông đa phương tiện""]",3000000,7000000,công_nghệ_thông_tin_kỹ_thuật_số,"{""dataset"":""dinhieufam/VietJobs"",""dataset_commit"":""ea140511b77935704e93d21c2973b72f46d48902"",""license"":""MIT""}"
vietjobs_vinuniversity,05277d7e86496938fa7a1f96ab6140fa2ade222513772eddb64f572d6ac675d5,2025-10-31,BUSINESS ANALYST,Data Analyst,mid,Thái Nguyên,2,2,"[""RESTful API"",""JSON"",""HTTP"",""Jira"",""Confluence"",""Figma"",""Draw.io"",""Postman""]",15000000,25000000,công_nghệ_thông_tin_kỹ_thuật_số,"{""dataset"":""dinhieufam/VietJobs"",""dataset_commit"":""ea140511b77935704e93d21c2973b72f46d48902"",""license"":""MIT""}"
vietjobs_vinuniversity,052f697d2980cdc0889bf9ff7218379d487d7b45d41607efbd6e1766d3a35383,2025-10-31,Chuyên Viên Kinh Doanh Giải Pháp Camera AI (B2B),Chuyên Viên Kinh Doanh Giải Pháp Camera AI B2B ,mid,Ho Chi Minh,2,2,[],20000000,35000000,công_nghệ_thông_tin_kỹ_thuật_số,"{""dataset"":""dinhieufam/VietJobs"",""dataset_commit"":""ea140511b77935704e93d21c2973b72f46d48902"",""license"":""MIT""}"
vietjobs_vinuniversity,0561b6c8de3f12baab902b115219e74588c951b05f84841016eb166093568e9d,2025-10-31,Nhà phát triển phụ trợ cao cấp,Nhà phát triển phụ trợ cao cấp,mid,Ha Noi,4,4,"[""Python"",""MessageQueue (Kafka, RabbitMQ)"",""MySQL"",""PostgreSQL"",""RESTful API"",""Docker"",""Linux terminal"",""Bash"",""CI/CD tools"",""Kubernetes""]",40000000,40000000,công_nghệ_thông_tin_kỹ_thuật_số,"{""dataset"":""dinhieufam/VietJobs"",""dataset_commit"":""ea140511b77935704e93d21c2973b72f46d48902"",""license"":""MIT""}"
vietjobs_vinuniversity,05b4b250e86ffa598800dbe25d0b53c9375db89c5d29ab7e181bb7ac597e0d65,2025-10-31,Mạng đa kênh-Trình quản lý dự án MCN,Mạng đa kênh-Trình quản lý dự án MCN,mid,Ha Noi,3,3,"[""In-depth knowledge of YouTube platforms"",""Content distribution algorithms"",""Community policies"",""Analytical tools""]",25000000,35000000,công_nghệ_thông_tin_kỹ_thuật_số,"{""dataset"":""dinhieufam/VietJobs"",""dataset_commit"":""ea140511b77935704e93d21c2973b72f46d48902"",""license"":""MIT""}"
vietjobs_vinuniversity,05eff82f1ff5b7323b441ffc101770c3407fdbdc568f1636133cbe6473029e82,2025-10-31,Kỹ Sư Tự Động Hóa,Kỹ Sư Tự Động Hóa,mid,"Hồ Chí Minh, Hà Nội",2,2,"[""PLC"",""HMI"",""Servo"",""Biến Tần"",""Scada"",""Robot"",""Vision System"",""SQL""]",13000000,18000000,công_nghệ_thông_tin_kỹ_thuật_số,"{""dataset"":""dinhieufam/VietJobs"",""dataset_commit"":""ea140511b77935704e93d21c2973b72f46d48902"",""license"":""MIT""}"
vietjobs_vinuniversity,0660275d6e324c90293584fb9b602e47802f8eec7af398417c890f751cfafc1c,2025-10-31,3D Rigging Artist,3D Rigging Artist,mid,Ho Chi Minh,2,2,"[""Maya"",""3dsMax"",""Python"",""Unreal Engine""]",25000000,45000000,công_nghệ_thông_tin_kỹ_thuật_số,"{""dataset"":""dinhieufam/VietJobs"",""dataset_commit"":""ea140511b77935704e93d21c2973b72f46d48902"",""license"":""MIT""}"
vietjobs_vinuniversity,06b3dd75c3ec1eed50749f3d2d1d1de78d97d3b100619f077694ddad4b2ab9e4,2025-10-31,Quản lý tài khoản,Quản lý tài khoản,mid,Ha Noi,3,3,"[""Hiểu biết về thị trường phát triển phần mềm tại Việt Nam"",""Hiểu biết về quy trình đấu thầu dự án""]",15000000,25000000,công_nghệ_thông_tin_kỹ_thuật_số,"{""dataset"":""dinhieufam/VietJobs"",""dataset_commit"":""ea140511b77935704e93d21c2973b72f46d48902"",""license"":""MIT""}"
vietjobs_vinuniversity,06ca8ac5c90ba032bde01cdb7e44bb6e224a507a41e1b4f40575bde994ab4bba,2025-10-31,Nhân Viên Tư Vấn Bán Hàng,Nhân Viên Tư Vấn Bán Hàng,mid,Ha Noi,0,0,[],9000000,12000000,công_nghệ_thông_tin_kỹ_thuật_số,"{""dataset"":""dinhieufam/VietJobs"",""dataset_commit"":""ea140511b77935704e93d21c2973b72f46d48902"",""license"":""MIT""}"
vietjobs_vinuniversity,06d27d6e900657ca762999ed232cfb0d9c3c2cefb4544a2a94bb2f341046214c,2025-10-31,Nhân Viên IT - Kỹ Thuật,Nhân Viên IT - Kỹ Thuật,mid,Lào Cai,1,1,"[""Hệ điều hành Windows"",""Phần cứng máy tính"",""Mạng LAN/WAN"",""Thiết bị ngoại vi"",""Hệ thống camera""]",12000000,14000000,công_nghệ_thông_tin_kỹ_thuật_số,"{""dataset"":""dinhieufam/VietJobs"",""dataset_commit"":""ea140511b77935704e93d21c2973b72f46d48902"",""license"":""MIT""}"
vietjobs_vinuniversity,07337e9dab1056f38f87bd2006ee3e9c9fe70232605b16b2ecb98cfc15557765,2025-10-31,Java Fullstack Developer,Fullstack Developer,mid,Ha Noi,2,2,"[""Java Core"",""Spring Boot"",""Angular"",""DevOps"",""Microservices""]",24000000,24000000,công_nghệ_thông_tin_kỹ_thuật_số,"{""dataset"":""dinhieufam/VietJobs"",""dataset_commit"":""ea140511b77935704e93d21c2973b72f46d48902"",""license"":""MIT""}"
vietjobs_vinuniversity,073e56e46ddd868a51d59c0de96be6fee94f5b703c496e1020fe0a6d7d89a777,2025-10-31,Thực Tập Sinh Lập Trình Website,Thực Tập Sinh Lập Trình Website,intern,Ho Chi Minh,2,2,"[""PHP"",""MySQL"",""CSS"",""Javascript"",""HTML""]",2000000,3000000,công_nghệ_thông_tin_kỹ_thuật_số,"{""dataset"":""dinhieufam/VietJobs"",""dataset_commit"":""ea140511b77935704e93d21c2973b72f46d48902"",""license"":""MIT""}"
vietjobs_vinuniversity,077c5c90a3d64fb2a39a386bd1786ed69532d9ed04b3d5c0f436e0bd8bbb4b04,2025-10-31,Trưởng Phòng Kinh Doanh,Trưởng Phòng Kinh Doanh,mid,Ha Noi,5,5,"[""Kỹ năng lãnh đạo"",""Kỹ năng phân tích"",""Kỹ năng hoạch định chiến lược kinh doanh""]",20000000,50000000,công_nghệ_thông_tin_kỹ_thuật_số,"{""dataset"":""dinhieufam/VietJobs"",""dataset_commit"":""ea140511b77935704e93d21c2973b72f46d48902"",""license"":""MIT""}"
vietjobs_vinuniversity,07a33a0b3352519b84c63ffb9661d37ed64cf7a264ea267cc596066a54e09b10,2025-10-31,Chuyên Viên Kinh Doanh Phần Mềm Quản Lý Bán Hàng,Chuyên Viên Kinh Doanh Phần Mềm Quản Lý Bán Hàng,mid,Ho Chi Minh,2,2,"[""Sử dụng tin học văn phòng thành thạo""]",8000000,15000000,công_nghệ_thông_tin_kỹ_thuật_số,"{""dataset"":""dinhieufam/VietJobs"",""dataset_commit"":""ea140511b77935704e93d21c2973b72f46d48902"",""license"":""MIT""}"
vietjobs_vinuniversity,07b4e41143764d7080b115da008a301a4b7e5e569be860ae770df4c8c2f333ac,2025-10-31,Chuyên Viên Thiết Kế,Chuyên Viên Thiết Kế,mid,Ho Chi Minh,2,2,"[""Adobe Photoshop"",""Illustrator"",""tin học văn phòng""]",13000000,17000000,công_nghệ_thông_tin_kỹ_thuật_số,"{""dataset"":""dinhieufam/VietJobs"",""dataset_commit"":""ea140511b77935704e93d21c2973b72f46d48902"",""license"":""MIT""}"
vietjobs_vinuniversity,085b194235baa32780b225e32bd9b34d041edc6aee4e6312619c0259cb3f6da7,2025-10-31,Nhân Viên Thiết Kế 2D Kiêm Chụp Ảnh,Nhân Viên Thiết Kế 2D Kiêm Chụp Ảnh,mid,"Hà Nội, Hải Phòng",3,3,"[""Adobe Illustrator"",""Adobe Photoshop"",""Corel"",""Indesign"",""After Effect""]",15000000,20000000,công_nghệ_thông_tin_kỹ_thuật_số,"{""dataset"":""dinhieufam/VietJobs"",""dataset_commit"":""ea140511b77935704e93d21c2973b72f46d48902"",""license"":""MIT""}"
vietjobs_vinuniversity,08699f7c0b4d2d50f221d1d3ae402bcd84e385a2a69fa25f0a7cf0b7c85227b7,2025-10-31,Senior UI/UX Design,Senior UI/UX Design,senior,Ho Chi Minh,3,3,"[""Figma"",""Adobe XD"",""Photoshop"",""Illustrator""]",18000000,28000000,công_nghệ_thông_tin_kỹ_thuật_số,"{""dataset"":""dinhieufam/VietJobs"",""dataset_commit"":""ea140511b77935704e93d21c2973b72f46d48902"",""license"":""MIT""}"
vietjobs_vinuniversity,08d4d2ac0b5b8ec86f24b9162b24fdeacd353ab3ee804598350eb593136ec95c,2025-10-31,Nhân Viên Kinh Doanh Phần Mềm,Nhân Viên Kinh Doanh Phần Mềm,mid,Ho Chi Minh,0,0,"[""Sử dụng thành thạo máy tính và các phần mềm văn phòng""]",10000000,20000000,công_nghệ_thông_tin_kỹ_thuật_số,"{""dataset"":""dinhieufam/VietJobs"",""dataset_commit"":""ea140511b77935704e93d21c2973b72f46d48902"",""license"":""MIT""}"
vietjobs_vinuniversity,08f3e72d5765881b0d0708e83c02374a9790573f3532b7f04c8bbb890fa15e48,2025-10-31,AI ENGINEER - Kỹ Sư Phát Triển AI,AI Engineer,mid,Ha Noi,2,2,"[""Python"",""Java"",""NLP"",""Computer Vision"",""Pytorch"",""Tensorflow""]",20000000,35000000,công_nghệ_thông_tin_kỹ_thuật_số,"{""dataset"":""dinhieufam/VietJobs"",""dataset_commit"":""ea140511b77935704e93d21c2973b72f46d48902"",""license"":""MIT""}"
vietjobs_vinuniversity,093de72fb65e4dc1b6a38c1b19f399b2f89777373101a43d834954143826f255,2025-10-31,Kỹ Sư Phát Triển Ứng Dụng Điện Toán Đám Mây,Kỹ Sư Phát Triển Ứng Dụng Điện Toán Đám Mây,mid,Ho Chi Minh,2,2,"[""Python"",""JavaScript"",""AWS"",""GCP"",""Azure""]",61000000,70000000,công_nghệ_thông_tin_kỹ_thuật_số,"{""dataset"":""dinhieufam/VietJobs"",""dataset_commit"":""ea140511b77935704e93d21c2973b72f46d48902"",""license"":""MIT""}"
vietjobs_vinuniversity,095422f7d02269131434d96117bfb5ce1c67f93094016d8a78f51ba9c59d9e3d,2025-10-31,Nhân Viên Design Marketing,Nhân Viên Design Marketing,mid,Ho Chi Minh,1,1,"[""Adobe Photoshop"",""Illustrator"",""InDesign"",""CorelDraw""]",8000000,10000000,công_nghệ_thông_tin_kỹ_thuật_số,"{""dataset"":""dinhieufam/VietJobs"",""dataset_commit"":""ea140511b77935704e93d21c2973b72f46d48902"",""license"":""MIT""}"
vietjobs_vinuniversity,09cec9a765bb93b76eede028104fa470d741277203579e69b5614391d041e40d,2025-10-31,Nhân Viên CRM,Nhân Viên CRM,mid,Ho Chi Minh,1,1,[],8000000,10000000,công_nghệ_thông_tin_kỹ_thuật_số,"{""dataset"":""dinhieufam/VietJobs"",""dataset_commit"":""ea140511b77935704e93d21c2973b72f46d48902"",""license"":""MIT""}"
vietjobs_vinuniversity,0a3ab4003ba4a996891e996097d1dcbc9f937d3904368b77e79133c1958728de,2025-10-31,Nhân Viên Kinh Doanh Phần Mềm,Nhân Viên Kinh Doanh Phần Mềm,mid,Ho Chi Minh,0,0,"[""Tin học văn phòng""]",7000000,10000000,công_nghệ_thông_tin_kỹ_thuật_số,"{""dataset"":""dinhieufam/VietJobs"",""dataset_commit"":""ea140511b77935704e93d21c2973b72f46d48902"",""license"":""MIT""}"
vietjobs_vinuniversity,0a8ae2e5bb8f2ebc8c6a5e97ebdb024ef1e9df50da947490d7764ee7a56e4c51,2025-10-31,Nhân Viên Kinh Doanh B2B,Nhân Viên Kinh Doanh B2B,mid,"Hà Nội, Hồ Chí Minh",0,0,[],15000000,25000000,công_nghệ_thông_tin_kỹ_thuật_số,"{""dataset"":""dinhieufam/VietJobs"",""dataset_commit"":""ea140511b77935704e93d21c2973b72f46d48902"",""license"":""MIT""}"
vietjobs_vinuniversity,0a9bad395556b7322a752a4da4c705c4d33130d2254024b9d39f7c5b8324dbaf,2025-10-31,Nhân Viên Tư Vấn Phần Mềm,Nhân Viên Tư Vấn Phần Mềm,mid,Ha Noi,1,1,[],12000000,30000000,công_nghệ_thông_tin_kỹ_thuật_số,"{""dataset"":""dinhieufam/VietJobs"",""dataset_commit"":""ea140511b77935704e93d21c2973b72f46d48902"",""license"":""MIT""}"
vietjobs_vinuniversity,0abb5fa366197e31df2a63146e498a14d601067a5c811de2f9cb32b729c3db9a,2025-10-31,Nhân Viên Tester,Nhân Viên Tester,mid,Ha Noi,3,3,"[""Kiểm thử phần mềm"",""Kiểm thử API"",""Kiểm thử hiệu năng"",""SQL"",""Automation""]",15000000,25000000,công_nghệ_thông_tin_kỹ_thuật_số,"{""dataset"":""dinhieufam/VietJobs"",""dataset_commit"":""ea140511b77935704e93d21c2973b72f46d48902"",""license"":""MIT""}"
vietjobs_vinuniversity,0ac84c71bb24cf0f2c175ce1396f9c9f136e17815a92ca016d9295539abcee60,2025-10-31,Chuyên Viên Đảm Bảo Quy Trình (ISO 27001),Chuyên Viên Đảm Bảo Quy Trình ISO 27001 ,mid,Ha Noi,2,2,"[""Triển khai ISO"",""Xây dựng hệ thống văn bản quản lý nội bộ""]",14000000,22000000,công_nghệ_thông_tin_kỹ_thuật_số,"{""dataset"":""dinhieufam/VietJobs"",""dataset_commit"":""ea140511b77935704e93d21c2973b72f46d48902"",""license"":""MIT""}"
vietjobs_vinuniversity,0b0744335aa068c987d07a2775d4c314731026d10c8ee9c7684b80144015ea38,2025-10-31,Chuyên Viên IT Helpdesk,Chuyên Viên IT Helpdesk,mid,Ha Noi,1,1,"[""Strong knowledge of operating systems and hardware, especially MacBook and iMac"",""Proficient and experienced with Apple products and the macOS operating system"",""Understanding of video conferencing systems, especially Google Meet and Logitech equipment"",""Good knowledge of document management systems and workflow support services"",""Experience with Mobile Device Management (MDM) tools such as Jamf""]",20000000,23000000,công_nghệ_thông_tin_kỹ_thuật_số,"{""dataset"":""dinhieufam/VietJobs"",""dataset_commit"":""ea140511b77935704e93d21c2973b72f46d48902"",""license"":""MIT""}"
vietjobs_vinuniversity,0b2327fd90d07648265ccd3175cca5915876d11007a30839025a0062d68d1c06,2025-10-31,Thiết Kế Đồ Họa - Graphic Designer,Thiết Kế Đồ Họa - Graphic Designer,mid,Hải Phòng,0,0,"[""Photoshop"",""Adobe XD"",""Adobe Illustrator"",""Chỉnh sửa video"",""AI"",""3D""]",8000000,12000000,công_nghệ_thông_tin_kỹ_thuật_số,"{""dataset"":""dinhieufam/VietJobs"",""dataset_commit"":""ea140511b77935704e93d21c2973b72f46d48902"",""license"":""MIT""}"
vietjobs_vinuniversity,0b2d99ba23715851349c22655b3f5ffc631b1ac21a126bc98d758dfa0ed170fa,2025-10-31,Nhà phát triển Stack đầy đủ,Nhà phát triển Stack đầy đủ,mid,Ha Noi,3,3,"[""ReactJS"",""Angular"",""VueJS"",""Node.js"",""Java"",""PHP"",""Python"",""RESTful API"",""MySQL"",""MongoDB"",""PostgreSQL"",""Git"",""CI/CD"",""Agile"",""Scrum""]",10000000,60000000,công_nghệ_thông_tin_kỹ_thuật_số,"{""dataset"":""dinhieufam/VietJobs"",""dataset_commit"":""ea140511b77935704e93d21c2973b72f46d48902"",""license"":""MIT""}"
vietjobs_vinuniversity,0b61cf426c23efb4e6ff4a4078657bcfdf7194fc536b1d5b12e70e8fadedf063,2025-10-31,2D Background Artist,2D Background Artist,mid,Ha Noi,1,1,"[""AI"",""Photoshop""]",8000000,12000000,công_nghệ_thông_tin_kỹ_thuật_số,"{""dataset"":""dinhieufam/VietJobs"",""dataset_commit"":""ea140511b77935704e93d21c2973b72f46d48902"",""license"":""MIT""}"
vietjobs_vinuniversity,0ba6fd8ab0f351edacfb9da8764f6328b3d6dbb89d76d8492f8d9b1561542af3,2025-10-31,Video Editor,Video Editor,mid,Ha Noi,3,3,"[""Premiere"",""After Effect"",""Photoshop"",""AI""]",12000000,18000000,công_nghệ_thông_tin_kỹ_thuật_số,"{""dataset"":""dinhieufam/VietJobs"",""dataset_commit"":""ea140511b77935704e93d21c2973b72f46d48902"",""license"":""MIT""}"
vietjobs_vinuniversity,0ba8849e553121e0254846af5a57a52a04f312a63c58940be1f48e6aca54fc47,2025-10-31,Nhà phát triển FullStack (Python + PHP),Fullstack Developer,mid,Ha Noi,3,3,"[""Python"",""PHP"",""MS SQL"",""MySQL"",""PgSQL"",""Angular JS"",""React JS""]",20000000,30000000,công_nghệ_thông_tin_kỹ_thuật_số,"{""dataset"":""dinhieufam/VietJobs"",""dataset_commit"":""ea140511b77935704e93d21c2973b72f46d48902"",""license"":""MIT""}"
vietjobs_vinuniversity,0c9393b1aa876ebee2feedb4792a403a199d64158d16f4022c57485cd63e8eba,2025-10-31,Nhân Viên Thiết Kế Giày (3D Designer),Nhân Viên Thiết Kế Giày 3D Designer ,mid,Ho Chi Minh,0,0,"[""Adobe"",""Corel"",""Photoshop"",""Illustrator"",""Rhino""]",7000000,8000000,công_nghệ_thông_tin_kỹ_thuật_số,"{""dataset"":""dinhieufam/VietJobs"",""dataset_commit"":""ea140511b77935704e93d21c2973b72f46d48902"",""license"":""MIT""}"
vietjobs_vinuniversity,0cd4e29109ea4ef919d65dd5e03d79ba52c6ce7f987800c2a804b728b33bb230,2025-10-31,Nhân Viên Thiết Kế Đồ Họa,Nhân Viên Thiết Kế Đồ Họa,mid,Nha Trang,0,0,"[""Adobe Photoshop"",""Illustrator"",""InDesign""]",8000000,12000000,công_nghệ_thông_tin_kỹ_thuật_số,"{""dataset"":""dinhieufam/VietJobs"",""dataset_commit"":""ea140511b77935704e93d21c2973b72f46d48902"",""license"":""MIT""}"
vietjobs_vinuniversity,0cdbe7bd9dc14d777b21469167336dc1629a780fb909ca5bc24e74e1bc966ec7,2025-10-31,Trưởng Phòng Kinh Doanh,Trưởng Phòng Kinh Doanh,mid,Ha Noi,1,1,[],10000000,30000000,công_nghệ_thông_tin_kỹ_thuật_số,"{""dataset"":""dinhieufam/VietJobs"",""dataset_commit"":""ea140511b77935704e93d21c2973b72f46d48902"",""license"":""MIT""}"
vietjobs_vinuniversity,0d1d9a03da1be024a2ab01e46868e8e24a9fc20ea58b34647aa58ef2c84dce6f,2025-10-31,Manual Tester,Manual Tester,mid,Ha Noi,1,1,"[""SQL"",""Kiểm thử Mobile App"",""Kiểm thử Web"",""Kiểm thử API""]",18000000,30000000,công_nghệ_thông_tin_kỹ_thuật_số,"{""dataset"":""dinhieufam/VietJobs"",""dataset_commit"":""ea140511b77935704e93d21c2973b72f46d48902"",""license"":""MIT""}"
vietjobs_vinuniversity,0d28d2bc6caa2db406cb361c822b4182646f11231da7b470e0d62d5ca23c6b16,2025-10-31,Trưởng Nhóm Kinh Doanh,Trưởng Nhóm Kinh Doanh,mid,Ha Noi,2,2,[],25000000,35000000,công_nghệ_thông_tin_kỹ_thuật_số,"{""dataset"":""dinhieufam/VietJobs"",""dataset_commit"":""ea140511b77935704e93d21c2973b72f46d48902"",""license"":""MIT""}"
vietjobs_vinuniversity,0d476ea321e1bfa540731821333977b25889869ccfab9e6ad1630c7a597c06e5,2025-10-31,Trưởng phòng giải pháp Achitect,Trưởng phòng giải pháp Achitect,mid,Cầu Giấy,1,1,"[""Java"",""Spring Boot"",""Angular"",""React JS"",""Struts"",""Jsp"",""Javascript"",""Ajax"",""Jquery"",""HTML"",""CSS"",""Oracle"",""MS SQL"",""Postgre SQL"",""Monolithic"",""Micro-Service"",""DevOps"",""CI/CD"",""Restful API"",""Git"",""GitLab"",""Docker""]",30000000,45000000,công_nghệ_thông_tin_kỹ_thuật_số,"{""dataset"":""dinhieufam/VietJobs"",""dataset_commit"":""ea140511b77935704e93d21c2973b72f46d48902"",""license"":""MIT""}"
vietjobs_vinuniversity,0d4c1ab9dae3326b3f31cf5a9bc27d13f0caec04673233c8774188f210dbbe73,2025-10-31,Lập Trình Viên Backend,Backend Developer,mid,Da Nang,3,3,"[""Python (Django, FastAPI, Flask)"",""Node.js (NestJS, Express)"",""SQL & NoSQL (PostgreSQL, MySQL, MongoDB, Redis)"",""CI/CD"",""Docker"",""Kubernetes"",""Cloud (AWS, GCP, Azure)""]",15000000,25000000,công_nghệ_thông_tin_kỹ_thuật_số,"{""dataset"":""dinhieufam/VietJobs"",""dataset_commit"":""ea140511b77935704e93d21c2973b72f46d48902"",""license"":""MIT""}"
vietjobs_vinuniversity,0d9026a56ff26d2e127d5b2a59e4fee232a123e44164d21dcdfd8ff6658d05ab,2025-10-31,Thực Tập Sinh Kinh Doanh,Thực Tập Sinh Kinh Doanh,intern,Ho Chi Minh,0,0,[],1000000,2000000,công_nghệ_thông_tin_kỹ_thuật_số,"{""dataset"":""dinhieufam/VietJobs"",""dataset_commit"":""ea140511b77935704e93d21c2973b72f46d48902"",""license"":""MIT""}"
vietjobs_vinuniversity,0de2c6755febc7cb223dba2e041edc7e85ada9e4b35d5dd06ae27bc89238d092,2025-10-31,Nhân Viên Thiết Kế - In Ấn Bao Bì Tem Nhãn,Nhân Viên Thiết Kế - In Ấn Bao Bì Tem Nhãn,mid,Ho Chi Minh,1,1,"[""Adobe Illustrator"",""Photoshop"",""Corel""]",8000000,13000000,công_nghệ_thông_tin_kỹ_thuật_số,"{""dataset"":""dinhieufam/VietJobs"",""dataset_commit"":""ea140511b77935704e93d21c2973b72f46d48902"",""license"":""MIT""}"
vietjobs_vinuniversity,0e29678984681df861213fc37c30fbfddb0213207568f8677453633925a80078,2025-10-31,Dev Fullstack,Fullstack Developer,mid,Ha Noi,1,1,"[""NodeJS"",""Python"",""Java"","".NET"",""ReactJS"",""VueJS"",""Angular"",""SQL""]",12000000,15000000,công_nghệ_thông_tin_kỹ_thuật_số,"{""dataset"":""dinhieufam/VietJobs"",""dataset_commit"":""ea140511b77935704e93d21c2973b72f46d48902"",""license"":""MIT""}"
vietjobs_vinuniversity,0e6c89b1f3ea9ceb1ca08929730687b73ebee4026cab8cea975bc9ee0c7ed9a6,2025-10-31,Sale Executive - Mảng Phần Mềm,Sale Executive - Mảng Phần Mềm,mid,Ho Chi Minh,1,1,"[""Kỹ thuật"",""Gia công CNC"",""Khuôn mẫu"",""Công nghệ"",""Máy móc"",""Thiết Kế cơ khí"",""Phần mềm""]",12000000,20000000,công_nghệ_thông_tin_kỹ_thuật_số,"{""dataset"":""dinhieufam/VietJobs"",""dataset_commit"":""ea140511b77935704e93d21c2973b72f46d48902"",""license"":""MIT""}"
vietjobs_vinuniversity,0e7369079f97ca2bc0a04f303062ba7f52301e27925ae1f3f6d48bb970e7b4dc,2025-10-31,Nhân Viên Kinh Doanh,Nhân Viên Kinh Doanh,mid,Ho Chi Minh,2,2,"[""Tin học văn phòng: Word, Excel, Power Point, Mail Outlook""]",8000000,12000000,công_nghệ_thông_tin_kỹ_thuật_số,"{""dataset"":""dinhieufam/VietJobs"",""dataset_commit"":""ea140511b77935704e93d21c2973b72f46d48902"",""license"":""MIT""}"
vietjobs_vinuniversity,0ebacd954e1278509960269ca39a0eae708d610698213f49a3083fc675e191f2,2025-10-31,Nhà phân tích kinh doanh (nói tiếng Hàn),Nhà phân tích kinh doanh nói tiếng Hàn ,mid,Ho Chi Minh,2,2,"[""Redmine"",""Project management tools""]",22000000,30000000,công_nghệ_thông_tin_kỹ_thuật_số,"{""dataset"":""dinhieufam/VietJobs"",""dataset_commit"":""ea140511b77935704e93d21c2973b72f46d48902"",""license"":""MIT""}"
vietjobs_vinuniversity,0eceab3b1adcdb1203de69eb7417c4c2186eccfd00eef4418dc1a77bc4d11319,2025-10-31,Nhân Viên Thiết Kế Website,Nhân Viên Thiết Kế Website,mid,Hà Đông,2,2,"[""Figma"",""Photoshop"",""Illustrator""]",12000000,20000000,công_nghệ_thông_tin_kỹ_thuật_số,"{""dataset"":""dinhieufam/VietJobs"",""dataset_commit"":""ea140511b77935704e93d21c2973b72f46d48902"",""license"":""MIT""}"
vietjobs_vinuniversity,0eec79c4598cd03c0c72a31fa6bda9d22d76190ed05c5517e4abbbe7fd9993e1,2025-10-31,Chuyên Viên Thiết Kế Slide/ Designer(Sẵn Nội Dung),Chuyên Viên Thiết Kế Slide/ Designer Sẵn Nội Dung ,mid,Ha Noi,1,1,"[""PowerPoint"",""Adobe Illustrator"",""Adobe Photoshop"",""Adobe Premiere""]",11000000,15000000,công_nghệ_thông_tin_kỹ_thuật_số,"{""dataset"":""dinhieufam/VietJobs"",""dataset_commit"":""ea140511b77935704e93d21c2973b72f46d48902"",""license"":""MIT""}"
vietjobs_vinuniversity,0efcd7fe1d04e7fabadc827d46cd199915862757a982b08d72087b501080aa9b,2025-10-31,Senior Frontend Developer,Senior Frontend Developer,senior,Ha Noi,5,5,"[""React JS"",""JavaScript/TypeScript"",""HTML5"",""CSS3"",""Webpack"",""Babel"",""ESLint"",""Jest"",""React Testing Library"",""CI/CD"",""Git"",""AWS"",""Azure""]",25000000,30000000,công_nghệ_thông_tin_kỹ_thuật_số,"{""dataset"":""dinhieufam/VietJobs"",""dataset_commit"":""ea140511b77935704e93d21c2973b72f46d48902"",""license"":""MIT""}"
vietjobs_vinuniversity,0f0b22264ae84bf165e88227e6c52e17235318776864f7b5ed32b40a2217a3b8,2025-10-31,Nhân Viên Phát Triển Game (Unity/Godot/Unreal),Nhân Viên Phát Triển Game Unity/Godot/Unreal ,mid,Ha Noi,0,0,"[""Unity"",""Godot"",""Unreal""]",2000000,3000000,công_nghệ_thông_tin_kỹ_thuật_số,"{""dataset"":""dinhieufam/VietJobs"",""dataset_commit"":""ea140511b77935704e93d21c2973b72f46d48902"",""license"":""MIT""}"
vietjobs_vinuniversity,0f54dd1b66e3dc8cbfaa8f55844c5ba1203e5600d243315c89ffbc7a76d5720c,2025-10-31,Nhân Viên Lập Trình CAM,Nhân Viên Lập Trình CAM,mid,Bắc Từ Liêm,1,1,"[""Lập trình gia công chi tiết cho máy CNC"",""Thiết kế điện cực"",""Sử dụng phần mềm Cimatron"",""Sử dụng phần mềm Camtool"",""Đọc hiểu bản vẽ kỹ thuật""]",9000000,15000000,công_nghệ_thông_tin_kỹ_thuật_số,"{""dataset"":""dinhieufam/VietJobs"",""dataset_commit"":""ea140511b77935704e93d21c2973b72f46d48902"",""license"":""MIT""}"
vietjobs_vinuniversity,0f6cd79ca7ad2f296816cfed48dfd02a6daabc93f6650b980a9317796bbb7fba,2025-10-31,Thực Tập Sinh Kinh Doanh Phần Mềm Website,Thực Tập Sinh Kinh Doanh Phần Mềm Website,intern,Ho Chi Minh,0,0,[],8000000,14000000,công_nghệ_thông_tin_kỹ_thuật_số,"{""dataset"":""dinhieufam/VietJobs"",""dataset_commit"":""ea140511b77935704e93d21c2973b72f46d48902"",""license"":""MIT""}"
vietjobs_vinuniversity,0f7611099fd9df1697694e015bb91d562ecb48002901ed6d976ca83a070a7acf,2025-10-31,Nhân Viên Thiết Kế - Part Time Và Full Time,Nhân Viên Thiết Kế - Part Time Và Full Time,mid,Ha Noi,0,0,"[""Photoshop"",""AI""]",8000000,12000000,công_nghệ_thông_tin_kỹ_thuật_số,"{""dataset"":""dinhieufam/VietJobs"",""dataset_commit"":""ea140511b77935704e93d21c2973b72f46d48902"",""license"":""MIT""}"
vietjobs_vinuniversity,0f9a03aff3685052e9502ee7adadfb49da4bf5162b9b2c1829d1023e3a674622,2025-10-31,Nhân Viên Quản Trị Mạng,Nhân Viên Quản Trị Mạng,mid,Quảng Ninh,1,1,"[""HTML"",""CSS"",""JavaScript""]",9000000,11000000,công_nghệ_thông_tin_kỹ_thuật_số,"{""dataset"":""dinhieufam/VietJobs"",""dataset_commit"":""ea140511b77935704e93d21c2973b72f46d48902"",""license"":""MIT""}"
vietjobs_vinuniversity,0ffcaa5ff44af210625bbe6186ec04d060dcbf671683d94b8b17660a97f1d4f0,2025-10-31,Chuyên Viên Thiết Kế Đồ Họa,Chuyên Viên Thiết Kế Đồ Họa,mid,Ha Noi,3,3,"[""Sử dụng thành thạo các phần mềm chuyên dụng phục vụ công việc thiết kế"",""Kỹ năng chụp ảnh và xử lý hình ảnh sản phẩm""]",23000000,25000000,công_nghệ_thông_tin_kỹ_thuật_số,"{""dataset"":""dinhieufam/VietJobs"",""dataset_commit"":""ea140511b77935704e93d21c2973b72f46d48902"",""license"":""MIT""}"
vietjobs_vinuniversity,1027e5c8f3322574066720f0b37ae7c7d471860fbfed32e18b4134abfb18d0d1,2025-10-31,Data Analyst,Data Analyst,mid,Ha Noi,2,2,"[""Python"",""Pandas"",""NumPy"",""Matplotlib"",""Seaborn""]",20000000,42000000,công_nghệ_thông_tin_kỹ_thuật_số,"{""dataset"":""dinhieufam/VietJobs"",""dataset_commit"":""ea140511b77935704e93d21c2973b72f46d48902"",""license"":""MIT""}"
vietjobs_vinuniversity,10664c62eaadf96e4e872e4749e08affdd83ed76031046001035852c37702caf,2025-10-31,Thiết Kế Và Sản Xuất Animator,Thiết Kế Và Sản Xuất Animator,mid,Ho Chi Minh,5,5,"[""Maya"",""3D modeling""]",20000000,35000000,công_nghệ_thông_tin_kỹ_thuật_số,"{""dataset"":""dinhieufam/VietJobs"",""dataset_commit"":""ea140511b77935704e93d21c2973b72f46d48902"",""license"":""MIT""}"
vietjobs_vinuniversity,106aa2bfe0ffaee8acd216b78015c6c6c731d72294ac2ac95f86638ca9f1fda0,2025-10-31,Chuyên Viên Tư Vấn Giải Pháp,Chuyên Viên Tư Vấn Giải Pháp,mid,Ha Noi,3,3,"[""Kiến trúc thiết kế ứng dụng/phần mềm"",""Quản trị dự án phần mềm"",""Phân tích, thiết kế hệ thống phần mềm"",""Sử dụng công cụ modeling như Visio hoặc Enterprise Architect"",""Quản lý dự án như Microsoft Project""]",18000000,30000000,công_nghệ_thông_tin_kỹ_thuật_số,"{""dataset"":""dinhieufam/VietJobs"",""dataset_commit"":""ea140511b77935704e93d21c2973b72f46d48902"",""license"":""MIT""}"
vietjobs_vinuniversity,107bbfadac078e7c6906dc6b5fa4f32fe1944ba7dfa073f66180c9ad43ec96fb,2025-10-31,Quản Lý Dự Án Công Nghệ Thông Tin,Quản Lý Dự Án Công Nghệ Thông Tin,mid,Ha Noi,3,3,"[""Quản lý dự án"",""Quy trình sản xuất phần mềm"",""Kiến thức về BA"",""Kiến thức về kỹ thuật (hạ tầng hệ thống, lập trình)""]",30000000,30000000,công_nghệ_thông_tin_kỹ_thuật_số,"{""dataset"":""dinhieufam/VietJobs"",""dataset_commit"":""ea140511b77935704e93d21c2973b72f46d48902"",""license"":""MIT""}"
vietjobs_vinuniversity,11026808c53ca71f436c24b30fb2bd0b234f566d5d66d5751ff6c6429a6ff2ab,2025-10-31,Nhân Viên Thiết Kế,Nhân Viên Thiết Kế,mid,Ha Noi,0,0,"[""Corel Draw"",""Adobe Illustrator"",""Photoshop"",""Indesign""]",7000000,10000000,công_nghệ_thông_tin_kỹ_thuật_số,"{""dataset"":""dinhieufam/VietJobs"",""dataset_commit"":""ea140511b77935704e93d21c2973b72f46d48902"",""license"":""MIT""}"
vietjobs_vinuniversity,11359fd2129bc67f71b84e8bdd6d221da3b0249db18596b3fd7b06f4ff07499a,2025-10-31,Nhân Viên Thiết Kế Đồ Hoạ,Nhân Viên Thiết Kế Đồ Hoạ,mid,Củ Chi,2,2,"[""AI"",""Photoshop"",""Corel""]",9000000,9000000,công_nghệ_thông_tin_kỹ_thuật_số,"{""dataset"":""dinhieufam/VietJobs"",""dataset_commit"":""ea140511b77935704e93d21c2973b72f46d48902"",""license"":""MIT""}"
vietjobs_vinuniversity,11570962014934e29c0d247a26ff854ca757f277208ec2c9e699962c3b70bb8b,2025-10-31,Nhân Viên Thiết Kế Được Đào Tạo,Nhân Viên Thiết Kế Được Đào Tạo,mid,Hà Đông,0,0,"[""Canva"",""Capcut"",""Photoshop"",""Premiere"",""After Effects""]",10000000,15000000,công_nghệ_thông_tin_kỹ_thuật_số,"{""dataset"":""dinhieufam/VietJobs"",""dataset_commit"":""ea140511b77935704e93d21c2973b72f46d48902"",""license"":""MIT""}"
vietjobs_vinuniversity,11f1fd672bcea17cf2a88ac2a7372a14103f9df24dfce2d0659ff64f9be48089,2025-10-31,Chuyên Viên Phân Tích Nghiệp Vụ,Chuyên Viên Phân Tích Nghiệp Vụ,mid,Ha Noi,2,2,"[""JIRA"",""Postman"",""Excel"",""UML"",""công cụ wireframe/mockup""]",13000000,23000000,công_nghệ_thông_tin_kỹ_thuật_số,"{""dataset"":""dinhieufam/VietJobs"",""dataset_commit"":""ea140511b77935704e93d21c2973b72f46d48902"",""license"":""MIT""}"
vietjobs_vinuniversity,1201cd76677275669e4e2a9077df29aa14facd4575c84b6b7d98b1d6405b203a,2025-10-31,Thực Tập Sinh Thiết Kế Đồ Họa,Thực Tập Sinh Thiết Kế Đồ Họa,intern,Ho Chi Minh,0,0,"[""Photoshop"",""Illustrator""]",5000000,5000000,công_nghệ_thông_tin_kỹ_thuật_số,"{""dataset"":""dinhieufam/VietJobs"",""dataset_commit"":""ea140511b77935704e93d21c2973b72f46d48902"",""license"":""MIT""}"
vietjobs_vinuniversity,120222db2e3da479bde4020407aafb51502153b042597278c1682ab850abaee3,2025-10-31,Nhà phân tích kinh doanh,Nhà phân tích kinh doanh,mid,Tp Vinh,1,1,"[""Phân tích yêu cầu"",""Kiểm thử sản phẩm"",""Nghiên cứu thị trường""]",10000000,15000000,công_nghệ_thông_tin_kỹ_thuật_số,"{""dataset"":""dinhieufam/VietJobs"",""dataset_commit"":""ea140511b77935704e93d21c2973b72f46d48902"",""license"":""MIT""}"
vietjobs_vinuniversity,12590b55d048aa74008487760286ed242da3da89bb077b8b5fe9ae1b18084efb,2025-10-31,Nhân Viên Kinh Doanh Tư Vấn Phần Mềm (Sales B2B),Nhân Viên Kinh Doanh Tư Vấn Phần Mềm Sales B2B ,mid,Ha Noi,0,0,"[""Thành thạo kỹ năng văn phòng""]",8000000,15000000,công_nghệ_thông_tin_kỹ_thuật_số,"{""dataset"":""dinhieufam/VietJobs"",""dataset_commit"":""ea140511b77935704e93d21c2973b72f46d48902"",""license"":""MIT""}"
vietjobs_vinuniversity,12c623c78088b150a8db7fd2b62f91eff0fbcaa8d89f411e63a9624fcf4ce4b6,2025-10-31,Nhân Viên Kinh Doanh,Nhân Viên Kinh Doanh,mid,"Quảng Trị, Quảng Trị",0,0,[],8000000,15000000,công_nghệ_thông_tin_kỹ_thuật_số,"{""dataset"":""dinhieufam/VietJobs"",""dataset_commit"":""ea140511b77935704e93d21c2973b72f46d48902"",""license"":""MIT""}"
vietjobs_vinuniversity,12df141e9be352a6f4745bbc92b8fea610762c8a6b2911bb7cd51271ec8df938,2025-10-31,Angular (TCB),Angular TCB ,mid,Ha Noi,4,4,"[""Angular 10+"",""Typescript 3"",""RxJS"",""Angular Material"",""PrimeNG"",""GIT"",""Object Oriented Programming (OOP)"",""Redux pattern"",""state management (NgRx, Akita, Ngxs)""]",30000000,36000000,công_nghệ_thông_tin_kỹ_thuật_số,"{""dataset"":""dinhieufam/VietJobs"",""dataset_commit"":""ea140511b77935704e93d21c2973b72f46d48902"",""license"":""MIT""}"
vietjobs_vinuniversity,12f05a1abac8cf6005c6be144249e1afbaaf0b945235466e8e684daf85c2c731,2025-10-31,Thực Tập Sinh Graphic Designer,Thực Tập Sinh Graphic Designer,intern,Cầu Giấy,0,0,"[""Illustrator"",""After Effect"",""Premier"",""Actionscript 3.0""]",1000000,4000000,công_nghệ_thông_tin_kỹ_thuật_số,"{""dataset"":""dinhieufam/VietJobs"",""dataset_commit"":""ea140511b77935704e93d21c2973b72f46d48902"",""license"":""MIT""}"
vietjobs_vinuniversity,130291b09b70e9cf5c83d92aaa019ee8b164c83172fe8ea1c83fcfd1bc165ed4,2025-10-31,Cloud Engineer (Azure),Cloud Engineer Azure ,mid,Ha Noi,2,2,"[""AWS"",""Azure"",""Cloud Solution Associate"",""DevOps Associate"",""EKS"",""EC2"",""S3"",""Route53"",""Lambda"",""Cloudwatch"",""AKS"",""Azure SQL"",""Ansible"",""Artifactory"",""Docker"",""GitHub"",""Jenkins"",""Kubernetes"",""Maven"",""Sonar Qube"",""Azure Monitor"",""CloudWatch"",""ELK Stack"",""Prometheus"",""Zabbix"",""Grafana"",""CloudFormation"",""Terraform"",""ARM Azure"",""Python"",""Bash Shell"",""Power Shell""]",35000000,35000000,công_nghệ_thông_tin_kỹ_thuật_số,"{""dataset"":""dinhieufam/VietJobs"",""dataset_commit"":""ea140511b77935704e93d21c2973b72f46d48902"",""license"":""MIT""}"
vietjobs_vinuniversity,130577a475aa2bb7a90b78fb5569b8b4a99f09b3706650160531b077be31a260,2025-10-31,Nhà thiết kế đồ họa chuyển động,Nhà thiết kế đồ họa chuyển động,mid,Da Nang,3,3,"[""After Effects"",""In Design"",""Adobe Photoshop"",""Illustrator"",""Sketch""]",13000000,18000000,công_nghệ_thông_tin_kỹ_thuật_số,"{""dataset"":""dinhieufam/VietJobs"",""dataset_commit"":""ea140511b77935704e93d21c2973b72f46d48902"",""license"":""MIT""}"
vietjobs_vinuniversity,13ae49b282b0fbabf8226951b6833d3e429ed8b093bc118fbf99c21a627b93da,2025-10-31,Nhân Viên Kỹ Thuật Sửa Chữa (Phần Cứng),Nhân Viên Kỹ Thuật Sửa Chữa Phần Cứng ,mid,Ha Noi,2,2,"[""Sửa chữa điện tử phần cứng"",""Tháo lắp, thay thế linh kiện"",""Sử dụng máy đo, máy hàn"",""Sửa chữa Laptop, Macbook"",""Sửa chữa điện thoại""]",10000000,13000000,công_nghệ_thông_tin_kỹ_thuật_số,"{""dataset"":""dinhieufam/VietJobs"",""dataset_commit"":""ea140511b77935704e93d21c2973b72f46d48902"",""license"":""MIT""}"
vietjobs_vinuniversity,13d9209d5d500b42802851ff8b7340b38eb99c20e7bc62cb3c24b1fbcc24fc22,2025-10-31,Nhân Viên Thiết Kế,Nhân Viên Thiết Kế,mid,Ha Noi,0,0,"[""Photoshop"",""Illustrator""]",13000000,15000000,công_nghệ_thông_tin_kỹ_thuật_số,"{""dataset"":""dinhieufam/VietJobs"",""dataset_commit"":""ea140511b77935704e93d21c2973b72f46d48902"",""license"":""MIT""}"
vietjobs_vinuniversity,13fd297438e640d559dce7db2a457b1754f9bc9f71bff96c1b33f7680ec40ffe,2025-10-31,Thực Tập Sinh Marketing Mobile App,Thực Tập Sinh Marketing Mobile App,intern,Ha Noi,0,0,"[""Google Play"",""Sensor tower"",""App annie"",""Google Console"",""Firebase""]",3000000,4000000,công_nghệ_thông_tin_kỹ_thuật_số,"{""dataset"":""dinhieufam/VietJobs"",""dataset_commit"":""ea140511b77935704e93d21c2973b72f46d48902"",""license"":""MIT""}"
vietjobs_vinuniversity,141a4625d7e1359bd56f35681d0920bee4b1a491bf3b8edf313d9e22697468fb,2025-10-31,Sales IT Tiếng Anh/Nhật,Sales IT Tiếng Anh/Nhật,mid,Ha Noi,0,0,"[""Tiếng Anh"",""Tiếng Nhật"",""Tin học văn phòng"",""Internet"",""Mạng xã hội""]",8000000,20000000,công_nghệ_thông_tin_kỹ_thuật_số,"{""dataset"":""dinhieufam/VietJobs"",""dataset_commit"":""ea140511b77935704e93d21c2973b72f46d48902"",""license"":""MIT""}"
vietjobs_vinuniversity,1450798942fbcb3d760e00072d83676139eff91debfb19a928e9a47ddf6e662e,2025-10-31,Chuyên Viên IT Helpdesk (IT Support Phần Cứng),Chuyên Viên IT Helpdesk IT Support Phần Cứng ,mid,Ho Chi Minh,2,2,"[""Chẩn đoán và giải quyết các vấn đề kỹ thuật"",""Hiểu biết tốt về máy tính, thiết bị di động và các sản phẩm công nghệ khác"",""Cài đặt hệ điều hành và các ứng dụng"",""Kỹ năng Microsoft Office tốt""]",14000000,17000000,công_nghệ_thông_tin_kỹ_thuật_số,"{""dataset"":""dinhieufam/VietJobs"",""dataset_commit"":""ea140511b77935704e93d21c2973b72f46d48902"",""license"":""MIT""}"
vietjobs_vinuniversity,14520ee8ca89acee8311c1d1d06cb118d2d397f4256afe8c1bdcb715c33aab1e,2025-10-31,Nhân Viên Kinh Doanh/ Sale Phần Mềm,Nhân Viên Kinh Doanh/ Sale Phần Mềm,mid,Ha Noi,2,2,"[""Kỹ năng đàm phán"",""Kỹ năng giao tiếp"",""Kỹ năng chăm sóc khách hàng""]",15000000,17000000,công_nghệ_thông_tin_kỹ_thuật_số,"{""dataset"":""dinhieufam/VietJobs"",""dataset_commit"":""ea140511b77935704e93d21c2973b72f46d48902"",""license"":""MIT""}"
vietjobs_vinuniversity,1523faf6dfa9a2737ba9987e0c38a1e4c73e71520d3e29dd8a77ca3ece457c14,2025-10-31,Hệ thống quản trị viên Junior/Middle,Junior Hệ thống quản trị viên Junior/Middle,junior,Ha Noi,1,1,"[""Linux"",""DNS"",""DHCP"",""Nginx"",""Samba"",""PostgreSQL"",""Linux CLI"",""Proxmox"",""HAProxy"",""Docker""]",10000000,25000000,công_nghệ_thông_tin_kỹ_thuật_số,"{""dataset"":""dinhieufam/VietJobs"",""dataset_commit"":""ea140511b77935704e93d21c2973b72f46d48902"",""license"":""MIT""}"
vietjobs_vinuniversity,15bb2f04391f7468553ef3b105632b0560c4f9602579fada718ad19f39b6ee19,2025-10-31,Chuyên Viên Giám Sát Và Vận Hành Mạng (Network),Chuyên Viên Giám Sát Và Vận Hành Mạng Network ,mid,Cầu Giấy,1,1,"[""CCNA"",""PRTG"",""Cacti"",""Solarwind"",""BGP"",""OSPF"",""EIGRP"",""TCP/IP"",""MPLS"",""SVPN""]",13000000,20000000,công_nghệ_thông_tin_kỹ_thuật_số,"{""dataset"":""dinhieufam/VietJobs"",""dataset_commit"":""ea140511b77935704e93d21c2973b72f46d48902"",""license"":""MIT""}"
vietjobs_vinuniversity,15da8c4cba7c01443f6579a276bf71650f9d32c488c83c81637b3f158710b0bd,2025-10-31,Trưởng Nhóm An Ninh Mạng/ Cyber Security Lead,Trưởng Nhóm An Ninh Mạng/ Cyber Security Lead,lead,Quận 3,3,3,"[""Penetration Testing"",""Vulnerability Assessment"",""Threat Intelligence"",""Incident Response"",""Network Security"",""Firewall Management"",""Web Application Security"",""Malware Analysis"",""Reverse Engineering"",""Security Architecture"",""Risk Assessment"",""Python"",""Go"",""Java"",""JavaScript"",""Nmap"",""Metasploit"",""Burp Suite"",""Wireshark"",""Kali Linux"",""Docker"",""Kubernetes"",""AWS/Azure security services"",""Elasticsearch"",""PostgreSQL"",""MongoDB"",""Jenkins"",""GitLab CI""]",40000000,60000000,công_nghệ_thông_tin_kỹ_thuật_số,"{""dataset"":""dinhieufam/VietJobs"",""dataset_commit"":""ea140511b77935704e93d21c2973b72f46d48902"",""license"":""MIT""}"
vietjobs_vinuniversity,15f96fd44881df3c8de0f8880e3069299c24835114f63a4326dd8dadd20d69a0,2025-10-31,BIM Manager,BIM Manager,manager,Ho Chi Minh,3,3,"[""Revit"",""Navisworks"",""MS Office"",""MS Project"",""API"",""Python"",""Dynamo""]",20000000,50000000,công_nghệ_thông_tin_kỹ_thuật_số,"{""dataset"":""dinhieufam/VietJobs"",""dataset_commit"":""ea140511b77935704e93d21c2973b72f46d48902"",""license"":""MIT""}"
vietjobs_vinuniversity,1629170cdb1ed9636b86810b75285103db969db4185fbe37e6e08841c1e1b5fe,2025-10-31,Thiết Kế,Thiết Kế,mid,Ha Noi,2,2,"[""Adobe Photoshop"",""Illustrator"",""InDesign""]",15000000,30000000,công_nghệ_thông_tin_kỹ_thuật_số,"{""dataset"":""dinhieufam/VietJobs"",""dataset_commit"":""ea140511b77935704e93d21c2973b72f46d48902"",""license"":""MIT""}"
vietjobs_vinuniversity,16330193ccf27aa33de1de160236389394853b3f2bccd563b6a83d4293a9c3b6,2025-10-31,Frontend Developer,Frontend Developer,mid,Ha Noi,3,3,"[""JavaScript"",""TypeScript"",""Vue.js"",""HTML5"",""CSS3"",""Git"",""Test-Driven Development"",""SEO optimization techniques""]",15000000,24000000,công_nghệ_thông_tin_kỹ_thuật_số,"{""dataset"":""dinhieufam/VietJobs"",""dataset_commit"":""ea140511b77935704e93d21c2973b72f46d48902"",""license"":""MIT""}"
vietjobs_vinuniversity,1644569ab0e5695c1601d5144d07459bdf722cc227940eaa72eed5b1838902b0,2025-10-31,Data Engineer,Data Engineer,mid,Ha Noi,2,2,"[""PL/SQL"",""Oracle"",""ETL tools (Pentaho, Datastage)"",""Oracle BI""]",20000000,30000000,công_nghệ_thông_tin_kỹ_thuật_số,"{""dataset"":""dinhieufam/VietJobs"",""dataset_commit"":""ea140511b77935704e93d21c2973b72f46d48902"",""license"":""MIT""}"
vietjobs_vinuniversity,16612a969ebdf469fc23ca507864c0e7219ee8ef6b2a9cbd9e08a782a154d693,2025-10-31,Nhân Viên Kinh Doanh,Nhân Viên Kinh Doanh,mid,Ha Noi,0,0,"[""Kỹ năng tin học văn phòng"",""MS Office cơ bản""]",7000000,30000000,công_nghệ_thông_tin_kỹ_thuật_số,"{""dataset"":""dinhieufam/VietJobs"",""dataset_commit"":""ea140511b77935704e93d21c2973b72f46d48902"",""license"":""MIT""}"
vietjobs_vinuniversity,1666545799defc9a8bf378fa460dd2c2be8c091ccd62337510229715978d0a1d,2025-10-31,Thiết Kế Đồ Họa,Thiết Kế Đồ Họa,mid,Ha Noi,2,2,"[""Illustrator"",""Photoshop"",""Excel"",""Word"",""Powerpoint""]",13000000,18000000,công_nghệ_thông_tin_kỹ_thuật_số,"{""dataset"":""dinhieufam/VietJobs"",""dataset_commit"":""ea140511b77935704e93d21c2973b72f46d48902"",""license"":""MIT""}"
vietjobs_vinuniversity,1670c0075f4c7293a77b69cb4ce9dd123743b995b6a4eb78a1832e7592d4849c,2025-10-31,Nhân Viên Thiết Kế 3D,Nhân Viên Thiết Kế 3D,mid,"Hà Nội, Hồ Chí Minh",3,3,"[""3DsMax"",""Photoshop"",""Illustrator"",""AutoCAD""]",13000000,17000000,công_nghệ_thông_tin_kỹ_thuật_số,"{""dataset"":""dinhieufam/VietJobs"",""dataset_commit"":""ea140511b77935704e93d21c2973b72f46d48902"",""license"":""MIT""}"
vietjobs_vinuniversity,17790edaa0c4cac5589a26a4a19f58eb73cdee35d1af5367c7b4ab6689160532,2025-10-31,Design Media,Design Media,mid,Ha Noi,1,1,"[""Photoshop"",""Illustrator"",""Canva"",""Phần mềm chỉnh sửa ảnh"",""Phần mềm chỉnh sửa video""]",10000000,12000000,công_nghệ_thông_tin_kỹ_thuật_số,"{""dataset"":""dinhieufam/VietJobs"",""dataset_commit"":""ea140511b77935704e93d21c2973b72f46d48902"",""license"":""MIT""}"
vietjobs_vinuniversity,17dd2b4eac457c79e9c26f285b82960729cc51760054aef6dc2d2af8a5160958,2025-10-31,.Net Developer,.Net Developer,mid,Ha Noi,2,2,"["".NET"",""ASP.NET MVC"",""Web API"",""Restful API"",""Oracle Database"",""SQL Server"",""HTML"",""CSS"",""JavaScript"",""jQuery""]",18000000,28000000,công_nghệ_thông_tin_kỹ_thuật_số,"{""dataset"":""dinhieufam/VietJobs"",""dataset_commit"":""ea140511b77935704e93d21c2973b72f46d48902"",""license"":""MIT""}"
vietjobs_vinuniversity,17e0b89e609806a17c0f65354059e7af9bcbb145c7eb583979511ce60db00745,2025-10-31,Nhân Viên Lập Trình Web (Figma+PHP) - Đi Làm Ngay,Nhân Viên Lập Trình Web Figma+PHP - Đi Làm Ngay,mid,Hải Phòng,1,1,"[""PHP"",""MySQL"",""HTML"",""CSS"",""JavaScript"",""Figma"",""Laravel"",""CodeIgniter"",""WordPress""]",10000000,20000000,công_nghệ_thông_tin_kỹ_thuật_số,"{""dataset"":""dinhieufam/VietJobs"",""dataset_commit"":""ea140511b77935704e93d21c2973b72f46d48902"",""license"":""MIT""}"
vietjobs_vinuniversity,182de8711851773b2eff8f94b09a6c7fb3343b0151ff4f340b7e2e100a706d6f,2025-10-31,Nhân Viên Thiết Kế Đồ Họa,Nhân Viên Thiết Kế Đồ Họa,mid,Bắc Ninh,0,0,"[""Thành thạo các phần mềm thiết kế""]",11000000,16000000,công_nghệ_thông_tin_kỹ_thuật_số,"{""dataset"":""dinhieufam/VietJobs"",""dataset_commit"":""ea140511b77935704e93d21c2973b72f46d48902"",""license"":""MIT""}"
vietjobs_vinuniversity,186654dd98fca40b93f2420876ef8129c094cbdd61f83148add16a9809069cbc,2025-10-31,Nhân Viên Kinh Doanh Phần Mềm,Nhân Viên Kinh Doanh Phần Mềm,mid,Ha Noi,0,0,"[""Kỹ năng bán hàng"",""Kỹ năng giao tiếp""]",15000000,30000000,công_nghệ_thông_tin_kỹ_thuật_số,"{""dataset"":""dinhieufam/VietJobs"",""dataset_commit"":""ea140511b77935704e93d21c2973b72f46d48902"",""license"":""MIT""}"
vietjobs_vinuniversity,18d3cf56e8a9bc3ed6512271af416eceef8c393d0b56111a0200de83b82344ec,2025-10-31,Kỹ sư phần mềm (Lãnh đạo),Kỹ sư phần mềm Lãnh đạo ,mid,Ha Noi,3,3,"["".NET Core MVC"",""Web API"",""C#"",""Blazor"",""HTML"",""CSS"",""Javascript"",""MongoDB"",""PostgreSQL""]",25000000,25000000,công_nghệ_thông_tin_kỹ_thuật_số,"{""dataset"":""dinhieufam/VietJobs"",""dataset_commit"":""ea140511b77935704e93d21c2973b72f46d48902"",""license"":""MIT""}"
vietjobs_vinuniversity,18f74a9d8c766be33b57df9452086c8a41cbe3d97a45a2473bdee270d109f55c,2025-10-31,Fullstack Web Developer,Fullstack Developer,mid,Quận 7,5,5,"[""NodeJS"",""ReactJS"",""Google Cloud"",""Amazon Web Services"",""Kafka"",""Snowflake"",""RabbitMQ"",""ZeroMQ"",""threejs"",""Unity"",""ROS"",""Docker"",""Linux""]",50000000,90000000,công_nghệ_thông_tin_kỹ_thuật_số,"{""dataset"":""dinhieufam/VietJobs"",""dataset_commit"":""ea140511b77935704e93d21c2973b72f46d48902"",""license"":""MIT""}"
vietjobs_vinuniversity,1931e2c8fdcfd011be2aef7c2d5e6a045531d15056e4ab91f2c502d053a7f35a,2025-10-31,Thiết kế đồ họa xã hội,Thiết kế đồ họa xã hội,mid,Ho Chi Minh,2,2,"[""Adobe Photoshop"",""Adobe Illustrator"",""After Effects""]",12000000,14000000,công_nghệ_thông_tin_kỹ_thuật_số,"{""dataset"":""dinhieufam/VietJobs"",""dataset_commit"":""ea140511b77935704e93d21c2973b72f46d48902"",""license"":""MIT""}"
vietjobs_vinuniversity,1942b04ef7060cf2b63744ac2d4aa334c0b5e828bb77efaceac1efc5cefd464d,2025-10-31,ERP Infrastructure Specialist,ERP Infrastructure Specialist,mid,Ho Chi Minh,3,3,"[""Linux"",""Windows Server"",""PostgreSQL"",""MS SQL"",""MySQL"",""switch"",""router"",""firewall"",""API"",""RESTful"",""JSON"",""XML"",""OAuth""]",16000000,18000000,công_nghệ_thông_tin_kỹ_thuật_số,"{""dataset"":""dinhieufam/VietJobs"",""dataset_commit"":""ea140511b77935704e93d21c2973b72f46d48902"",""license"":""MIT""}"
vietjobs_vinuniversity,195b413e67cb5e0999b810e1464dd03371038d6043c61d35591ef73fd25d68be,2025-10-31,Sale IT Tiếng Nhật (Hybrid),Sale IT Tiếng Nhật Hybrid ,mid,Ha Noi,0,0,"[""Tiếng Nhật N1/N2 hoặc tương đương"",""Kỹ năng đàm phán"",""Kỹ năng thuyết trình"",""Kỹ năng chốt sales""]",40000000,60000000,công_nghệ_thông_tin_kỹ_thuật_số,"{""dataset"":""dinhieufam/VietJobs"",""dataset_commit"":""ea140511b77935704e93d21c2973b72f46d48902"",""license"":""MIT""}"
vietjobs_vinuniversity,1998257e707f294e12512069c01d83fb3a2210a30a43de13962004622cc17f0f,2025-10-31,Nhân Viên Kinh Doanh Phần Mềm,Nhân Viên Kinh Doanh Phần Mềm,mid,Ha Noi,2,2,"[""Sử dụng thành thạo các phần mềm Office (Word, Excel, Powerpoint)"",""Biết sử dụng các phần mềm quản lý công việc (Base, Trello, Notion)""]",10000000,12000000,công_nghệ_thông_tin_kỹ_thuật_số,"{""dataset"":""dinhieufam/VietJobs"",""dataset_commit"":""ea140511b77935704e93d21c2973b72f46d48902"",""license"":""MIT""}"
vietjobs_vinuniversity,19b3fdd965d0924074b3e4faa1c8282708f92ab7a86d48176e8507643c9fe571,2025-10-31,Nhà phân tích kinh doanh,Nhà phân tích kinh doanh,mid,Ha Noi,2,2,"[""Phân tích yêu cầu"",""Mô Hình Hóa Dữ Liệu"",""Viết tài liệu""]",15000000,20000000,công_nghệ_thông_tin_kỹ_thuật_số,"{""dataset"":""dinhieufam/VietJobs"",""dataset_commit"":""ea140511b77935704e93d21c2973b72f46d48902"",""license"":""MIT""}"
vietjobs_vinuniversity,19eea58144c3c86c1223f25f2e55a7182a2cdc4150a4de5aa97391a402ac942b,2025-10-31,Nhân Viên Kinh Doanh Phần Mềm,Nhân Viên Kinh Doanh Phần Mềm,mid,Ho Chi Minh,1,1,"[""Google Sheet"",""Word"",""Excel"",""Powerpoint""]",9000000,16000000,công_nghệ_thông_tin_kỹ_thuật_số,"{""dataset"":""dinhieufam/VietJobs"",""dataset_commit"":""ea140511b77935704e93d21c2973b72f46d48902"",""license"":""MIT""}"
vietjobs_vinuniversity,1a88571bf6105cafa2dc1a720c5b2d41a67670eb1ab093a5bc31742078fc8fb4,2025-10-31,Nhân Viên Thiết Kế & Media (Brand Media Designer),Nhân Viên Thiết Kế & Media Brand Media Designer ,mid,Ha Noi,2,2,"[""Photoshop"",""Illustrator"",""After Effect""]",15000000,17000000,công_nghệ_thông_tin_kỹ_thuật_số,"{""dataset"":""dinhieufam/VietJobs"",""dataset_commit"":""ea140511b77935704e93d21c2973b72f46d48902"",""license"":""MIT""}"
vietjobs_vinuniversity,1ad1512263f95592d8e1bcd29bc132494f7fa61cbd8ff6b272070df2d7348b6a,2025-10-31,FX Artist,FX Artist,mid,Ha Noi,1,1,"[""Houdini"",""Maya"",""After Effect"",""Nuke"",""Unreal""]",12000000,15000000,công_nghệ_thông_tin_kỹ_thuật_số,"{""dataset"":""dinhieufam/VietJobs"",""dataset_commit"":""ea140511b77935704e93d21c2973b72f46d48902"",""license"":""MIT""}"
vietjobs_vinuniversity,1ad557dfb95b380449013128a6485eb408a1bb0f8429676e8d00bd08871bebe7,2025-10-31,Nhà phát triển đầy đủ (Node.js/Next.j) Cấp giữa,Nhà phát triển đầy đủ Node.js/Next.j Cấp giữa,mid,Da Nang,3,3,"[""NodeJS"",""NextJS"",""JavaScript"",""TypeScript"",""PostgreSQL"",""MySQL"",""MongoDB"",""Redis"",""RESTful API"",""GraphQL"",""Git"",""Docker""]",12000000,18000000,công_nghệ_thông_tin_kỹ_thuật_số,"{""dataset"":""dinhieufam/VietJobs"",""dataset_commit"":""ea140511b77935704e93d21c2973b72f46d48902"",""license"":""MIT""}"
vietjobs_vinuniversity,1adb5a5baad3f73339b9fdb90c147617f3bc889855fda5559d216862a800c52c,2025-10-31,Chuyên Viên IT & System Coordinator,Chuyên Viên IT & System Coordinator,mid,"Hưng Yên, Hà Nội",2,2,"[""Quản lý hệ thống"",""Hỗ trợ người dùng"",""Quản lý hạ tầng mạng"",""Cài đặt và bảo trì hệ thống máy tính"",""Triển khai và vận hành phần mềm HIS/EMR"",""Bảo mật hệ thống và dữ liệu""]",15000000,20000000,công_nghệ_thông_tin_kỹ_thuật_số,"{""dataset"":""dinhieufam/VietJobs"",""dataset_commit"":""ea140511b77935704e93d21c2973b72f46d48902"",""license"":""MIT""}"
vietjobs_vinuniversity,1b04a826b0e80ec0d2780393a9b8af2b47429c3501a5ae416efe82a7b940f123,2025-10-31,Chuyên Viên Thiết Kế Đồ Họa,Chuyên Viên Thiết Kế Đồ Họa,mid,Hưng Yên,2,2,"[""Photoshop"",""Illustrator"",""After Effect"",""Premier Pro"",""Adobe Audition""]",12000000,15000000,công_nghệ_thông_tin_kỹ_thuật_số,"{""dataset"":""dinhieufam/VietJobs"",""dataset_commit"":""ea140511b77935704e93d21c2973b72f46d48902"",""license"":""MIT""}"
vietjobs_vinuniversity,1b74fa62e4c0e7f7fe780fea6da1e96d40410ea23ea57207470d7a894aca4a11,2025-10-31,Nhân Viên Lập Trình Máy Laser Và CNC,Nhân Viên Lập Trình Máy Laser Và CNC,mid,Ha Noi,0,0,"[""Vẽ thành thạo AutoCAD""]",9000000,13000000,công_nghệ_thông_tin_kỹ_thuật_số,"{""dataset"":""dinhieufam/VietJobs"",""dataset_commit"":""ea140511b77935704e93d21c2973b72f46d48902"",""license"":""MIT""}"
vietjobs_vinuniversity,1bc12b5ac1ea518ec187d86a92517e97323268d3356940248ea220d24ff98e0f,2025-10-31,System Administrator,System Administrator,mid,Ho Chi Minh,2,2,"[""Linux systems (Ubuntu/Debian)"",""Kubernetes"",""Docker"",""Kafka"",""Mongodb"",""VMware"",""OpenStack"",""Prometheus"",""Grafana"",""Ansible"",""Python""]",20000000,20000000,công_nghệ_thông_tin_kỹ_thuật_số,"{""dataset"":""dinhieufam/VietJobs"",""dataset_commit"":""ea140511b77935704e93d21c2973b72f46d48902"",""license"":""MIT""}"
vietjobs_vinuniversity,1c31170b2b58649acba6802e5184ed525504b7f2923eb4cc23a542193fc9d16e,2025-10-31,BrSE - Kỹ Sư Cầu Nối Tiếng Nhật,BrSE - Kỹ Sư Cầu Nối Tiếng Nhật,mid,Da Nang,2,2,"[""Tiếng Nhật từ N2 trở lên"",""Kinh nghiệm quản lý dự án phần mềm""]",70000000,70000000,công_nghệ_thông_tin_kỹ_thuật_số,"{""dataset"":""dinhieufam/VietJobs"",""dataset_commit"":""ea140511b77935704e93d21c2973b72f46d48902"",""license"":""MIT""}"
vietjobs_vinuniversity,1c3ab8e455637a19e74c44b7a1ee1789ef92e7e8f852af6c4ca5e4d4eaab3468,2025-10-31,Nhân Viên Phát Hành Chứng Từ,Nhân Viên Phát Hành Chứng Từ,mid,Ho Chi Minh,0,0,[],9000000,9000000,công_nghệ_thông_tin_kỹ_thuật_số,"{""dataset"":""dinhieufam/VietJobs"",""dataset_commit"":""ea140511b77935704e93d21c2973b72f46d48902"",""license"":""MIT""}"
vietjobs_vinuniversity,1c4a9d6da1cf0ebb3d5465a7640847547f32af913d53a76f4d061ac952acad21,2025-10-31,Giám đốc dự án,Giám đốc dự án,mid,Da Nang,5,5,"[""Quản Lý Dự Án"",""Quản Lý Ngân Sách"",""Quản Lý Rủi Ro"",""Lập Kế Hoạch Dự Án"",""Theo Dõi Tiến Độ Dự Án""]",40000000,80000000,công_nghệ_thông_tin_kỹ_thuật_số,"{""dataset"":""dinhieufam/VietJobs"",""dataset_commit"":""ea140511b77935704e93d21c2973b72f46d48902"",""license"":""MIT""}"
vietjobs_vinuniversity,1c6092361fce403c25f7975aa41200ab2b258ecd0eaffc95c0552ea71461764f,2025-10-31,Nhà phân tích kinh doanh sản phẩm,Nhà phân tích kinh doanh sản phẩm,mid,Ha Noi,2,2,"[""Figma"",""Miro"",""Balsamiq""]",15000000,22000000,công_nghệ_thông_tin_kỹ_thuật_số,"{""dataset"":""dinhieufam/VietJobs"",""dataset_commit"":""ea140511b77935704e93d21c2973b72f46d48902"",""license"":""MIT""}"
vietjobs_vinuniversity,1c9e8e08947fa19cdc12275b20f62bab523000cb1bdb7fd125ac60047abfaa8d,2025-10-31,Thực Tập Sinh Kinh Doanh,Thực Tập Sinh Kinh Doanh,intern,Ho Chi Minh,0,0,"[""Kỹ năng giao tiếp qua điện thoại"",""Khả năng làm việc nhóm"",""Khả năng tư vấn và thuyết phục khách hàng""]",6000000,10000000,công_nghệ_thông_tin_kỹ_thuật_số,"{""dataset"":""dinhieufam/VietJobs"",""dataset_commit"":""ea140511b77935704e93d21c2973b72f46d48902"",""license"":""MIT""}"
vietjobs_vinuniversity,1d03f5856a2305e50d9f75d2e5dd5e8aac81d6e876537e40c7ab52b3976a04e1,2025-10-31,Chuyên Viên Phân Tích Dữ Liệu,Chuyên Viên Phân Tích Dữ Liệu,mid,Ha Noi,2,2,"[""Microsoft SQL"",""SQL"",""Python"",""Power BI""]",15000000,20000000,công_nghệ_thông_tin_kỹ_thuật_số,"{""dataset"":""dinhieufam/VietJobs"",""dataset_commit"":""ea140511b77935704e93d21c2973b72f46d48902"",""license"":""MIT""}"
vietjobs_vinuniversity,1d156a0995c61bd170e79d80e1841581baac5afca1fa28799f78f6cb1b8140fa,2025-10-31,Chuyên Viên Phân Tích & Tối Ưu Vận Hành OOA,Chuyên Viên Phân Tích & Tối Ưu Vận Hành OOA,mid,Ha Noi,3,3,"[""Excel"",""SQL"",""Power BI"",""Tableau"",""Python"",""R""]",25000000,35000000,công_nghệ_thông_tin_kỹ_thuật_số,"{""dataset"":""dinhieufam/VietJobs"",""dataset_commit"":""ea140511b77935704e93d21c2973b72f46d48902"",""license"":""MIT""}"
vietjobs_vinuniversity,1d309fab2461cf173810e1e8dc4e25b5ad1d4cf948774eced1ba190cee09aa6d,2025-10-31,Diễn Hoạt,Diễn Hoạt,mid,Ha Noi,1,1,"[""Moho"",""Photoshop"",""AI"",""Premiere""]",8000000,12000000,công_nghệ_thông_tin_kỹ_thuật_số,"{""dataset"":""dinhieufam/VietJobs"",""dataset_commit"":""ea140511b77935704e93d21c2973b72f46d48902"",""license"":""MIT""}"
vietjobs_vinuniversity,1d82fd5dfab19deb23571acd8ba97b052930ac54c106001f30c262475461a7ce,2025-10-31,Chuyên Viên Phân Tích Nghiệp Vụ,Chuyên Viên Phân Tích Nghiệp Vụ,mid,Ha Noi,4,4,"[""SQL"",""Data Modeling""]",30000000,30000000,công_nghệ_thông_tin_kỹ_thuật_số,"{""dataset"":""dinhieufam/VietJobs"",""dataset_commit"":""ea140511b77935704e93d21c2973b72f46d48902"",""license"":""MIT""}"
vietjobs_vinuniversity,1d8589ce99cb789563bb64f9c41930e2120de5eeff7ff2986da15289ffa83922,2025-10-31,Nhân Viên Công Nghệ Thông Tin,Nhân Viên Công Nghệ Thông Tin,mid,"Hồ Chí Minh, Cần Thơ",2,2,"[""Hệ thống RIS-PACS"",""Phần cứng máy chủ"",""NAS"",""Lưu trữ SAN"",""Cấu hình RAID"",""Xử lý sự cố phần cứng""]",10000000,15000000,công_nghệ_thông_tin_kỹ_thuật_số,"{""dataset"":""dinhieufam/VietJobs"",""dataset_commit"":""ea140511b77935704e93d21c2973b72f46d48902"",""license"":""MIT""}"
vietjobs_vinuniversity,1dab2212edc97ba1c915cd748ccc29af8f9f0eb44304ee1fb0c9518922a0d689,2025-10-31,Nhân Viên Thiết Kế Graphic Designer,Nhân Viên Thiết Kế Graphic Designer,mid,Ha Noi,2,2,"[""Adobe Illustrator"",""Adobe Photoshop""]",10000000,15000000,công_nghệ_thông_tin_kỹ_thuật_số,"{""dataset"":""dinhieufam/VietJobs"",""dataset_commit"":""ea140511b77935704e93d21c2973b72f46d48902"",""license"":""MIT""}"
vietjobs_vinuniversity,1dedf88ea4435fecf85a9cb0ead852ef23ff2bcbb539263ad4c76d1d3c8606a1,2025-10-31,Nhân Viên Thiết Kế,Nhân Viên Thiết Kế,mid,Ha Noi,1,1,"[""Auto Cad"",""3D Max"",""Photoshop"",""Sketchup""]",11000000,17000000,công_nghệ_thông_tin_kỹ_thuật_số,"{""dataset"":""dinhieufam/VietJobs"",""dataset_commit"":""ea140511b77935704e93d21c2973b72f46d48902"",""license"":""MIT""}"
vietjobs_vinuniversity,1dfab1514dfd4349e07201aad434f2c6a8e91506c27c94eaadc34872a0435e7c,2025-10-31,Nhân Viên IT / IT Helpdesk/ IT Support,Nhân Viên IT / IT Helpdesk/ IT Support,mid,Đồng Nai,3,3,[],8000000,12000000,công_nghệ_thông_tin_kỹ_thuật_số,"{""dataset"":""dinhieufam/VietJobs"",""dataset_commit"":""ea140511b77935704e93d21c2973b72f46d48902"",""license"":""MIT""}"
vietjobs_vinuniversity,1e6f6f7034343879d1b839f4fd182da90f6026f0c310284323d58b70e31b19af,2025-10-31,2D Anim / VFX Artist,2D Anim / VFX Artist,mid,Ha Noi,3,3,"[""Unity"",""3D Animation"",""2D Animation"",""VFX Software Proficiency (e.g., After Effects, Nuke, Fusion)""]",20000000,20000000,công_nghệ_thông_tin_kỹ_thuật_số,"{""dataset"":""dinhieufam/VietJobs"",""dataset_commit"":""ea140511b77935704e93d21c2973b72f46d48902"",""license"":""MIT""}"
vietjobs_vinuniversity,1e822faa4867a9091515a2aacf993fe10951e33a071119d1de4d98eb2218aa16,2025-10-31,Chuyên Viên Phát Triển Phần Mềm,Chuyên Viên Phát Triển Phần Mềm,mid,Ha Noi,3,3,"[""Phân tích nghiệp vụ"",""Quản lý và phát triển phần mềm"",""Kinh nghiệm làm việc với các phần mềm ERP, CRM""]",15000000,17000000,công_nghệ_thông_tin_kỹ_thuật_số,"{""dataset"":""dinhieufam/VietJobs"",""dataset_commit"":""ea140511b77935704e93d21c2973b72f46d48902"",""license"":""MIT""}"
vietjobs_vinuniversity,1e824ace47bc1061837dba243950ac8982c8026390be58693a7a40cdc400fbbc,2025-10-31,Nhân Viên Lập Trình Hệ Thống Báo Cháy (Tiếng Hàn),Nhân Viên Lập Trình Hệ Thống Báo Cháy Tiếng Hàn ,mid,Ha Noi,0,0,"[""AutoCAD cơ bản""]",9000000,13000000,công_nghệ_thông_tin_kỹ_thuật_số,"{""dataset"":""dinhieufam/VietJobs"",""dataset_commit"":""ea140511b77935704e93d21c2973b72f46d48902"",""license"":""MIT""}"
vietjobs_vinuniversity,1edac028a1ab91083abfc3e20fd5d0b6cf83b10197713faa67fb3fdd4d53db88,2025-10-31,Thiết Kế Đồ Họa - Designer,Thiết Kế Đồ Họa - Designer,mid,Ho Chi Minh,1,1,"[""CapCut"",""Photoshop"",""PR"",""Illustrator"",""AE""]",8000000,20000000,công_nghệ_thông_tin_kỹ_thuật_số,"{""dataset"":""dinhieufam/VietJobs"",""dataset_commit"":""ea140511b77935704e93d21c2973b72f46d48902"",""license"":""MIT""}"
vietjobs_vinuniversity,1ee5c12a6a6bd04303da5787d30c07d2862468cfd19ae32ba33ce978557a2ffc,2025-10-31,Đánh Giá An Toàn Thông Tin (Redteam),Đánh Giá An Toàn Thông Tin Redteam ,mid,Ha Noi,3,3,"[""Kỹ thuật tấn công"",""Khai thác lỗ hổng"",""Reverse Engineering"",""Phân tích mã độc"",""Lập trình (Python, C/C++, Java)"",""Scripting (Bash, PowerShell)"",""Công cụ tấn công (Burp Suite, Nmap, Wireshark, Metasploit, Cobalt Strike, Empire, Sliver)"",""MITRE ATT&CK framework""]",30000000,40000000,công_nghệ_thông_tin_kỹ_thuật_số,"{""dataset"":""dinhieufam/VietJobs"",""dataset_commit"":""ea140511b77935704e93d21c2973b72f46d48902"",""license"":""MIT""}"
vietjobs_vinuniversity,1ef62b3c57e7e71f5b616da62e16afb5bca0d0fd0e4f6b2679f453c25be4a35c,2025-10-31,Nhà thiết kế đồ họa Junior,Junior Nhà thiết kế đồ họa Junior,junior,Hải Phòng,1,1,"[""Sử dụng thành thạo bộ công cụ thiết kế của Adobe"",""Kiến thức và am hiểu sâu sắc về Branding, Typography, Layout, Illustration""]",7000000,10000000,công_nghệ_thông_tin_kỹ_thuật_số,"{""dataset"":""dinhieufam/VietJobs"",""dataset_commit"":""ea140511b77935704e93d21c2973b72f46d48902"",""license"":""MIT""}"
vietjobs_vinuniversity,1efce47b017aebf6e7dc4ba1e4e1e96e6b3d984355e7e08a0cd137e05ddddc50,2025-10-31,Nhân Viên Lập Trình Kỹ Thuật CNC,Nhân Viên Lập Trình Kỹ Thuật CNC,mid,Gia Lâm,3,3,"[""Lập trình CNC"",""Vận hành máy tiện CNC"",""Đọc hiểu bảng vẽ gia công""]",15000000,18000000,công_nghệ_thông_tin_kỹ_thuật_số,"{""dataset"":""dinhieufam/VietJobs"",""dataset_commit"":""ea140511b77935704e93d21c2973b72f46d48902"",""license"":""MIT""}"
vietjobs_vinuniversity,1f5619612df91de3c218fb90b1299bfa43458244aa0c34ed5186f60554fd918f,2025-10-31,Hỗ trợ khách hàng của đám mây - L1 bán thời gian/điều khiển từ xa,Hỗ trợ khách hàng của đám mây - L1 bán thời gian/điều khiển từ xa,mid,Ha Noi,0,0,"[""Basic networking knowledge"",""Proficient in using Windows and Linux systems"",""Basic understanding of cloud services""]",5000000,5000000,công_nghệ_thông_tin_kỹ_thuật_số,"{""dataset"":""dinhieufam/VietJobs"",""dataset_commit"":""ea140511b77935704e93d21c2973b72f46d48902"",""license"":""MIT""}"
vietjobs_vinuniversity,1f63a88c83cb5acebe5e54c4f5cb7a1d36b34080693d768f39f8ea023a649001,2025-10-31,Java Developer,Java Developer,mid,Ha Noi,2,2,"[""Java"",""Springboot"",""Hibernate"",""RESTAPI""]",15000000,22000000,công_nghệ_thông_tin_kỹ_thuật_số,"{""dataset"":""dinhieufam/VietJobs"",""dataset_commit"":""ea140511b77935704e93d21c2973b72f46d48902"",""license"":""MIT""}"
vietjobs_vinuniversity,1f85ab5690c84ed664911d5a547feea79ce53cc7a2e40b8c935b16eafd449ba7,2025-10-31,Nhân Viên Graphic Designer,Nhân Viên Graphic Designer,mid,Ho Chi Minh,1,1,"[""Adobe Illustrator"",""Photoshop"",""After Effects"",""Figma"",""Canva""]",10000000,20000000,công_nghệ_thông_tin_kỹ_thuật_số,"{""dataset"":""dinhieufam/VietJobs"",""dataset_commit"":""ea140511b77935704e93d21c2973b72f46d48902"",""license"":""MIT""}"
vietjobs_vinuniversity,1fb01a66715b94dd9fbcf904aab34896c05a75e93ef8e2e5993128f84317de4d,2025-10-31,Cộng Tác Viên Biên Kịch Hoạt Hình (Short Clip),Cộng Tác Viên Biên Kịch Hoạt Hình Short Clip ,mid,Ha Noi,1,1,"[""Sử dụng các công cụ AI"",""Phần mềm chỉnh sửa video"",""Phần mềm cắt ghép ảnh""]",7000000,8000000,công_nghệ_thông_tin_kỹ_thuật_số,"{""dataset"":""dinhieufam/VietJobs"",""dataset_commit"":""ea140511b77935704e93d21c2973b72f46d48902"",""license"":""MIT""}"
vietjobs_vinuniversity,20038473eec5612c9d8cf192d93fb6803b4a6c6e73918b93bbe3e6e44bd89e70,2025-10-31,Sales IT Outsourcing (Kinh Doanh Mảng IT),Sales IT Outsourcing Kinh Doanh Mảng IT ,mid,Ha Noi,0,0,"[""Kỹ năng đàm phán"",""Kỹ năng bán hàng"",""Kỹ năng thuyết trình"",""Hiểu Biết Về Thị Trường IT Outsourcing"",""Tiếng Nhật (nói, Đọc, Viết) Lưu Loát""]",20000000,25000000,công_nghệ_thông_tin_kỹ_thuật_số,"{""dataset"":""dinhieufam/VietJobs"",""dataset_commit"":""ea140511b77935704e93d21c2973b72f46d48902"",""license"":""MIT""}"
vietjobs_vinuniversity,205b8a7469f73db3d73def109986571d09721ffab89de464ebc1393093827413,2025-10-31,Junior Tester,Junior Tester,junior,Ha Noi,1,1,"[""Testing techniques"",""Testing methods"",""Software testing processes"",""Testing web applications"",""API testing"",""Performance testing""]",12000000,15000000,công_nghệ_thông_tin_kỹ_thuật_số,"{""dataset"":""dinhieufam/VietJobs"",""dataset_commit"":""ea140511b77935704e93d21c2973b72f46d48902"",""license"":""MIT""}"
vietjobs_vinuniversity,20682cba7a104baf9efa9fad3352ad7196aa2f3b49a4ae44fd10f5570bbbf746,2025-10-31,Thực Tập Sinh Marketing/ Digital MKT Fullstack,Fullstack Developer,intern,Ha Noi,0,0,"[""Chạy quảng cáo (Facebook, Google, Tiktok)"",""SEO Websites"",""Content Master"",""Chỉnh sửa Edit video (Capcut, Canvas, Photoshop)""]",2000000,4000000,công_nghệ_thông_tin_kỹ_thuật_số,"{""dataset"":""dinhieufam/VietJobs"",""dataset_commit"":""ea140511b77935704e93d21c2973b72f46d48902"",""license"":""MIT""}"
vietjobs_vinuniversity,212474412ac8226379df072bd3ba9658b1bccf347f1a0ef8cf57718614e06295,2025-10-31,Nhân Viên Thiết Kế,Nhân Viên Thiết Kế,mid,Thanh Hoá,1,1,"[""Photoshop"",""AI"",""CorelDRAW""]",15000000,20000000,công_nghệ_thông_tin_kỹ_thuật_số,"{""dataset"":""dinhieufam/VietJobs"",""dataset_commit"":""ea140511b77935704e93d21c2973b72f46d48902"",""license"":""MIT""}"
vietjobs_vinuniversity,213a5ff89ed644248465575f01a4368812f6a863a4d1478b00fc1b4bc23a7437,2025-10-31,Nhân Viên Thiết Kế,Nhân Viên Thiết Kế,mid,Ha Noi,1,1,"[""Photoshop"",""Illustrator""]",12000000,15000000,công_nghệ_thông_tin_kỹ_thuật_số,"{""dataset"":""dinhieufam/VietJobs"",""dataset_commit"":""ea140511b77935704e93d21c2973b72f46d48902"",""license"":""MIT""}"
vietjobs_vinuniversity,2158af05c93aac5929feda45e316beda5fbba8eeefaf07afc29d732f7ad0b188,2025-10-31,Senior DevOps Engineer,Senior DevOps Engineer,senior,Ha Noi,3,3,"[""AWS"",""GCP"",""Terraform"",""Jenkins"",""Docker"",""Kubernetes"",""Prometheus"",""Grafana"",""Loki"",""Sentry""]",30000000,60000000,công_nghệ_thông_tin_kỹ_thuật_số,"{""dataset"":""dinhieufam/VietJobs"",""dataset_commit"":""ea140511b77935704e93d21c2973b72f46d48902"",""license"":""MIT""}"
vietjobs_vinuniversity,2188c49fedcb82469bfe661112a62f060edec3fcc9a0104f78bac901bc5e3f08,2025-10-31,Nhà phân tích kinh doanh (Y Tế),Nhà phân tích kinh doanh Y Tế ,mid,Ha Noi,3,3,"[""Phân tích nghiệp vụ"",""Triển khai dự án trong lĩnh vực y tế"",""Xây dựng tài liệu đặc tả yêu cầu nghiệp vụ"",""Thiết kế kịch bản kiểm thử (UAT)""]",20000000,30000000,công_nghệ_thông_tin_kỹ_thuật_số,"{""dataset"":""dinhieufam/VietJobs"",""dataset_commit"":""ea140511b77935704e93d21c2973b72f46d48902"",""license"":""MIT""}"
vietjobs_vinuniversity,21ed3e7e6b889c4563a045975685ba2ceeae7056e79b0a23169b6e982e467d19,2025-10-31,Nhân Viên Kỹ Thuật,Nhân Viên Kỹ Thuật,mid,Ha Noi,1,1,"[""Sử dụng thành thạo tin học văn phòng""]",10000000,15000000,công_nghệ_thông_tin_kỹ_thuật_số,"{""dataset"":""dinhieufam/VietJobs"",""dataset_commit"":""ea140511b77935704e93d21c2973b72f46d48902"",""license"":""MIT""}"
vietjobs_vinuniversity,222ae31c1df15e5d17cc3d54a1ed9d84f9419252413ff6eb1d9ea88420ede76b,2025-10-31,Nhân Viên Phát Triển Phần Mềm,Nhân Viên Phát Triển Phần Mềm,mid,Ho Chi Minh,2,2,"[""C#"",""VB"",""SQL Server"",""Git"",""Winform"",""Asp Net"",""Xamarin"",""MAUI""]",8000000,10000000,công_nghệ_thông_tin_kỹ_thuật_số,"{""dataset"":""dinhieufam/VietJobs"",""dataset_commit"":""ea140511b77935704e93d21c2973b72f46d48902"",""license"":""MIT""}"
vietjobs_vinuniversity,222cd9aa42e752804d1352b27a3dc078eddcbbe92eac3c22fb58898c52a51dac,2025-10-31,CNTT Business Development Intern,CNTT Business Development Intern,intern,Ha Noi,0,0,"[""Tiếng Anh giao tiếp""]",1000000,3000000,công_nghệ_thông_tin_kỹ_thuật_số,"{""dataset"":""dinhieufam/VietJobs"",""dataset_commit"":""ea140511b77935704e93d21c2973b72f46d48902"",""license"":""MIT""}"
vietjobs_vinuniversity,228af3192c4dc7b1d42a7280ae3bbb8052ad5ebc4bee0e0b8e7ec02d09a80676,2025-10-31,Nhân Viên Kinh Doanh Phần Mềm,Nhân Viên Kinh Doanh Phần Mềm,mid,Ho Chi Minh,2,2,"[""Tin học văn phòng (Word, Excel, PowerPoint)"",""Kiến thức về công nghệ thông tin, phần mềm""]",15000000,50000000,công_nghệ_thông_tin_kỹ_thuật_số,"{""dataset"":""dinhieufam/VietJobs"",""dataset_commit"":""ea140511b77935704e93d21c2973b72f46d48902"",""license"":""MIT""}"
vietjobs_vinuniversity,22ee85ee46d831799e4d39cd6f12691e91b2dd66ff65df8128677ab670bbe7bf,2025-10-31,Nhân Viên Kinh Doanh Phần Mềm,Nhân Viên Kinh Doanh Phần Mềm,mid,Ha Noi,2,2,"[""Kỹ năng giao tiếp"",""Kỹ năng đàm phán"",""Kỹ năng tổ chức"",""Kỹ năng quản lý thời gian""]",20000000,30000000,công_nghệ_thông_tin_kỹ_thuật_số,"{""dataset"":""dinhieufam/VietJobs"",""dataset_commit"":""ea140511b77935704e93d21c2973b72f46d48902"",""license"":""MIT""}"
vietjobs_vinuniversity,235bbbb16b1d268ee8a87aeb961f695e710f55dd91efd49fb7531386c9909f53,2025-10-31,PHP cao cấp (tiếng Anh),PHP cao cấp tiếng Anh ,mid,"Hà Nội, Hồ Chí Minh",5,5,"[""PHP"",""Laravel"",""MySQL"",""RESTful APIs"",""GitLab"",""GitHub"",""Postman"",""Grafana"",""Kibana""]",35000000,35000000,công_nghệ_thông_tin_kỹ_thuật_số,"{""dataset"":""dinhieufam/VietJobs"",""dataset_commit"":""ea140511b77935704e93d21c2973b72f46d48902"",""license"":""MIT""}"
vietjobs_vinuniversity,2475afb34df4d502538dd70dea276bcf18c2496a31e27cb9d3fe145d3d636173,2025-10-31,Project Manager,Project Manager,manager,Da Nang,2,2,"[""Quản lý dự án"",""Lập kế hoạch dự án"",""Quản lý rủi ro"",""Quản lý ngân sách""]",18000000,40000000,công_nghệ_thông_tin_kỹ_thuật_số,"{""dataset"":""dinhieufam/VietJobs"",""dataset_commit"":""ea140511b77935704e93d21c2973b72f46d48902"",""license"":""MIT""}"
vietjobs_vinuniversity,248771f69b9198590d77db33fc977acb4abfa7af172e634b52d7290bc4d395a4,2025-10-31,Nhân Viên Thiết Kế,Nhân Viên Thiết Kế,mid,Ho Chi Minh,2,2,"[""Photoshop"",""Illustrator""]",13000000,14000000,công_nghệ_thông_tin_kỹ_thuật_số,"{""dataset"":""dinhieufam/VietJobs"",""dataset_commit"":""ea140511b77935704e93d21c2973b72f46d48902"",""license"":""MIT""}"
vietjobs_vinuniversity,24b399b27200e599f8d405b636ce9ee85190d20279adf69688c61281315158a6,2025-10-31,Chuyên Viên Phát Triển Kinh Doanh Phần Mềm ERP,Chuyên Viên Phát Triển Kinh Doanh Phần Mềm ERP,mid,Ha Noi,0,0,"[""Nghiên cứu thị trường"",""Phân tích đối thủ""]",10000000,30000000,công_nghệ_thông_tin_kỹ_thuật_số,"{""dataset"":""dinhieufam/VietJobs"",""dataset_commit"":""ea140511b77935704e93d21c2973b72f46d48902"",""license"":""MIT""}"
vietjobs_vinuniversity,2552fa67732a7c48841ac62fa381438d3d027ccdeb1ed2d0673a814515d34119,2025-10-31,Nhà phát triển SQL (Oracle - Trung/cao cấp),Nhà phát triển SQL Oracle - Trung/cao cấp ,mid,Ha Noi,3,3,"[""SQL"",""Oracle PL/SQL"",""ETL"",""Performance tuning"",""Database architecture""]",20000000,35000000,công_nghệ_thông_tin_kỹ_thuật_số,"{""dataset"":""dinhieufam/VietJobs"",""dataset_commit"":""ea140511b77935704e93d21c2973b72f46d48902"",""license"":""MIT""}"
vietjobs_vinuniversity,258b76d0531e1189387cdedaa08eb55781b17012ab1638a358f5f462f4ef9a40,2025-10-31,Chủ sở hữu sản phẩm,Chủ sở hữu sản phẩm,mid,Ho Chi Minh,2,2,"[""UI/UX"",""API"",""AI"",""eCommerce""]",20000000,25000000,công_nghệ_thông_tin_kỹ_thuật_số,"{""dataset"":""dinhieufam/VietJobs"",""dataset_commit"":""ea140511b77935704e93d21c2973b72f46d48902"",""license"":""MIT""}"
vietjobs_vinuniversity,262e2da81123a1f716b75e780271628e7a643c72ec427e3f3aad399fe3051f1e,2025-10-31,Lập Trình Máy CNC,Lập Trình Máy CNC,mid,Ha Noi,0,0,"[""NX"",""Mastercam"",""Cimatron""]",10000000,15000000,công_nghệ_thông_tin_kỹ_thuật_số,"{""dataset"":""dinhieufam/VietJobs"",""dataset_commit"":""ea140511b77935704e93d21c2973b72f46d48902"",""license"":""MIT""}"
vietjobs_vinuniversity,263f8786b2d03dc6545dce934e87820642d442b1a1aefc9c4ffb6375314a5c3e,2025-10-31,Project Manager,Project Manager,manager,Da Nang,5,5,"[""Project management software tools"",""Methodologies"",""Best practices""]",20000000,26000000,công_nghệ_thông_tin_kỹ_thuật_số,"{""dataset"":""dinhieufam/VietJobs"",""dataset_commit"":""ea140511b77935704e93d21c2973b72f46d48902"",""license"":""MIT""}"
vietjobs_vinuniversity,2730f8b97b99b1e8b76bcb37226c778439cfab1458cd9b63fe7eac61c54d1108,2025-10-31,Vận Hành Dự Án Game,Vận Hành Dự Án Game,mid,Hà Đông,1,1,"[""Viết nội dung"",""Hiểu sản phẩm""]",7000000,10000000,công_nghệ_thông_tin_kỹ_thuật_số,"{""dataset"":""dinhieufam/VietJobs"",""dataset_commit"":""ea140511b77935704e93d21c2973b72f46d48902"",""license"":""MIT""}"
vietjobs_vinuniversity,2775bcabda28903a8c142589cfcbc6de0ace8d25f75b7b029c340ad7b6ec269a,2025-10-31,Giám Sát Và Thi Công Triển Khai Hệ Thống,Giám Sát Và Thi Công Triển Khai Hệ Thống,mid,Ho Chi Minh,2,2,"[""Kỹ thuật kéo dây"",""Đấu nối"",""Cấu hình hệ thống camera IP/analog"",""Hiểu biết về mạng LAN/WAN""]",10000000,17000000,công_nghệ_thông_tin_kỹ_thuật_số,"{""dataset"":""dinhieufam/VietJobs"",""dataset_commit"":""ea140511b77935704e93d21c2973b72f46d48902"",""license"":""MIT""}"
vietjobs_vinuniversity,27a4f0185861489d04e94fcee17287d63f95f0cc40c6147fa6d27bfbf4c295c7,2025-10-31,Nhà phân tích kinh doanh,Nhà phân tích kinh doanh,mid,Ha Noi,3,3,"[""Kỹ năng phân tích yêu cầu và quy trình nghiệp vụ"",""Kỹ năng viết tài liệu chuyên môn CNTT theo chuẩn UML"",""Thành thạo các bộ công cụ MS Office, Visio, Draw.io""]",35000000,35000000,công_nghệ_thông_tin_kỹ_thuật_số,"{""dataset"":""dinhieufam/VietJobs"",""dataset_commit"":""ea140511b77935704e93d21c2973b72f46d48902"",""license"":""MIT""}"
vietjobs_vinuniversity,27b4fba8015e4898ae35c1e3a88a481bfbf3fb66a8f02bdeafa1bccd47b7d43a,2025-10-31,Nhà thiết kế đồ họa cao cấp,Nhà thiết kế đồ họa cao cấp,mid,Ho Chi Minh,2,2,"[""AI"",""Photoshop"",""Illustrator"",""Pre""]",15000000,17000000,công_nghệ_thông_tin_kỹ_thuật_số,"{""dataset"":""dinhieufam/VietJobs"",""dataset_commit"":""ea140511b77935704e93d21c2973b72f46d48902"",""license"":""MIT""}"
vietjobs_vinuniversity,28060e516cc9019a2fada145ad240c6cd023da873b95770a358042c30b413ff3,2025-10-31,Nhân Viên Chỉnh Sửa Hình Ảnh,Nhân Viên Chỉnh Sửa Hình Ảnh,mid,Ho Chi Minh,0,0,"[""Photoshop"",""Pentool""]",7000000,9000000,công_nghệ_thông_tin_kỹ_thuật_số,"{""dataset"":""dinhieufam/VietJobs"",""dataset_commit"":""ea140511b77935704e93d21c2973b72f46d48902"",""license"":""MIT""}"
vietjobs_vinuniversity,28739b1b718a3ebc54130caf9d5e96fd8b5467a2f93467c0d106c21dd3aac257,2025-10-31,Marketing Designer,Marketing Designer,mid,Ho Chi Minh,0,0,"[""Adobe Photoshop"",""Illustrator"",""After Effects""]",8000000,10000000,công_nghệ_thông_tin_kỹ_thuật_số,"{""dataset"":""dinhieufam/VietJobs"",""dataset_commit"":""ea140511b77935704e93d21c2973b72f46d48902"",""license"":""MIT""}"
vietjobs_vinuniversity,28f3c5c8b28f804a1e3ff5600201c6b23bd859d2e4298d5e8c4f827a63b08731,2025-10-31,Trưởng Bộ Phận Sản Xuất Video Và Hình Ảnh,Trưởng Bộ Phận Sản Xuất Video Và Hình Ảnh,mid,Ho Chi Minh,5,5,"[""Kiến thức về thiết bị quay, chụp"",""Thiết bị ánh sáng"",""Flycam"",""Phần mềm Premiere"",""After Effect"",""Photoshop"",""Capcut""]",35000000,50000000,công_nghệ_thông_tin_kỹ_thuật_số,"{""dataset"":""dinhieufam/VietJobs"",""dataset_commit"":""ea140511b77935704e93d21c2973b72f46d48902"",""license"":""MIT""}"
vietjobs_vinuniversity,28fde1fbcb5927d8a86fe26b1e88a5fe8ccab1dfa126b5497baa6873f5253303,2025-10-31,Business Analyst (Giao Tiếp Tiếng Anh),Data Analyst,mid,Ha Noi,3,3,"[""BRD/SRS"",""API"",""web"",""AWS"",""data model""]",25000000,33000000,công_nghệ_thông_tin_kỹ_thuật_số,"{""dataset"":""dinhieufam/VietJobs"",""dataset_commit"":""ea140511b77935704e93d21c2973b72f46d48902"",""license"":""MIT""}"
vietjobs_vinuniversity,2984e06a4c19ca59a40222c84eb2221b62270f6d9be217b449cd23b2bf45db9b,2025-10-31,Cộng Tác Viên Kiểm Thử Chất Lượng,Cộng Tác Viên Kiểm Thử Chất Lượng,mid,Ha Noi,0,0,"[""Kiểm thử phần mềm"",""Backend"",""Frontend"",""Database"",""Ứng dụng di động""]",6000000,12000000,công_nghệ_thông_tin_kỹ_thuật_số,"{""dataset"":""dinhieufam/VietJobs"",""dataset_commit"":""ea140511b77935704e93d21c2973b72f46d48902"",""license"":""MIT""}"
vietjobs_vinuniversity,29de812af33cad4094ac2b6ea2db16ca21e1ba3bf18a1fd68966fd94059e8bd4,2025-10-31,Thực Tập Sinh Design,Thực Tập Sinh Design,intern,Ha Noi,0,0,"[""AI"",""Adobe Illustrator"",""Photoshop""]",2000000,4000000,công_nghệ_thông_tin_kỹ_thuật_số,"{""dataset"":""dinhieufam/VietJobs"",""dataset_commit"":""ea140511b77935704e93d21c2973b72f46d48902"",""license"":""MIT""}"
vietjobs_vinuniversity,2b6ddabb874ae28ba45ddc937c23a17723765408775517de1e7c73e3f74465ce,2025-10-31,Senior Java Developer,Senior Java Developer,senior,Ha Noi,4,4,"[""Java"",""AI"",""Cloud"",""Data"",""DevOps"",""Jira"",""Git""]",50000000,50000000,công_nghệ_thông_tin_kỹ_thuật_số,"{""dataset"":""dinhieufam/VietJobs"",""dataset_commit"":""ea140511b77935704e93d21c2973b72f46d48902"",""license"":""MIT""}"
vietjobs_vinuniversity,2b7ab34173f6597935d1a7d65e44967c49a531792f7765801380a6e10096c75d,2025-10-31,Chuyên Viên Thiết Kế Đồ Họa,Chuyên Viên Thiết Kế Đồ Họa,mid,Ha Noi,2,2,"[""Adobe Photoshop"",""Illustrator"",""InDesign""]",10000000,15000000,công_nghệ_thông_tin_kỹ_thuật_số,"{""dataset"":""dinhieufam/VietJobs"",""dataset_commit"":""ea140511b77935704e93d21c2973b72f46d48902"",""license"":""MIT""}"
vietjobs_vinuniversity,2bc63b6951aa39898a2939332f10efb52cb3b09bce310e8a65ce1a904a54f872,2025-10-31,Junior Tester,Junior Tester,junior,Ha Noi,1,1,"[""Kiến thức về test dự án thực tế"",""Kinh nghiệm làm việc với hệ thống ERP""]",10000000,15000000,công_nghệ_thông_tin_kỹ_thuật_số,"{""dataset"":""dinhieufam/VietJobs"",""dataset_commit"":""ea140511b77935704e93d21c2973b72f46d48902"",""license"":""MIT""}"
vietjobs_vinuniversity,2bcf97bc10b90b0de815aa476057acfb7002db3b671dca3d8f5b6bf169c4e80b,2025-10-31,Nhà phát triển hệ thống giao dịch gia đình (Frontend - JavaScript),Frontend Developer,mid,Ho Chi Minh,3,3,"[""JavaScript"",""C++"",""MVC"",""MVVM"",""SVN"",""MFC""]",22000000,45000000,công_nghệ_thông_tin_kỹ_thuật_số,"{""dataset"":""dinhieufam/VietJobs"",""dataset_commit"":""ea140511b77935704e93d21c2973b72f46d48902"",""license"":""MIT""}"
vietjobs_vinuniversity,2bd4ed297219102771960acaee7a844ee9c7212c2fc47da193ca69338e2a8fc5,2025-10-31,Chiến lược gia sáng tạo (Ứng dụng di động),Chiến lược gia sáng tạo Ứng dụng di động ,mid,Ha Noi,2,2,"[""Performance metrics"",""Research tools"",""AI tools""]",30000000,30000000,công_nghệ_thông_tin_kỹ_thuật_số,"{""dataset"":""dinhieufam/VietJobs"",""dataset_commit"":""ea140511b77935704e93d21c2973b72f46d48902"",""license"":""MIT""}"
vietjobs_vinuniversity,2bd9a9602d85f07b718f41d8fdc8f371a66534990da45bd16e65e883d25a5422,2025-10-31,"Nhà thiết kế đồ họa 3D, 2D","Nhà thiết kế đồ họa 3D, 2D",mid,Hà Đông,0,0,"[""3DSMAX"",""CORONA"",""PHOTOSHOP"",""Adobe Photoshop"",""AI"",""Corel""]",7000000,12000000,công_nghệ_thông_tin_kỹ_thuật_số,"{""dataset"":""dinhieufam/VietJobs"",""dataset_commit"":""ea140511b77935704e93d21c2973b72f46d48902"",""license"":""MIT""}"
vietjobs_vinuniversity,2bef57862788f526cc1ccb65dd6982f8ddce154e18538784dbd945f5599148cf,2025-10-31,Chuyên Viên Tư Vấn Cloud (Cloud Presales),Chuyên Viên Tư Vấn Cloud Cloud Presales ,mid,Ho Chi Minh,2,2,"[""HĐH (Linux/Windows)"",""ảo hóa"",""network"",""database"",""docker"",""k8s"",""giải pháp bảo mật""]",30000000,40000000,công_nghệ_thông_tin_kỹ_thuật_số,"{""dataset"":""dinhieufam/VietJobs"",""dataset_commit"":""ea140511b77935704e93d21c2973b72f46d48902"",""license"":""MIT""}"
vietjobs_vinuniversity,2c091999e4dfeb91ea78314dfba737b4af2e317c1b10746fcf44c9f6dc38e0e1,2025-10-31,Chủ sở hữu sản phẩm (ứng dụng di động),Chủ sở hữu sản phẩm ứng dụng di động ,mid,Ha Noi,1,1,"[""Firebase"",""Google Analytics"",""Data studio"",""SQL"",""UX Analytics"",""A/B testing""]",10000000,25000000,công_nghệ_thông_tin_kỹ_thuật_số,"{""dataset"":""dinhieufam/VietJobs"",""dataset_commit"":""ea140511b77935704e93d21c2973b72f46d48902"",""license"":""MIT""}"
vietjobs_vinuniversity,2c261c7720b1de4c40fd3ff336980fc83c6fe30c05aee6dae73b1e31e19fa3fd,2025-10-31,Scrum Master,Scrum Master,mid,Ha Noi,5,5,"[""Agile methodologies"",""Scrum ceremonies"",""Basic knowledge of other software development methodologies""]",45000000,50000000,công_nghệ_thông_tin_kỹ_thuật_số,"{""dataset"":""dinhieufam/VietJobs"",""dataset_commit"":""ea140511b77935704e93d21c2973b72f46d48902"",""license"":""MIT""}"
vietjobs_vinuniversity,2c33b71e26b2c04b1b469d1d813e7661a536bedd12c75fafe6075c9be3d568ec,2025-10-31,Backend Engineer,Backend Developer,mid,Ha Noi,2,2,"[""Node.js"",""Golang"",""MongoDB"",""PostgreSQL"",""ETL pipelines"",""vector database"",""embeddings""]",40000000,40000000,công_nghệ_thông_tin_kỹ_thuật_số,"{""dataset"":""dinhieufam/VietJobs"",""dataset_commit"":""ea140511b77935704e93d21c2973b72f46d48902"",""license"":""MIT""}"
vietjobs_vinuniversity,2ce93cefb03f1560fda4331a91ee06938f9677c0e363724f64d55badb0d53a66,2025-10-31,Chuyên Viên Quản Trị Web,Chuyên Viên Quản Trị Web,mid,Ho Chi Minh,2,2,"[""Quản trị cơ sở dữ liệu"",""SQL"",""HTML"",""CSS""]",10000000,20000000,công_nghệ_thông_tin_kỹ_thuật_số,"{""dataset"":""dinhieufam/VietJobs"",""dataset_commit"":""ea140511b77935704e93d21c2973b72f46d48902"",""license"":""MIT""}"
vietjobs_vinuniversity,2d0e3edc67c76ee58e3ce56b665d06277f38e8586f408d9f4814642555b2fb0e,2025-10-31,Kỹ Sư BIM,Kỹ Sư BIM,mid,Ha Noi,3,3,"[""Revit MEP"",""Auto Cad"",""Naviswork"",""BIM360""]",18000000,25000000,công_nghệ_thông_tin_kỹ_thuật_số,"{""dataset"":""dinhieufam/VietJobs"",""dataset_commit"":""ea140511b77935704e93d21c2973b72f46d48902"",""license"":""MIT""}"
vietjobs_vinuniversity,2d5646a14b1a9972d789e42d477302c3d843066e71cd0dd7301fb860904ab1b5,2025-10-31,Thiết kế đồ họa,Thiết kế đồ họa,mid,Ha Noi,1,1,"[""Photoshop"",""Illustrator"",""Premiere Pro"",""After Effects"",""CapCut""]",10000000,13000000,công_nghệ_thông_tin_kỹ_thuật_số,"{""dataset"":""dinhieufam/VietJobs"",""dataset_commit"":""ea140511b77935704e93d21c2973b72f46d48902"",""license"":""MIT""}"
vietjobs_vinuniversity,2d846d4e53f725de12182e1a8681469118c93ee06f92f75a4be2b9c7ae5f25ee,2025-10-31,Middle BA,Middle BA,mid,Ha Noi,2,2,"[""Excel"",""PowerPoint"",""Word""]",10000000,20000000,công_nghệ_thông_tin_kỹ_thuật_số,"{""dataset"":""dinhieufam/VietJobs"",""dataset_commit"":""ea140511b77935704e93d21c2973b72f46d48902"",""license"":""MIT""}"
vietjobs_vinuniversity,2dd5b39c6efb2f015629f9507b4241140df974f0e29ac7a920c34ba6702e1652,2025-10-31,Business Development (Global Market),Business Development Global Market ,mid,Ha Noi,1,1,[],25000000,25000000,công_nghệ_thông_tin_kỹ_thuật_số,"{""dataset"":""dinhieufam/VietJobs"",""dataset_commit"":""ea140511b77935704e93d21c2973b72f46d48902"",""license"":""MIT""}"
vietjobs_vinuniversity,2e0f5e64fe48b41f39b3f52edcfa14d9f7dd320723b5bcf34c4ecc77eaf982c8,2025-10-31,Video Editor 2D Animation (Hoạt Hình Trẻ Em),Video Editor 2D Animation Hoạt Hình Trẻ Em ,mid,Ha Noi,0,0,"[""After Effect"",""Moho"",""Premier""]",18000000,22000000,công_nghệ_thông_tin_kỹ_thuật_số,"{""dataset"":""dinhieufam/VietJobs"",""dataset_commit"":""ea140511b77935704e93d21c2973b72f46d48902"",""license"":""MIT""}"
vietjobs_vinuniversity,2e2b5416167f0bacdc193721bd12c6704d8b299052d6fe8500f523b88489eced,2025-10-31,Junior Product Owner (Chỉ Cần Có Kinh Nghiệm BA),Junior Product Owner Chỉ Cần Có Kinh Nghiệm BA ,junior,Ha Noi,0,0,"[""Agile"",""Excel""]",12000000,22000000,công_nghệ_thông_tin_kỹ_thuật_số,"{""dataset"":""dinhieufam/VietJobs"",""dataset_commit"":""ea140511b77935704e93d21c2973b72f46d48902"",""license"":""MIT""}"
vietjobs_vinuniversity,2f888ac0c82b6a7892ee1590407c9c6cd5a556fb9b37efe60e44dd165088154a,2025-10-31,Nhà phát triển trò chơi Unity Junior,Junior Nhà phát triển trò chơi Unity Junior,junior,Quận 2,1,1,"[""Unity"",""C#"",""OOP"",""data structures"",""algorithms""]",10000000,16000000,công_nghệ_thông_tin_kỹ_thuật_số,"{""dataset"":""dinhieufam/VietJobs"",""dataset_commit"":""ea140511b77935704e93d21c2973b72f46d48902"",""license"":""MIT""}"
vietjobs_vinuniversity,2fed497eaaa27a38d65598471e597f68d5e5bbe4e32614e3edf0efffc92334d2,2025-10-31,Nhân Viên Data Scientits,Nhân Viên Data Scientits,mid,Ha Noi,1,1,"[""Machine Learning"",""Scorecard"",""Python"",""R""]",20000000,40000000,công_nghệ_thông_tin_kỹ_thuật_số,"{""dataset"":""dinhieufam/VietJobs"",""dataset_commit"":""ea140511b77935704e93d21c2973b72f46d48902"",""license"":""MIT""}"
vietjobs_vinuniversity,2ffb0952679efa086d43644657f314d6f364e3491449e10fdc739dcd93f8b8ef,2025-10-31,Nhân Viên Tester,Nhân Viên Tester,mid,Tp Vinh,1,1,"[""Biết sử dụng 1 vài tool quản lý bug""]",7000000,10000000,công_nghệ_thông_tin_kỹ_thuật_số,"{""dataset"":""dinhieufam/VietJobs"",""dataset_commit"":""ea140511b77935704e93d21c2973b72f46d48902"",""license"":""MIT""}"
vietjobs_vinuniversity,2ffdabd282876fae7991c82d36ab8a4098f281b0af7781016359086442553e53,2025-10-31,Trưởng Nhóm Business Analyst (BA),Data Analyst,mid,Ha Noi,2,2,"[""Triển khai/vận hành hệ thống ERP"",""Kiến thức về Fast/Odoo""]",15000000,23000000,công_nghệ_thông_tin_kỹ_thuật_số,"{""dataset"":""dinhieufam/VietJobs"",""dataset_commit"":""ea140511b77935704e93d21c2973b72f46d48902"",""license"":""MIT""}"
vietjobs_vinuniversity,30bd1031d13f5d09d6cf1f1d1a4c8d05537baace65dcdd6880d010f8575a5ef2,2025-10-31,Nhân Viên Quản Lý Chất Lượng Phần Mềm - Process Quality Assurance,QA Engineer,mid,Ha Noi,2,2,"[""QA"",""Agile"",""ISO 9001:2008"",""CMMI""]",15000000,40000000,công_nghệ_thông_tin_kỹ_thuật_số,"{""dataset"":""dinhieufam/VietJobs"",""dataset_commit"":""ea140511b77935704e93d21c2973b72f46d48902"",""license"":""MIT""}"
vietjobs_vinuniversity,31b5245ed0511cd8e0fbad9b6022ede6f9a82cb9b0202985735d23a220c41955,2025-10-31,Nhân Viên Kinh Doanh Phần Mềm (B2B),Nhân Viên Kinh Doanh Phần Mềm B2B ,mid,Ha Noi,2,2,"[""Sử dụng thành thạo vi tính văn phòng (Word, Excel, Powerpoint, Outlook)""]",15000000,15000000,công_nghệ_thông_tin_kỹ_thuật_số,"{""dataset"":""dinhieufam/VietJobs"",""dataset_commit"":""ea140511b77935704e93d21c2973b72f46d48902"",""license"":""MIT""}"
vietjobs_vinuniversity,31da5bc4b6257c95d4189db6c126227f61d1618ce9dacd2ba5047e2c0551c66a,2025-10-31,Fullstack Developer,Fullstack Developer,mid,Ho Chi Minh,2,2,"["".NET"",""ASP.NET Core"",""C#"",""React JS"",""JavaScript"",""RESTful APIs"",""microservices architectures"",""cloud-native applications"",""Entity Framework Core"",""SQL Server"",""NoSQL databases""]",10000000,15000000,công_nghệ_thông_tin_kỹ_thuật_số,"{""dataset"":""dinhieufam/VietJobs"",""dataset_commit"":""ea140511b77935704e93d21c2973b72f46d48902"",""license"":""MIT""}"
vietjobs_vinuniversity,31dbd0b2700c57e44a28931295b08b832deb4fb87d49554fffe8d9681bb6cf40,2025-10-31,Chuyên Viên Thiết Kế,Chuyên Viên Thiết Kế,mid,Ha Noi,0,0,"[""Adobe Illustrator"",""Adobe Photoshop"",""Adobe Indesign"",""Figma""]",10000000,12000000,công_nghệ_thông_tin_kỹ_thuật_số,"{""dataset"":""dinhieufam/VietJobs"",""dataset_commit"":""ea140511b77935704e93d21c2973b72f46d48902"",""license"":""MIT""}"
vietjobs_vinuniversity,32459937f1b2f73f3b6148844a9902d3d4d3c065f8b1783d2e6620a554ad114d,2025-10-31,Server Developer (C Language),Server Developer C Language ,mid,Ho Chi Minh,3,3,"[""C language"",""CISAM"",""IPC"",""Shared Memory"",""Git"",""SVN""]",22000000,45000000,công_nghệ_thông_tin_kỹ_thuật_số,"{""dataset"":""dinhieufam/VietJobs"",""dataset_commit"":""ea140511b77935704e93d21c2973b72f46d48902"",""license"":""MIT""}"
vietjobs_vinuniversity,324d46852bb0ec9dd97d464250af34864ba48db901bdb484dcd4eaefa956038b,2025-10-31,Tester Manual,Tester Manual,mid,Ha Noi,1,1,"[""Viết test case"",""Checklist"",""Run testcase"",""Viết bug"",""Report bug"",""Sử dụng Google Sheet"",""Trello"",""Jira"",""Asana""]",7000000,10000000,công_nghệ_thông_tin_kỹ_thuật_số,"{""dataset"":""dinhieufam/VietJobs"",""dataset_commit"":""ea140511b77935704e93d21c2973b72f46d48902"",""license"":""MIT""}"
vietjobs_vinuniversity,3255e3abced56c63f30c1b5a20fede26e3f3ed9196bd6fe3e288a14b38c5cb81,2025-10-31,Chuyên Viên Thiết Kế,Chuyên Viên Thiết Kế,mid,Ha Noi,3,3,"[""Adobe Photoshop"",""Illustrator"",""InDesign"",""Figma"",""After Effects"",""Premiere""]",13000000,18000000,công_nghệ_thông_tin_kỹ_thuật_số,"{""dataset"":""dinhieufam/VietJobs"",""dataset_commit"":""ea140511b77935704e93d21c2973b72f46d48902"",""license"":""MIT""}"
vietjobs_vinuniversity,3281deb4fbe90835bc8d7674bc3502c7a284053435385d00803d291925c6a657,2025-10-31,Giám đốc tiếp thị (Ứng dụng di động),Giám đốc tiếp thị Ứng dụng di động ,mid,Ha Noi,1,1,"[""Google Analytics"",""Firebase"",""Mixpanel"",""Google Looker Studio"",""Power BI""]",12000000,20000000,công_nghệ_thông_tin_kỹ_thuật_số,"{""dataset"":""dinhieufam/VietJobs"",""dataset_commit"":""ea140511b77935704e93d21c2973b72f46d48902"",""license"":""MIT""}"
vietjobs_vinuniversity,32fc4aadcff2967a4400f847e884bafa457667a7a43dc75df7e90f6a5697c69a,2025-10-31,Kế Hoạch Phân Tích Và Điều Hành (PMO),Kế Hoạch Phân Tích Và Điều Hành PMO ,mid,Nam Từ Liêm,2,2,"[""Kiến thức cơ bản về các phương pháp lập kế hoạch SXKD"",""Kiến thức cơ bản về tài chính"",""Kiến thức cơ bản về phương pháp quản trị theo mục tiêu"",""Thành thạo tin học văn phòng (Word, Excel, PowerPoint, Visio, Xmind)"",""Sử dụng Jira ở mức cơ bản""]",15000000,25000000,công_nghệ_thông_tin_kỹ_thuật_số,"{""dataset"":""dinhieufam/VietJobs"",""dataset_commit"":""ea140511b77935704e93d21c2973b72f46d48902"",""license"":""MIT""}"
vietjobs_vinuniversity,33125cc4303f66db36462d174495a6721600949d0d461fd1f84061cb44b783f3,2025-10-31,Frontend Developer,Frontend Developer,mid,Ha Noi,2,2,"[""Javascript"",""TypeScript"",""ReactJS"",""Redux"",""Recoil"",""OpenAPI"",""Figma"",""Linux"",""Docker"",""Git Flow""]",10000000,30000000,công_nghệ_thông_tin_kỹ_thuật_số,"{""dataset"":""dinhieufam/VietJobs"",""dataset_commit"":""ea140511b77935704e93d21c2973b72f46d48902"",""license"":""MIT""}"
vietjobs_vinuniversity,33cbed5de36ff404887b6177796a5d8fa3e70b7f11502e31e676608568c91465,2025-10-31,Trợ lý dự án thực tập,Trợ lý dự án thực tập,intern,Ha Noi,0,0,"[""Microsoft Office Suite (Excel, Word, PowerPoint)""]",7000000,7000000,công_nghệ_thông_tin_kỹ_thuật_số,"{""dataset"":""dinhieufam/VietJobs"",""dataset_commit"":""ea140511b77935704e93d21c2973b72f46d48902"",""license"":""MIT""}"
vietjobs_vinuniversity,33dd9360ddf7e5bb604d57b6a8f1754b372aae778fe10d19179bc7265e72979d,2025-10-31,Nhân Viên Kinh Doanh,Nhân Viên Kinh Doanh,mid,Ha Noi,1,1,"[""Tin học văn phòng (Word, Excel, PowerPoint)""]",8000000,15000000,công_nghệ_thông_tin_kỹ_thuật_số,"{""dataset"":""dinhieufam/VietJobs"",""dataset_commit"":""ea140511b77935704e93d21c2973b72f46d48902"",""license"":""MIT""}"
vietjobs_vinuniversity,3431cbe010750e67a9cc33dc7f88032528c7997eb51fe9e510b3f886068adaac,2025-10-31,Chuyên Viên Hạ Tầng Công Nghệ Thông Tin,Chuyên Viên Hạ Tầng Công Nghệ Thông Tin,mid,Ho Chi Minh,3,3,"[""Quản trị hệ thống Linux và Windows Server"",""Máy chủ ảo hóa VMware, KVM"",""Quản lý các dịch vụ mạng bao gồm LAN, WAN, VPN, Web Servers, Database Servers"",""Kiến thức về các công cụ giám sát hệ thống và quản lý sự cố"",""Hiểu biết về bảo mật hệ thống và các công cụ bảo mật (tường lửa, IDS/IPS, SSL/TLS)""]",15000000,20000000,công_nghệ_thông_tin_kỹ_thuật_số,"{""dataset"":""dinhieufam/VietJobs"",""dataset_commit"":""ea140511b77935704e93d21c2973b72f46d48902"",""license"":""MIT""}"
vietjobs_vinuniversity,345453f51d346e354e97eb811d9392e9dc1ed00fb3111b8350e14f9b174b1f03,2025-10-31,Graphic Designer (Mảng Mỹ Phẩm),Graphic Designer Mảng Mỹ Phẩm ,mid,Ho Chi Minh,2,2,"[""AI"",""Photoshop"",""typography""]",11000000,15000000,công_nghệ_thông_tin_kỹ_thuật_số,"{""dataset"":""dinhieufam/VietJobs"",""dataset_commit"":""ea140511b77935704e93d21c2973b72f46d48902"",""license"":""MIT""}"
vietjobs_vinuniversity,345bea270f1829979cb4a8b778788ca141f7eede83bfbcc3da9fb37460ea1733,2025-10-31,Manual (AI/Data),Manual AI/Data ,mid,Ha Noi,1,1,"[""Python"",""AI"",""Machine Learning"",""Functional Testing"",""Integration Testing"",""Performance Testing"",""Bias & Fairness Testing"",""Data Validation Testing"",""Regression Testing""]",15000000,22000000,công_nghệ_thông_tin_kỹ_thuật_số,"{""dataset"":""dinhieufam/VietJobs"",""dataset_commit"":""ea140511b77935704e93d21c2973b72f46d48902"",""license"":""MIT""}"
vietjobs_vinuniversity,345ea7eaaee0ac6ad92ad1d0585148b758c68dc3fe243c107c73a985214380d1,2025-10-31,Nhân Viên Lập Trình & Vận Hành Máy Phay,Nhân Viên Lập Trình & Vận Hành Máy Phay,mid,Từ Sơn,3,3,"[""Vận hành máy phay CNC"",""Lập trình chương trình cho máy chạy"",""Đọc bản vẽ gia công""]",13000000,15000000,công_nghệ_thông_tin_kỹ_thuật_số,"{""dataset"":""dinhieufam/VietJobs"",""dataset_commit"":""ea140511b77935704e93d21c2973b72f46d48902"",""license"":""MIT""}"
vietjobs_vinuniversity,34a1bf0873d57a19c6b3a76c237f301d4f6934cd7acd18282a6db165d4571448,2025-10-31,Thiết Kế Đồ Họa,Thiết Kế Đồ Họa,mid,Ha Noi,2,2,"[""Sử dụng thành thạo các phần mềm thiết kế đồ họa""]",14000000,16000000,công_nghệ_thông_tin_kỹ_thuật_số,"{""dataset"":""dinhieufam/VietJobs"",""dataset_commit"":""ea140511b77935704e93d21c2973b72f46d48902"",""license"":""MIT""}"
vietjobs_vinuniversity,34bacc60cd6e49f5e4bf15c23c72e53c2953f646606462dfdcc3d79cbc38eff8,2025-10-31,Thiết Kế 3D - 3D Visualizer,Thiết Kế 3D - 3D Visualizer,mid,Ha Noi,2,2,"[""3ds Max"",""SketchUp"",""V-Ray"",""Corona"",""Lumion"",""Chaos vantage"",""Photoshop"",""Unreal Engine"",""D5 Render"",""Enscape"",""Revit""]",10000000,16000000,công_nghệ_thông_tin_kỹ_thuật_số,"{""dataset"":""dinhieufam/VietJobs"",""dataset_commit"":""ea140511b77935704e93d21c2973b72f46d48902"",""license"":""MIT""}"
vietjobs_vinuniversity,352e92d42d55a464148729e575ba4c3c8eaea72d25d9e079f52ad90845610bf5,2025-10-31,Design,Design,mid,Thừa Thiên Huế,0,0,"[""Sử dụng thành thạo các công cụ thiết kế đồ họa như PTS, AI"",""Biết edit video cơ bản""]",2000000,5000000,công_nghệ_thông_tin_kỹ_thuật_số,"{""dataset"":""dinhieufam/VietJobs"",""dataset_commit"":""ea140511b77935704e93d21c2973b72f46d48902"",""license"":""MIT""}"
vietjobs_vinuniversity,357d17ae372c459c68fbfeb2461fbe682a5f3ab0b3521b4180f162dc92a551fc,2025-10-31,Nhân Viên Tư Vấn Website,Nhân Viên Tư Vấn Website,mid,Ho Chi Minh,0,0,"[""Tin học văn phòng cơ bản""]",8000000,14000000,công_nghệ_thông_tin_kỹ_thuật_số,"{""dataset"":""dinhieufam/VietJobs"",""dataset_commit"":""ea140511b77935704e93d21c2973b72f46d48902"",""license"":""MIT""}"
vietjobs_vinuniversity,35ea40539c2beeb9ac28d4bb08b9433576f73232afb1717c44e754125a6e69c5,2025-10-31,Chuyên Viên Thiết Kế Đồ Họa,Chuyên Viên Thiết Kế Đồ Họa,mid,Ho Chi Minh,2,2,"[""Photoshop"",""AI"",""biết làm video""]",14000000,17000000,công_nghệ_thông_tin_kỹ_thuật_số,"{""dataset"":""dinhieufam/VietJobs"",""dataset_commit"":""ea140511b77935704e93d21c2973b72f46d48902"",""license"":""MIT""}"
vietjobs_vinuniversity,3631b54df20367e6f37510e8be6404c6a4bbfc31fa18a708dd0fa546616f2d5d,2025-10-31,Chuyên Viên Sale,Chuyên Viên Sale,mid,Ho Chi Minh,0,0,"[""Kiến thức về công nghệ""]",18000000,20000000,công_nghệ_thông_tin_kỹ_thuật_số,"{""dataset"":""dinhieufam/VietJobs"",""dataset_commit"":""ea140511b77935704e93d21c2973b72f46d48902"",""license"":""MIT""}"
vietjobs_vinuniversity,366069d54fddcd25c304f2da38cf23743d19810b3b943d40187d624b9996df4c,2025-10-31,Điều hành hợp tác,Điều hành hợp tác,mid,Ha Noi,4,4,"[""Knowledge of e-commerce industry"",""Partner and account-based marketing""]",30000000,30000000,công_nghệ_thông_tin_kỹ_thuật_số,"{""dataset"":""dinhieufam/VietJobs"",""dataset_commit"":""ea140511b77935704e93d21c2973b72f46d48902"",""license"":""MIT""}"
vietjobs_vinuniversity,368087d9d86e2fdbb6577f2b55efd698180367683ed3a8a77dcba4f20447ed70,2025-10-31,Nhân Viên Thiết Kế,Nhân Viên Thiết Kế,mid,Ha Noi,2,2,"[""Adobe Illustrator"",""Photoshop"",""InDesign"",""After Effects"",""Premiere""]",11000000,15000000,công_nghệ_thông_tin_kỹ_thuật_số,"{""dataset"":""dinhieufam/VietJobs"",""dataset_commit"":""ea140511b77935704e93d21c2973b72f46d48902"",""license"":""MIT""}"
vietjobs_vinuniversity,36ae884a76f146d7a4d32d17dd723fa68cf7ff15edb344caf957e5ba59297f25,2025-10-31,Kỹ Sư Manual Test - Nghiệp Vụ Ngân Hàng,Kỹ Sư Manual Test - Nghiệp Vụ Ngân Hàng,mid,Cầu Giấy,2,2,"[""Kiểm thử phần mềm"",""Mobile App"",""Web"",""API"",""Test case"",""Test plan"",""BPM"",""Activity diagram"",""Use case""]",18000000,25000000,công_nghệ_thông_tin_kỹ_thuật_số,"{""dataset"":""dinhieufam/VietJobs"",""dataset_commit"":""ea140511b77935704e93d21c2973b72f46d48902"",""license"":""MIT""}"
vietjobs_vinuniversity,36bf8bbe16cb4e4cff9c53879286b4b5c40b91e2b22f04034212dd8931a3deca,2025-10-31,Network Engineer,Network Engineer,mid,Cầu Giấy,5,5,"[""LAN/WAN technologies"",""routing & switching"",""Network protocols (TCP/IP, DNS, DHCP, etc.)"",""Network security tools (antivirus, spam control, firewall policies)""]",29000000,29000000,công_nghệ_thông_tin_kỹ_thuật_số,"{""dataset"":""dinhieufam/VietJobs"",""dataset_commit"":""ea140511b77935704e93d21c2973b72f46d48902"",""license"":""MIT""}"
vietjobs_vinuniversity,37303c055240714bdfff5ce2145f97586a412e6fe2f13cadf0adf199e63985d0,2025-10-31,IT Engineer,IT Engineer,mid,Ho Chi Minh,1,1,"[""Routing & Switching"",""Wireless"",""Voice"",""SAN or Storage Systems"",""Active Directory"",""Exchange"",""Microsoft 365"",""Azure"",""Microsoft Hyper-V"",""VMware"",""G-Suite""]",15000000,20000000,công_nghệ_thông_tin_kỹ_thuật_số,"{""dataset"":""dinhieufam/VietJobs"",""dataset_commit"":""ea140511b77935704e93d21c2973b72f46d48902"",""license"":""MIT""}"
vietjobs_vinuniversity,37410218c5820196017aa0a9a3591762a7c414c4d0e873c9535fd303369b37a4,2025-10-31,Trưởng Nhóm Thiết Kế,Trưởng Nhóm Thiết Kế,mid,Hà Đông,2,2,"[""Canva"",""Adobe Illustrator"",""Adobe Photoshop""]",12000000,20000000,công_nghệ_thông_tin_kỹ_thuật_số,"{""dataset"":""dinhieufam/VietJobs"",""dataset_commit"":""ea140511b77935704e93d21c2973b72f46d48902"",""license"":""MIT""}"
vietjobs_vinuniversity,379e26438215256aa34baf82375e16d20f99220aec7f01f1e244c2ed1d48b6e4,2025-10-31,Phát triển kinh doanh cao cấp,Phát triển kinh doanh cao cấp,mid,Ha Noi,3,3,"[""Phát triển kinh doanh phần mềm SaaS"",""Quản lý bán hàng"",""Thương mại điện tử""]",20000000,40000000,công_nghệ_thông_tin_kỹ_thuật_số,"{""dataset"":""dinhieufam/VietJobs"",""dataset_commit"":""ea140511b77935704e93d21c2973b72f46d48902"",""license"":""MIT""}"
vietjobs_vinuniversity,384384a6f1214a627a4a0fb66b23d0dd66b791570cda7de0dc14da8c5b336fb4,2025-10-31,Nhân Viên Tester,Nhân Viên Tester,mid,Ha Noi,3,3,"[""Kiểm thử phần mềm"",""Kiểm thử API"",""Kiểm thử hiệu năng"",""SQL"",""Automation""]",15000000,25000000,công_nghệ_thông_tin_kỹ_thuật_số,"{""dataset"":""dinhieufam/VietJobs"",""dataset_commit"":""ea140511b77935704e93d21c2973b72f46d48902"",""license"":""MIT""}"
vietjobs_vinuniversity,386d4be3c2cf23af60054fb8e749c5806db6c2ee8608fc2fdd165f0bb7d984b4,2025-10-31,Business Development/Nhân Viên Kinh Doanh Phần Mềm,Business Development/Nhân Viên Kinh Doanh Phần Mềm,mid,"Hồ Chí Minh, Hà Nội",3,3,"[""Kinh doanh sản phẩm phần mềm"",""Giải pháp CNTT"",""Tài chính"",""Ngân hàng"",""ERP"",""MES""]",50000000,50000000,công_nghệ_thông_tin_kỹ_thuật_số,"{""dataset"":""dinhieufam/VietJobs"",""dataset_commit"":""ea140511b77935704e93d21c2973b72f46d48902"",""license"":""MIT""}"
vietjobs_vinuniversity,38a6737e8d27c7dbacf448203ac448367ae79213dce4539e9e61ad7a084a21fb,2025-10-31,Nhân Viên Kinh Doanh,Nhân Viên Kinh Doanh,mid,Ho Chi Minh,0,0,"[""Kỹ năng sử dụng máy tính thành thạo"",""Phần mềm văn phòng (Word, Excel, PowerPoint)""]",6000000,20000000,công_nghệ_thông_tin_kỹ_thuật_số,"{""dataset"":""dinhieufam/VietJobs"",""dataset_commit"":""ea140511b77935704e93d21c2973b72f46d48902"",""license"":""MIT""}"
vietjobs_vinuniversity,38c2f4f723c0e43d86d49d6a49f89b5ad7765413188f8a907688643c06d31f44,2025-10-31,Chuyên Viên Kiểm Thử Phần Mềm,Chuyên Viên Kiểm Thử Phần Mềm,mid,Ha Noi,3,3,"[""Kiến thức về quy trình kiểm thử phần mềm"",""Các phương pháp, công cụ test"",""Kỹ thuật test"",""Log bug"",""Xây dựng kịch bản kiểm thử"",""Truy vấn với các hệ cơ sở dữ liệu"",""Sử dụng Qtest, Jira, Confluence""]",18000000,32000000,công_nghệ_thông_tin_kỹ_thuật_số,"{""dataset"":""dinhieufam/VietJobs"",""dataset_commit"":""ea140511b77935704e93d21c2973b72f46d48902"",""license"":""MIT""}"
vietjobs_vinuniversity,39161af319b6fd3925a3cc9bef90e32e6ea032f949beae9a262bf35b81698ccc,2025-10-31,Sales Manager (Trên 3 Năm Kinh Nghiệm),Sales Manager Trên 3 Năm Kinh Nghiệm ,manager,Ho Chi Minh,3,3,"[""Lãnh đạo và quản lý đội nhóm"",""Đào tạo và phát triển nhân sự"",""Quản lý hiệu suất"",""Phân tích dữ liệu và xây dựng chiến lược"",""Giải quyết vấn đề"",""Ứng dụng công nghệ và phần mềm""]",18000000,18000000,công_nghệ_thông_tin_kỹ_thuật_số,"{""dataset"":""dinhieufam/VietJobs"",""dataset_commit"":""ea140511b77935704e93d21c2973b72f46d48902"",""license"":""MIT""}"
vietjobs_vinuniversity,3946d96647b7e8657dd448d9893e10b9254435294b7259c1dd401bab21d2fc1c,2025-10-31,Phát triển kinh doanh Junior,Junior Phát triển kinh doanh Junior,junior,Ha Noi,1,1,"[""Hiểu cơ bản về livestream"",""VOD"",""CDN""]",12000000,14000000,công_nghệ_thông_tin_kỹ_thuật_số,"{""dataset"":""dinhieufam/VietJobs"",""dataset_commit"":""ea140511b77935704e93d21c2973b72f46d48902"",""license"":""MIT""}"
vietjobs_vinuniversity,39af39d447194ae68daf37d470690438b21cdb126138735899f31942fd651dbd,2025-10-31,"Fullstack Developer (Java, Angular)",Fullstack Developer,mid,Ha Noi,2,2,"[""Java"",""Spring Boot"",""Angular"",""RESTful APIs"",""SQLSERVER"",""MYSQL"",""AWS"",""Kubernetes""]",18000000,39000000,công_nghệ_thông_tin_kỹ_thuật_số,"{""dataset"":""dinhieufam/VietJobs"",""dataset_commit"":""ea140511b77935704e93d21c2973b72f46d48902"",""license"":""MIT""}"
vietjobs_vinuniversity,39cf15172bf12becc7da9b7143bc0a2327aaf5e9d99cfc653378f676b8828020,2025-10-31,Nam Nhân Viên Thiết Kế - Graphic Designer,Nam Nhân Viên Thiết Kế - Graphic Designer,mid,Ho Chi Minh,2,2,"[""Adobe Photoshop"",""Adobe Illustrator"",""Adobe InDesign""]",10000000,12000000,công_nghệ_thông_tin_kỹ_thuật_số,"{""dataset"":""dinhieufam/VietJobs"",""dataset_commit"":""ea140511b77935704e93d21c2973b72f46d48902"",""license"":""MIT""}"
vietjobs_vinuniversity,39d9cb8c09c23c757ea29453a74fa7d11c3c8229a03958a9b1be8ef8bab8ddcd,2025-10-31,Nhân Viên Kinh Doanh Website,Nhân Viên Kinh Doanh Website,mid,Da Nang,0,0,"[""tin học văn phòng (Word, Excel, PowerPoint)"",""các công cụ tìm kiếm khách hàng"",""quản lý khách hàng (CRM)""]",10000000,50000000,công_nghệ_thông_tin_kỹ_thuật_số,"{""dataset"":""dinhieufam/VietJobs"",""dataset_commit"":""ea140511b77935704e93d21c2973b72f46d48902"",""license"":""MIT""}"
vietjobs_vinuniversity,3a93acd7f5344b0d4c362b1cfbc260a24a47d17ea8da48bf11d7a41b9647e45c,2025-10-31,React JS Developer (Tiếng Anh Fluency),React JS Developer Tiếng Anh Fluency ,mid,Ha Noi,3,3,"[""ReactJS"",""HTML"",""CSS"",""JavaScript (ES6+)"",""Redux"",""MobX"",""RESTful APIs""]",15000000,45000000,công_nghệ_thông_tin_kỹ_thuật_số,"{""dataset"":""dinhieufam/VietJobs"",""dataset_commit"":""ea140511b77935704e93d21c2973b72f46d48902"",""license"":""MIT""}"
vietjobs_vinuniversity,3a9712045d64a18b5389893c4e7af05221555f40c61b32b93a0675151807ef34,2025-10-31,Chuyên Viên Quản Trị Dữ Liệu CRM,Chuyên Viên Quản Trị Dữ Liệu CRM,mid,Ho Chi Minh,1,1,"[""Sử dụng CRM"",""Báo cáo Excel cơ bản""]",9000000,12000000,công_nghệ_thông_tin_kỹ_thuật_số,"{""dataset"":""dinhieufam/VietJobs"",""dataset_commit"":""ea140511b77935704e93d21c2973b72f46d48902"",""license"":""MIT""}"
vietjobs_vinuniversity,3a97ddbdeb4bbc5acedfef22c65820615bf575e2368757cc772ee1ea60f67f46,2025-10-31,Nhân Viên Vận Hành Máy CNC,Nhân Viên Vận Hành Máy CNC,mid,Da Nang,3,3,"[""Vận hành máy CNC"",""Đọc và hiểu bản vẽ kỹ thuật"",""Lập trình máy CNC"",""Sử dụng các dụng cụ đo lường""]",9000000,12000000,công_nghệ_thông_tin_kỹ_thuật_số,"{""dataset"":""dinhieufam/VietJobs"",""dataset_commit"":""ea140511b77935704e93d21c2973b72f46d48902"",""license"":""MIT""}"
vietjobs_vinuniversity,3b08280fe0248055dca497ba699fdccf97e9c2b52823c722d6d99ea53c07fb3c,2025-10-31,Fullstack Team Leader (JS),Fullstack Developer,mid,Ha Noi,4,4,"[""Lập trình Web"",""JavaScript"",""ReactJS"",""NextJS"",""NestJS"",""Docker"",""UML""]",28000000,35000000,công_nghệ_thông_tin_kỹ_thuật_số,"{""dataset"":""dinhieufam/VietJobs"",""dataset_commit"":""ea140511b77935704e93d21c2973b72f46d48902"",""license"":""MIT""}"
vietjobs_vinuniversity,3b323028e640efdb2d7268189f801725ab53e8a307f160bf4087fc48604522f5,2025-10-31,Nhân Viên Thiết Kế,Nhân Viên Thiết Kế,mid,Ha Noi,1,1,"[""Sử dụng thành thạo phần mềm thiết kế đồ họa (Photoshop, Illustrator, Indesign)"",""Kinh nghiệm sử dụng các công cụ AI làm ảnh, video""]",9000000,12000000,công_nghệ_thông_tin_kỹ_thuật_số,"{""dataset"":""dinhieufam/VietJobs"",""dataset_commit"":""ea140511b77935704e93d21c2973b72f46d48902"",""license"":""MIT""}"
vietjobs_vinuniversity,3b62ade579fd53ae8a00a565266542b7ffa54d784c6df06958b04b2889fdf25c,2025-10-31,Nhân Viên Thiết Kế Bao Bì Mỹ Phẩm,Nhân Viên Thiết Kế Bao Bì Mỹ Phẩm,mid,Ha Noi,1,1,"[""Adobe Illustrator"",""Photoshop"",""InDesign""]",9000000,11000000,công_nghệ_thông_tin_kỹ_thuật_số,"{""dataset"":""dinhieufam/VietJobs"",""dataset_commit"":""ea140511b77935704e93d21c2973b72f46d48902"",""license"":""MIT""}"
vietjobs_vinuniversity,3ba1916bb4bae763b964f3fa7940b32eece27a732e927b48434454c806e05019,2025-10-31,Backend Developer,Backend Developer,mid,Ha Noi,3,3,"[""Java"",""Spring Boot Framework"",""MySQL"",""MongoDB"",""Restful API"",""microservices""]",20000000,35000000,công_nghệ_thông_tin_kỹ_thuật_số,"{""dataset"":""dinhieufam/VietJobs"",""dataset_commit"":""ea140511b77935704e93d21c2973b72f46d48902"",""license"":""MIT""}"
vietjobs_vinuniversity,3c5c21a31ed5f76e175152dc769bff2c6140c9c3210a32558f7847c5df45ee78,2025-10-31,Nhân Viên Quản Lý Dự Án,Nhân Viên Quản Lý Dự Án,mid,Ha Noi,0,0,"[""Quản lý dự án theo phương pháp Agile"",""Kiến thức cơ bản về lập trình"",""Phân tích & thiết kế hệ thống"",""Cấu trúc dữ liệu"",""Giải thuật"",""Java"",""PHP"","".NET"",""Oracle"",""SQL Server"",""MySQL"",""MariaDB""]",5000000,100000000,công_nghệ_thông_tin_kỹ_thuật_số,"{""dataset"":""dinhieufam/VietJobs"",""dataset_commit"":""ea140511b77935704e93d21c2973b72f46d48902"",""license"":""MIT""}"
vietjobs_vinuniversity,3c65aa6f2d699627b1606dcb52838a3092e612513074b6a0b38ece074665dbec,2025-10-31,Fresher It Hỗ trợ (Nhật Bản),Fresher It Hỗ trợ Nhật Bản ,fresher,Ho Chi Minh,0,0,"[""Troubleshooting tools"",""Log analysis"",""Performance traces""]",20000000,26000000,công_nghệ_thông_tin_kỹ_thuật_số,"{""dataset"":""dinhieufam/VietJobs"",""dataset_commit"":""ea140511b77935704e93d21c2973b72f46d48902"",""license"":""MIT""}"
vietjobs_vinuniversity,3c87bf4a8006c9235bfc7e4b355ca178479348fe0b8cff64bd1e29fd0fbebe55,2025-10-31,Nhân Viên Kinh Doanh (Nữ/Đi Làm Ngay),Nhân Viên Kinh Doanh Nữ/Đi Làm Ngay ,mid,Tp Quy Nhơn,1,1,[],6000000,8000000,công_nghệ_thông_tin_kỹ_thuật_số,"{""dataset"":""dinhieufam/VietJobs"",""dataset_commit"":""ea140511b77935704e93d21c2973b72f46d48902"",""license"":""MIT""}"
vietjobs_vinuniversity,3ca99e4ba25aab13aba5b0eac2f35426fd589f919a867f6aa5f808dbb8eba7ef,2025-10-31,IT Engineer,IT Engineer,mid,Ho Chi Minh,1,1,"[""Routing & Switching"",""Wireless"",""Voice"",""SAN or Storage Systems"",""Active Directory"",""Exchange"",""Microsoft 365"",""Azure"",""Microsoft Hyper-V"",""VMware"",""G-Suite""]",15000000,20000000,công_nghệ_thông_tin_kỹ_thuật_số,"{""dataset"":""dinhieufam/VietJobs"",""dataset_commit"":""ea140511b77935704e93d21c2973b72f46d48902"",""license"":""MIT""}"
vietjobs_vinuniversity,3d02c8af445f871f70077896f47195f60953ca81d2239268e6a4b8efc19406a6,2025-10-31,Thực Tập Sinh,Thực Tập Sinh,intern,Ho Chi Minh,0,0,[],4000000,4000000,công_nghệ_thông_tin_kỹ_thuật_số,"{""dataset"":""dinhieufam/VietJobs"",""dataset_commit"":""ea140511b77935704e93d21c2973b72f46d48902"",""license"":""MIT""}"
vietjobs_vinuniversity,3d81541f9b2060d72b2a6e0cf9b850f56b7fc53d5992f1d647542d0c33e27b18,2025-10-31,Thiết kế đồ họa cao cấp,Thiết kế đồ họa cao cấp,mid,Ho Chi Minh,3,3,"[""Sử dụng thành thạo các phần mềm thiết kế đồ họa thông dụng"",""Kỹ năng chụp ảnh sản phẩm, người mẫu"",""Kỹ năng quay video/ edit video cơ bản"",""Kinh nghiệm thiết kế giao diện website, UX/UI""]",12000000,18000000,công_nghệ_thông_tin_kỹ_thuật_số,"{""dataset"":""dinhieufam/VietJobs"",""dataset_commit"":""ea140511b77935704e93d21c2973b72f46d48902"",""license"":""MIT""}"
vietjobs_vinuniversity,3df9b45ac583c2bfceb13f658e1b83cd2c7e50926c228af7fcc06640230a1018,2025-10-31,Nhà phát triển Android cao cấp,Nhà phát triển Android cao cấp,mid,Ha Noi,5,5,"[""Java"",""Kotlin"",""MVP"",""MVVM"",""Jetpack Compose"",""REST API"",""Websocket""]",30000000,45000000,công_nghệ_thông_tin_kỹ_thuật_số,"{""dataset"":""dinhieufam/VietJobs"",""dataset_commit"":""ea140511b77935704e93d21c2973b72f46d48902"",""license"":""MIT""}"
vietjobs_vinuniversity,3e0991ac14a267d829bd3f564b3968598d5be3e6b2096c7bb7e3d7e44d0c5f9d,2025-10-31,Trưởng Phòng IT Odoo,Trưởng Phòng IT Odoo,mid,Ha Noi,3,3,"[""Odoo"",""Python"",""CRM"",""Misa""]",25000000,40000000,công_nghệ_thông_tin_kỹ_thuật_số,"{""dataset"":""dinhieufam/VietJobs"",""dataset_commit"":""ea140511b77935704e93d21c2973b72f46d48902"",""license"":""MIT""}"
vietjobs_vinuniversity,3e191e7d444acd578e4d481b4670b84fe2e03b7b2f174e9d77f713b3c3a1dcfa,2025-10-31,Lập Trình Viên Front End (WEB),Frontend Developer,mid,Ho Chi Minh,2,2,"[""HTML5"",""CSS3"",""JavaScript"",""Ajax"",""JSON"",""Fetch"",""jQuery"",""Bootstrap"",""Echart"",""uni-app"",""Vue"",""Python"",""Node"",""Java"",""PHP"",""MySQL""]",20000000,20000000,công_nghệ_thông_tin_kỹ_thuật_số,"{""dataset"":""dinhieufam/VietJobs"",""dataset_commit"":""ea140511b77935704e93d21c2973b72f46d48902"",""license"":""MIT""}"
vietjobs_vinuniversity,3e7928618530230ecc1d7a9aa4db77c8f969e574a5c698c6555aaf2bc5439013,2025-10-31,Nhân Viên Kinh Doanh,Nhân Viên Kinh Doanh,mid,Ha Noi,1,1,[],10000000,15000000,công_nghệ_thông_tin_kỹ_thuật_số,"{""dataset"":""dinhieufam/VietJobs"",""dataset_commit"":""ea140511b77935704e93d21c2973b72f46d48902"",""license"":""MIT""}"
vietjobs_vinuniversity,3e8b351c6f2aa64cdb2a715695e7ed000eb796d0e44da4dcc31438109e092a58,2025-10-31,Chuyên Viên Thiết Kế Web (Figma+PHP) - Đi Làm Ngay,Chuyên Viên Thiết Kế Web Figma+PHP - Đi Làm Ngay,mid,Hải Phòng,1,1,"[""Figma"",""HTML"",""CSS"",""JavaScript"",""PHP"",""MySQL"",""Laravel"",""CodeIgniter"",""WordPress""]",10000000,20000000,công_nghệ_thông_tin_kỹ_thuật_số,"{""dataset"":""dinhieufam/VietJobs"",""dataset_commit"":""ea140511b77935704e93d21c2973b72f46d48902"",""license"":""MIT""}"
vietjobs_vinuniversity,3e983ef07ee55c49763b9d29341e6af4d1022a5c6e763bb087fd5766238eae2b,2025-10-31,Nhân Viên Kinh Doanh,Nhân Viên Kinh Doanh,mid,Ho Chi Minh,0,0,"[""Kỹ năng sử dụng máy tính thành thạo (Word, Excel)"",""Kỹ năng tìm kiếm thông tin trên internet""]",7000000,30000000,công_nghệ_thông_tin_kỹ_thuật_số,"{""dataset"":""dinhieufam/VietJobs"",""dataset_commit"":""ea140511b77935704e93d21c2973b72f46d48902"",""license"":""MIT""}"
vietjobs_vinuniversity,3ec2e21547be7005b8414a3973fb8e2739fdf4018c8cc9f58ab1ebf57ae3b9f1,2025-10-31,Học tập củng cố,Học tập củng cố,mid,Ha Noi,2,2,"[""AI"",""Machine Learning"",""Học tăng cường (DQN, PPO, SAC)"",""Môi trường giả lập Robot (Mujoco, Pybullet, IsaacGym)"",""Lý thuyết điều khiển (PID)"",""Ngôn ngữ lập trình (Python, Java, C++)""]",15000000,30000000,công_nghệ_thông_tin_kỹ_thuật_số,"{""dataset"":""dinhieufam/VietJobs"",""dataset_commit"":""ea140511b77935704e93d21c2973b72f46d48902"",""license"":""MIT""}"
vietjobs_vinuniversity,3ed239403c91a06dfab4d24a75b6a2d2a2a7ccdc935e4b23a2981208c08b015c,2025-10-31,Giảng Viên Thiết Kế Đồ Họa,Giảng Viên Thiết Kế Đồ Họa,mid,Ha Noi,3,3,"[""Indesign"",""Dimension"",""UX/UI""]",15000000,25000000,công_nghệ_thông_tin_kỹ_thuật_số,"{""dataset"":""dinhieufam/VietJobs"",""dataset_commit"":""ea140511b77935704e93d21c2973b72f46d48902"",""license"":""MIT""}"
vietjobs_vinuniversity,3fc231184553975edb52b577ae2ad94444bc1aac4ce6a15a5d7ca0a829b7d06b,2025-10-31,VFX Artist,VFX Artist,mid,Ha Noi,0,0,"[""Adobe After Effects"",""Adobe Premiere"",""Unity"",""CGI Compositing"",""Keying"",""Tracking"",""2D Animation""]",10000000,18000000,công_nghệ_thông_tin_kỹ_thuật_số,"{""dataset"":""dinhieufam/VietJobs"",""dataset_commit"":""ea140511b77935704e93d21c2973b72f46d48902"",""license"":""MIT""}"
vietjobs_vinuniversity,3fe0e40b1a5ce9b3ce9b35618c4659bf0ab181baa8be602fcb65d5bcc6fa1fb6,2025-10-31,Nó giám sát hoạt động và bộ điều khiển dịch vụ,Nó giám sát hoạt động và bộ điều khiển dịch vụ,mid,Ho Chi Minh,3,3,"[""System/Network/Monitoring"",""Microsoft System solution"",""Centreon Cloud"",""VMware"",""Citrix"",""SCCM/SCOM"",""Backup and storage solutions""]",25000000,35000000,công_nghệ_thông_tin_kỹ_thuật_số,"{""dataset"":""dinhieufam/VietJobs"",""dataset_commit"":""ea140511b77935704e93d21c2973b72f46d48902"",""license"":""MIT""}"
vietjobs_vinuniversity,3ff6abf9ed9895865421584cfe572adb608428e3d83cf8973fab66a1729dab71,2025-10-31,Bán hàng Đại diện B2B (Fresher - Junior),Bán hàng Đại diện B2B Fresher - Junior ,fresher,Ho Chi Minh,1,1,[],10000000,20000000,công_nghệ_thông_tin_kỹ_thuật_số,"{""dataset"":""dinhieufam/VietJobs"",""dataset_commit"":""ea140511b77935704e93d21c2973b72f46d48902"",""license"":""MIT""}"
vietjobs_vinuniversity,40190a8caff6173a7a2058bebab546c85fe5e30405e5246b8cc34bf1bfa3b356,2025-10-31,Người kiểm tra hiệu suất,Người kiểm tra hiệu suất,mid,Ha Noi,2,2,"[""Jmeter"",""Postman"",""Kiến thức về kiểm thử phần mềm"",""Kiến thức về performance test""]",20000000,30000000,công_nghệ_thông_tin_kỹ_thuật_số,"{""dataset"":""dinhieufam/VietJobs"",""dataset_commit"":""ea140511b77935704e93d21c2973b72f46d48902"",""license"":""MIT""}"
vietjobs_vinuniversity,403da550308d641a678667610173944ba8a878091a99ff724714d66cc5f5f9b5,2025-10-31,Designer – Chuyên Viên Thiết Kế Hình Ảnh,Designer – Chuyên Viên Thiết Kế Hình Ảnh,mid,Thủ Đức,3,3,"[""Thành thạo các công cụ thiết kế""]",18000000,22000000,công_nghệ_thông_tin_kỹ_thuật_số,"{""dataset"":""dinhieufam/VietJobs"",""dataset_commit"":""ea140511b77935704e93d21c2973b72f46d48902"",""license"":""MIT""}"
vietjobs_vinuniversity,40527b502fa0c8ef263cbca88149d681d55cc677e9ea308b9f23ee3d0f8d6d4e,2025-10-31,Embedded Systems Developer,Embedded Systems Developer,mid,Ha Noi,5,5,"[""C/C++"",""Shell"",""Python"",""AWS IoTCore"",""MQTT"",""Media Streaming"",""FOTA"",""Voice Recognition"",""Linux kernel"",""Drivers""]",15000000,25000000,công_nghệ_thông_tin_kỹ_thuật_số,"{""dataset"":""dinhieufam/VietJobs"",""dataset_commit"":""ea140511b77935704e93d21c2973b72f46d48902"",""license"":""MIT""}"
vietjobs_vinuniversity,40d76222fb71bbb41c1f6e73c45d0744c021f6375a4c909a1b82fd930c595fac,2025-10-31,Lập Trình Viên Backend Java,Backend Developer,mid,Ha Noi,3,3,"[""Java"",""Java Spring Boot"",""API (Restful, SOAP)"",""SCM (Git, SVN)"",""IDE (Eclipse, IntelliJ, NetBeans)"",""Database Oracle/SQL"",""WebForm"",""MVC""]",16000000,32000000,công_nghệ_thông_tin_kỹ_thuật_số,"{""dataset"":""dinhieufam/VietJobs"",""dataset_commit"":""ea140511b77935704e93d21c2973b72f46d48902"",""license"":""MIT""}"
vietjobs_vinuniversity,4101e1f1cc7c13ad0c0d527ed6d7b90c168fa9c503bfbd75f3af9f0237153b7f,2025-10-31,Chuyên Viên Kiểm Thử Phần Mềm,Chuyên Viên Kiểm Thử Phần Mềm,mid,"Hà Nội, Hồ Chí Minh",3,3,"[""Công cụ test"",""Quản lý lỗi"",""Phương pháp Agile"",""Scrum""]",15000000,30000000,công_nghệ_thông_tin_kỹ_thuật_số,"{""dataset"":""dinhieufam/VietJobs"",""dataset_commit"":""ea140511b77935704e93d21c2973b72f46d48902"",""license"":""MIT""}"
vietjobs_vinuniversity,4156a10071ef8afcf8f0c325795f6dd38189bc2506fa66ba0d976734a1c5e69f,2025-10-31,Manual Tester - Tiếng Nhật N3,Manual Tester - Tiếng Nhật N3,mid,Ha Noi,3,3,"[""Database"",""Web Testing"",""Mobile testing"",""API""]",25000000,35000000,công_nghệ_thông_tin_kỹ_thuật_số,"{""dataset"":""dinhieufam/VietJobs"",""dataset_commit"":""ea140511b77935704e93d21c2973b72f46d48902"",""license"":""MIT""}"
vietjobs_vinuniversity,415f7cc56afc5796718f94941b8e5145b6a6a2dee4f33e58595cad99fa1a4ba7,2025-10-31,Quản Lý Dự Án Phần Mềm Trí Tuệ Nhân Tạo,Quản Lý Dự Án Phần Mềm Trí Tuệ Nhân Tạo,mid,Ha Noi,3,3,"[""Quản lý dự án phần mềm"",""Quy trình sản xuất phần mềm"",""Kiến thức về BA""]",20000000,30000000,công_nghệ_thông_tin_kỹ_thuật_số,"{""dataset"":""dinhieufam/VietJobs"",""dataset_commit"":""ea140511b77935704e93d21c2973b72f46d48902"",""license"":""MIT""}"
vietjobs_vinuniversity,424c5257a6fe19904e1ad2fdc4917f86e1d7efcd9a4eec185874f94934d49d0e,2025-10-31,Thiết kế đồ họa,Thiết kế đồ họa,mid,Da Nang,1,1,"[""Photoshop"",""Illustrator""]",7000000,10000000,công_nghệ_thông_tin_kỹ_thuật_số,"{""dataset"":""dinhieufam/VietJobs"",""dataset_commit"":""ea140511b77935704e93d21c2973b72f46d48902"",""license"":""MIT""}"
vietjobs_vinuniversity,42c348122b5fe740d868ad040b5a1c1c861e23cd3514ea05fe337d4b94217c7b,2025-10-31,Lập Trình Viên Java Springboot,Lập Trình Viên Java Springboot,mid,Ha Noi,1,1,"[""Java"",""Java Spring Boot"",""Html/Css"",""Redis"",""MySQL"",""MongoDB"",""Oracle"",""SQL""]",8000000,18000000,công_nghệ_thông_tin_kỹ_thuật_số,"{""dataset"":""dinhieufam/VietJobs"",""dataset_commit"":""ea140511b77935704e93d21c2973b72f46d48902"",""license"":""MIT""}"
vietjobs_vinuniversity,42cbd33361370b417ea70dea25899ff7fc43997a2f0f6cb7c369b46433b02fbb,2025-10-31,Chuyên Viên Kiểm Thử,Chuyên Viên Kiểm Thử,mid,Ha Noi,2,2,"[""SQL"",""Automation Testing""]",10000000,20000000,công_nghệ_thông_tin_kỹ_thuật_số,"{""dataset"":""dinhieufam/VietJobs"",""dataset_commit"":""ea140511b77935704e93d21c2973b72f46d48902"",""license"":""MIT""}"
vietjobs_vinuniversity,42ce67425d69e2818c71a57540a5065a4e8adc733d4811bb6e00e70e5100f1a4,2025-10-31,Kỹ Sư Vision Machine,Kỹ Sư Vision Machine,mid,Ha Noi,2,2,"[""Xử lý hình ảnh số"",""Thị giác máy"",""Deep Learning"",""Machine Learning"",""OpenCV"",""C#"",""C++"",""Python""]",15000000,25000000,công_nghệ_thông_tin_kỹ_thuật_số,"{""dataset"":""dinhieufam/VietJobs"",""dataset_commit"":""ea140511b77935704e93d21c2973b72f46d48902"",""license"":""MIT""}"
vietjobs_vinuniversity,42d22a4be9d7f24f8542a041ba6ee1d34c35b356e657d3ad5e32050601d012cf,2025-10-31,Nhân Viên Thiết Kế Quảng Cáo,Nhân Viên Thiết Kế Quảng Cáo,mid,Ha Noi,2,2,"[""Corel"",""Autocad"",""Sketchup"",""Ai""]",13000000,20000000,công_nghệ_thông_tin_kỹ_thuật_số,"{""dataset"":""dinhieufam/VietJobs"",""dataset_commit"":""ea140511b77935704e93d21c2973b72f46d48902"",""license"":""MIT""}"
vietjobs_vinuniversity,4334295be97efc231072218d8987ddc044bc7438062eddf1a31b4cf3d7c33af3,2025-10-31,UI/UX Designer,UI/UX Designer,mid,Ha Noi,2,2,"[""Figma"",""Design System"",""UX Research"",""Component System"",""Auto-layout""]",12000000,15000000,công_nghệ_thông_tin_kỹ_thuật_số,"{""dataset"":""dinhieufam/VietJobs"",""dataset_commit"":""ea140511b77935704e93d21c2973b72f46d48902"",""license"":""MIT""}"
vietjobs_vinuniversity,438b3062acf06cc1be8148e136d5d24a549281852e6baa13107ce228ed148c5c,2025-10-31,Chuyên Viên Kinh Doanh/Tư Vấn,Chuyên Viên Kinh Doanh/Tư Vấn,mid,Gò Vấp,0,0,"[""Kỹ năng giao tiếp"",""Kỹ năng làm việc nhóm"",""Kỹ năng độc lập""]",8000000,20000000,công_nghệ_thông_tin_kỹ_thuật_số,"{""dataset"":""dinhieufam/VietJobs"",""dataset_commit"":""ea140511b77935704e93d21c2973b72f46d48902"",""license"":""MIT""}"
vietjobs_vinuniversity,4399da06181d625e93c33eacdc8df23545d626d94aff4bff10b46a879476def2,2025-10-31,Trưởng Phòng Kinh Doanh Phân Phối,Trưởng Phòng Kinh Doanh Phân Phối,mid,Ha Noi,3,3,[],30000000,35000000,công_nghệ_thông_tin_kỹ_thuật_số,"{""dataset"":""dinhieufam/VietJobs"",""dataset_commit"":""ea140511b77935704e93d21c2973b72f46d48902"",""license"":""MIT""}"
vietjobs_vinuniversity,43ce9f7727e4b882006a22e46fd5731f07fcca1d8de82bbbfb8c19148887f852,2025-10-31,Nhân Viên Thiết Kế Đồ Họa,Nhân Viên Thiết Kế Đồ Họa,mid,Ho Chi Minh,3,3,"[""Thiết kế 2D/3D"",""UX/UI"",""Chỉnh sửa video/gif""]",14000000,18000000,công_nghệ_thông_tin_kỹ_thuật_số,"{""dataset"":""dinhieufam/VietJobs"",""dataset_commit"":""ea140511b77935704e93d21c2973b72f46d48902"",""license"":""MIT""}"
vietjobs_vinuniversity,4423e58987a400289886e4f9d901e9537c562aeaead9a9f6e757fa1b67d9f4ca,2025-10-31,Chuyên Viên Thiết Kế,Chuyên Viên Thiết Kế,mid,Ha Noi,2,2,"[""Adobe Photoshop"",""Illustrator"",""After Effect"",""Premiere Pro"",""Cap Cut Pro""]",11000000,13000000,công_nghệ_thông_tin_kỹ_thuật_số,"{""dataset"":""dinhieufam/VietJobs"",""dataset_commit"":""ea140511b77935704e93d21c2973b72f46d48902"",""license"":""MIT""}"
vietjobs_vinuniversity,4460c9bb0b5fe80599f05d59b7b6cd8b1f29ccb838fb8524d0560b5feac145f0,2025-10-31,Chuyên Viên Lập Trình .NET,Chuyên Viên Lập Trình .NET,mid,Ha Noi,1,1,"[""C#"","".NET"",""HTML5"",""JavaScript"",""WCF"",""REST-full"",""MSSQL Server"",""Oracle""]",30000000,30000000,công_nghệ_thông_tin_kỹ_thuật_số,"{""dataset"":""dinhieufam/VietJobs"",""dataset_commit"":""ea140511b77935704e93d21c2973b72f46d48902"",""license"":""MIT""}"
vietjobs_vinuniversity,44a59508e3a2a9306d3b411e69a1350470f154201c128f677ff6bdc090141d88,2025-10-31,Kỹ Thuật Viên IT,Kỹ Thuật Viên IT,mid,Bắc Ninh,0,0,"[""Phần cứng PC/Laptop"",""Thiết bị văn phòng"",""Hệ thống mạng"",""Phần mềm""]",7000000,9000000,công_nghệ_thông_tin_kỹ_thuật_số,"{""dataset"":""dinhieufam/VietJobs"",""dataset_commit"":""ea140511b77935704e93d21c2973b72f46d48902"",""license"":""MIT""}"
vietjobs_vinuniversity,44d90fe99540801db512f89fe4cc1197c8a7ceb4116f0f2c53790441f9add562,2025-10-31,Phát triển kinh doanh,Phát triển kinh doanh,mid,Ho Chi Minh,2,2,"[""Kinh doanh phần mềm"",""Kinh doanh dự án outsourcing về CNTT"",""Lập trình"",""HRM"",""E-Co"",""BlockChain"",""Chuyển đổi số""]",50000000,50000000,công_nghệ_thông_tin_kỹ_thuật_số,"{""dataset"":""dinhieufam/VietJobs"",""dataset_commit"":""ea140511b77935704e93d21c2973b72f46d48902"",""license"":""MIT""}"
vietjobs_vinuniversity,4506114d7855221abcb0519677825e024b89a0ce842b5d8e6bfbbdb6e913e23a,2025-10-31,Animation,Animation,mid,Tp Vinh,0,0,"[""After effect"",""Photoshop"",""Moho"",""Microsoft Office"",""Google Drive""]",8000000,12000000,công_nghệ_thông_tin_kỹ_thuật_số,"{""dataset"":""dinhieufam/VietJobs"",""dataset_commit"":""ea140511b77935704e93d21c2973b72f46d48902"",""license"":""MIT""}"
vietjobs_vinuniversity,45504c46c1883a7226b3afeabe8308df333ef70ee02757d54acb29710d56fe1e,2025-10-31,Trưởng Phòng Giải Pháp CNTT,Trưởng Phòng Giải Pháp CNTT,mid,Ha Noi,4,4,"[""Giải pháp ứng dụng CNTT"",""Giải pháp chuyển đổi số doanh nghiệp"",""Hệ thống quản lý văn bản điều hành"",""Hệ thống thông tin nội bộ""]",25000000,40000000,công_nghệ_thông_tin_kỹ_thuật_số,"{""dataset"":""dinhieufam/VietJobs"",""dataset_commit"":""ea140511b77935704e93d21c2973b72f46d48902"",""license"":""MIT""}"
vietjobs_vinuniversity,457a0c7dd96697ff8e54f7f360cc39439bb2f8909048eb24862623cc5777c762,2025-10-31,Nhà phát triển đầy đủ,Nhà phát triển đầy đủ,mid,Ho Chi Minh,2,2,"[""PHP"",""ASP.NET"",""HTML"",""CSS"",""JavaScript"",""VueJS"",""React"",""Laravel"",""NodeJS"",""RESTful API"",""MySQL"",""SQL Server"",""MongoDB"",""Git""]",7000000,9000000,công_nghệ_thông_tin_kỹ_thuật_số,"{""dataset"":""dinhieufam/VietJobs"",""dataset_commit"":""ea140511b77935704e93d21c2973b72f46d48902"",""license"":""MIT""}"
vietjobs_vinuniversity,45ea6eec97d561a7a4bde263a1132ddc8375b26259ddee39ed263ce1d57f1bec,2025-10-31,Trưởng phòng kiểm tra,Trưởng phòng kiểm tra,mid,Ha Noi,3,3,"[""Kiểm thử phần mềm"",""Phân tích yêu cầu"",""Thiết kế Test Case"",""Thực hiện Test Case""]",30000000,30000000,công_nghệ_thông_tin_kỹ_thuật_số,"{""dataset"":""dinhieufam/VietJobs"",""dataset_commit"":""ea140511b77935704e93d21c2973b72f46d48902"",""license"":""MIT""}"
vietjobs_vinuniversity,462dc6ade572fb28f324634d49a51d230155168e06706840bf71905c731cb141,2025-10-31,System Engineer,System Engineer,mid,Ha Noi,2,2,"[""Tích hợp hệ thống"",""Phần cứng (máy chủ, HCI, SAN, storage)"",""Phần mềm (Windows, Linux, VMware)"",""Cloud computing"",""DevOps (Kubernetes, Docker, Tanzu, OpenShift, Openstack, Ansible)""]",35000000,35000000,công_nghệ_thông_tin_kỹ_thuật_số,"{""dataset"":""dinhieufam/VietJobs"",""dataset_commit"":""ea140511b77935704e93d21c2973b72f46d48902"",""license"":""MIT""}"
vietjobs_vinuniversity,4633409073972bd0ec9ad9b2c98b98dbce9c9e20b1efc3db3f88c71ad5731778,2025-10-31,Thiết kế đồ họa (trò chơi),Thiết kế đồ họa trò chơi ,mid,Ho Chi Minh,1,1,"[""Adobe Creative Suite (Illustrator, Photoshop, InDesign, Premiere Pro, After Effect)"",""AI application in work"",""Wacom drawing tablet (preferred)""]",8000000,12000000,công_nghệ_thông_tin_kỹ_thuật_số,"{""dataset"":""dinhieufam/VietJobs"",""dataset_commit"":""ea140511b77935704e93d21c2973b72f46d48902"",""license"":""MIT""}"
vietjobs_vinuniversity,464182120010d2c2bc7c11aed558cf8172dece0394ab1eb67db3609e4ddfcc49,2025-10-31,Trưởng Nhóm Lập Trình,Trưởng Nhóm Lập Trình,mid,Ha Noi,4,4,"["".NET"",""ReactJS"","".NET MVC"","".Net Core"",""SQL Server"",""Postgresql Server"",""Javascript"",""Jquery"",""HTML"",""CSS"",""MongoDB"",""Redis Cache"",""Rabbit MQ"",""SignalR""]",45000000,45000000,công_nghệ_thông_tin_kỹ_thuật_số,"{""dataset"":""dinhieufam/VietJobs"",""dataset_commit"":""ea140511b77935704e93d21c2973b72f46d48902"",""license"":""MIT""}"
vietjobs_vinuniversity,464def725ab7e4a63dd79de1d698a5838d0042d0bb1c63fd4d462644fba6eea8,2025-10-31,Nhân Viên Nhập Liệu,Nhân Viên Nhập Liệu,mid,Ho Chi Minh,0,0,"[""Kỹ năng máy tính cơ bản"",""Kỹ năng đánh máy nhanh""]",7000000,12000000,công_nghệ_thông_tin_kỹ_thuật_số,"{""dataset"":""dinhieufam/VietJobs"",""dataset_commit"":""ea140511b77935704e93d21c2973b72f46d48902"",""license"":""MIT""}"
vietjobs_vinuniversity,46f1fc7b5c4b8d657f028001caa3b637ba5d9d1701aa9ab86bd7334b64a5abcd,2025-10-31,Trình chỉnh sửa tài liệu E-Learning (Sản phẩm phần mềm),Trình chỉnh sửa tài liệu E-Learning Sản phẩm phần mềm ,mid,Ha Noi,1,1,"[""Kỹ năng viết tài liệu"",""Sử dụng các công cụ soạn thảo tài liệu"",""Kỹ năng biên soạn video""]",8000000,11000000,công_nghệ_thông_tin_kỹ_thuật_số,"{""dataset"":""dinhieufam/VietJobs"",""dataset_commit"":""ea140511b77935704e93d21c2973b72f46d48902"",""license"":""MIT""}"
vietjobs_vinuniversity,475bd174375f70fadce16219d5745656ea78d74afdeb6fd15129f9f425645412,2025-10-31,Lập Trình Viên PHP Laravel Backend,Backend Developer,mid,Ha Noi,2,2,"[""PHP"",""Laravel"",""MySQL"",""PostgreSQL"",""MongoDB"",""HTML"",""CSS"",""JavaScript"",""Git""]",25000000,30000000,công_nghệ_thông_tin_kỹ_thuật_số,"{""dataset"":""dinhieufam/VietJobs"",""dataset_commit"":""ea140511b77935704e93d21c2973b72f46d48902"",""license"":""MIT""}"
vietjobs_vinuniversity,478fcab022beaae43736b384d77e82bc3b79ca5f4388c3624ebf3b2b4f2c7c7b,2025-10-31,Frontend Developer,Frontend Developer,mid,Ha Noi,2,2,"[""HTML"",""CSS"",""Vue.js"",""JavaScript""]",13000000,20000000,công_nghệ_thông_tin_kỹ_thuật_số,"{""dataset"":""dinhieufam/VietJobs"",""dataset_commit"":""ea140511b77935704e93d21c2973b72f46d48902"",""license"":""MIT""}"
vietjobs_vinuniversity,47fa339af487395ccbad5a07b3e5df34137b6bc1c1f29772e6c882f537caf751,2025-10-31,Nhân Viên Kỹ Thuật,Nhân Viên Kỹ Thuật,mid,Hải Phòng,1,1,"[""Bảo trì, bảo dưỡng thiết bị CNTT"",""Cài đặt, lắp đặt và cấu hình thiết bị công nghệ"",""Hệ điều hành Windows Server"",""Linux""]",9000000,13000000,công_nghệ_thông_tin_kỹ_thuật_số,"{""dataset"":""dinhieufam/VietJobs"",""dataset_commit"":""ea140511b77935704e93d21c2973b72f46d48902"",""license"":""MIT""}"
vietjobs_vinuniversity,480a0f96dc0640a6d8434da7e737cb5709d0b8c1310317781a8ca92af66ebe9e,2025-10-31,Intern IT Engineer (Yêu Cầu Có Kinh Nghiệm Web Development) - Thử Việc 100% Lương,Intern IT Engineer Yêu Cầu Có Kinh Nghiệm Web Development - Thử Việc 100% Lương,intern,Ha Noi,0,0,"[""JavaScript"",""PHP"",""WordPress"",""Basic SQL"",""UNIX/Linux commands""]",4000000,8000000,công_nghệ_thông_tin_kỹ_thuật_số,"{""dataset"":""dinhieufam/VietJobs"",""dataset_commit"":""ea140511b77935704e93d21c2973b72f46d48902"",""license"":""MIT""}"
vietjobs_vinuniversity,484f45d31e241e20e2b3be3bfb66efecf7b26dd27ccc9e8a6686bde9b0697e83,2025-10-31,Nhân Viên Thiết Kế (Senior),Senior Nhân Viên Thiết Kế Senior ,senior,Ha Noi,1,1,"[""Ps"",""Ai"",""iD""]",10000000,17000000,công_nghệ_thông_tin_kỹ_thuật_số,"{""dataset"":""dinhieufam/VietJobs"",""dataset_commit"":""ea140511b77935704e93d21c2973b72f46d48902"",""license"":""MIT""}"
vietjobs_vinuniversity,48c83b41aa457bdcbc11c694560b9a1af1e35d527a786dcc0c61798e513d0f98,2025-10-31,Kỹ Sư Triển Khai Dự Án,Kỹ Sư Triển Khai Dự Án,mid,Ho Chi Minh,2,2,"[""MS Office"",""Auto CAD"",""CCTV"",""Access Control"",""Networks""]",20000000,20000000,công_nghệ_thông_tin_kỹ_thuật_số,"{""dataset"":""dinhieufam/VietJobs"",""dataset_commit"":""ea140511b77935704e93d21c2973b72f46d48902"",""license"":""MIT""}"
vietjobs_vinuniversity,491773273a3ff457f1c970a9a66aae3a50017ac9e2dd70bca9ed7f5d4478e161,2025-10-31,Kỹ sư di động,Kỹ sư di động,mid,Ha Noi,1,1,"[""React Native"",""JavaScript"",""ES6+"",""TypeScript"",""RESTful API"",""OAuth"",""Push Notification"",""Firebase"",""Google Maps"",""Redux"",""Context API"",""MobX""]",12000000,20000000,công_nghệ_thông_tin_kỹ_thuật_số,"{""dataset"":""dinhieufam/VietJobs"",""dataset_commit"":""ea140511b77935704e93d21c2973b72f46d48902"",""license"":""MIT""}"
vietjobs_vinuniversity,496efc64d13197c568fde8b5ae6559c234039a969e55e24a7f1ec619b3a27a57,2025-10-31,Phân Tích Nghiệp Vụ,Phân Tích Nghiệp Vụ,mid,Ha Noi,2,2,"[""Tiếng Anh"",""Tin học văn phòng"",""Power BI"",""GG Studio"",""GG Driver""]",12000000,16000000,công_nghệ_thông_tin_kỹ_thuật_số,"{""dataset"":""dinhieufam/VietJobs"",""dataset_commit"":""ea140511b77935704e93d21c2973b72f46d48902"",""license"":""MIT""}"
vietjobs_vinuniversity,49a88b4484c97e6c028a4429c75889cdaf27cd7c7504fe1f3b697dee33be9510,2025-10-31,Nhân Viên Kinh Doanh Phần Mềm,Nhân Viên Kinh Doanh Phần Mềm,mid,Ho Chi Minh,0,0,[],7000000,15000000,công_nghệ_thông_tin_kỹ_thuật_số,"{""dataset"":""dinhieufam/VietJobs"",""dataset_commit"":""ea140511b77935704e93d21c2973b72f46d48902"",""license"":""MIT""}"
vietjobs_vinuniversity,49c4425b2df695a37930ceeb15cd6e47321452f00182668da6506e4c4364fb86,2025-10-31,2D UI/UX Artist (Game),2D UI/UX Artist Game ,mid,Ho Chi Minh,1,1,"[""Figma"",""Adobe Photoshop"",""Illustrator"",""Digital drawing on Wacom""]",30000000,30000000,công_nghệ_thông_tin_kỹ_thuật_số,"{""dataset"":""dinhieufam/VietJobs"",""dataset_commit"":""ea140511b77935704e93d21c2973b72f46d48902"",""license"":""MIT""}"
vietjobs_vinuniversity,49c7ac720f8151f7f48d3db2b0c265e5d8a7d5e909bbfcbe1e198a4d3b009ce6,2025-10-31,Hỗ trợ kỹ thuật tươi hơn (tiếng Nhật),Hỗ trợ kỹ thuật tươi hơn tiếng Nhật ,mid,"Bình Thạnh, Hồ Chí Minh",0,0,[],20000000,26000000,công_nghệ_thông_tin_kỹ_thuật_số,"{""dataset"":""dinhieufam/VietJobs"",""dataset_commit"":""ea140511b77935704e93d21c2973b72f46d48902"",""license"":""MIT""}"
vietjobs_vinuniversity,49d7fa11791bc390a65d692b09de8e3b78fe6a7ec0f6ef7cc123c1b5a05da4ae,2025-10-31,Nhân Viên Kinh Doanh,Nhân Viên Kinh Doanh,mid,Ho Chi Minh,0,0,[],8000000,25000000,công_nghệ_thông_tin_kỹ_thuật_số,"{""dataset"":""dinhieufam/VietJobs"",""dataset_commit"":""ea140511b77935704e93d21c2973b72f46d48902"",""license"":""MIT""}"
vietjobs_vinuniversity,4a8a52a07f794073de6acd89f0c4b00e35be4fbf6885b351ec33f2de7cf15598,2025-10-31,Presale Network Engineer,Network Engineer,mid,Ho Chi Minh,1,1,"[""Kiến thức nền tảng về Network"",""SDN"",""SDWAN"",""Segment Routing"",""MPLS"",""EVPN"",""VxLAN"",""CCNP"",""CCIE""]",30000000,30000000,công_nghệ_thông_tin_kỹ_thuật_số,"{""dataset"":""dinhieufam/VietJobs"",""dataset_commit"":""ea140511b77935704e93d21c2973b72f46d48902"",""license"":""MIT""}"
vietjobs_vinuniversity,4a95f317d2094ee82c3cec046bf782a6a985771b4662e8e3631aeb53974bac69,2025-10-31,"Nhà phân tích kinh doanh (Cấp độ: Trung, cao cấp)","Nhà phân tích kinh doanh Cấp độ: Trung, cao cấp ",mid,Ha Noi,2,2,"[""Phân tích nghiệp vụ"",""Thiết kế trải nghiệm người dùng"",""Sử dụng Google Analysis""]",15000000,45000000,công_nghệ_thông_tin_kỹ_thuật_số,"{""dataset"":""dinhieufam/VietJobs"",""dataset_commit"":""ea140511b77935704e93d21c2973b72f46d48902"",""license"":""MIT""}"
vietjobs_vinuniversity,4af39272e37f1acaf7034edea383318f600ee40c1afe1b1a3d1e5cca241aca68,2025-10-31,Nhân Viên Thiết Kế Thumbnail,Nhân Viên Thiết Kế Thumbnail,mid,Hà Đông,0,0,"[""Photoshop"",""Canva"",""Figma""]",10000000,15000000,công_nghệ_thông_tin_kỹ_thuật_số,"{""dataset"":""dinhieufam/VietJobs"",""dataset_commit"":""ea140511b77935704e93d21c2973b72f46d48902"",""license"":""MIT""}"
vietjobs_vinuniversity,4b00ae272e329ddd33ee70039df835545f37437a60b37274e702c15fc8fc0b02,2025-10-31,Lập Trình Viên Fullstack,Fullstack Developer,mid,Ha Noi,3,3,"[""Java"",""Spring Boot"",""PostgreSQL"",""React.js"",""Docker"",""Kubernetes"",""GitLab CI/CD""]",25000000,35000000,công_nghệ_thông_tin_kỹ_thuật_số,"{""dataset"":""dinhieufam/VietJobs"",""dataset_commit"":""ea140511b77935704e93d21c2973b72f46d48902"",""license"":""MIT""}"
vietjobs_vinuniversity,4b056fecc83a38d4bdcca4673dd3aabc56094f4031ed716eac9d0590298041fb,2025-10-31,Thiết Kế Đồ Họa,Thiết Kế Đồ Họa,mid,Ha Noi,2,2,"[""Adobe Photoshop"",""Illustrator"",""InDesign"",""CorelDRAW""]",11000000,14000000,công_nghệ_thông_tin_kỹ_thuật_số,"{""dataset"":""dinhieufam/VietJobs"",""dataset_commit"":""ea140511b77935704e93d21c2973b72f46d48902"",""license"":""MIT""}"
vietjobs_vinuniversity,4b096b9eb73026664a97ef94495051d1d2c2aafa4171de4b3c067a22ac7d5b26,2025-10-31,Ui/Ux Designer,Ui/Ux Designer,mid,Ha Noi,3,3,"[""Figma"",""Adobe XD"",""Sketch"",""Adobe CS"",""Invision"",""HTML"",""CSS (SCSS)"",""iOS"",""Android"",""Design Systems"",""Adobe Creative Suite""]",15000000,28000000,công_nghệ_thông_tin_kỹ_thuật_số,"{""dataset"":""dinhieufam/VietJobs"",""dataset_commit"":""ea140511b77935704e93d21c2973b72f46d48902"",""license"":""MIT""}"
vietjobs_vinuniversity,4b30f7f28cb24a9c8e77fffd3d831d7069d5fa4ed74671dbcdea0f27a9c4e9bd,2025-10-31,Nhân Viên Thiết Kế Đồ Hoạ,Nhân Viên Thiết Kế Đồ Hoạ,mid,Ho Chi Minh,1,1,"[""Adobe Illustrator"",""Photoshop"",""InDesign"",""Premiere"",""After Effect""]",8000000,12000000,công_nghệ_thông_tin_kỹ_thuật_số,"{""dataset"":""dinhieufam/VietJobs"",""dataset_commit"":""ea140511b77935704e93d21c2973b72f46d48902"",""license"":""MIT""}"
vietjobs_vinuniversity,4b9dacb222b77363e981c021be04ccd34ae2a214c599172235f886b86b816686,2025-10-31,Android Developer,Mobile Developer,mid,Ha Noi,1,1,"[""Android Java"",""Kotlin"",""Android Components"",""Storage"",""Git"",""Dependency Injection"",""Jira"",""Scrum"",""Agile"",""OOP"",""Design Pattern"",""MVVM"",""Restful API"",""Retrofit"",""Flutter""]",12000000,18000000,công_nghệ_thông_tin_kỹ_thuật_số,"{""dataset"":""dinhieufam/VietJobs"",""dataset_commit"":""ea140511b77935704e93d21c2973b72f46d48902"",""license"":""MIT""}"
vietjobs_vinuniversity,4bc4f50339780b9928830a355a35621a93b759fe839d44c1a3d4a2f20116d41b,2025-10-31,Data Engineer,Data Engineer,mid,Ha Noi,2,2,"[""Hadoop"",""Spark"",""Oracle"",""Netezza"",""Data Stage"",""Pentaho"",""ODI"",""Cloud""]",20000000,24000000,công_nghệ_thông_tin_kỹ_thuật_số,"{""dataset"":""dinhieufam/VietJobs"",""dataset_commit"":""ea140511b77935704e93d21c2973b72f46d48902"",""license"":""MIT""}"
vietjobs_vinuniversity,4bde6ee6054b28e64b60bf0401267085815b2248643d0ce0032563c4edd58dc4,2025-10-31,Chuyên Viên Triển Khai Dự Án - Công Nghệ Thông Tin,Chuyên Viên Triển Khai Dự Án - Công Nghệ Thông Tin,mid,Ho Chi Minh,1,1,"[""Khả năng phân tích"",""Hiểu biết về các giải pháp công nghệ thông tin"",""Kỹ năng thuyết trình"",""Hiểu biết về các dự án công nghệ thông tin""]",5000000,200000000,công_nghệ_thông_tin_kỹ_thuật_số,"{""dataset"":""dinhieufam/VietJobs"",""dataset_commit"":""ea140511b77935704e93d21c2973b72f46d48902"",""license"":""MIT""}"
vietjobs_vinuniversity,4cc5eb6d5d842e2a568fb817f34039c4bb08cd380eaab2c02dc2e9d6d27a0917,2025-10-31,Thiết Kế Website,Thiết Kế Website,mid,Thái Nguyên,2,2,"[""Figma"",""Adobe Photoshop"",""Illustrator"",""XD"",""HTML"",""CSS"",""JavaScript""]",15000000,20000000,công_nghệ_thông_tin_kỹ_thuật_số,"{""dataset"":""dinhieufam/VietJobs"",""dataset_commit"":""ea140511b77935704e93d21c2973b72f46d48902"",""license"":""MIT""}"
vietjobs_vinuniversity,4d1ba587afcad29105b23cddc232429cc1c5c17521811cf763e8152f0f74cb0f,2025-10-31,Nhân Viên Kinh Doanh B2B,Nhân Viên Kinh Doanh B2B,mid,Ha Noi,0,0,[],12000000,20000000,công_nghệ_thông_tin_kỹ_thuật_số,"{""dataset"":""dinhieufam/VietJobs"",""dataset_commit"":""ea140511b77935704e93d21c2973b72f46d48902"",""license"":""MIT""}"
vietjobs_vinuniversity,4d326619b68879a32fcbaae3b4cf41251fae52ff788c484872c8ef5a7649bb77,2025-10-31,Nhà phát triển Unreal Engine,Nhà phát triển Unreal Engine,mid,Ha Noi,0,0,"[""Unreal Engine 5"",""Blueprint"",""C++"",""Networking (UDP, TCP)""]",7000000,9000000,công_nghệ_thông_tin_kỹ_thuật_số,"{""dataset"":""dinhieufam/VietJobs"",""dataset_commit"":""ea140511b77935704e93d21c2973b72f46d48902"",""license"":""MIT""}"
vietjobs_vinuniversity,4d42c113b562a903d6c7a76b90250c67819ad770710713065d183f1af842e399,2025-10-31,"Project Manager - Cổng Thanh Toán, Ví Điện Tử","Project Manager - Cổng Thanh Toán, Ví Điện Tử",manager,Ha Noi,3,3,"[""Quản lý dự án công nghệ thông tin"",""Kinh nghiệm với dự án áp dụng Agile"",""Am hiểu về nghiệp vụ tài chính, ngân hàng""]",40000000,55000000,công_nghệ_thông_tin_kỹ_thuật_số,"{""dataset"":""dinhieufam/VietJobs"",""dataset_commit"":""ea140511b77935704e93d21c2973b72f46d48902"",""license"":""MIT""}"
vietjobs_vinuniversity,4d4b4d1fa466f0e803cbc60bbaba616abc16958847bb57dedcff095c1c501e94,2025-10-31,DevOps Engineer Middle Level,DevOps Engineer,mid,Ha Noi,2,2,"[""CI/CD pipelines"",""AWS"",""Azure"",""Google Cloud"",""Bash"",""Python"",""Go"",""Docker"",""Kubernetes"",""Git"",""Terraform"",""Datadog"",""ELK Stack"",""Grafana"",""Prometheus"",""Sentry""]",25000000,30000000,công_nghệ_thông_tin_kỹ_thuật_số,"{""dataset"":""dinhieufam/VietJobs"",""dataset_commit"":""ea140511b77935704e93d21c2973b72f46d48902"",""license"":""MIT""}"
vietjobs_vinuniversity,4d60f0dba9f370b79c958b235eb009a799f459aa29385639fb13d43300473f22,2025-10-31,Giám đốc bán hàng (Fluent English),Giám đốc bán hàng Fluent English ,mid,Ha Noi,0,0,"[""B2B"",""B2C"",""Mobile SDK implementation"",""CRM systems"",""Sales pipeline management""]",17000000,17000000,công_nghệ_thông_tin_kỹ_thuật_số,"{""dataset"":""dinhieufam/VietJobs"",""dataset_commit"":""ea140511b77935704e93d21c2973b72f46d48902"",""license"":""MIT""}"
vietjobs_vinuniversity,4dd96526694058e535737809f422c321b1771d4cd2b21573ec62854066a9437b,2025-10-31,Nhân Viên Kinh Doanh,Nhân Viên Kinh Doanh,mid,Ho Chi Minh,1,1,"[""Tin học văn phòng (Word, Excel, PowerPoint)""]",10000000,20000000,công_nghệ_thông_tin_kỹ_thuật_số,"{""dataset"":""dinhieufam/VietJobs"",""dataset_commit"":""ea140511b77935704e93d21c2973b72f46d48902"",""license"":""MIT""}"
vietjobs_vinuniversity,4e72d99e99d090881f8c196e3b4ebad6c596d836b6b73907403568114bb51bab,2025-10-31,Phát triển kinh doanh tươi hơn tiếng hàn,Phát triển kinh doanh tươi hơn tiếng hàn,mid,Ha Noi,0,0,"[""Tiếng Hàn thành thạo cả 4 kỹ năng (Topik 5/6)""]",15000000,15000000,công_nghệ_thông_tin_kỹ_thuật_số,"{""dataset"":""dinhieufam/VietJobs"",""dataset_commit"":""ea140511b77935704e93d21c2973b72f46d48902"",""license"":""MIT""}"
vietjobs_vinuniversity,4eab81cc5b2fc0699e7840244194f11d40386c036ffbdce1aae5ab8d568d3c97,2025-10-31,"Chuyên Viên Hệ Thống Phần Mền, IT","Chuyên Viên Hệ Thống Phần Mền, IT",mid,"Hồ Chí Minh, Hồ Chí Minh",3,3,"[""Chứng chỉ lập trình"",""Chứng chỉ đám mây"",""Chứng chỉ bảo mật"",""Chứng chỉ quản lý dự án"",""Kinh nghiệm sử dụng các hệ thống phần mềm ERP, CRM"",""Kinh nghiệm trong việc xử lý sự cố, bảo trì và nâng cấp phần mềm, phần cứng, Internet""]",12000000,15000000,công_nghệ_thông_tin_kỹ_thuật_số,"{""dataset"":""dinhieufam/VietJobs"",""dataset_commit"":""ea140511b77935704e93d21c2973b72f46d48902"",""license"":""MIT""}"
vietjobs_vinuniversity,4eb98e92786b9a9bf547ecb33268e6db7e42894532be79bd5ce68dbf22e426b8,2025-10-31,Trưởng Phòng Kỹ Thuật,Trưởng Phòng Kỹ Thuật,mid,Ha Noi,5,5,"[""AutoCAD"",""Internet"",""tin học văn phòng""]",12000000,20000000,công_nghệ_thông_tin_kỹ_thuật_số,"{""dataset"":""dinhieufam/VietJobs"",""dataset_commit"":""ea140511b77935704e93d21c2973b72f46d48902"",""license"":""MIT""}"
vietjobs_vinuniversity,4ed6edbc1235b093e25e0d58f6578798609d4a537b4ed8cd1a883fd503707e3c,2025-10-31,Nhân Viên Kinh Doanh Phần Mềm Vận Tải,Nhân Viên Kinh Doanh Phần Mềm Vận Tải,mid,Hải Phòng,0,0,[],8000000,30000000,công_nghệ_thông_tin_kỹ_thuật_số,"{""dataset"":""dinhieufam/VietJobs"",""dataset_commit"":""ea140511b77935704e93d21c2973b72f46d48902"",""license"":""MIT""}"
vietjobs_vinuniversity,4ee36aaf09041fb566d58542d60da78e40ff8591974d6ef0ef19dc87056f9796,2025-10-31,Họa Viên Revit,Họa Viên Revit,mid,Ho Chi Minh,3,3,"[""Revit"",""Sketchup"",""Lumion"",""3D max""]",12000000,18000000,công_nghệ_thông_tin_kỹ_thuật_số,"{""dataset"":""dinhieufam/VietJobs"",""dataset_commit"":""ea140511b77935704e93d21c2973b72f46d48902"",""license"":""MIT""}"
vietjobs_vinuniversity,4ef7a49ebea35aa880039d6f95928a87efe29af645e86748a7ecbe1650fde895,2025-10-31,Nhân Viên Thiết Kế Đồ Họa,Nhân Viên Thiết Kế Đồ Họa,mid,Ha Noi,1,1,"[""Photoshop"",""Illustrator"",""InDesign""]",10000000,15000000,công_nghệ_thông_tin_kỹ_thuật_số,"{""dataset"":""dinhieufam/VietJobs"",""dataset_commit"":""ea140511b77935704e93d21c2973b72f46d48902"",""license"":""MIT""}"
vietjobs_vinuniversity,4f7302c9633a6c606d3b7ad89bcfd2f5686c39f4d0a43cb1a2a64f036c3dce9f,2025-10-31,Thiết kế đồ họa,Thiết kế đồ họa,mid,Ha Noi,2,2,"[""Photoshop"",""Illustrator""]",14000000,20000000,công_nghệ_thông_tin_kỹ_thuật_số,"{""dataset"":""dinhieufam/VietJobs"",""dataset_commit"":""ea140511b77935704e93d21c2973b72f46d48902"",""license"":""MIT""}"
vietjobs_vinuniversity,4f8f628a5d59fbf05f3eedb408ee0574064363dcf1e227841d712ed239e59f2b,2025-10-31,Thực Tập Sinh Motion Graphic Designer,Thực Tập Sinh Motion Graphic Designer,intern,Cầu Giấy,0,0,"[""Adobe Photoshop"",""Adobe Illustrator"",""Adobe After Effects"",""Maxon Cinema 4D""]",2000000,7000000,công_nghệ_thông_tin_kỹ_thuật_số,"{""dataset"":""dinhieufam/VietJobs"",""dataset_commit"":""ea140511b77935704e93d21c2973b72f46d48902"",""license"":""MIT""}"
vietjobs_vinuniversity,5118e88f8df9bba404de9dc63cc434da79f9882018b6628190f54d5c4f3a427a,2025-10-31,Thiết Kế Đồ Họa,Thiết Kế Đồ Họa,mid,Ha Noi,2,2,"[""Adobe Creative Suite (Illustrator, Photoshop, Premiere)"",""Figma"",""AutoCAD"",""CorelDraw""]",15000000,20000000,công_nghệ_thông_tin_kỹ_thuật_số,"{""dataset"":""dinhieufam/VietJobs"",""dataset_commit"":""ea140511b77935704e93d21c2973b72f46d48902"",""license"":""MIT""}"
vietjobs_vinuniversity,515cf6d483f5d24298f2e96ffd37d49cbcd9c58e5309b82e7ad3329b24f04c7c,2025-10-31,Kỹ sư phần mềm thực tập (Java hoặc Node.js),Kỹ sư phần mềm thực tập Java hoặc Node.js ,intern,Ho Chi Minh,0,0,"[""Java"",""Node.js"",""SQL"",""NoSQL"",""Git""]",4000000,6000000,công_nghệ_thông_tin_kỹ_thuật_số,"{""dataset"":""dinhieufam/VietJobs"",""dataset_commit"":""ea140511b77935704e93d21c2973b72f46d48902"",""license"":""MIT""}"
vietjobs_vinuniversity,516382e55f8b0535300dde91db8a91e6f058049bfd0b73b477ead163f6c9b24a,2025-10-31,Leader QC ERP,Leader QC ERP,mid,Ho Chi Minh,5,5,"[""Jira"",""TestRail"",""Postman"",""Automation testing framework""]",35000000,50000000,công_nghệ_thông_tin_kỹ_thuật_số,"{""dataset"":""dinhieufam/VietJobs"",""dataset_commit"":""ea140511b77935704e93d21c2973b72f46d48902"",""license"":""MIT""}"
vietjobs_vinuniversity,519feb1d99d807e8ebacbab633eeeee1cd5431d525982b7f38257454fceffa8a,2025-10-31,Nhân Viên IT Helpdesk,Nhân Viên IT Helpdesk,mid,Thanh Oai,1,1,"[""Quản trị hệ thống mạng"",""Quản trị hệ thống server"",""Sửa chữa thiết bị phần cứng""]",10000000,18000000,công_nghệ_thông_tin_kỹ_thuật_số,"{""dataset"":""dinhieufam/VietJobs"",""dataset_commit"":""ea140511b77935704e93d21c2973b72f46d48902"",""license"":""MIT""}"
vietjobs_vinuniversity,51a66d7cdcb69f392aee2336be2f0f3f10675f5028c0321fcc2d6c6baeb7349d,2025-10-31,Kỹ sư dữ liệu cao cấp,Kỹ sư dữ liệu cao cấp,mid,Ho Chi Minh,5,5,"[""SQL"",""Python"",""Scala"",""Microsoft Fabric"",""Azure Data Factory"",""Azure Synapse"",""Spark"",""Hadoop""]",80000000,80000000,công_nghệ_thông_tin_kỹ_thuật_số,"{""dataset"":""dinhieufam/VietJobs"",""dataset_commit"":""ea140511b77935704e93d21c2973b72f46d48902"",""license"":""MIT""}"
vietjobs_vinuniversity,51a7646cca74413db0f5fbfb5fa7bc047294735de5988cbf5b93ce2bf6ee0170,2025-10-31,Nhân Viên Kinh Doanh/Nhân Viên Tư Vấn Phần Mềm,Nhân Viên Kinh Doanh/Nhân Viên Tư Vấn Phần Mềm,mid,Ha Noi,0,0,"[""Kỹ Năng Đàm Phán Và Thương Lượng"",""Kỹ Năng Giao Tiếp Và Thuyết Trình"",""Kỹ Năng Tìm Kiếm Khách Hàng Tiềm Năng"",""Kỹ Năng Lập Kế Hoạch Và Quản Lý Thời Gian"",""Hiểu Biết Về Sản Phẩm Dịch Vụ Phần Mềm""]",15000000,30000000,công_nghệ_thông_tin_kỹ_thuật_số,"{""dataset"":""dinhieufam/VietJobs"",""dataset_commit"":""ea140511b77935704e93d21c2973b72f46d48902"",""license"":""MIT""}"
vietjobs_vinuniversity,51ff2660893973a7a8c925c2aded46bb16ee8d3132c0f9b9a139bbe53147f05f,2025-10-31,Tester (BPM),Tester BPM ,mid,Ha Noi,1,1,"[""Manual Testing"",""SQL"",""API Testing"",""System Integration Testing"",""Jira"",""TestRail""]",20000000,28000000,công_nghệ_thông_tin_kỹ_thuật_số,"{""dataset"":""dinhieufam/VietJobs"",""dataset_commit"":""ea140511b77935704e93d21c2973b72f46d48902"",""license"":""MIT""}"
vietjobs_vinuniversity,521d065efe14b4a2f6b90a322a3aac8665aae2fbeb8c06c7c1845ab6056f3ffc,2025-10-31,Tư vấn kinh doanh,Tư vấn kinh doanh,mid,Ho Chi Minh,1,1,"[""Kỹ năng bán hàng"",""Kỹ năng tư vấn""]",11000000,20000000,công_nghệ_thông_tin_kỹ_thuật_số,"{""dataset"":""dinhieufam/VietJobs"",""dataset_commit"":""ea140511b77935704e93d21c2973b72f46d48902"",""license"":""MIT""}"
vietjobs_vinuniversity,5260185cfc64b63c8875bd25835632cf284258c7c9d86bd0230f8911fd3537c9,2025-10-31,Nhà phát triển .NET cao cấp (AI),Nhà phát triển .NET cao cấp AI ,mid,Ho Chi Minh,5,5,"["".NET Core"",""C#"",""PostgreSQL"",""SQL"",""Docker"",""CI/CD"",""RESTful API""]",35000000,45000000,công_nghệ_thông_tin_kỹ_thuật_số,"{""dataset"":""dinhieufam/VietJobs"",""dataset_commit"":""ea140511b77935704e93d21c2973b72f46d48902"",""license"":""MIT""}"
vietjobs_vinuniversity,529affe3e7d12ee6002653006b146b3374e71a57a97de56ee605cccc998db68d,2025-10-31,"Designer POD- Cty Không Quịt Lương, 0 Nhàm Chán","Designer POD- Cty Không Quịt Lương, 0 Nhàm Chán",mid,Ha Noi,0,0,"[""Adobe Photoshop"",""Illustrator"",""Coreldraw"",""AI (MJ, Kling...)""]",8000000,12000000,công_nghệ_thông_tin_kỹ_thuật_số,"{""dataset"":""dinhieufam/VietJobs"",""dataset_commit"":""ea140511b77935704e93d21c2973b72f46d48902"",""license"":""MIT""}"
vietjobs_vinuniversity,52a4395b313ac3087cae69311756eac96e8ca32d66cae88e4e5b0822ed8f83e7,2025-10-31,Multimedia Designer,Multimedia Designer,mid,Ha Noi,3,3,"[""Sử dụng thành thạo các công cụ thiết kế và edit (bộ Adobe, Capcut,...)"",""Có kiến thức về nhiếp ảnh và quay phim""]",15000000,20000000,công_nghệ_thông_tin_kỹ_thuật_số,"{""dataset"":""dinhieufam/VietJobs"",""dataset_commit"":""ea140511b77935704e93d21c2973b72f46d48902"",""license"":""MIT""}"
vietjobs_vinuniversity,52d73d1db0f3d206f4cb6b99ca32128daea79af9b658c69f3845d881a6af4276,2025-10-31,Nhân Viên Lập Trình Mobile,Nhân Viên Lập Trình Mobile,mid,Ha Noi,1,1,"[""Flutter"",""React Native""]",12000000,20000000,công_nghệ_thông_tin_kỹ_thuật_số,"{""dataset"":""dinhieufam/VietJobs"",""dataset_commit"":""ea140511b77935704e93d21c2973b72f46d48902"",""license"":""MIT""}"
vietjobs_vinuniversity,53dd1c92df8d6fdbddc37e854fdb18f3e7919da8e54ac885193e69e64cc68b05,2025-10-31,IT Sales,IT Sales,mid,Ho Chi Minh,2,2,"[""Proficiency in Microsoft Office"",""CRM systems""]",15000000,35000000,công_nghệ_thông_tin_kỹ_thuật_số,"{""dataset"":""dinhieufam/VietJobs"",""dataset_commit"":""ea140511b77935704e93d21c2973b72f46d48902"",""license"":""MIT""}"
vietjobs_vinuniversity,549c904ad61e5bfcd06ab60cd6770f25b6df8cdb5cedf00962a589a8dc95cc04,2025-10-31,"Kỹ Thuật Viên Mảng CNTT, Điện","Kỹ Thuật Viên Mảng CNTT, Điện",mid,Ho Chi Minh,0,0,"[""Kỹ năng tin học văn phòng""]",7000000,8000000,công_nghệ_thông_tin_kỹ_thuật_số,"{""dataset"":""dinhieufam/VietJobs"",""dataset_commit"":""ea140511b77935704e93d21c2973b72f46d48902"",""license"":""MIT""}"
vietjobs_vinuniversity,54a5a24dcf69b9bb69d9fb96fdb89c917d8e3c08b197462598517557403403d8,2025-10-31,Nhân Viên Thiết Kế,Nhân Viên Thiết Kế,mid,Ha Noi,0,0,"[""Photoshop"",""Illustrator"",""Figma"",""Premiere"",""After Effect""]",4000000,5000000,công_nghệ_thông_tin_kỹ_thuật_số,"{""dataset"":""dinhieufam/VietJobs"",""dataset_commit"":""ea140511b77935704e93d21c2973b72f46d48902"",""license"":""MIT""}"
vietjobs_vinuniversity,54d89b9a455ce056db048029559633e3be8208775a09e4915ded053923fea1a5,2025-10-31,Kỹ Sư Cầu Nối Brse (JLPT N2),Kỹ Sư Cầu Nối Brse JLPT N2 ,mid,Ha Noi,2,2,"[""Lập trình"",""Phân tích yêu cầu"",""Kiểm thử phần mềm"",""Quản lý dự án""]",70000000,70000000,công_nghệ_thông_tin_kỹ_thuật_số,"{""dataset"":""dinhieufam/VietJobs"",""dataset_commit"":""ea140511b77935704e93d21c2973b72f46d48902"",""license"":""MIT""}"
vietjobs_vinuniversity,5512769a91ab87aac52e7107529f0ce24d60c5d2d700eabf24bb3e69ccb987bd,2025-10-31,Nhân Viên Kinh Doanh Mảng Dropship,Nhân Viên Kinh Doanh Mảng Dropship,mid,Da Nang,0,0,"[""Tin học văn phòng (Word, Excel, PowerPoint)"",""Sử dụng CRM""]",7000000,15000000,công_nghệ_thông_tin_kỹ_thuật_số,"{""dataset"":""dinhieufam/VietJobs"",""dataset_commit"":""ea140511b77935704e93d21c2973b72f46d48902"",""license"":""MIT""}"
vietjobs_vinuniversity,552312b2c4c96e1f4670411b4b766e59b90489e88f67d2db2050a68bbb12c727,2025-10-31,Nhân Viên Tư Vấn Phần Mềm,Nhân Viên Tư Vấn Phần Mềm,mid,Hải Phòng,0,0,"[""Sử dụng phần mềm quản lý bán hàng"",""Kinh nghiệm Tư vấn/Bán hàng/Sales/CSKH""]",8000000,20000000,công_nghệ_thông_tin_kỹ_thuật_số,"{""dataset"":""dinhieufam/VietJobs"",""dataset_commit"":""ea140511b77935704e93d21c2973b72f46d48902"",""license"":""MIT""}"
vietjobs_vinuniversity,5531ad87720f83184f8ad532c8bb64dea18b22f73a90bd94d639bb2670d6976a,2025-10-31,Nhân Viên Kinh Doanh/ Sales B2B (Enterprise/SME),Nhân Viên Kinh Doanh/ Sales B2B Enterprise/SME ,mid,Ha Noi,1,1,"[""Kỹ năng BA""]",9000000,9000000,công_nghệ_thông_tin_kỹ_thuật_số,"{""dataset"":""dinhieufam/VietJobs"",""dataset_commit"":""ea140511b77935704e93d21c2973b72f46d48902"",""license"":""MIT""}"
vietjobs_vinuniversity,55b33864706be6688c8c146ed35df3700b5d9990213ae9b4e378f3a9f72a2b29,2025-10-31,Nhân Viên IT Helpdesk,Nhân Viên IT Helpdesk,mid,Ha Noi,2,2,"[""MCSA""]",12000000,17000000,công_nghệ_thông_tin_kỹ_thuật_số,"{""dataset"":""dinhieufam/VietJobs"",""dataset_commit"":""ea140511b77935704e93d21c2973b72f46d48902"",""license"":""MIT""}"
vietjobs_vinuniversity,56147ed51d2fb5f7e1203f9f43410cf295f7c246438ec89cd39a0aeab4151acd,2025-10-31,System Integration Engineer (Storage),System Integration Engineer Storage ,mid,Ha Noi,2,2,"[""hệ thống lưu trữ NAS"",""SAN"",""Object Storage"",""SAN Fabric"",""giải pháp đồng bộ dữ liệu"",""giải pháp HA (High Availability)"",""HPE Primera"",""IBM FS9000"",""IBM V7000"",""Hitachi VSP"",""DellEMC PowerStore"",""NetApp"",""Brocade"",""Cisco MDS"",""giải pháp backup dữ liệu"",""Veeam"",""Commvault"",""NetBackup"",""Veritas"",""Dell EMC Data Protection"",""EMC Networker"",""Data Domain"",""IBM Tivoli Spectrum Protect"",""HPE Data Protector"",""Windows"",""Linux"",""AIX""]",15000000,25000000,công_nghệ_thông_tin_kỹ_thuật_số,"{""dataset"":""dinhieufam/VietJobs"",""dataset_commit"":""ea140511b77935704e93d21c2973b72f46d48902"",""license"":""MIT""}"
vietjobs_vinuniversity,5631dc834a0ebc06486ef6f9294724a81330d4f1bccaf5a4b1ee8840dc3baae9,2025-10-31,Nhân Viên Kinh Doanh,Nhân Viên Kinh Doanh,mid,Ho Chi Minh,0,0,"[""Tiếng Anh cơ bản""]",10000000,15000000,công_nghệ_thông_tin_kỹ_thuật_số,"{""dataset"":""dinhieufam/VietJobs"",""dataset_commit"":""ea140511b77935704e93d21c2973b72f46d48902"",""license"":""MIT""}"
vietjobs_vinuniversity,56511d05f65e2b9a66221e816a66cddd35d5d61dbba39cb4f0a7429d00a82c3b,2025-10-31,Lập Trình Viên (Tiếng Trung),Lập Trình Viên Tiếng Trung ,mid,Bắc Ninh,2,2,"[""HTML/CSS"",""JavaScript"",""PHP"",""C/C++"",""Python"",""Django""]",20000000,40000000,công_nghệ_thông_tin_kỹ_thuật_số,"{""dataset"":""dinhieufam/VietJobs"",""dataset_commit"":""ea140511b77935704e93d21c2973b72f46d48902"",""license"":""MIT""}"
vietjobs_vinuniversity,565fb03a0b4c586e2cf9a8e76f527c13c6d4eedea0f44acc8dd0bb3424dd4c49,2025-10-31,Chuyên Viên Phát Triển Sản Phẩm,Chuyên Viên Phát Triển Sản Phẩm,mid,Ha Noi,1,1,"[""Agile/Scrum"",""Jira"",""Confluence"",""Trello"",""Figma""]",15000000,23000000,công_nghệ_thông_tin_kỹ_thuật_số,"{""dataset"":""dinhieufam/VietJobs"",""dataset_commit"":""ea140511b77935704e93d21c2973b72f46d48902"",""license"":""MIT""}"
vietjobs_vinuniversity,56c70cf40c92fad65e93d7728ae97facbd0abcc730e969ccc5f4ebbca296dac0,2025-10-31,Nhân Viên Tư Vấn - Network Consultant,Nhân Viên Tư Vấn - Network Consultant,mid,Ho Chi Minh,1,1,"[""Kiến thức nền tảng về network"",""Chứng chỉ CCNA""]",13000000,15000000,công_nghệ_thông_tin_kỹ_thuật_số,"{""dataset"":""dinhieufam/VietJobs"",""dataset_commit"":""ea140511b77935704e93d21c2973b72f46d48902"",""license"":""MIT""}"
vietjobs_vinuniversity,56d132c4bd2ab7732efaba8198e66e893ac6cd9466946a5f0b5dc5792b1e81be,2025-10-31,Nhân Viên Vận Hành Hệ Thống,Nhân Viên Vận Hành Hệ Thống,mid,Ho Chi Minh,1,1,"[""Quản trị mạng"",""Xử lý sự cố phần cứng/phần mềm máy tính"",""Làm việc với hệ thống camera"",""Máy chấm công"",""Phần mềm ERP (SAP là lợi thế)""]",11000000,15000000,công_nghệ_thông_tin_kỹ_thuật_số,"{""dataset"":""dinhieufam/VietJobs"",""dataset_commit"":""ea140511b77935704e93d21c2973b72f46d48902"",""license"":""MIT""}"
vietjobs_vinuniversity,572627854fab88f6e0df171841414e115f747ef839d65d88447c3d3c49267d91,2025-10-31,Kỹ Thuật Viên Lập Trình & Vận Hành Máy CNC,Kỹ Thuật Viên Lập Trình & Vận Hành Máy CNC,mid,Ha Noi,1,1,"[""AutoCad"",""Thiết kế 3D SolidWorks"",""Lập trình CNC bằng Mastercam"",""G-code""]",12000000,25000000,công_nghệ_thông_tin_kỹ_thuật_số,"{""dataset"":""dinhieufam/VietJobs"",""dataset_commit"":""ea140511b77935704e93d21c2973b72f46d48902"",""license"":""MIT""}"
vietjobs_vinuniversity,5743169c8e25ed075773c9bdadf36ea9c5e462c93af4f775ce6369d5a71e25ca,2025-10-31,Nhà phát triển góc cạnh,Nhà phát triển góc cạnh,mid,Ha Noi,2,2,"[""Angular 10"",""Javascript"",""HTML5"",""CSS3"",""RESTFul"",""APIs""]",12000000,20000000,công_nghệ_thông_tin_kỹ_thuật_số,"{""dataset"":""dinhieufam/VietJobs"",""dataset_commit"":""ea140511b77935704e93d21c2973b72f46d48902"",""license"":""MIT""}"
vietjobs_vinuniversity,5775453d5c25087aaeea9d0aacdad26527f3be20966fa81a95b4fd1c92523a58,2025-10-31,Chuyên Viên Lập Trình Java,Chuyên Viên Lập Trình Java,mid,Ho Chi Minh,1,1,"[""Java Core"",""OOP"",""Spring MVC"",""Spring Boot"",""Servlet"",""RESTful API"",""JSP"",""HTML"",""CSS"",""JavaScript"",""MySQL"",""PostgreSQL"",""MariaDB"",""Git"",""Postman"",""Swagger""]",15000000,30000000,công_nghệ_thông_tin_kỹ_thuật_số,"{""dataset"":""dinhieufam/VietJobs"",""dataset_commit"":""ea140511b77935704e93d21c2973b72f46d48902"",""license"":""MIT""}"
vietjobs_vinuniversity,5779936124ba3f9490be70113f798c80ea3591f34980f510c5b9b552204735ca,2025-10-31,Nhân Viên Kinh Doanh,Nhân Viên Kinh Doanh,mid,Ha Noi,1,1,"[""Kinh doanh"",""Bán hàng"",""Telesale""]",15000000,25000000,công_nghệ_thông_tin_kỹ_thuật_số,"{""dataset"":""dinhieufam/VietJobs"",""dataset_commit"":""ea140511b77935704e93d21c2973b72f46d48902"",""license"":""MIT""}"
vietjobs_vinuniversity,57d8ea90ff3b150296c6d15fe9302edba0fba2d74be651c3e7b5ed07974de48c,2025-10-31,Backend Developer,Backend Developer,mid,Ha Noi,2,2,"[""SQL"",""noSQL"",""Java core"",""SpringBoot"",""Microservice"",""CICD"",""Containerization"",""Jira"",""Git""]",20000000,24000000,công_nghệ_thông_tin_kỹ_thuật_số,"{""dataset"":""dinhieufam/VietJobs"",""dataset_commit"":""ea140511b77935704e93d21c2973b72f46d48902"",""license"":""MIT""}"
vietjobs_vinuniversity,57da4bbb65bea15272e74393ba49e6d029f6d8e00bb917380a3d3d8e5bec48c6,2025-10-31,Thực Tập Sinh Kinh Doanh,Thực Tập Sinh Kinh Doanh,intern,"Hồ Chí Minh, Hà Nội",0,0,[],3000000,5000000,công_nghệ_thông_tin_kỹ_thuật_số,"{""dataset"":""dinhieufam/VietJobs"",""dataset_commit"":""ea140511b77935704e93d21c2973b72f46d48902"",""license"":""MIT""}"
vietjobs_vinuniversity,5803af8c69b61fb0f5976892841e1935da1add83e2d3b5487806885401f81e73,2025-10-31,Kỹ sư hỗ trợ kỹ thuật (cố định NightShift - Cung cấp gói tổng hợp 30 triệu),Kỹ sư hỗ trợ kỹ thuật cố định NightShift - Cung cấp gói tổng hợp 30 triệu ,mid,Ho Chi Minh,0,0,"[""Troubleshooting"",""Log analysis"",""Performance traces""]",27000000,33000000,công_nghệ_thông_tin_kỹ_thuật_số,"{""dataset"":""dinhieufam/VietJobs"",""dataset_commit"":""ea140511b77935704e93d21c2973b72f46d48902"",""license"":""MIT""}"
vietjobs_vinuniversity,5819e5f2376af8b5f3f12afb64cbf543427bb073c76384bffe0251fb6b85d298,2025-10-31,Nhân Viên Phụ Bếp,Nhân Viên Phụ Bếp,mid,Ho Chi Minh,0,0,[],6000000,6000000,công_nghệ_thông_tin_kỹ_thuật_số,"{""dataset"":""dinhieufam/VietJobs"",""dataset_commit"":""ea140511b77935704e93d21c2973b72f46d48902"",""license"":""MIT""}"
vietjobs_vinuniversity,581e6333d4b28037940fa778a02db70328eb62faf2d77eb6f5e50e1fb4eb78e9,2025-10-31,Kỹ Sư Mạng,Kỹ Sư Mạng,mid,Ho Chi Minh,2,2,"[""Cisco Nexus"",""Juniper Router"",""OSPF"",""EtherChannel"",""STP"",""VLAN"",""LACP"",""HSRP/VRRP"",""ACL"",""QoS"",""Wireshark"",""tcpdump""]",20000000,20000000,công_nghệ_thông_tin_kỹ_thuật_số,"{""dataset"":""dinhieufam/VietJobs"",""dataset_commit"":""ea140511b77935704e93d21c2973b72f46d48902"",""license"":""MIT""}"
vietjobs_vinuniversity,5822df6f4e1a09d8c69d98ea0e1ec8f96bf10d48c52e7cc37d9d2896577fbd73,2025-10-31,Nhà phát triển phụ trợ cao cấp,Nhà phát triển phụ trợ cao cấp,mid,Ha Noi,3,3,"[""Javascript"",""Typescript"",""Python"",""Network Programming"",""API Integration"",""GraphQL"",""WebSocket"",""MySQL"",""MongoDB"",""PostgreSQL""]",35000000,35000000,công_nghệ_thông_tin_kỹ_thuật_số,"{""dataset"":""dinhieufam/VietJobs"",""dataset_commit"":""ea140511b77935704e93d21c2973b72f46d48902"",""license"":""MIT""}"
vietjobs_vinuniversity,585c1e6f18253c74116fd0511496ec33f4e2da2e3da17a988cbe010c549b6752,2025-10-31,Chuyên Viên Thiết Kế Đồ Họa,Chuyên Viên Thiết Kế Đồ Họa,mid,Ha Noi,0,0,"[""Adobe Illustrator"",""Adobe Photoshop"",""Adobe Indesign"",""Figma""]",10000000,15000000,công_nghệ_thông_tin_kỹ_thuật_số,"{""dataset"":""dinhieufam/VietJobs"",""dataset_commit"":""ea140511b77935704e93d21c2973b72f46d48902"",""license"":""MIT""}"
vietjobs_vinuniversity,58b3f7da501817755480f042fa67d2adb63c8c14ef3c7af54a1fd4cd1759c0e2,2025-10-31,Chuyên Viên Tester Từ 2 Năm Kinh Nghiệm,Chuyên Viên Tester Từ 2 Năm Kinh Nghiệm,mid,Ha Noi,2,2,"[""Kiến thức về quy trình phát triển phần mềm"",""Kiến thức về quy trình kiểm thử và các phương pháp kiểm thử"",""Kinh nghiệm automation test"",""Kinh nghiệm sử dụng phần mềm Postman để test API""]",10000000,25000000,công_nghệ_thông_tin_kỹ_thuật_số,"{""dataset"":""dinhieufam/VietJobs"",""dataset_commit"":""ea140511b77935704e93d21c2973b72f46d48902"",""license"":""MIT""}"
vietjobs_vinuniversity,58ecf916c4cf0e2a3a3afe7ce1dda74a911e8a58e1b789ff2c75b68667fed412,2025-10-31,Chuyên Viên Front-End,Frontend Developer,mid,Ho Chi Minh,2,2,"[""ReactJS"",""NextJS"",""Flutter"",""RESTful API"",""Javascript"",""Typescript"",""HTML"",""CSS"",""CSS Framework""]",13000000,20000000,công_nghệ_thông_tin_kỹ_thuật_số,"{""dataset"":""dinhieufam/VietJobs"",""dataset_commit"":""ea140511b77935704e93d21c2973b72f46d48902"",""license"":""MIT""}"
vietjobs_vinuniversity,59146d3f0b060d0918f181dc7c9f59bbff6dfdc63ba09865167e4fcf56aa90c2,2025-10-31,Nhà phát triển Frontend-Web (Angular/JavaScript),Frontend Developer,mid,Ha Noi,0,0,"[""Angular"",""JavaScript"",""HTML"",""CSS"",""Bootstrap"",""Typescript"",""Git""]",8000000,12000000,công_nghệ_thông_tin_kỹ_thuật_số,"{""dataset"":""dinhieufam/VietJobs"",""dataset_commit"":""ea140511b77935704e93d21c2973b72f46d48902"",""license"":""MIT""}"
vietjobs_vinuniversity,591846796fc8f4390a89ba7a3b422afa255725228f576359d3bf05a418c6e5d2,2025-10-31,Nghệ sĩ đồ họa 2D (Tiếp thị),Nghệ sĩ đồ họa 2D Tiếp thị ,mid,Nam Từ Liêm,1,1,"[""Photoshop"",""Illustrator"",""AI""]",15000000,15000000,công_nghệ_thông_tin_kỹ_thuật_số,"{""dataset"":""dinhieufam/VietJobs"",""dataset_commit"":""ea140511b77935704e93d21c2973b72f46d48902"",""license"":""MIT""}"
vietjobs_vinuniversity,597e7b50361413d4768ed99d83c4543af251bac8906cd0b7664531d61017bc20,2025-10-31,Nhân Viên Văn Phòng,Nhân Viên Văn Phòng,mid,Ho Chi Minh,0,0,"[""Excel"",""Google Sheet"",""CRM""]",7000000,18000000,công_nghệ_thông_tin_kỹ_thuật_số,"{""dataset"":""dinhieufam/VietJobs"",""dataset_commit"":""ea140511b77935704e93d21c2973b72f46d48902"",""license"":""MIT""}"
vietjobs_vinuniversity,599e3db393c8cdb76a082241bf76d5c7c00e579c4b698e88fb8bffc166cbad05,2025-10-31,Nhân Viên IT Phần Mềm,Nhân Viên IT Phần Mềm,mid,Hải Phòng,0,0,"["".NET"",""Python"",""JavaScript"",""HTML/CSS"",""SQL Server"",""MySQL""]",12000000,20000000,công_nghệ_thông_tin_kỹ_thuật_số,"{""dataset"":""dinhieufam/VietJobs"",""dataset_commit"":""ea140511b77935704e93d21c2973b72f46d48902"",""license"":""MIT""}"
vietjobs_vinuniversity,59d182c326f8819ba149f7f03a43cc2e417e3f062741230cb3ba46d43fbc37bf,2025-10-31,Nhân Viên Kinh Doanh Phân Phối,Nhân Viên Kinh Doanh Phân Phối,mid,Ha Noi,0,0,"[""Kỹ năng giao tiếp"",""Đàm phán"",""Thuyết phục khách hàng""]",10000000,15000000,công_nghệ_thông_tin_kỹ_thuật_số,"{""dataset"":""dinhieufam/VietJobs"",""dataset_commit"":""ea140511b77935704e93d21c2973b72f46d48902"",""license"":""MIT""}"
vietjobs_vinuniversity,59e4de284507146d82a45813ff814f91a42c046b51a4ded5a0edf300b3049c9b,2025-10-31,Backend Developer (NodeJS) (Middle/ Senior),Senior Backend Developer,senior,Ha Noi,2,2,"[""Node.js"",""NestJS"",""ExpressJS"",""TypeScript"",""MySQL"",""GraphQL"",""RESTful APIs"",""Git""]",35000000,35000000,công_nghệ_thông_tin_kỹ_thuật_số,"{""dataset"":""dinhieufam/VietJobs"",""dataset_commit"":""ea140511b77935704e93d21c2973b72f46d48902"",""license"":""MIT""}"
vietjobs_vinuniversity,59fb872f1c1511e13350e9f07b23c77747733e88c7b69a977d77227de9fa3847,2025-10-31,Nhân Viên Graphic Designer,Nhân Viên Graphic Designer,mid,Ha Noi,0,0,"[""Thành thạo các phần mềm edit, design ảnh và video""]",2000000,8000000,công_nghệ_thông_tin_kỹ_thuật_số,"{""dataset"":""dinhieufam/VietJobs"",""dataset_commit"":""ea140511b77935704e93d21c2973b72f46d48902"",""license"":""MIT""}"
vietjobs_vinuniversity,5a1029cb455a8af0685e1bda3c03ae507209f29906eee09f8bd989293f5c0eef,2025-10-31,Nhân Viên Thiết Kế,Nhân Viên Thiết Kế,mid,Ho Chi Minh,1,1,"[""Photoshop"",""Illustrator"",""Canva"",""Figma""]",10000000,12000000,công_nghệ_thông_tin_kỹ_thuật_số,"{""dataset"":""dinhieufam/VietJobs"",""dataset_commit"":""ea140511b77935704e93d21c2973b72f46d48902"",""license"":""MIT""}"
vietjobs_vinuniversity,5a40585e3cd75a6153240bfb01bc4da2fed0333957935db42a26da4f08e8f4b8,2025-10-31,Hỗ trợ CNTT - Quản trị viên Hệ thống,Hỗ trợ CNTT - Quản trị viên Hệ thống,mid,Ha Noi,1,1,"[""Microsoft 365"",""NAS"",""AI tools (ChatGPT, Copilot, RPA)"",""Python"",""SQL""]",14000000,18000000,công_nghệ_thông_tin_kỹ_thuật_số,"{""dataset"":""dinhieufam/VietJobs"",""dataset_commit"":""ea140511b77935704e93d21c2973b72f46d48902"",""license"":""MIT""}"
vietjobs_vinuniversity,5a4f2148ce9fe3f1bfef0618e092265a79af3801e0f157ea35392eb162e8eb31,2025-10-31,Nhà phát triển phụ trợ (Python/Django),Nhà phát triển phụ trợ Python/Django ,mid,Ha Noi,4,4,"[""Python"",""Django"",""PostgreSQL"",""Docker"",""RESTful APIs"",""WebSockets"",""Redis""]",30000000,50000000,công_nghệ_thông_tin_kỹ_thuật_số,"{""dataset"":""dinhieufam/VietJobs"",""dataset_commit"":""ea140511b77935704e93d21c2973b72f46d48902"",""license"":""MIT""}"
vietjobs_vinuniversity,5a6c088e378ddb489405ae43d1a4124e64192a23e4060ae673c65d5f65ff993c,2025-10-31,Nhân Viên Tư Vấn Website - Không Yêu Cầu Kinh Nghiệm,Nhân Viên Tư Vấn Website - Không Yêu Cầu Kinh Nghiệm,mid,Quận 12,0,0,"[""Tin học văn phòng cơ bản""]",8000000,32000000,công_nghệ_thông_tin_kỹ_thuật_số,"{""dataset"":""dinhieufam/VietJobs"",""dataset_commit"":""ea140511b77935704e93d21c2973b72f46d48902"",""license"":""MIT""}"
vietjobs_vinuniversity,5ac57f11e631594887bcc063b02f3d7e510bce51ab049f3372d6e1654b079e9e,2025-10-31,Nhân Viên Thiết Kế,Nhân Viên Thiết Kế,mid,Da Nang,2,2,"[""Adobe Photoshop"",""Illustrator"",""InDesign"",""AI Thiết kế"",""Content"",""Video""]",12000000,14000000,công_nghệ_thông_tin_kỹ_thuật_số,"{""dataset"":""dinhieufam/VietJobs"",""dataset_commit"":""ea140511b77935704e93d21c2973b72f46d48902"",""license"":""MIT""}"
vietjobs_vinuniversity,5b077f98afbe225ee0964d915bffb91a8359232f6019c0d2a5743d0836df1517,2025-10-31,Thực Tập Thiết Kế Đồ Họa 2D Mảng Print On Demand,Thực Tập Thiết Kế Đồ Họa 2D Mảng Print On Demand,intern,Ho Chi Minh,0,0,"[""Kỹ năng vẽ tay"",""Biết chụp ảnh sản phẩm"",""Edit video sử dụng Capcut""]",2000000,2000000,công_nghệ_thông_tin_kỹ_thuật_số,"{""dataset"":""dinhieufam/VietJobs"",""dataset_commit"":""ea140511b77935704e93d21c2973b72f46d48902"",""license"":""MIT""}"
vietjobs_vinuniversity,5b237d7554644d9ddc55f0edd9ccf7cb05972bb30cf2753541c76946d0b8f41b,2025-10-31,DevOps Engineer,DevOps Engineer,mid,Ha Noi,3,3,"[""Git"",""Kubernetes"",""OpenShift"",""Jenkins"",""GitLab CI"",""Nexus"",""JFrog"",""Sonarqube"",""Semgrep"",""BlackDuck"",""Coverity"",""Grafana"",""Elasticsearch"",""Ansible"",""Terraform""]",20000000,40000000,công_nghệ_thông_tin_kỹ_thuật_số,"{""dataset"":""dinhieufam/VietJobs"",""dataset_commit"":""ea140511b77935704e93d21c2973b72f46d48902"",""license"":""MIT""}"
vietjobs_vinuniversity,5b336b082b82d10b366b079d4b1f938d09f86eb1c18aec3092cd8f52a4a0ec2b,2025-10-31,Nhân Viên Tư Vấn Website,Nhân Viên Tư Vấn Website,mid,Ho Chi Minh,0,0,"[""Tin học văn phòng (Word, Excel, PowerPoint)""]",24000000,34000000,công_nghệ_thông_tin_kỹ_thuật_số,"{""dataset"":""dinhieufam/VietJobs"",""dataset_commit"":""ea140511b77935704e93d21c2973b72f46d48902"",""license"":""MIT""}"
vietjobs_vinuniversity,5b6672307754dc1a0059b67afc66dea5940c3784c6dc51fbbc59bec854371309,2025-10-31,Người thử nghiệm Fresher (lên đến 14m),Người thử nghiệm Fresher lên đến 14m ,fresher,Ha Noi,0,0,"[""Javascript"",""PHP"",""Magento""]",8000000,14000000,công_nghệ_thông_tin_kỹ_thuật_số,"{""dataset"":""dinhieufam/VietJobs"",""dataset_commit"":""ea140511b77935704e93d21c2973b72f46d48902"",""license"":""MIT""}"
vietjobs_vinuniversity,5bbf6042d12e7077b7cae5bb3eee2715cd604f8635e3dcce17ddf80d18a955f7,2025-10-31,Chuyên Viên Phân Tích Dữ Liệu,Chuyên Viên Phân Tích Dữ Liệu,mid,Ha Noi,2,2,"[""SQL"",""Phân tích dữ liệu"",""Thống kê"",""Hình ảnh hóa dữ liệu""]",15000000,25000000,công_nghệ_thông_tin_kỹ_thuật_số,"{""dataset"":""dinhieufam/VietJobs"",""dataset_commit"":""ea140511b77935704e93d21c2973b72f46d48902"",""license"":""MIT""}"
vietjobs_vinuniversity,5bd6556bcbba3411cc3ca3e7adfad3deee73c87f9b9d95708f9086e047d1d236,2025-10-31,Chuyên Viên IT Hệ Thống Kiêm Quản Trị Phần Mềm,Chuyên Viên IT Hệ Thống Kiêm Quản Trị Phần Mềm,mid,Da Nang,2,2,"[""Hệ điều hành Windows"",""Mạng LAN/WAN"",""Windows Server"",""Linux"",""SQL Server"",""MySQL"",""ERP"",""CRM"",""HRM""]",12000000,14000000,công_nghệ_thông_tin_kỹ_thuật_số,"{""dataset"":""dinhieufam/VietJobs"",""dataset_commit"":""ea140511b77935704e93d21c2973b72f46d48902"",""license"":""MIT""}"
vietjobs_vinuniversity,5c139abbb8136be02feb258c1508b5c5f1f9b4cdf60807d3a065c4b0245bb1f8,2025-10-31,Kỹ Sư Hệ Thống,Kỹ Sư Hệ Thống,mid,Ho Chi Minh,1,1,"[""MCSA"",""MCSE"",""Vmware"",""LPIC"",""Netapp"",""Cisco"",""HPE"",""Dell"",""Storage"",""SAN""]",35000000,35000000,công_nghệ_thông_tin_kỹ_thuật_số,"{""dataset"":""dinhieufam/VietJobs"",""dataset_commit"":""ea140511b77935704e93d21c2973b72f46d48902"",""license"":""MIT""}"
vietjobs_vinuniversity,5c2cc3c70293c388c72a58f749c5f6d129f4eacfbc5af46d93ea1e2903e4d266,2025-10-31,Nhân Viên Kỹ Thuật (Có Hiểu Biết Về IT),Nhân Viên Kỹ Thuật Có Hiểu Biết Về IT ,mid,Cần Giuộc,0,0,"[""Lắp đặt"",""Cài đặt"",""Cấu hình"",""Bảo trì"",""Sửa chữa"",""Thiết bị công nghệ""]",7000000,10000000,công_nghệ_thông_tin_kỹ_thuật_số,"{""dataset"":""dinhieufam/VietJobs"",""dataset_commit"":""ea140511b77935704e93d21c2973b72f46d48902"",""license"":""MIT""}"
vietjobs_vinuniversity,5d0137bf7286e277faa703460e85cbb47497a0b24ee3c5867c479981fdf83e37,2025-10-31,Trình quản lý dự án CNTT (Shopify),Trình quản lý dự án CNTT Shopify ,mid,Ha Noi,5,5,"[""NodeJS"",""PHP Laravel"",""ReactJS"",""VueJS"",""Tailwind CSS"",""Shopify Polaris""]",35000000,50000000,công_nghệ_thông_tin_kỹ_thuật_số,"{""dataset"":""dinhieufam/VietJobs"",""dataset_commit"":""ea140511b77935704e93d21c2973b72f46d48902"",""license"":""MIT""}"
vietjobs_vinuniversity,5d7e516c6ac69ea822d0dae38478788e6abfb7b7ebecbb5dd6f85f084c59a567,2025-10-31,Nhân Viên Quản Trị Server,Nhân Viên Quản Trị Server,mid,Ha Noi,1,1,"[""Kiến thức về hệ điều hành Linux (Ubuntu, CentOS) hoặc Windows Server"",""Khái niệm cơ bản về networking (TCP/IP, DNS, DHCP)"",""Dịch vụ server phổ biến: HTTP(S), FTP, SSH""]",5000000,10000000,công_nghệ_thông_tin_kỹ_thuật_số,"{""dataset"":""dinhieufam/VietJobs"",""dataset_commit"":""ea140511b77935704e93d21c2973b72f46d48902"",""license"":""MIT""}"
vietjobs_vinuniversity,5d9684cc344051ea7148065bf5e097bf1a3d6d22227b7e5408a78e3f88afaea0,2025-10-31,Nhân Viên Tư Vấn Phần Mềm,Nhân Viên Tư Vấn Phần Mềm,mid,Ho Chi Minh,0,0,"[""Sử dụng máy tính cơ bản""]",7000000,14000000,công_nghệ_thông_tin_kỹ_thuật_số,"{""dataset"":""dinhieufam/VietJobs"",""dataset_commit"":""ea140511b77935704e93d21c2973b72f46d48902"",""license"":""MIT""}"
vietjobs_vinuniversity,5da9afd17a1da0a940a694045ac0436a7ff3b2aac2baaeb8006290a7212264ce,2025-10-31,Product Designer (UI/UX Designer - Dự Án Banking),Product Designer UI/UX Designer - Dự Án Banking ,mid,Ha Noi,5,5,"[""Figma"",""Sketch"",""Adobe XD"",""Zeplin""]",30000000,50000000,công_nghệ_thông_tin_kỹ_thuật_số,"{""dataset"":""dinhieufam/VietJobs"",""dataset_commit"":""ea140511b77935704e93d21c2973b72f46d48902"",""license"":""MIT""}"
vietjobs_vinuniversity,5dbf59888c659af79a283c702f3b70f66225eeed1b6bd787ee48d0e9a5f16d76,2025-10-31,REVIT MODERLER (Nhân Viên Revit Kiến Trúc) - Không Yêu Cầu Kinh Nghiệm (Lương UPTO 20 Triệu/ Tháng),REVIT MODERLER Nhân Viên Revit Kiến Trúc - Không Yêu Cầu Kinh Nghiệm Lương UPTO 20 Triệu/ Tháng ,mid,Ha Noi,0,0,"[""Revit Architecture""]",9000000,20000000,công_nghệ_thông_tin_kỹ_thuật_số,"{""dataset"":""dinhieufam/VietJobs"",""dataset_commit"":""ea140511b77935704e93d21c2973b72f46d48902"",""license"":""MIT""}"
vietjobs_vinuniversity,5dc490f500a1e1f82fcfbd60393f3767f2f7b0b75bd36d6ca9886cb4c4d8db4d,2025-10-31,Quản Trị Hệ Thống,Quản Trị Hệ Thống,mid,Ha Noi,1,1,"[""Linux"",""Windows"",""vmware esxi"",""Shell"",""Python"",""Perl"",""php"",""Vmware"",""Hyper-V"",""Docker"",""Nagios"",""centreon"",""zabbix"",""check MK""]",11000000,30000000,công_nghệ_thông_tin_kỹ_thuật_số,"{""dataset"":""dinhieufam/VietJobs"",""dataset_commit"":""ea140511b77935704e93d21c2973b72f46d48902"",""license"":""MIT""}"
vietjobs_vinuniversity,5de8f697c2ae0bb62448fa0bf508b5273da6fa36b3fb721e357198479fb4d69d,2025-10-31,Nhân Viên Kinh Doanh Chữ Kí Số - Không Áp KPI,Nhân Viên Kinh Doanh Chữ Kí Số - Không Áp KPI,mid,Ha Noi,0,0,[],15000000,30000000,công_nghệ_thông_tin_kỹ_thuật_số,"{""dataset"":""dinhieufam/VietJobs"",""dataset_commit"":""ea140511b77935704e93d21c2973b72f46d48902"",""license"":""MIT""}"
vietjobs_vinuniversity,5dfb29e17ddef30bb5dddcc4f5a2a9692d0ce8fc0f8820567e04fbad94fed86d,2025-10-31,Nhân Viên CNC,Nhân Viên CNC,mid,Thanh Hoá,1,1,"[""AutoCAD"",""SolidWorks""]",10000000,15000000,công_nghệ_thông_tin_kỹ_thuật_số,"{""dataset"":""dinhieufam/VietJobs"",""dataset_commit"":""ea140511b77935704e93d21c2973b72f46d48902"",""license"":""MIT""}"
vietjobs_vinuniversity,5e454303b10b1642c442619e0730ab0f4b702dc2c48bca04f5c796f05978f907,2025-10-31,Fresher C/nhúng,Fresher C/nhúng,fresher,Ha Noi,0,0,"[""C"",""C++"",""OOP"",""Visual Studio"",""Embedded Software Development"",""ARM Cortex-M"",""AUTOSAR""]",6000000,8000000,công_nghệ_thông_tin_kỹ_thuật_số,"{""dataset"":""dinhieufam/VietJobs"",""dataset_commit"":""ea140511b77935704e93d21c2973b72f46d48902"",""license"":""MIT""}"
vietjobs_vinuniversity,5e46c91e5bba4daa33816c9d5524e5a92090caec37a65c69089ea576b964d532,2025-10-31,Chuyên Viên Kiểm Thử,Chuyên Viên Kiểm Thử,mid,Ha Noi,3,3,"[""SQL"",""API"",""Kiểm thử phần mềm""]",12000000,30000000,công_nghệ_thông_tin_kỹ_thuật_số,"{""dataset"":""dinhieufam/VietJobs"",""dataset_commit"":""ea140511b77935704e93d21c2973b72f46d48902"",""license"":""MIT""}"
vietjobs_vinuniversity,5eb298bbb81049bcfd0f859568d319d884a5cb7718dd29b125c636f9106d5de5,2025-10-31,Game Designer Intern,Game Designer Intern,intern,Ha Noi,0,0,"[""Kiến thức về game design"",""Sử dụng các công cụ thiết kế game""]",6000000,6000000,công_nghệ_thông_tin_kỹ_thuật_số,"{""dataset"":""dinhieufam/VietJobs"",""dataset_commit"":""ea140511b77935704e93d21c2973b72f46d48902"",""license"":""MIT""}"
vietjobs_vinuniversity,5ee17f3fdf0bc9572564ac04b6e961a019b3091f59aeb349a01a91393e29517c,2025-10-31,Design Leader,Design Leader,mid,Ha Noi,2,2,"[""Phần mềm thiết kế"",""AI""]",20000000,25000000,công_nghệ_thông_tin_kỹ_thuật_số,"{""dataset"":""dinhieufam/VietJobs"",""dataset_commit"":""ea140511b77935704e93d21c2973b72f46d48902"",""license"":""MIT""}"
vietjobs_vinuniversity,5efdab119e7dcd326fe32c5a31c9c3918d2832b34080e94cd4cd3c999d3fd794,2025-10-31,Quản Trị Hệ Thống,Quản Trị Hệ Thống,mid,Hà Đông,3,3,"[""CSDL"",""hệ điều hành"",""hệ thống ảo hóa VMWare""]",14000000,20000000,công_nghệ_thông_tin_kỹ_thuật_số,"{""dataset"":""dinhieufam/VietJobs"",""dataset_commit"":""ea140511b77935704e93d21c2973b72f46d48902"",""license"":""MIT""}"
vietjobs_vinuniversity,5f04d5b68a31d90cc09829bc0de76b2a32cebce77be10930553a05bd81bada15,2025-10-31,Nhân Viên Tester,Nhân Viên Tester,mid,Ha Noi,1,1,"[""SQL"",""API""]",12000000,20000000,công_nghệ_thông_tin_kỹ_thuật_số,"{""dataset"":""dinhieufam/VietJobs"",""dataset_commit"":""ea140511b77935704e93d21c2973b72f46d48902"",""license"":""MIT""}"
vietjobs_vinuniversity,5fae1c4a95c929d66a2bb520400b2b4e1e25e1455708f0bec153cfcc2435309b,2025-10-31,DevOps (Terraform/ Ansible) > 3YOE - Global Market,DevOps Engineer,mid,Ha Noi,3,3,"[""Terraform"",""Ansible"",""Python"",""Java"",""Docker"",""Kubernetes"",""GitLab CI/CD"",""Jenkins""]",30000000,45000000,công_nghệ_thông_tin_kỹ_thuật_số,"{""dataset"":""dinhieufam/VietJobs"",""dataset_commit"":""ea140511b77935704e93d21c2973b72f46d48902"",""license"":""MIT""}"
vietjobs_vinuniversity,5fe004d489ea61817248d1e9f6426e29208339ba40b204c22144c3508700c5d1,2025-10-31,Thực Tập Sinh Phân Tích Và Triển Khai Nghiệp Vụ,Thực Tập Sinh Phân Tích Và Triển Khai Nghiệp Vụ,intern,Ha Noi,0,0,[],2000000,4000000,công_nghệ_thông_tin_kỹ_thuật_số,"{""dataset"":""dinhieufam/VietJobs"",""dataset_commit"":""ea140511b77935704e93d21c2973b72f46d48902"",""license"":""MIT""}"
vietjobs_vinuniversity,5ff1f6912e2e364f42bb1fd0332ff89b4c5de3e5a84eb47ab4cdbfdad2ddc76e,2025-10-31,Nhà thiết kế đồ họa cao cấp,Nhà thiết kế đồ họa cao cấp,mid,Ho Chi Minh,2,2,"[""Adobe Illustrator"",""Photoshop"",""Premiere"",""After Effects""]",15000000,30000000,công_nghệ_thông_tin_kỹ_thuật_số,"{""dataset"":""dinhieufam/VietJobs"",""dataset_commit"":""ea140511b77935704e93d21c2973b72f46d48902"",""license"":""MIT""}"
vietjobs_vinuniversity,600172bd1fe265d05381bdf391bf3addbb7a3c412daa6a13560a5060dd2e8591,2025-10-31,Odoo Developer,Odoo Developer,mid,Ha Noi,3,3,"[""Python"",""Odoo"",""PostgreSQL"",""Linux""]",20000000,28000000,công_nghệ_thông_tin_kỹ_thuật_số,"{""dataset"":""dinhieufam/VietJobs"",""dataset_commit"":""ea140511b77935704e93d21c2973b72f46d48902"",""license"":""MIT""}"
vietjobs_vinuniversity,60459c46a7822320af393f83b4df99b74f70371f4a2f4fa853f8a0737450eded,2025-10-31,Lập Trình Viên Java / Java Developer,Lập Trình Viên Java / Java Developer,mid,Ha Noi,2,2,"[""Java"",""Spring boot"",""HTML"",""Javascript"",""CSS"",""MongoDB"",""HBase"",""RabbitMQ"",""MariaDB"",""PostgresDB""]",25000000,25000000,công_nghệ_thông_tin_kỹ_thuật_số,"{""dataset"":""dinhieufam/VietJobs"",""dataset_commit"":""ea140511b77935704e93d21c2973b72f46d48902"",""license"":""MIT""}"
vietjobs_vinuniversity,6061f8a6af37da1729a709149bfc461343c241e2a267c7ee441a9deb789c0c88,2025-10-31,Nhân Viên Thiết Kế Website,Nhân Viên Thiết Kế Website,mid,Tân Bình,1,1,"[""HTLM"",""PHP"",""CSS"",""CID"",""Lavravel""]",8000000,10000000,công_nghệ_thông_tin_kỹ_thuật_số,"{""dataset"":""dinhieufam/VietJobs"",""dataset_commit"":""ea140511b77935704e93d21c2973b72f46d48902"",""license"":""MIT""}"
vietjobs_vinuniversity,60857d13c4c42f0946c0c70e6fcb887c3a55021cd9f6b200c4eb9fb0112cfd2a,2025-10-31,Chuyên Viên Thiết Kế Đồ Họa,Chuyên Viên Thiết Kế Đồ Họa,mid,Ho Chi Minh,1,1,"[""Thành thạo các phần mềm về thiết kế hình ảnh chuyên nghiệp"",""Kỹ năng quay phim"",""Kỹ năng dựng phim""]",11000000,11000000,công_nghệ_thông_tin_kỹ_thuật_số,"{""dataset"":""dinhieufam/VietJobs"",""dataset_commit"":""ea140511b77935704e93d21c2973b72f46d48902"",""license"":""MIT""}"
vietjobs_vinuniversity,608b4354300aa9f21b073b7048e29056a4e04668e15869d67352c34be2c855aa,2025-10-31,Nhân Viên IT Phần Cứng (Tiếng Anh Tốt),Nhân Viên IT Phần Cứng Tiếng Anh Tốt ,mid,Ho Chi Minh,2,2,"[""Kiến thức cơ bản về mạng LAN/WAN"",""Phần cứng"",""Phần mềm văn phòng""]",15000000,17000000,công_nghệ_thông_tin_kỹ_thuật_số,"{""dataset"":""dinhieufam/VietJobs"",""dataset_commit"":""ea140511b77935704e93d21c2973b72f46d48902"",""license"":""MIT""}"
vietjobs_vinuniversity,60dc14426ba285df3bd7a538ca9e99a2d434ed4286afbb3216be0be9728f9e07,2025-10-31,Nhân Viên Thiết Kế Đồ Họa,Nhân Viên Thiết Kế Đồ Họa,mid,Ha Noi,0,0,"[""Ai"",""Ps""]",9000000,12000000,công_nghệ_thông_tin_kỹ_thuật_số,"{""dataset"":""dinhieufam/VietJobs"",""dataset_commit"":""ea140511b77935704e93d21c2973b72f46d48902"",""license"":""MIT""}"
vietjobs_vinuniversity,6119c7c3b8f1d541c2a3c8f3ffad9c054270108f875d56f0e69eb8e6eea2ab5b,2025-10-31,Nhân Viên Devops Engineer,DevOps Engineer,mid,Ha Noi,1,1,"[""nghiên cứu hệ thống"",""CI/CD"",""Docker"",""Kubernetes"",""Jenkins"",""GitLab CI"",""GitHub Actions"",""Python"",""Bash"",""Go"",""Prometheus"",""Grafana"",""ELK Stack""]",15000000,20000000,công_nghệ_thông_tin_kỹ_thuật_số,"{""dataset"":""dinhieufam/VietJobs"",""dataset_commit"":""ea140511b77935704e93d21c2973b72f46d48902"",""license"":""MIT""}"
vietjobs_vinuniversity,612d4e9ce8830943d3ec4dc00b2b4eb3d09319623d60598110a4ebc3064599e1,2025-10-31,Nhân Viên Kinh Doanh Phần Mềm,Nhân Viên Kinh Doanh Phần Mềm,mid,Ha Noi,1,1,[],10000000,10000000,công_nghệ_thông_tin_kỹ_thuật_số,"{""dataset"":""dinhieufam/VietJobs"",""dataset_commit"":""ea140511b77935704e93d21c2973b72f46d48902"",""license"":""MIT""}"
vietjobs_vinuniversity,61bdcaf79bd5a20a1b896d6cc76f212d333b4dceb59fdf564542b16b23bf35b1,2025-10-31,Intern - Thực Tập Sinh Odoo,Intern - Thực Tập Sinh Odoo,intern,Ha Noi,0,0,"[""Ngôn ngữ lập trình Odoo""]",5000000,5000000,công_nghệ_thông_tin_kỹ_thuật_số,"{""dataset"":""dinhieufam/VietJobs"",""dataset_commit"":""ea140511b77935704e93d21c2973b72f46d48902"",""license"":""MIT""}"
vietjobs_vinuniversity,61caf02bb7a6e3b24b1f7387dfb352eae16b85f323416f466a67d43cd55f14df,2025-10-31,Graphic Designer/Thiết Kế Đồ Họa,Graphic Designer/Thiết Kế Đồ Họa,mid,Ho Chi Minh,1,1,"[""Adobe Photoshop"",""Adobe Illustrator"",""Adobe Premiere"",""Adobe After Effects""]",10000000,12000000,công_nghệ_thông_tin_kỹ_thuật_số,"{""dataset"":""dinhieufam/VietJobs"",""dataset_commit"":""ea140511b77935704e93d21c2973b72f46d48902"",""license"":""MIT""}"
vietjobs_vinuniversity,61e4c2f7cebc94ca2d91f974d6e807a0bab3427e199463e9b83b3a33b12b744b,2025-10-31,Nhà phân tích kinh doanh SAP,Nhà phân tích kinh doanh SAP,mid,Ha Noi,2,2,"[""Hệ thống SAP ERP"",""Module HR"",""Phân tích yêu cầu"",""Thiết kế giao diện người dùng"",""Lập kế hoạch kiểm thử"",""Thực hiện test phần mềm""]",25000000,35000000,công_nghệ_thông_tin_kỹ_thuật_số,"{""dataset"":""dinhieufam/VietJobs"",""dataset_commit"":""ea140511b77935704e93d21c2973b72f46d48902"",""license"":""MIT""}"
vietjobs_vinuniversity,61f9d1d81e7896207c238374d08f5dcee1786ef147c988178ca2f0efd23226c9,2025-10-31,Fresher hơn cơ sở hạ tầng,Fresher hơn cơ sở hạ tầng,fresher,Ha Noi,0,0,"[""Hệ điều hành Windows"",""Mạng máy tính"",""Mô hình client-server""]",7000000,10000000,công_nghệ_thông_tin_kỹ_thuật_số,"{""dataset"":""dinhieufam/VietJobs"",""dataset_commit"":""ea140511b77935704e93d21c2973b72f46d48902"",""license"":""MIT""}"
vietjobs_vinuniversity,62508dbaf8a6a75c1f4084a6b47c48795efcc976bc72d5a3bb3da42bec2f74f2,2025-10-31,Phối hợp và quản trị hệ thống mạng,Phối hợp và quản trị hệ thống mạng,mid,Ho Chi Minh,5,5,"[""System"",""Network"",""Security"",""Microsoft System solution"",""Cyber Security"",""Exchange Online"",""DR"",""load balancing"",""clustering"",""Hyper-V"",""Nutanix"",""Citrix"",""SCCM/SCOM"",""MS SQL database server"",""Backup and storage solutions""]",38000000,45000000,công_nghệ_thông_tin_kỹ_thuật_số,"{""dataset"":""dinhieufam/VietJobs"",""dataset_commit"":""ea140511b77935704e93d21c2973b72f46d48902"",""license"":""MIT""}"
vietjobs_vinuniversity,626314873e7b973ec61d4d073f8bac0c4f0df2a4dc42702c58160d4efbb24697,2025-10-31,Quản lý dự án Junior,Junior Quản lý dự án Junior,junior,Ho Chi Minh,2,2,"[""Quản lý dự án"",""Phân tích yêu cầu"",""Lập kế hoạch dự án"",""Giao tiếp với khách hàng""]",16000000,25000000,công_nghệ_thông_tin_kỹ_thuật_số,"{""dataset"":""dinhieufam/VietJobs"",""dataset_commit"":""ea140511b77935704e93d21c2973b72f46d48902"",""license"":""MIT""}"
vietjobs_vinuniversity,62898176308d9d28e2c294681fbd48643cf99518bd4fbf1f714b8d4ca9900ed6,2025-10-31,Java Developer,Java Developer,mid,Ha Noi,4,4,"[""Java"",""Mulesoft"",""Paylink"",""BPA"",""Agile"",""Scrum"",""Git"",""Jira"",""Confluence"",""CICD"",""SQLServer"",""Oracle"",""NoSQL"",""Microservice"",""Java Spring Boot"",""API"",""Docker""]",30000000,36000000,công_nghệ_thông_tin_kỹ_thuật_số,"{""dataset"":""dinhieufam/VietJobs"",""dataset_commit"":""ea140511b77935704e93d21c2973b72f46d48902"",""license"":""MIT""}"
vietjobs_vinuniversity,637a1f3780c11ddda086277b38d3b6a5634d6703a43a9a639dbaafa853a0a001,2025-10-31,Quản lý tài khoản/Phát triển kinh doanh/Bán hàng B2B,Quản lý tài khoản/Phát triển kinh doanh/Bán hàng B2B,mid,Ha Noi,3,3,"[""Google Mail"",""Google Docs"",""Google Sheets"",""Google Slides""]",8000000,14000000,công_nghệ_thông_tin_kỹ_thuật_số,"{""dataset"":""dinhieufam/VietJobs"",""dataset_commit"":""ea140511b77935704e93d21c2973b72f46d48902"",""license"":""MIT""}"
vietjobs_vinuniversity,63a60ba6e32f42e4e9d83c3a3ae9409b0d865566615e97301993e888586dbad7,2025-10-31,Design & Media Marketing,Design & Media Marketing,mid,Ha Noi,1,1,"[""Photoshop"",""Illustrator"",""Canva pro"",""Premiere"",""After Effect""]",9000000,10000000,công_nghệ_thông_tin_kỹ_thuật_số,"{""dataset"":""dinhieufam/VietJobs"",""dataset_commit"":""ea140511b77935704e93d21c2973b72f46d48902"",""license"":""MIT""}"
vietjobs_vinuniversity,63ee50bda19d3e9889111bbaaeb65e9813b7d88d261c3fb61d5caa8308417cb4,2025-10-31,Tester Intern,Tester Intern,intern,Ha Noi,0,0,"[""Kiểm thử phần mềm"",""Kỹ thuật kiểm thử hộp đen"",""Test API cơ bản"",""Sử dụng Postman"",""Sử dụng Firebase"",""Sử dụng Qonversion""]",5000000,5000000,công_nghệ_thông_tin_kỹ_thuật_số,"{""dataset"":""dinhieufam/VietJobs"",""dataset_commit"":""ea140511b77935704e93d21c2973b72f46d48902"",""license"":""MIT""}"
vietjobs_vinuniversity,63faf01f9553e5ff9984026cbd654c790404060d64fe497c6e5c3275d86feef5,2025-10-31,Nhân Viên Kinh Doanh Marketing,Nhân Viên Kinh Doanh Marketing,mid,Ha Noi,0,0,"[""Tin học văn phòng (Word, Excel, PowerPoint)""]",10000000,25000000,công_nghệ_thông_tin_kỹ_thuật_số,"{""dataset"":""dinhieufam/VietJobs"",""dataset_commit"":""ea140511b77935704e93d21c2973b72f46d48902"",""license"":""MIT""}"
vietjobs_vinuniversity,6407e20a630635dcfd591344457e2dd10de2f99efe444e02ffaba05dde86eb59,2025-10-31,Phát triển kinh doanh cao cấp,Phát triển kinh doanh cao cấp,mid,Ha Noi,3,3,"[""Kiến thức nền về livestream"",""VOD"",""CDN"",""SaaS"",""Cloud"",""Tech""]",20000000,25000000,công_nghệ_thông_tin_kỹ_thuật_số,"{""dataset"":""dinhieufam/VietJobs"",""dataset_commit"":""ea140511b77935704e93d21c2973b72f46d48902"",""license"":""MIT""}"
vietjobs_vinuniversity,644c6c99b45db1b8d7d6da74a971903940cecf738244a70cf0f0cbcaf651a41a,2025-10-31,Kỹ Sư Phân Tích Nghiệp Vụ - Business Analyst,Data Analyst,mid,Ha Noi,3,3,"[""Kỹ năng thiết kế"",""Tối ưu database""]",16000000,20000000,công_nghệ_thông_tin_kỹ_thuật_số,"{""dataset"":""dinhieufam/VietJobs"",""dataset_commit"":""ea140511b77935704e93d21c2973b72f46d48902"",""license"":""MIT""}"
vietjobs_vinuniversity,647ddc381034246d835cc552cfb5716c5d0fec4d7d51173c883e4fca20188265,2025-10-31,System Administrator (Storage),System Administrator Storage ,mid,Ha Noi,1,1,"[""Linux"",""Git"",""CEPH"",""Minio"",""KVM"",""AWS"",""Azure"",""GCP"",""Openstack"",""Aliyun"",""Ansible"",""Puppet"",""Python"",""Bash""]",11000000,40000000,công_nghệ_thông_tin_kỹ_thuật_số,"{""dataset"":""dinhieufam/VietJobs"",""dataset_commit"":""ea140511b77935704e93d21c2973b72f46d48902"",""license"":""MIT""}"
vietjobs_vinuniversity,64b181e061560670f46999c82cadd388d7a5ae83526c66b564ddb28a803c63b4,2025-10-31,Nhà thiết kế web UI/UX (figma/ui/ux - ưu tin shopify),Nhà thiết kế web UI/UX figma/ui/ux - ưu tin shopify ,mid,Da Nang,1,1,"[""Figma"",""HTML"",""CSS"",""Shopify"",""Webflow"",""WordPress""]",10000000,20000000,công_nghệ_thông_tin_kỹ_thuật_số,"{""dataset"":""dinhieufam/VietJobs"",""dataset_commit"":""ea140511b77935704e93d21c2973b72f46d48902"",""license"":""MIT""}"
vietjobs_vinuniversity,64b467fba3d8cee4f44c8280a6bc5d788e8984ee0e4b75d05d079b61b6483d47,2025-10-31,Backend Developer (GOLANG),Backend Developer,mid,Ha Noi,3,3,"[""Golang"",""Python"",""NodeJS"",""Java"",""C#"",""OOP"",""Microservices"",""Design pattern"",""Database (SQL, NoSQL)"",""Redis"",""Message Queue (Kafka, RabbitMQ)"",""Docker"",""Docker Compose"",""K8s""]",15000000,30000000,công_nghệ_thông_tin_kỹ_thuật_số,"{""dataset"":""dinhieufam/VietJobs"",""dataset_commit"":""ea140511b77935704e93d21c2973b72f46d48902"",""license"":""MIT""}"
vietjobs_vinuniversity,64df26413c9fd75ca139fbd906142c9bc8765afe9a2f4b5e8ac103f71f3425b3,2025-10-31,Data Analyst,Data Analyst,mid,Ha Noi,3,3,"[""SQL"",""Python"",""R"",""Power BI"",""Tableau"",""Qlik""]",20000000,55000000,công_nghệ_thông_tin_kỹ_thuật_số,"{""dataset"":""dinhieufam/VietJobs"",""dataset_commit"":""ea140511b77935704e93d21c2973b72f46d48902"",""license"":""MIT""}"
vietjobs_vinuniversity,654cc70a795b02e92ce14dac6f9d63a364017b5d5d4a982a9bfe2d6d6b4a6f1e,2025-10-31,Lãnh đạo kỹ thuật (BPM),Lãnh đạo kỹ thuật BPM ,mid,Ha Noi,2,2,"[""Phát triển phần mềm"",""BPM (IBM BPM, Camunda hoặc tương tự)"",""Phân tích, thiết kế phần mềm"",""Cơ sở dữ liệu (PostgreSQL, MongoDB, Kafka)"",""Backend với Spring Boot 3.x (Java 17/21)"",""Frontend với Angular (TypeScript)"",""Microservices"",""API Gateway"",""Backend for Frontend (BFF)"",""HTTP/1.1, HTTP/2, SFTP, Messaging"",""Restful, JMS (IBM MQ), Kafka"",""Message broker (Kafka, IBM MQ, RabbitMQ)"",""Distributed cache (Redis)"",""Authentication/Authorization (Keycloak)"",""Central Configuration (Vault, Spring Cloud Config Server)"",""Container platform Openshift"",""Container tools Docker Desktop"",""Observability (ELK, Prometheus, Grafana)"",""DevSecOps: Gitlab, Jenkins, SonarQube, Nexus Artifact Repo, JIRA, Confluence"",""Unit/integration test (JUnit)"",""Performance test (K6, JMeter)"",""Tối ưu truy vấn dữ liệu lớn"",""Caching"",""Framework JavaScript (Angular 2+, ReactJS, VueJS)""]",30000000,40000000,công_nghệ_thông_tin_kỹ_thuật_số,"{""dataset"":""dinhieufam/VietJobs"",""dataset_commit"":""ea140511b77935704e93d21c2973b72f46d48902"",""license"":""MIT""}"
vietjobs_vinuniversity,6583bb6c5da6795b063eddaa427a9b34675f36f346b4ec7af393f811c9534686,2025-10-31,Kỹ Sư Dữ Liệu,Kỹ Sư Dữ Liệu,mid,Ha Noi,1,1,"[""Python"",""Scala"",""Java"",""SQL"",""PLSQL"",""Apache Hadoop"",""Hive"",""Spark"",""MongoDB"",""Cassandra""]",12000000,15000000,công_nghệ_thông_tin_kỹ_thuật_số,"{""dataset"":""dinhieufam/VietJobs"",""dataset_commit"":""ea140511b77935704e93d21c2973b72f46d48902"",""license"":""MIT""}"
vietjobs_vinuniversity,65be7e34d215af7da4148fc3666bf4bc923026a607512d3100cb51812c8c45d6,2025-10-31,Nhà phân tích kinh doanh,Nhà phân tích kinh doanh,mid,Da Nang,3,3,"[""Kiến thức về Odoo"",""Kỹ năng phân tích"",""Kỹ năng viết tài liệu""]",12000000,20000000,công_nghệ_thông_tin_kỹ_thuật_số,"{""dataset"":""dinhieufam/VietJobs"",""dataset_commit"":""ea140511b77935704e93d21c2973b72f46d48902"",""license"":""MIT""}"
vietjobs_vinuniversity,65c0502cf5b3f4d653f32cbc01c7f3afa67d6a3ef471544c8ec62982d4a4a58e,2025-10-31,Nhân Viên Hỗ Trợ Kỹ Thuật Helpdesk Layer 1,Nhân Viên Hỗ Trợ Kỹ Thuật Helpdesk Layer 1,mid,Ho Chi Minh,1,1,"[""Hiểu biết về hệ thống máy tính"",""Thiết bị di động"",""Các sản phẩm công nghệ khác""]",12000000,13000000,công_nghệ_thông_tin_kỹ_thuật_số,"{""dataset"":""dinhieufam/VietJobs"",""dataset_commit"":""ea140511b77935704e93d21c2973b72f46d48902"",""license"":""MIT""}"
vietjobs_vinuniversity,65cbcb9e5c06c73d69e69a909b0b06ea8689d759f247a6d6efcc7d7e206ec0cc,2025-10-31,UI Artist,UI Artist,mid,Ha Noi,2,2,"[""Photoshop"",""Figma"",""Unity""]",15000000,25000000,công_nghệ_thông_tin_kỹ_thuật_số,"{""dataset"":""dinhieufam/VietJobs"",""dataset_commit"":""ea140511b77935704e93d21c2973b72f46d48902"",""license"":""MIT""}"
vietjobs_vinuniversity,65f22507ef42cf98d08ce0b8c86182badf92ee7cbc9f1519b7e536504ecacf90,2025-10-31,Nhân Viên Business Analyst (BA),Data Analyst,mid,Ha Noi,3,3,"[""UML"",""vẽ sơ đồ usecase"",""vẽ mockup"",""thiết kế CSDL"",""phần mềm quản lý""]",15000000,20000000,công_nghệ_thông_tin_kỹ_thuật_số,"{""dataset"":""dinhieufam/VietJobs"",""dataset_commit"":""ea140511b77935704e93d21c2973b72f46d48902"",""license"":""MIT""}"
vietjobs_vinuniversity,6603f2dee772d21d9217bcd80d6713f82b0f52d64c1864daf5105cf7b24e5983,2025-10-31,Sales IT (B2B),Sales IT B2B ,mid,Ho Chi Minh,1,1,"[""Sales B2B"",""Công nghệ thông tin"",""Giải pháp phần mềm""]",15000000,25000000,công_nghệ_thông_tin_kỹ_thuật_số,"{""dataset"":""dinhieufam/VietJobs"",""dataset_commit"":""ea140511b77935704e93d21c2973b72f46d48902"",""license"":""MIT""}"
vietjobs_vinuniversity,661d0fae82abe5b9aa8f888be229085506fb8294c22d02b1f5ade6c70dc35580,2025-10-31,Nhân Viên Triển Khai Phần Mềm,Nhân Viên Triển Khai Phần Mềm,mid,Ha Noi,2,2,"[""Triển khai phần mềm"",""Hướng dẫn sử dụng phần mềm"",""Kiểm thử phần mềm"",""Web (IIS)"",""Database (SQL Server)""]",13000000,13000000,công_nghệ_thông_tin_kỹ_thuật_số,"{""dataset"":""dinhieufam/VietJobs"",""dataset_commit"":""ea140511b77935704e93d21c2973b72f46d48902"",""license"":""MIT""}"
vietjobs_vinuniversity,66f88afc06860db08c8d79ed07f8860f4df2b29c6a369fab95347c5ab33b9fcf,2025-10-31,Graphic Design/Thiết Kế Nội Dung Truyền Thông,Graphic Design/Thiết Kế Nội Dung Truyền Thông,mid,Ha Noi,2,2,"[""Photoshop"",""Illustrator"",""Indesign"",""Canva""]",10000000,15000000,công_nghệ_thông_tin_kỹ_thuật_số,"{""dataset"":""dinhieufam/VietJobs"",""dataset_commit"":""ea140511b77935704e93d21c2973b72f46d48902"",""license"":""MIT""}"
vietjobs_vinuniversity,6716375ae3869eeef7ccaeb32880998c74e9b0c2cfb056b6c01f176d58c2fe97,2025-10-31,Kỹ Sư Cơ Khí,Kỹ Sư Cơ Khí,mid,Hải Phòng,0,0,"[""Kiến thức cơ bản về điện tử"",""Cơ khí"",""Lập trình""]",12000000,16000000,công_nghệ_thông_tin_kỹ_thuật_số,"{""dataset"":""dinhieufam/VietJobs"",""dataset_commit"":""ea140511b77935704e93d21c2973b72f46d48902"",""license"":""MIT""}"
vietjobs_vinuniversity,673599902ff42a844bd868d1f8b80b22004ef1a2fc19960f78a879f4fee7ddc0,2025-10-31,Nhân Viên Kinh Doanh Phần Mềm,Nhân Viên Kinh Doanh Phần Mềm,mid,"Hồ Chí Minh, Hà Nội",0,0,"[""Kỹ năng tư vấn khách hàng""]",15000000,20000000,công_nghệ_thông_tin_kỹ_thuật_số,"{""dataset"":""dinhieufam/VietJobs"",""dataset_commit"":""ea140511b77935704e93d21c2973b72f46d48902"",""license"":""MIT""}"
vietjobs_vinuniversity,6738f5158585a35fa63b18bb5b39ca4145b7a8441198710e532173f105bf7f00,2025-10-31,Chuyên Viên Quản Trị Mạng Và Bảo Mật,Chuyên Viên Quản Trị Mạng Và Bảo Mật,mid,Long Biên,3,3,"[""Quản trị thiết bị mạng (Cisco, Juniper, Fortinet)"",""Tường lửa (Palo Alto, Check Point, FortiGate)"",""VPN"",""NAC"",""Giao thức mạng (TCP/IP, DNS, DHCP, VLAN, BGP)"",""Phân tích bảo mật (phân tích log, scan lỗ hổng bằng Nessus/OpenVAS)""]",15000000,25000000,công_nghệ_thông_tin_kỹ_thuật_số,"{""dataset"":""dinhieufam/VietJobs"",""dataset_commit"":""ea140511b77935704e93d21c2973b72f46d48902"",""license"":""MIT""}"
vietjobs_vinuniversity,67aa385d5b989693e67a2e1bdb3c6f2a29daac0f2153630758ab8b127b389448,2025-10-31,Nhà thiết kế đồ họa thực tập Thương mại điện tử,Nhà thiết kế đồ họa thực tập Thương mại điện tử,intern,Ha Noi,0,0,"[""Adobe Photoshop"",""Adobe Illustrator"",""Figma"",""Canva""]",8000000,10000000,công_nghệ_thông_tin_kỹ_thuật_số,"{""dataset"":""dinhieufam/VietJobs"",""dataset_commit"":""ea140511b77935704e93d21c2973b72f46d48902"",""license"":""MIT""}"
vietjobs_vinuniversity,67c52c5900e800101ff78f1cd6ad4fcda4b128be9cbeaace6dea37508403c324,2025-10-31,Nhà phát triển WordPress,Nhà phát triển WordPress,mid,Ha Noi,0,0,"[""PHP"",""HTML"",""CSS"",""MySQL"",""JavaScript"",""WordPress""]",8000000,11000000,công_nghệ_thông_tin_kỹ_thuật_số,"{""dataset"":""dinhieufam/VietJobs"",""dataset_commit"":""ea140511b77935704e93d21c2973b72f46d48902"",""license"":""MIT""}"
vietjobs_vinuniversity,67f88db503fab8832a06fa5be03e6225bbb86112d19957825cb66a97b015e65a,2025-10-31,Data Engineer,Data Engineer,mid,Ha Noi,2,2,"[""PL/SQL"",""Oracle"",""ETL tools (Pentaho, Datastage)"",""Oracle BI""]",20000000,30000000,công_nghệ_thông_tin_kỹ_thuật_số,"{""dataset"":""dinhieufam/VietJobs"",""dataset_commit"":""ea140511b77935704e93d21c2973b72f46d48902"",""license"":""MIT""}"
vietjobs_vinuniversity,6805398cec2394908ff449c4288a105a92db3581a396912052f583a99952bd0a,2025-10-31,Middle Fullstack Java,Fullstack Developer,mid,Nam Từ Liêm,3,3,"[""Java"",""Spring Boot"",""Oracle"",""MariaDB"",""Angular"",""ReactJS""]",35000000,35000000,công_nghệ_thông_tin_kỹ_thuật_số,"{""dataset"":""dinhieufam/VietJobs"",""dataset_commit"":""ea140511b77935704e93d21c2973b72f46d48902"",""license"":""MIT""}"
vietjobs_vinuniversity,6827b381a772689134d73d1b1cd7f295b274166a4a94a53ecc693f088151de39,2025-10-31,Kỹ Sư BIM 3D Tekla Modeling (8h-16h30),Kỹ Sư BIM 3D Tekla Modeling 8h-16h30 ,mid,Ha Noi,2,2,"[""KỸ NĂNG DỰNG TEKLA 3D MODELING"",""Autocad""]",15000000,20000000,công_nghệ_thông_tin_kỹ_thuật_số,"{""dataset"":""dinhieufam/VietJobs"",""dataset_commit"":""ea140511b77935704e93d21c2973b72f46d48902"",""license"":""MIT""}"
vietjobs_vinuniversity,682983ed1415e58f16be53a68d8ee97e8a8113a2e88547dd84c6b4c2537144a1,2025-10-31,Mua lại người dùng - Tiếp thị kỹ thuật số (ứng dụng di động),Mua lại người dùng - Tiếp thị kỹ thuật số ứng dụng di động ,mid,Ha Noi,1,1,"[""CapCut"",""After Effects"",""Figma""]",12000000,25000000,công_nghệ_thông_tin_kỹ_thuật_số,"{""dataset"":""dinhieufam/VietJobs"",""dataset_commit"":""ea140511b77935704e93d21c2973b72f46d48902"",""license"":""MIT""}"
vietjobs_vinuniversity,684c5eb61eb64b9dd1241440922faa296f2c71ad098d5bc9308527ab16769d6f,2025-10-31,Business Data Analyst,Data Analyst,mid,Ha Noi,3,3,"[""SQL"",""Data Warehouse"",""ETL"",""Data Mart"",""Cloud technologies (AWS: Glue, Athena, S3)"",""Databricks""]",30000000,45000000,công_nghệ_thông_tin_kỹ_thuật_số,"{""dataset"":""dinhieufam/VietJobs"",""dataset_commit"":""ea140511b77935704e93d21c2973b72f46d48902"",""license"":""MIT""}"
vietjobs_vinuniversity,685961c77e88380ccb99940bd712d9c3735c5c7d83b2b6658c2e476a11f20c92,2025-10-31,Nhà phát triển phía trước (Nền tảng mã thấp),Nhà phát triển phía trước Nền tảng mã thấp ,mid,Ha Noi,3,3,"[""ReactJS"",""HTML"",""CSS"",""JavaScript"",""Bootstrap"",""SASS"",""LESS"",""npm"",""yarn"",""webpack""]",20000000,30000000,công_nghệ_thông_tin_kỹ_thuật_số,"{""dataset"":""dinhieufam/VietJobs"",""dataset_commit"":""ea140511b77935704e93d21c2973b72f46d48902"",""license"":""MIT""}"
vietjobs_vinuniversity,68c37d3bea21d661bdf839f04ab39b2c320506ee78ad7996e9c63aa90dcd1d3e,2025-10-31,Project Manager,Project Manager,manager,Ha Noi,3,3,"[""Agile/Scrum"",""Waterfall"",""Lark Suite"",""Jira""]",25000000,32000000,công_nghệ_thông_tin_kỹ_thuật_số,"{""dataset"":""dinhieufam/VietJobs"",""dataset_commit"":""ea140511b77935704e93d21c2973b72f46d48902"",""license"":""MIT""}"
vietjobs_vinuniversity,691689566b14c321412de219e56b90176103d9f19af1d8ef4c6a2cd517ffde30,2025-10-31,SAP Consultant,SAP Consultant,mid,Ha Noi,1,1,"[""Kiến thức nền tảng về kế toán"",""Hiểu biết về SQL Server""]",11000000,20000000,công_nghệ_thông_tin_kỹ_thuật_số,"{""dataset"":""dinhieufam/VietJobs"",""dataset_commit"":""ea140511b77935704e93d21c2973b72f46d48902"",""license"":""MIT""}"
vietjobs_vinuniversity,6929aa2e70d776f46a184d98c1815d8066c328eda1c8d894dd43632d28e72141,2025-10-31,Nhà phát triển IOS Junior,Junior Nhà phát triển IOS Junior,junior,Ha Noi,1,1,"[""Lập trình iOS"",""UI Kit"",""Resource"",""Storage"",""Network Handling"",""MVP"",""MVVM""]",12000000,25000000,công_nghệ_thông_tin_kỹ_thuật_số,"{""dataset"":""dinhieufam/VietJobs"",""dataset_commit"":""ea140511b77935704e93d21c2973b72f46d48902"",""license"":""MIT""}"
vietjobs_vinuniversity,69448d0acdf5771490c1c70129e27d994dd61ded5d3eb0b143baa783a8f73ef4,2025-10-31,Nhân Viên 2D UI/UX Game Artist,Nhân Viên 2D UI/UX Game Artist,mid,Ha Noi,1,1,"[""Photoshop"",""Illustrator""]",10000000,20000000,công_nghệ_thông_tin_kỹ_thuật_số,"{""dataset"":""dinhieufam/VietJobs"",""dataset_commit"":""ea140511b77935704e93d21c2973b72f46d48902"",""license"":""MIT""}"
vietjobs_vinuniversity,697e25f1a98d309d43c1dd8a4773b771b3648081a5b02fba88e55269ad1329de,2025-10-31,Thực Tập Sinh Thiết Kế,Thực Tập Sinh Thiết Kế,intern,Ha Noi,0,0,"[""premier"",""photoshop"",""AI""]",1000000,3000000,công_nghệ_thông_tin_kỹ_thuật_số,"{""dataset"":""dinhieufam/VietJobs"",""dataset_commit"":""ea140511b77935704e93d21c2973b72f46d48902"",""license"":""MIT""}"
vietjobs_vinuniversity,69a5ec6964e4f0355763042a57f8cf5afb7846bcce05a26d27af127dcd252191,2025-10-31,Nhà phân tích kinh doanh (Quản trị phần mềm KIÊM),Nhà phân tích kinh doanh Quản trị phần mềm KIÊM ,mid,Ha Noi,2,2,"[""CSDL/SQL"",""khả năng đọc, hiểu code""]",20000000,25000000,công_nghệ_thông_tin_kỹ_thuật_số,"{""dataset"":""dinhieufam/VietJobs"",""dataset_commit"":""ea140511b77935704e93d21c2973b72f46d48902"",""license"":""MIT""}"
vietjobs_vinuniversity,69e4d4f0cb36a4296ca216223c13c4c59c7ff68a8d0e0e1292cd49e8a17957e1,2025-10-31,Nhà phân tích kinh doanh,Nhà phân tích kinh doanh,mid,Ha Noi,3,3,"[""web technologies"",""mobile technologies"",""database technologies"",""cloud environments""]",18000000,25000000,công_nghệ_thông_tin_kỹ_thuật_số,"{""dataset"":""dinhieufam/VietJobs"",""dataset_commit"":""ea140511b77935704e93d21c2973b72f46d48902"",""license"":""MIT""}"
vietjobs_vinuniversity,6a019412e55093c15b5fea014051513e95f445d1ed4f261dd20ea36dddd379c2,2025-10-31,Kỹ sư giao diện thiết bị (EIF),Kỹ sư giao diện thiết bị EIF ,mid,Hải Phòng,2,2,"[""C"",""C++"",""C#"",""Python"",""SQL""]",11000000,15000000,công_nghệ_thông_tin_kỹ_thuật_số,"{""dataset"":""dinhieufam/VietJobs"",""dataset_commit"":""ea140511b77935704e93d21c2973b72f46d48902"",""license"":""MIT""}"
vietjobs_vinuniversity,6a3070125596c2d360f630a2ced4fde6b9eecca57e1a2f8971579d99ac152893,2025-10-31,Trưởng Phòng Dự Án,Trưởng Phòng Dự Án,mid,Ho Chi Minh,4,4,"[""Quản lý dự án phần mềm"",""Agile"",""Scrum"",""Waterfall"",""Web App"",""API"",""Cloud"",""Microservices""]",20000000,25000000,công_nghệ_thông_tin_kỹ_thuật_số,"{""dataset"":""dinhieufam/VietJobs"",""dataset_commit"":""ea140511b77935704e93d21c2973b72f46d48902"",""license"":""MIT""}"
vietjobs_vinuniversity,6a6a832c82f35ee6a0aefaf2c188a5597488ce4fa9f562cec2fd678758e861d8,2025-10-31,Nhân Viên Kinh Doanh Phần Mềm,Nhân Viên Kinh Doanh Phần Mềm,mid,Thái Nguyên,0,0,"[""Công nghệ thông tin""]",15000000,20000000,công_nghệ_thông_tin_kỹ_thuật_số,"{""dataset"":""dinhieufam/VietJobs"",""dataset_commit"":""ea140511b77935704e93d21c2973b72f46d48902"",""license"":""MIT""}"
vietjobs_vinuniversity,6a74013ede3811ad8f8501c056bfb76d1a6943ac70b20c43b7c96510fe4e2e39,2025-10-31,Chuyên Viên Lập Trình Python-Odoo,Chuyên Viên Lập Trình Python-Odoo,mid,Ha Noi,2,2,"[""Python"",""Odoo"",""Javascript"",""Postgres"",""Gitlab"",""Github""]",16000000,25000000,công_nghệ_thông_tin_kỹ_thuật_số,"{""dataset"":""dinhieufam/VietJobs"",""dataset_commit"":""ea140511b77935704e93d21c2973b72f46d48902"",""license"":""MIT""}"
vietjobs_vinuniversity,6acb0062379931312a0aa43aad8926c6b5a3d28fb4e6e12f275607c3338df066,2025-10-31,Nhân Viên Phát Triển Kinh Doanh Về Dịch Vụ Vận Chuyển Đồ Ăn Bằng Công Nghệ,Nhân Viên Phát Triển Kinh Doanh Về Dịch Vụ Vận Chuyển Đồ Ăn Bằng Công Nghệ,mid,Da Nang,1,1,[],10000000,20000000,công_nghệ_thông_tin_kỹ_thuật_số,"{""dataset"":""dinhieufam/VietJobs"",""dataset_commit"":""ea140511b77935704e93d21c2973b72f46d48902"",""license"":""MIT""}"
vietjobs_vinuniversity,6af97826fb2de87f3743301104e2a59667db06e2d50af9d03e3e8a7b0a37d6c5,2025-10-31,Kỹ Sư Lập Trình CAM (Máy CNC),Kỹ Sư Lập Trình CAM Máy CNC ,mid,Ha Noi,2,2,"[""Lập trình CAM"",""Phần mềm CAM (như Mastercam, Siemens NX, hoặc SolidCAM)"",""Máy CNC"",""Quy trình gia công cơ khí""]",20000000,25000000,công_nghệ_thông_tin_kỹ_thuật_số,"{""dataset"":""dinhieufam/VietJobs"",""dataset_commit"":""ea140511b77935704e93d21c2973b72f46d48902"",""license"":""MIT""}"
vietjobs_vinuniversity,6b1e69c6bec315ff432835459f27eee3b64869de1116ef0e876deb4363382ee4,2025-10-31,Nhân Viên Thiết Kế Hình Ảnh,Nhân Viên Thiết Kế Hình Ảnh,mid,Ho Chi Minh,1,1,"[""Photoshop"",""Illustrator"",""After Effects"",""Figma""]",8000000,10000000,công_nghệ_thông_tin_kỹ_thuật_số,"{""dataset"":""dinhieufam/VietJobs"",""dataset_commit"":""ea140511b77935704e93d21c2973b72f46d48902"",""license"":""MIT""}"
vietjobs_vinuniversity,6b38667388065d67ab6a5ad20fcb3c80fcc9670731608e7e85c6b1f3851b30c9,2025-10-31,Nhân Viên Kinh Doanh Dự Án,Nhân Viên Kinh Doanh Dự Án,mid,"Hà Nội, Hồ Chí Minh",2,2,"[""kiến thức nền tảng về CNTT"",""Networking"",""IT Security""]",20000000,20000000,công_nghệ_thông_tin_kỹ_thuật_số,"{""dataset"":""dinhieufam/VietJobs"",""dataset_commit"":""ea140511b77935704e93d21c2973b72f46d48902"",""license"":""MIT""}"
vietjobs_vinuniversity,6b4d4a5684b9f56648ede231cc13c90f90ea7259747a08b0740cfeb5ddfeace8,2025-10-31,Quản lý dự án (PM),Quản lý dự án PM ,mid,Ha Noi,2,2,"[""Quản lý dự án"",""Quy trình triển khai dự án""]",25000000,25000000,công_nghệ_thông_tin_kỹ_thuật_số,"{""dataset"":""dinhieufam/VietJobs"",""dataset_commit"":""ea140511b77935704e93d21c2973b72f46d48902"",""license"":""MIT""}"
vietjobs_vinuniversity,6b6bc3925408bb4666913995b106d7dfe87b1832bde0078fecdf957a0440d9a3,2025-10-31,Chuyên gia mua lại người dùng (ứng dụng/trò chơi di động),Chuyên gia mua lại người dùng ứng dụng/trò chơi di động ,mid,Ha Noi,1,1,"[""Phân tích dữ liệu"",""Excel"",""Google Sheets"",""Công cụ BI (Tableau, Data Studio, Looker, BigQuery)""]",10000000,20000000,công_nghệ_thông_tin_kỹ_thuật_số,"{""dataset"":""dinhieufam/VietJobs"",""dataset_commit"":""ea140511b77935704e93d21c2973b72f46d48902"",""license"":""MIT""}"
vietjobs_vinuniversity,6b6f475c4c03237fc9e92728302e10d209d91020f51bf74444a219e5b8a07c51,2025-10-31,Nhân Viên Lập Trình CNC,Nhân Viên Lập Trình CNC,mid,Bắc Ninh,3,3,"[""Lập trình CNC"",""Phần mềm CAM (Mastercam)"",""Gia công cơ khí"",""Đọc hiểu bản vẽ kỹ thuật""]",15000000,25000000,công_nghệ_thông_tin_kỹ_thuật_số,"{""dataset"":""dinhieufam/VietJobs"",""dataset_commit"":""ea140511b77935704e93d21c2973b72f46d48902"",""license"":""MIT""}"
vietjobs_vinuniversity,6b769410e8a3a62a9dad77af62ea8b2b83e946a3fdf9fd557b2225d5dc8efb78,2025-10-31,Nhân Viên Văn Phòng,Nhân Viên Văn Phòng,mid,Ho Chi Minh,0,0,"[""Excel"",""Google Sheet"",""CRM""]",7000000,13000000,công_nghệ_thông_tin_kỹ_thuật_số,"{""dataset"":""dinhieufam/VietJobs"",""dataset_commit"":""ea140511b77935704e93d21c2973b72f46d48902"",""license"":""MIT""}"
vietjobs_vinuniversity,6bb6307e52f0548b0b80657690d6fe5d3f56d8288532303fc3277691411ce728,2025-10-31,Quản Lý Kinh Doanh,Quản Lý Kinh Doanh,mid,"Hà Nội, Hồ Chí Minh",3,3,[],15000000,25000000,công_nghệ_thông_tin_kỹ_thuật_số,"{""dataset"":""dinhieufam/VietJobs"",""dataset_commit"":""ea140511b77935704e93d21c2973b72f46d48902"",""license"":""MIT""}"
vietjobs_vinuniversity,6be4f1f4f1624f355fbf73388890e19ca4a47482038c550860f935395a88b578,2025-10-31,Nhân Viên Kinh Doanh Online,Nhân Viên Kinh Doanh Online,mid,Ha Noi,0,0,[],7000000,10000000,công_nghệ_thông_tin_kỹ_thuật_số,"{""dataset"":""dinhieufam/VietJobs"",""dataset_commit"":""ea140511b77935704e93d21c2973b72f46d48902"",""license"":""MIT""}"
vietjobs_vinuniversity,6c03f4d1a73e92e1297c58b829fca6afe28414f86d0f367aba59cde256454f50,2025-10-31,Người kiểm tra tự động hóa,Người kiểm tra tự động hóa,mid,Ha Noi,3,3,"[""Selenium Web Driver"",""Appium"",""Cucumber framework"",""Jira"",""Confluence"",""Jenkins"",""Java"",""JavaScript"",""JMeter""]",25000000,32000000,công_nghệ_thông_tin_kỹ_thuật_số,"{""dataset"":""dinhieufam/VietJobs"",""dataset_commit"":""ea140511b77935704e93d21c2973b72f46d48902"",""license"":""MIT""}"
vietjobs_vinuniversity,6c985c8f9db43f8d839678ef1a2d0cef55cf97f2a6f2f5b1f730a1d12b9165d8,2025-10-31,Chủ sở hữu sản phẩm,Chủ sở hữu sản phẩm,mid,Ho Chi Minh,1,1,"[""Figma"",""Adobe XD"",""Wireframe"",""GA4""]",13000000,18000000,công_nghệ_thông_tin_kỹ_thuật_số,"{""dataset"":""dinhieufam/VietJobs"",""dataset_commit"":""ea140511b77935704e93d21c2973b72f46d48902"",""license"":""MIT""}"
vietjobs_vinuniversity,6d39c037a5336d132a33e88cf411b2eec0060643f3afe5c49149579ab2f9ccc4,2025-10-31,Devops Senior Engineer (Linux/Cloud),Senior DevOps Engineer,senior,Ha Noi,3,3,"[""AWS"",""Azure"",""Private cloud"",""Docker"",""Kubernetes"",""CI/CD"",""Linux"",""Windows"",""Python"",""Bash"",""PowerShell"",""Grafana"",""Prometheus"",""Splunk"",""Graylog"",""ELK""]",50000000,50000000,công_nghệ_thông_tin_kỹ_thuật_số,"{""dataset"":""dinhieufam/VietJobs"",""dataset_commit"":""ea140511b77935704e93d21c2973b72f46d48902"",""license"":""MIT""}"
vietjobs_vinuniversity,6d5889cad9c1ff5326b78daad2da1ab8d8d00c657807feba8f5e48ee1988a439,2025-10-31,Nhân Viên Gán Nhãn Dữ Liệu Song Ngữ Tiếng Hàn (TOPIK 4) Và Tiếng Anh (B2),Nhân Viên Gán Nhãn Dữ Liệu Song Ngữ Tiếng Hàn TOPIK 4 Và Tiếng Anh B2 ,mid,Ha Noi,0,0,"[""Tiếng Hàn TOPIK 4"",""Tiếng Anh B2""]",15000000,15000000,công_nghệ_thông_tin_kỹ_thuật_số,"{""dataset"":""dinhieufam/VietJobs"",""dataset_commit"":""ea140511b77935704e93d21c2973b72f46d48902"",""license"":""MIT""}"
vietjobs_vinuniversity,6e00b7716c2c97d7b11ea0d58e4a80b7d19c1030c85a2fcf4340bf0928355c53,2025-10-31,Nhân Viên Thiết Kế,Nhân Viên Thiết Kế,mid,Ha Noi,1,1,"[""Adobe Photoshop"",""Adobe Illustrator""]",10000000,18000000,công_nghệ_thông_tin_kỹ_thuật_số,"{""dataset"":""dinhieufam/VietJobs"",""dataset_commit"":""ea140511b77935704e93d21c2973b72f46d48902"",""license"":""MIT""}"
vietjobs_vinuniversity,6e03ae06f3b806522d7a9d59cc0b427ad6993c317298419e1b791f82e31525db,2025-10-31,Nhân Viên Diễn Hoạt 2D (Motion Designer),Nhân Viên Diễn Hoạt 2D Motion Designer ,mid,Ha Noi,0,0,"[""After Effect"",""Premiere"",""Photoshop""]",7000000,12000000,công_nghệ_thông_tin_kỹ_thuật_số,"{""dataset"":""dinhieufam/VietJobs"",""dataset_commit"":""ea140511b77935704e93d21c2973b72f46d48902"",""license"":""MIT""}"
vietjobs_vinuniversity,6e09b8a5327f98211ebd64490ad7fb1b1aa1836ead446e84836a37393c8f5c05,2025-10-31,Kỹ Sư Cầu Nối (BrSE - Tiếng Nhật),Kỹ Sư Cầu Nối BrSE - Tiếng Nhật ,mid,"Hà Nội, Hải Phòng",2,2,"[""Kiến thức về IT"",""Tiếng Nhật từ N2""]",45000000,45000000,công_nghệ_thông_tin_kỹ_thuật_số,"{""dataset"":""dinhieufam/VietJobs"",""dataset_commit"":""ea140511b77935704e93d21c2973b72f46d48902"",""license"":""MIT""}"
vietjobs_vinuniversity,6e0a16c7ca654230bcdf3adacae8f47cf41bce5e85dd9e265048fb8ebd03da3a,2025-10-31,Quản Lý Dự Án,Quản Lý Dự Án,mid,Ha Noi,3,3,"[""Quản lý dự án"",""Kỹ năng giao tiếp"",""Kỹ năng đàm phán"",""Kỹ năng lập kế hoạch"",""Kỹ năng giải quyết vấn đề""]",15000000,25000000,công_nghệ_thông_tin_kỹ_thuật_số,"{""dataset"":""dinhieufam/VietJobs"",""dataset_commit"":""ea140511b77935704e93d21c2973b72f46d48902"",""license"":""MIT""}"
vietjobs_vinuniversity,6ea50f432c1eb0221499b5f2f69a868d33e77ff527e9a0bbf799baa71c5d3535,2025-10-31,Java Developer,Java Developer,mid,Ha Noi,2,2,"[""Java"",""Java Spring Boot"",""Oracle"",""MySQL"",""PostgreSQL"",""Docker"",""Kubernetes""]",20000000,24000000,công_nghệ_thông_tin_kỹ_thuật_số,"{""dataset"":""dinhieufam/VietJobs"",""dataset_commit"":""ea140511b77935704e93d21c2973b72f46d48902"",""license"":""MIT""}"
vietjobs_vinuniversity,6ec7d27aea5864e691d9aff2aa863d53bfe83e1e1840592836a1bb03c2b90500,2025-10-31,Chuyên Viên Công Nghệ Thông Tin (AI & Automation),Chuyên Viên Công Nghệ Thông Tin AI & Automation ,mid,Da Nang,0,0,"[""AI"",""Automation"",""Workflow""]",12000000,17000000,công_nghệ_thông_tin_kỹ_thuật_số,"{""dataset"":""dinhieufam/VietJobs"",""dataset_commit"":""ea140511b77935704e93d21c2973b72f46d48902"",""license"":""MIT""}"
vietjobs_vinuniversity,6ed84cc3195a2b10df9b210fdc52802591dff4285da7d0937f54e3de42263198,2025-10-31,Nhân Viên Kỹ Thuật Máy Tính,Nhân Viên Kỹ Thuật Máy Tính,mid,Ha Noi,0,0,"[""Khắc Phục Sự Cố Phần Cứng"",""Phần Mềm"",""Kiến Thức Về Mạng Máy Tính"",""Cài Đặt Hệ Điều Hành"",""Cài Đặt Và Cấu Hình Phần Mềm""]",10000000,12000000,công_nghệ_thông_tin_kỹ_thuật_số,"{""dataset"":""dinhieufam/VietJobs"",""dataset_commit"":""ea140511b77935704e93d21c2973b72f46d48902"",""license"":""MIT""}"
vietjobs_vinuniversity,6f0ab400b373153ced5fc5467d00fd5d8b4071ca4cccbde0ab7fbec952ab785d,2025-10-31,Chuyên Viên Lập Trình Fullstack (NodeJS),Fullstack Developer,mid,Ha Noi,3,3,"[""HTML/CSS3/DOM"",""Javascript/Typescript"",""Reactjs"",""Nextjs"",""Git"",""RESTful API""]",20000000,40000000,công_nghệ_thông_tin_kỹ_thuật_số,"{""dataset"":""dinhieufam/VietJobs"",""dataset_commit"":""ea140511b77935704e93d21c2973b72f46d48902"",""license"":""MIT""}"
vietjobs_vinuniversity,6f7a53e4d58f16614c912e71d7e30ee683899e15901bb7feef446d671a80d865,2025-10-31,Nhà phát triển PHP thực tập (WordPress),Nhà phát triển PHP thực tập WordPress ,intern,Ho Chi Minh,0,0,"[""PHP"",""WordPress"",""HTML"",""CSS"",""JavaScript""]",4000000,6000000,công_nghệ_thông_tin_kỹ_thuật_số,"{""dataset"":""dinhieufam/VietJobs"",""dataset_commit"":""ea140511b77935704e93d21c2973b72f46d48902"",""license"":""MIT""}"
vietjobs_vinuniversity,6f833cd8c58700853af351334c73c5218d73e49c20ccc37bfb5c8a69a6c2d842,2025-10-31,Nhân Viên Kỹ Thuật Triển Khai Dự Án Phần Cứng,Nhân Viên Kỹ Thuật Triển Khai Dự Án Phần Cứng,mid,Ha Noi,0,0,"[""Hệ thống IT"",""Hệ điều hành"",""Network"",""Thiết bị phần cứng máy tính"",""Máy in"",""Máy scan""]",7000000,10000000,công_nghệ_thông_tin_kỹ_thuật_số,"{""dataset"":""dinhieufam/VietJobs"",""dataset_commit"":""ea140511b77935704e93d21c2973b72f46d48902"",""license"":""MIT""}"
vietjobs_vinuniversity,706b469ec5ff2bdf9a803dc1171a1b47eadd1e961bf4014760fdea50a214c256,2025-10-31,Nhân Viên Kinh Doanh Dự Án,Nhân Viên Kinh Doanh Dự Án,mid,Ha Noi,3,3,"[""Kiến thức về hệ thống công nghệ thông tin""]",12000000,15000000,công_nghệ_thông_tin_kỹ_thuật_số,"{""dataset"":""dinhieufam/VietJobs"",""dataset_commit"":""ea140511b77935704e93d21c2973b72f46d48902"",""license"":""MIT""}"
vietjobs_vinuniversity,70a375ddf5f2c6a1bb48ac0ca90d3ab67b04819066e52c4fea7b3cd49db7afae,2025-10-31,Nhà phát triển thống nhất,Nhà phát triển thống nhất,mid,Ha Noi,3,3,"[""Unity"",""C#"",""3D Max"",""Version Control (git)"",""3d Modeling""]",10000000,20000000,công_nghệ_thông_tin_kỹ_thuật_số,"{""dataset"":""dinhieufam/VietJobs"",""dataset_commit"":""ea140511b77935704e93d21c2973b72f46d48902"",""license"":""MIT""}"
vietjobs_vinuniversity,7159706b9935b63b74c22ba683b88b5567131e2e61a34c2b14652762fe4ebe5e,2025-10-31,Backend Fresher,Backend Developer,fresher,Ha Noi,1,1,"[""Java"",""Ruby"",""Python"",""Linux"",""Android"",""iOS"",""Git"",""Jira"",""Redmine"",""Intellij""]",15000000,15000000,công_nghệ_thông_tin_kỹ_thuật_số,"{""dataset"":""dinhieufam/VietJobs"",""dataset_commit"":""ea140511b77935704e93d21c2973b72f46d48902"",""license"":""MIT""}"
vietjobs_vinuniversity,71945ab73be0a7592b6f5fb0250f3861f5d98e2b4784dedb3c399193c1af327d,2025-10-31,Chuyên Viên Tư Vấn Phần Mềm,Chuyên Viên Tư Vấn Phần Mềm,mid,Ha Noi,0,0,"[""Tư vấn dịch vụ"",""Phần mềm"",""Thương mại điện tử""]",8000000,50000000,công_nghệ_thông_tin_kỹ_thuật_số,"{""dataset"":""dinhieufam/VietJobs"",""dataset_commit"":""ea140511b77935704e93d21c2973b72f46d48902"",""license"":""MIT""}"
vietjobs_vinuniversity,719bad50a955da63f8e08e6d9059f9e1306a5aab9eed558b72a2ab5bbf1a95bd,2025-10-31,Nhân Viên Lập Trình Vận Hành Máy Tiện CNC,Nhân Viên Lập Trình Vận Hành Máy Tiện CNC,mid,Gia Lâm,1,1,"[""Lập trình và vận hành máy tiện, phay CNC"",""Sử dụng phần mềm Mastercam Tiện"",""Đọc và hiểu bản vẽ kỹ thuật""]",10000000,15000000,công_nghệ_thông_tin_kỹ_thuật_số,"{""dataset"":""dinhieufam/VietJobs"",""dataset_commit"":""ea140511b77935704e93d21c2973b72f46d48902"",""license"":""MIT""}"
vietjobs_vinuniversity,71b455356fa763d06000c9cf5caaeab35341e384f257f37f72d9aa23f666a1c7,2025-10-31,Thiết kế đồ họa,Thiết kế đồ họa,mid,Ho Chi Minh,0,0,"[""AI"",""Photoshop"",""Premiere""]",8000000,10000000,công_nghệ_thông_tin_kỹ_thuật_số,"{""dataset"":""dinhieufam/VietJobs"",""dataset_commit"":""ea140511b77935704e93d21c2973b72f46d48902"",""license"":""MIT""}"
vietjobs_vinuniversity,71d7d2ba497a757c7ab47b32b0f8021f30647c4331903366038e01e4d8736b1f,2025-10-31,Chuyên Viên Phân Tích Nghiệp Vụ,Chuyên Viên Phân Tích Nghiệp Vụ,mid,Ha Noi,3,3,"[""Activity diagram"",""Data flow diagram"",""State Machine Diagram"",""Use case diagram"",""Visio"",""Enterprise Architect"",""Axure"",""Balsamiq"",""Microsoft Office""]",18000000,30000000,công_nghệ_thông_tin_kỹ_thuật_số,"{""dataset"":""dinhieufam/VietJobs"",""dataset_commit"":""ea140511b77935704e93d21c2973b72f46d48902"",""license"":""MIT""}"
vietjobs_vinuniversity,71dda4ac09ae279ce31707cf52ada65b82e33d8563edc7d34f26d0d93f7fa4ec,2025-10-31,Chuyên Viên IT,Chuyên Viên IT,mid,Da Nang,3,3,"[""Hệ điều hành Windows"",""Mạng LAN/WAN"",""Máy chủ (Windows Server, Linux)"",""Cơ sở dữ liệu (SQL Server, MySQL)"",""Phần mềm quản lý doanh nghiệp (ERP, CRM, HRM)""]",15000000,25000000,công_nghệ_thông_tin_kỹ_thuật_số,"{""dataset"":""dinhieufam/VietJobs"",""dataset_commit"":""ea140511b77935704e93d21c2973b72f46d48902"",""license"":""MIT""}"
vietjobs_vinuniversity,7227a7f5d0f75affc4d022b2649e6a3a4ff45f228fcb32197a67190d65350d6d,2025-10-31,Trưởng Nhóm Bảo Trì Điện PLC,Trưởng Nhóm Bảo Trì Điện PLC,mid,Tây Ninh,3,3,"[""Hệ thống điện công nghiệp"",""Tủ điện"",""Lập trình PLC cơ bản (Siemens, Mitsubishi, Delta...)"",""Biến tần"",""Sensor"",""HMI"",""Relay"",""Sơ đồ điện""]",16000000,23000000,công_nghệ_thông_tin_kỹ_thuật_số,"{""dataset"":""dinhieufam/VietJobs"",""dataset_commit"":""ea140511b77935704e93d21c2973b72f46d48902"",""license"":""MIT""}"
vietjobs_vinuniversity,728092642bcf6ec853b3342b53451f616e2fa2e85b7ec324acbe75d91e6d616d,2025-10-31,Thiết Kế Web,Thiết Kế Web,mid,Cầu Giấy,4,4,"[""Adobe Photoshop"",""Illustrator"",""Figma"",""Sketch""]",15000000,30000000,công_nghệ_thông_tin_kỹ_thuật_số,"{""dataset"":""dinhieufam/VietJobs"",""dataset_commit"":""ea140511b77935704e93d21c2973b72f46d48902"",""license"":""MIT""}"
vietjobs_vinuniversity,72fc7054d9581d666fcce9321749d1a2a82b454392526f68ad875e001ff1b994,2025-10-31,2D Artist,2D Artist,mid,Ha Noi,3,3,"[""Wacom"",""Photoshop"",""Figma""]",15000000,20000000,công_nghệ_thông_tin_kỹ_thuật_số,"{""dataset"":""dinhieufam/VietJobs"",""dataset_commit"":""ea140511b77935704e93d21c2973b72f46d48902"",""license"":""MIT""}"
vietjobs_vinuniversity,73032c90e4e602ffd9e31d0341070e86ac8f0ec409f5892d8c722eb3132aa3f9,2025-10-31,Thực Tập Sinh Lập Trình C++,Thực Tập Sinh Lập Trình C++,intern,Ha Noi,0,0,"[""C++"",""Kinh nghiệm làm dự án/ bài tập lớn về C++""]",5000000,7000000,công_nghệ_thông_tin_kỹ_thuật_số,"{""dataset"":""dinhieufam/VietJobs"",""dataset_commit"":""ea140511b77935704e93d21c2973b72f46d48902"",""license"":""MIT""}"
vietjobs_vinuniversity,732f12b2cef1f40b0bc344894e01eb48432992c55b48651a8dbf52416b52315f,2025-10-31,Nhân Viên Phân Tích Dữ Liệu AI,Nhân Viên Phân Tích Dữ Liệu AI,mid,Ha Noi,1,1,"[""Excel nâng cao"",""Google Sheets"",""SQL"",""Power BI"",""Tableau"",""Google Data Studio"",""Python (pandas, numpy, matplotlib)""]",12000000,25000000,công_nghệ_thông_tin_kỹ_thuật_số,"{""dataset"":""dinhieufam/VietJobs"",""dataset_commit"":""ea140511b77935704e93d21c2973b72f46d48902"",""license"":""MIT""}"
vietjobs_vinuniversity,7359ea5c533a3ff748422285e69725a8609200906eddb7d895dbddad5362e345,2025-10-31,Trưởng Nhóm Kinh Doanh,Trưởng Nhóm Kinh Doanh,mid,Thái Nguyên,1,1,[],10000000,20000000,công_nghệ_thông_tin_kỹ_thuật_số,"{""dataset"":""dinhieufam/VietJobs"",""dataset_commit"":""ea140511b77935704e93d21c2973b72f46d48902"",""license"":""MIT""}"
vietjobs_vinuniversity,7377abc8f9da811ac2a3d4f66b9102cf268496b6ab8db87b12ccfdc35eacab70,2025-10-31,Nhân Viên Kinh Doanh,Nhân Viên Kinh Doanh,mid,Ha Noi,1,1,"[""Kỹ năng bán hàng"",""Kỹ năng chăm sóc khách hàng"",""Kỹ năng đàm phán"",""Kỹ năng quản trị"",""Kỹ năng lập kế hoạch"",""Kỹ năng phân tích và tổng hợp thông tin""]",15000000,20000000,công_nghệ_thông_tin_kỹ_thuật_số,"{""dataset"":""dinhieufam/VietJobs"",""dataset_commit"":""ea140511b77935704e93d21c2973b72f46d48902"",""license"":""MIT""}"
vietjobs_vinuniversity,73bd8b0191f9e31de2df243f6fae53088d1af1d780adc25d6a7946b4d857c144,2025-10-31,"Software Test (Tester, QA, ERP)",QA Engineer,mid,Bình Chánh,2,2,"[""Selenium"",""Agile"",""Scrum"",""OKR"",""Test Plans"",""Test Cases"",""Test Reports""]",15000000,18000000,công_nghệ_thông_tin_kỹ_thuật_số,"{""dataset"":""dinhieufam/VietJobs"",""dataset_commit"":""ea140511b77935704e93d21c2973b72f46d48902"",""license"":""MIT""}"
vietjobs_vinuniversity,73f6abede1bee12a7bcf67a6b2ba02a7124558968b3058326718de5b6dceebac,2025-10-31,Giám đốc phát triển kinh doanh,Giám đốc phát triển kinh doanh,mid,Ho Chi Minh,5,5,"[""B2B sales"",""business development"",""strategic planning"",""market research""]",25000000,35000000,công_nghệ_thông_tin_kỹ_thuật_số,"{""dataset"":""dinhieufam/VietJobs"",""dataset_commit"":""ea140511b77935704e93d21c2973b72f46d48902"",""license"":""MIT""}"
vietjobs_vinuniversity,741d2e7f00b998ccc6887d0b7670808e3c9ca1dd8a6f7d23dc4543c557a58d62,2025-10-31,Nhân Viên Tư Vấn - Không Yêu Cầu Kinh Nghiệm,Nhân Viên Tư Vấn - Không Yêu Cầu Kinh Nghiệm,mid,Ho Chi Minh,0,0,[],8000000,8000000,công_nghệ_thông_tin_kỹ_thuật_số,"{""dataset"":""dinhieufam/VietJobs"",""dataset_commit"":""ea140511b77935704e93d21c2973b72f46d48902"",""license"":""MIT""}"
vietjobs_vinuniversity,74de287cede14de3ef503e9501d5a4f90af1297eed049681b9587a6a16c7fc3d,2025-10-31,Fullstack Developer,Fullstack Developer,mid,Ho Chi Minh,3,3,"[""SQL"",""noSQL"",""Jira"",""Git"",""Java core"",""SpringBoot"",""Microservice"",""CICD"",""Containerization"",""Angular JS"",""React JS""]",45000000,45000000,công_nghệ_thông_tin_kỹ_thuật_số,"{""dataset"":""dinhieufam/VietJobs"",""dataset_commit"":""ea140511b77935704e93d21c2973b72f46d48902"",""license"":""MIT""}"
vietjobs_vinuniversity,74f12a92385e48bf652c5234a0ec4a7d5a2fd777a33fe33847c56769c47c1c0d,2025-10-31,"Nhà phân tích kinh doanh (Cấp độ: Trung, cao cấp)","Nhà phân tích kinh doanh Cấp độ: Trung, cao cấp ",mid,Ha Noi,2,2,"[""Phân tích nghiệp vụ"",""Thiết kế trải nghiệm người dùng"",""Sử dụng Google Analysis""]",15000000,45000000,công_nghệ_thông_tin_kỹ_thuật_số,"{""dataset"":""dinhieufam/VietJobs"",""dataset_commit"":""ea140511b77935704e93d21c2973b72f46d48902"",""license"":""MIT""}"
vietjobs_vinuniversity,7504132b814dd40ccaf08d799e36a85a1d785c7b767ae9c631a949f5af5de49c,2025-10-31,Backend Developer (NodeJs),Backend Developer,mid,Ha Noi,1,1,"[""Node.js"",""JavaScript""]",15000000,25000000,công_nghệ_thông_tin_kỹ_thuật_số,"{""dataset"":""dinhieufam/VietJobs"",""dataset_commit"":""ea140511b77935704e93d21c2973b72f46d48902"",""license"":""MIT""}"
vietjobs_vinuniversity,75387ffef282e1d1112b02a836aa2abdeacfa1d2b4409214554b1c730a4aa274,2025-10-31,Backend Developer (Java/.NET/Golang),Backend Developer,mid,Ha Noi,3,3,"[""Java"","".NET"",""Golang"",""Docker"",""Kubernetes"",""AWS"",""GCP""]",35000000,35000000,công_nghệ_thông_tin_kỹ_thuật_số,"{""dataset"":""dinhieufam/VietJobs"",""dataset_commit"":""ea140511b77935704e93d21c2973b72f46d48902"",""license"":""MIT""}"
vietjobs_vinuniversity,75546afb0a0eb954e2abbdab4a3dc76b07207e402913a817720123b3e33d4387,2025-10-31,Đảm bảo chất lượng/ kiểm soát chất lượng thực tập,Đảm bảo chất lượng/ kiểm soát chất lượng thực tập,intern,Ho Chi Minh,0,0,"[""JIRA"",""Trello""]",3000000,3000000,công_nghệ_thông_tin_kỹ_thuật_số,"{""dataset"":""dinhieufam/VietJobs"",""dataset_commit"":""ea140511b77935704e93d21c2973b72f46d48902"",""license"":""MIT""}"
vietjobs_vinuniversity,75608e62fa2bc0b153a006400f1ef80962996f74be5d5d5fceb8d069b1c26426,2025-10-31,Flutter Developer,Mobile Developer (Flutter),mid,Ha Noi,2,2,"[""Flutter"",""Dart"",""API integration"",""State management (Provider, Bloc)"",""Microservice architecture""]",20000000,27000000,công_nghệ_thông_tin_kỹ_thuật_số,"{""dataset"":""dinhieufam/VietJobs"",""dataset_commit"":""ea140511b77935704e93d21c2973b72f46d48902"",""license"":""MIT""}"
vietjobs_vinuniversity,757abc178608b277003aba46087cd1b0eb86a81d433dd68d0e39d8eca979b5ea,2025-10-31,Nhà phân tích kinh doanh,Nhà phân tích kinh doanh,mid,Cần Thơ,0,0,"[""Sử dụng thành thạo các phần mềm văn phòng (Word, Excel, PowerPoint)"",""Kiến thức cơ bản về mô hình dữ liệu và quy trình phát triển phần mềm"",""Sử dụng các công cụ vẽ sơ đồ (Visio, Lucidchart, Draw.io)""]",5000000,8000000,công_nghệ_thông_tin_kỹ_thuật_số,"{""dataset"":""dinhieufam/VietJobs"",""dataset_commit"":""ea140511b77935704e93d21c2973b72f46d48902"",""license"":""MIT""}"
vietjobs_vinuniversity,75ab15fa051e261e4f3edf231efa357397cb6f9132842858b2b8fa9aaeef0729,2025-10-31,Nhân Viên Unity Developer- Mobile Game,Nhân Viên Unity Developer- Mobile Game,mid,Hà Đông,2,2,"[""C#"",""Unity"",""OOP"",""SOLID"",""design pattern"",""Ads SDK (AdMob, Unity Ads)"",""MMP (Appsflyer, Adjust)""]",10000000,20000000,công_nghệ_thông_tin_kỹ_thuật_số,"{""dataset"":""dinhieufam/VietJobs"",""dataset_commit"":""ea140511b77935704e93d21c2973b72f46d48902"",""license"":""MIT""}"
vietjobs_vinuniversity,75caffd64a16abbf4f1254b1579744c928ac24c0619a92b142581e31dd35b16f,2025-10-31,Nhân Viên Tiếp Nhận & Điều Phối Máy Sửa Chữa,Nhân Viên Tiếp Nhận & Điều Phối Máy Sửa Chữa,mid,Ho Chi Minh,0,0,"[""Tin học văn phòng: Word, Excel""]",8000000,12000000,công_nghệ_thông_tin_kỹ_thuật_số,"{""dataset"":""dinhieufam/VietJobs"",""dataset_commit"":""ea140511b77935704e93d21c2973b72f46d48902"",""license"":""MIT""}"
vietjobs_vinuniversity,75e346707ae02294ca68a34abb5367038c42a787ee740d4a279076e849990887,2025-10-31,Lãnh đạo kỹ thuật,Lãnh đạo kỹ thuật,mid,Ha Noi,5,5,"[""Golang"",""Java"",""Kiến trúc hệ thống"",""Cơ sở dữ liệu"",""Bảo mật"",""Công nghệ AI"",""Quy trình phát triển phần mềm Agile/Scrum""]",25000000,40000000,công_nghệ_thông_tin_kỹ_thuật_số,"{""dataset"":""dinhieufam/VietJobs"",""dataset_commit"":""ea140511b77935704e93d21c2973b72f46d48902"",""license"":""MIT""}"
vietjobs_vinuniversity,75e590aed544098bd7bb3f7bc02abcc1d943ff88b65c67fd101ac9183e7f8917,2025-10-31,Nhân Viên Graphic Designer,Nhân Viên Graphic Designer,mid,Ha Noi,1,1,"[""Photoshop"",""Illustrator""]",20000000,25000000,công_nghệ_thông_tin_kỹ_thuật_số,"{""dataset"":""dinhieufam/VietJobs"",""dataset_commit"":""ea140511b77935704e93d21c2973b72f46d48902"",""license"":""MIT""}"
vietjobs_vinuniversity,75f4da7a18691c93274480eef4e45e38ea0709136e5a5475bdc2266a1afcb69e,2025-10-31,Frontend Developer (Reactjs Và Nextjs),Frontend Developer,mid,Ha Noi,2,2,"[""Reactjs"",""Nextjs"",""Jest"",""react-testing-library"",""Redux"",""RxJS"",""UI/UX design"",""Material design""]",16000000,18000000,công_nghệ_thông_tin_kỹ_thuật_số,"{""dataset"":""dinhieufam/VietJobs"",""dataset_commit"":""ea140511b77935704e93d21c2973b72f46d48902"",""license"":""MIT""}"
vietjobs_vinuniversity,760828235f6bbbb6468aed209f07b14849f91a1a10a93e74f684d435df53d858,2025-10-31,Trưởng nhóm công nghệ,Trưởng nhóm công nghệ,mid,Ha Noi,5,5,"[""ReactJS"",""JavaScript"",""NextJS"",""PHP (Laravel, Yii2, Symfony)"",""Golang"",""SQL (MySQL, PostgreSQL)"",""NoSQL (MongoDB, Redis, Memcached)"",""CI/CD"",""Docker"",""Kubernetes"",""AWS"",""Google Cloud""]",45000000,45000000,công_nghệ_thông_tin_kỹ_thuật_số,"{""dataset"":""dinhieufam/VietJobs"",""dataset_commit"":""ea140511b77935704e93d21c2973b72f46d48902"",""license"":""MIT""}"
vietjobs_vinuniversity,7646c0be62476705ec5cb5f7b06a9b50ffffb6ef6f1a4b78ec0b8bb70a8608c1,2025-10-31,Thực Tập Sinh Js/Python/AI (Full Time),Thực Tập Sinh Js/Python/AI Full Time ,intern,Ha Noi,0,0,"[""HTML"",""CSS"",""Javascript"",""Angular"",""Vuejs"",""API"",""Nodejs"",""Python"",""React native"",""Java"",""Kotlin"",""Swift""]",3000000,3000000,công_nghệ_thông_tin_kỹ_thuật_số,"{""dataset"":""dinhieufam/VietJobs"",""dataset_commit"":""ea140511b77935704e93d21c2973b72f46d48902"",""license"":""MIT""}"
vietjobs_vinuniversity,76af177aecf3fd5841b6c1ed79c8965a295b48b5b5920457b4e43e801825423a,2025-10-31,Thực Tập Sinh DEV,Thực Tập Sinh DEV,intern,Ha Noi,0,0,[],5000000,5000000,công_nghệ_thông_tin_kỹ_thuật_số,"{""dataset"":""dinhieufam/VietJobs"",""dataset_commit"":""ea140511b77935704e93d21c2973b72f46d48902"",""license"":""MIT""}"
vietjobs_vinuniversity,76cc04b12a5e9457ff6d2fea0dc795d27b7a43b8485134c2fdc101f89f9b4f44,2025-10-31,Quản Trị Dự Án / Project Manager,Quản Trị Dự Án / Project Manager,manager,Ha Noi,3,3,"[""Quản trị dự án"",""Phần mềm ứng dụng"",""PKI"",""Ngân hàng""]",25000000,45000000,công_nghệ_thông_tin_kỹ_thuật_số,"{""dataset"":""dinhieufam/VietJobs"",""dataset_commit"":""ea140511b77935704e93d21c2973b72f46d48902"",""license"":""MIT""}"
vietjobs_vinuniversity,76e2fec364c873b1f0777a67e4a6a8de250a090ce68b077cfabb2420e79e89b3,2025-10-31,Nhân Viên Mobile Fullstack Developer,Fullstack Developer,mid,Ha Noi,3,3,"[""React Native"",""Flutter"",""JavaScript"",""TypeScript"",""Dart"",""Node.js"",""Express"",""NestJS"",""PHP"",""Laravel"",""Firebase"",""RESTful API"",""GraphQL"",""Git"",""MySQL"",""PostgreSQL"",""MongoDB"",""Redux"",""Bloc"",""Provider""]",15000000,25000000,công_nghệ_thông_tin_kỹ_thuật_số,"{""dataset"":""dinhieufam/VietJobs"",""dataset_commit"":""ea140511b77935704e93d21c2973b72f46d48902"",""license"":""MIT""}"
vietjobs_vinuniversity,7768354e1724184de591d3850df8727ce15ab2a707d340b7708a50ea0fd49322,2025-10-31,Senior/Middle Tester,Senior/Middle Tester,senior,Ha Noi,4,4,"[""Kiểm thử chức năng"",""Kiểm thử API"",""Kiểm thử hiệu năng"",""Test API"",""Database testing"",""Mobile testing"",""Automation test"",""Performance test""]",17000000,25000000,công_nghệ_thông_tin_kỹ_thuật_số,"{""dataset"":""dinhieufam/VietJobs"",""dataset_commit"":""ea140511b77935704e93d21c2973b72f46d48902"",""license"":""MIT""}"
vietjobs_vinuniversity,77f9601a1accea0e3ae51f4efd2d65257e4d64e425370836b50104a27000ce14,2025-10-31,Chuyên Viên Thiết Kế Đồ Họa,Chuyên Viên Thiết Kế Đồ Họa,mid,Bắc Ninh,1,1,"[""Illustrator"",""Photoshop"",""InDesign"",""Figma""]",8000000,12000000,công_nghệ_thông_tin_kỹ_thuật_số,"{""dataset"":""dinhieufam/VietJobs"",""dataset_commit"":""ea140511b77935704e93d21c2973b72f46d48902"",""license"":""MIT""}"
vietjobs_vinuniversity,7829266e65d0c86d0d725d1be67c6409610ccc0c439971ac47928637217f0891,2025-10-31,Nhân Viên Devops,DevOps Engineer,mid,Ha Noi,2,2,"[""Git"",""Linux"",""Docker"",""Kubernetes"",""CI/CD""]",15000000,25000000,công_nghệ_thông_tin_kỹ_thuật_số,"{""dataset"":""dinhieufam/VietJobs"",""dataset_commit"":""ea140511b77935704e93d21c2973b72f46d48902"",""license"":""MIT""}"
vietjobs_vinuniversity,7881df75e91d9d8702f6b92ffeacfc9a7563e2e144d39383c3d352dc40844d9e,2025-10-31,Intern Thiết Kế/ Design,Intern Thiết Kế/ Design,intern,Ho Chi Minh,0,0,"[""Photoshop"",""Illustrator"",""Canva""]",1000000,3000000,công_nghệ_thông_tin_kỹ_thuật_số,"{""dataset"":""dinhieufam/VietJobs"",""dataset_commit"":""ea140511b77935704e93d21c2973b72f46d48902"",""license"":""MIT""}"
vietjobs_vinuniversity,78d6f349b802fb4343696bce97f02780d1382aa60ee3930dc6c314218f04ba0d,2025-10-31,Kỹ Sư Giải Pháp Hạ Tầng CNTT,Kỹ Sư Giải Pháp Hạ Tầng CNTT,mid,Ha Noi,2,2,"[""Networking"",""TCP/IP"",""IPv4"",""Switching/Routing"",""VPN"",""Cisco"",""Extreme"",""Juniper"",""Checkpoint"",""Fortinet"",""Palo Alto"",""Sonicwall"",""Hệ thống máy chủ"",""Hệ thống lưu trữ"",""Hệ điều hành Linux/Unix""]",15000000,30000000,công_nghệ_thông_tin_kỹ_thuật_số,"{""dataset"":""dinhieufam/VietJobs"",""dataset_commit"":""ea140511b77935704e93d21c2973b72f46d48902"",""license"":""MIT""}"
vietjobs_vinuniversity,792b98f425a12a0ed1d083dab30a105ac29b06172d66a57f1e14a4a3c7035e35,2025-10-31,Nhân Viên Gán Nhãn Dữ Liệu Tiếng Nhật (Từ N3)-Tiếng Anh (B2),Nhân Viên Gán Nhãn Dữ Liệu Tiếng Nhật Từ N3 -Tiếng Anh B2 ,mid,Ha Noi,0,0,"[""Sử dụng máy tính cơ bản""]",15000000,15000000,công_nghệ_thông_tin_kỹ_thuật_số,"{""dataset"":""dinhieufam/VietJobs"",""dataset_commit"":""ea140511b77935704e93d21c2973b72f46d48902"",""license"":""MIT""}"
vietjobs_vinuniversity,7943b48950958507188a874ec66699a970a6244dda434accb600e0af5020bb96,2025-10-31,Nhà phát triển FullStack (NodeJS/ReactJS),Fullstack Developer,mid,Ha Noi,3,3,"[""Javascript"",""CSS"",""HTML"",""ReactJS"",""Angular"",""NodeJS"",""Express"",""SQL"",""MySQL"",""Postgres""]",18000000,24000000,công_nghệ_thông_tin_kỹ_thuật_số,"{""dataset"":""dinhieufam/VietJobs"",""dataset_commit"":""ea140511b77935704e93d21c2973b72f46d48902"",""license"":""MIT""}"
vietjobs_vinuniversity,794b0d6db1facc2cf3ff1ac4636e5e30101ff350ab4df2853a13ac490da3f1dd,2025-10-31,Designer,Designer,mid,Ha Noi,1,1,"[""Adobe Illustrator"",""Photoshop"",""InDesign""]",15000000,20000000,công_nghệ_thông_tin_kỹ_thuật_số,"{""dataset"":""dinhieufam/VietJobs"",""dataset_commit"":""ea140511b77935704e93d21c2973b72f46d48902"",""license"":""MIT""}"
vietjobs_vinuniversity,79e1297d184464d8feca3a9fb8efeca2b8cbb958893f16c4221c5a983d46accf,2025-10-31,Đào tạo sản phẩm,Đào tạo sản phẩm,mid,Ho Chi Minh,4,4,"[""Sử dụng các công cụ giảng dạy của Microsoft"",""Sử dụng các công cụ giảng dạy của Google""]",15000000,20000000,công_nghệ_thông_tin_kỹ_thuật_số,"{""dataset"":""dinhieufam/VietJobs"",""dataset_commit"":""ea140511b77935704e93d21c2973b72f46d48902"",""license"":""MIT""}"
vietjobs_vinuniversity,7a413620062029a62575e20c0b9389e16aa3cd1f63a1511e55dda2521f3c3248,2025-10-31,Nhân Viên IT,Nhân Viên IT,mid,Quảng Ngãi,1,1,"[""Hệ điều hành Windows"",""Phần mềm văn phòng"",""Mạng LAN/WAN/Wifi"",""Phần mềm kế toán MISA/FAST""]",7000000,9000000,công_nghệ_thông_tin_kỹ_thuật_số,"{""dataset"":""dinhieufam/VietJobs"",""dataset_commit"":""ea140511b77935704e93d21c2973b72f46d48902"",""license"":""MIT""}"
vietjobs_vinuniversity,7a8655e8d7e9abb9e978b4b21fc8639fa684b664fcd5d48117f0672d1aa5730d,2025-10-31,Nhà thiết kế đồ họa cao cấp (nữ),Nhà thiết kế đồ họa cao cấp nữ ,mid,Ha Noi,5,5,"[""Adobe Photoshop"",""Adobe Illustrator"",""Adobe InDesign""]",15000000,20000000,công_nghệ_thông_tin_kỹ_thuật_số,"{""dataset"":""dinhieufam/VietJobs"",""dataset_commit"":""ea140511b77935704e93d21c2973b72f46d48902"",""license"":""MIT""}"
vietjobs_vinuniversity,7a93aca14c47c021b939d594cc6f5c30bae7b35c0fb96f4e5150f1279b24afe3,2025-10-31,Game Designer,Game Designer,mid,Ha Noi,1,1,"[""git"",""Unity"",""Firebase""]",16000000,16000000,công_nghệ_thông_tin_kỹ_thuật_số,"{""dataset"":""dinhieufam/VietJobs"",""dataset_commit"":""ea140511b77935704e93d21c2973b72f46d48902"",""license"":""MIT""}"
vietjobs_vinuniversity,7a9e8782e0173a4e7507cfd9e9a2a38567204c34b83093b69f9ce1b946700a17,2025-10-31,Lập Trình CNC,Lập Trình CNC,mid,Bắc Ninh,3,3,"[""Mastercam"",""NX"",""AutoCAD""]",14000000,20000000,công_nghệ_thông_tin_kỹ_thuật_số,"{""dataset"":""dinhieufam/VietJobs"",""dataset_commit"":""ea140511b77935704e93d21c2973b72f46d48902"",""license"":""MIT""}"
vietjobs_vinuniversity,7b0a5694837f9c0d00451453643b859fe27e5d5c9f59da4a0dca9437b3f39d9f,2025-10-31,Data Engineer,Data Engineer,mid,Ha Noi,3,3,"[""SQL"",""Python"",""Spark"",""SQL Server"",""Oracle"",""DB2"",""Postgre"",""Redshift"",""Javascript"",""Java"","".Net""]",39000000,39000000,công_nghệ_thông_tin_kỹ_thuật_số,"{""dataset"":""dinhieufam/VietJobs"",""dataset_commit"":""ea140511b77935704e93d21c2973b72f46d48902"",""license"":""MIT""}"
vietjobs_vinuniversity,7b358dea515ff4a229fbc86b0eee26fb88194bba79864260d8cc16035ed6442f,2025-10-31,Kỹ Sư An Ninh Mạng,Kỹ Sư An Ninh Mạng,mid,Ha Noi,2,2,"[""OSCP"",""OSWE"",""CEH"",""AWS"",""Java"","".Net"",""Node js""]",25000000,50000000,công_nghệ_thông_tin_kỹ_thuật_số,"{""dataset"":""dinhieufam/VietJobs"",""dataset_commit"":""ea140511b77935704e93d21c2973b72f46d48902"",""license"":""MIT""}"
vietjobs_vinuniversity,7b777adccaad9e468b93467d0e7df6fe6c25a5184c528a1f073153e9bc930c32,2025-10-31,Nhân Viên Kinh Doanh Tư Vấn Website,Nhân Viên Kinh Doanh Tư Vấn Website,mid,Ho Chi Minh,0,0,"[""Sử dụng máy tính cơ bản""]",8000000,20000000,công_nghệ_thông_tin_kỹ_thuật_số,"{""dataset"":""dinhieufam/VietJobs"",""dataset_commit"":""ea140511b77935704e93d21c2973b72f46d48902"",""license"":""MIT""}"
vietjobs_vinuniversity,7bc3fe87e54d10d58ba52494820526ee1b8dc3ce488f3114e2f96361a5ab1f11,2025-10-31,Nhân Viên Gán Nhãn Dữ Liệu Tiếng Anh (Cấp Độ C1),Nhân Viên Gán Nhãn Dữ Liệu Tiếng Anh Cấp Độ C1 ,mid,Ha Noi,0,0,"[""Video annotation"",""Data labeling""]",12000000,14000000,công_nghệ_thông_tin_kỹ_thuật_số,"{""dataset"":""dinhieufam/VietJobs"",""dataset_commit"":""ea140511b77935704e93d21c2973b72f46d48902"",""license"":""MIT""}"
vietjobs_vinuniversity,7bf996f721d98652364735ee68ebe83506661c03a5cd838de973f375a0c03a06,2025-10-31,Quản Lý Dự Án Điện Tử,Quản Lý Dự Án Điện Tử,mid,Ha Noi,3,3,"[""Ứng dụng AI vào công việc hiệu quả"",""Kỹ năng lập kế hoạch"",""Quản lý ngân sách"",""Quản lý rủi ro""]",25000000,45000000,công_nghệ_thông_tin_kỹ_thuật_số,"{""dataset"":""dinhieufam/VietJobs"",""dataset_commit"":""ea140511b77935704e93d21c2973b72f46d48902"",""license"":""MIT""}"
vietjobs_vinuniversity,7c19a9a43b9977fd54c25bae8f4658e7569f16423ddb613218c0b58c900f1eb1,2025-10-31,"Java Developer (Trên 2 Năm Kinh Nghiệm, Onsite Project)","Java Developer Trên 2 Năm Kinh Nghiệm, Onsite Project ",mid,Ha Noi,2,2,"[""Java"",""Spring Boot"",""Hibernate"",""RESTful APIs"",""Microservice"",""Oracle"",""MySQL"",""Git"",""Agile"",""Postman""]",28000000,28000000,công_nghệ_thông_tin_kỹ_thuật_số,"{""dataset"":""dinhieufam/VietJobs"",""dataset_commit"":""ea140511b77935704e93d21c2973b72f46d48902"",""license"":""MIT""}"
vietjobs_vinuniversity,7c83a9a0bc1b333d8de16dba11baa91cd2a53874ebd81fc803fbacdf8a7eac00,2025-10-31,Nhân Viên Marketing/ Kinh Doanh Phần Mềm,Nhân Viên Marketing/ Kinh Doanh Phần Mềm,mid,Ho Chi Minh,0,0,"[""Tin học văn phòng cơ bản""]",7000000,15000000,công_nghệ_thông_tin_kỹ_thuật_số,"{""dataset"":""dinhieufam/VietJobs"",""dataset_commit"":""ea140511b77935704e93d21c2973b72f46d48902"",""license"":""MIT""}"
vietjobs_vinuniversity,7c88902af96e905c8ac831802be3c62b2f60f0609ca117edf1cef63d09cdafd4,2025-10-31,Nhà phát triển Frontend (ReactJS),Frontend Developer,mid,Ha Noi,3,3,"[""ReactJS"",""ThreeJS"",""HTML"",""CSS"",""Javascript"",""Typescript"",""MUI"",""Taiwindcss"",""React Query"",""Redux toolkit""]",20000000,26000000,công_nghệ_thông_tin_kỹ_thuật_số,"{""dataset"":""dinhieufam/VietJobs"",""dataset_commit"":""ea140511b77935704e93d21c2973b72f46d48902"",""license"":""MIT""}"
vietjobs_vinuniversity,7d195cbdb36f9dbcffa9e0ed3d45ebfabcb9aea2b140c0133382c0c6b0702abd,2025-10-31,Nhân Viên Kinh Doanh,Nhân Viên Kinh Doanh,mid,Ho Chi Minh,0,0,"[""Sử dụng vi tính văn phòng căn bản""]",7000000,20000000,công_nghệ_thông_tin_kỹ_thuật_số,"{""dataset"":""dinhieufam/VietJobs"",""dataset_commit"":""ea140511b77935704e93d21c2973b72f46d48902"",""license"":""MIT""}"
vietjobs_vinuniversity,7d44679860815d2504942bc68f9fdcf981ab9400a9dd05a443f9867341fefb2d,2025-10-31,Thiết Kế UX/UI,Thiết Kế UX/UI,mid,Cầu Giấy,1,1,"[""Adobe Illustrator"",""Photoshop"",""Figma""]",14000000,16000000,công_nghệ_thông_tin_kỹ_thuật_số,"{""dataset"":""dinhieufam/VietJobs"",""dataset_commit"":""ea140511b77935704e93d21c2973b72f46d48902"",""license"":""MIT""}"
vietjobs_vinuniversity,7d62093a388034ca88918ce8634cf742577f373519010b4ed05bc00187f1a5ad,2025-10-31,Nhân Viên Kinh Doanh -GLOBAL SALES,Nhân Viên Kinh Doanh -GLOBAL SALES,mid,Ha Noi,1,1,"[""Kỹ năng tìm kiếm"",""Phân tích"",""Tổng hợp thông tin""]",15000000,50000000,công_nghệ_thông_tin_kỹ_thuật_số,"{""dataset"":""dinhieufam/VietJobs"",""dataset_commit"":""ea140511b77935704e93d21c2973b72f46d48902"",""license"":""MIT""}"
vietjobs_vinuniversity,7d83451ee6956992350cb2e373d2338db911846f124974c0b02c097a0920bdbd,2025-10-31,"Frontend Developer (next.js, React, TypeScript)",Frontend Developer,mid,Ha Noi,3,3,"[""Next.js"",""React"",""TypeScript"",""HTML5"",""CSS3"",""Tailwind CSS"",""Bootstrap"",""MUI"",""JavaScript (ES6+)"",""ethers.js"",""web3.js"",""wagmi"",""React Query"",""SWR"",""Git"",""CI/CD pipelines"",""Docker"",""Linux environments"",""AWS"",""GCP"",""Azure""]",20000000,30000000,công_nghệ_thông_tin_kỹ_thuật_số,"{""dataset"":""dinhieufam/VietJobs"",""dataset_commit"":""ea140511b77935704e93d21c2973b72f46d48902"",""license"":""MIT""}"
vietjobs_vinuniversity,7d96487e749de6effe5e48af5fa8db1c3f63289c10d3f1126e2adb75f1f31404,2025-10-31,Nhân Viên Thiết Kế - Graphic Designer,Nhân Viên Thiết Kế - Graphic Designer,mid,Ha Noi,2,2,"[""Adobe Photoshop"",""Illustrator"",""InDesign""]",12000000,25000000,công_nghệ_thông_tin_kỹ_thuật_số,"{""dataset"":""dinhieufam/VietJobs"",""dataset_commit"":""ea140511b77935704e93d21c2973b72f46d48902"",""license"":""MIT""}"
vietjobs_vinuniversity,7da389dcd2e245c52fd555b1ea8d6b18cb5b3af03073876d4fda27d166b3e069,2025-10-31,Trưởng Phòng Kỹ Thuật Camera Điện Nhẹ,Trưởng Phòng Kỹ Thuật Camera Điện Nhẹ,mid,Hà Đông,3,3,"[""CCNA"",""MCSA"",""Security"",""Đọc bản vẽ kỹ thuật"",""Sơ đồ đấu nối"",""Quy trình thi công"",""Hệ thống mạng (Unifi, Grandstream, Aruba, Ruije, Tplink)"",""Camera (Hikvision, Dahua, EZVIZ)"",""Báo cháy – báo trộm"",""Nhà thông minh (Homegy, Lumi)""]",15000000,20000000,công_nghệ_thông_tin_kỹ_thuật_số,"{""dataset"":""dinhieufam/VietJobs"",""dataset_commit"":""ea140511b77935704e93d21c2973b72f46d48902"",""license"":""MIT""}"
vietjobs_vinuniversity,7dc1a362f5948daeb5cd39927d23a66e9fde650085adda69d9fbe4653f30756c,2025-10-31,Quản Lý Dự Án ( Tài Chính ),Quản Lý Dự Án Tài Chính ,mid,Ha Noi,2,2,"[""Quản Lý Dự Án"",""Phân Tích Tài Chính"",""Báo Cáo Tài Chính"",""Lập Kế Hoạch Tài Chính"",""Kiểm Soát Ngân Sách""]",25000000,40000000,công_nghệ_thông_tin_kỹ_thuật_số,"{""dataset"":""dinhieufam/VietJobs"",""dataset_commit"":""ea140511b77935704e93d21c2973b72f46d48902"",""license"":""MIT""}"
vietjobs_vinuniversity,7de9b18204957e254dcd50593156651281cc77cc72d7f126ae4a811f4cb3b426,2025-10-31,"Kỹ Sư AI, Xử Lý NLP Và Dữ Liệu Tiếng Việt","Kỹ Sư AI, Xử Lý NLP Và Dữ Liệu Tiếng Việt",mid,Ho Chi Minh,2,2,"[""Python"",""HuggingFace Transformers"",""LangChain"",""NLP"",""semantic search"",""text classification"",""NER"",""recommend system""]",20000000,40000000,công_nghệ_thông_tin_kỹ_thuật_số,"{""dataset"":""dinhieufam/VietJobs"",""dataset_commit"":""ea140511b77935704e93d21c2973b72f46d48902"",""license"":""MIT""}"
vietjobs_vinuniversity,7df725179c78fc66df042660bcf7d149e8b6e33d98854604d451f0e39ef67346,2025-10-31,Java Developer,Java Developer,mid,Ha Noi,3,3,"[""Java Core"",""EE"",""Spring"",""Hibernate"",""SQL"",""Oracle"",""MySQL"",""noSQL""]",28000000,33000000,công_nghệ_thông_tin_kỹ_thuật_số,"{""dataset"":""dinhieufam/VietJobs"",""dataset_commit"":""ea140511b77935704e93d21c2973b72f46d48902"",""license"":""MIT""}"
vietjobs_vinuniversity,7e0a553dc4905e79975b5a89556214c2d61aa8f57110f97d1e7ed31193b46023,2025-10-31,Thiết kế đồ họa,Thiết kế đồ họa,mid,Ha Noi,2,2,"[""Adobe Illustrator"",""Adobe Photoshop""]",14000000,17000000,công_nghệ_thông_tin_kỹ_thuật_số,"{""dataset"":""dinhieufam/VietJobs"",""dataset_commit"":""ea140511b77935704e93d21c2973b72f46d48902"",""license"":""MIT""}"
vietjobs_vinuniversity,7e27fb2ea08553c817ebd89e946a4df78a882e5bb2b31fcc6f8e9d4e3311f220,2025-10-31,Nhân Viên Thiết Kế,Nhân Viên Thiết Kế,mid,Ho Chi Minh,1,1,"[""Adobe Illustrator"",""Photoshop""]",10000000,15000000,công_nghệ_thông_tin_kỹ_thuật_số,"{""dataset"":""dinhieufam/VietJobs"",""dataset_commit"":""ea140511b77935704e93d21c2973b72f46d48902"",""license"":""MIT""}"
vietjobs_vinuniversity,7e5dd39519423b010c6ae60911c5363f85ba905cebed604123b73e5e09e63af6,2025-10-31,Network Engineer,Network Engineer,mid,Ho Chi Minh,3,3,"[""network protocols (TCP/IP, OSI model)"",""LAN"",""WAN"",""VPN"",""routing"",""switching"",""firewall"",""Cisco"",""Fortinet"",""Checkpoint""]",30000000,35000000,công_nghệ_thông_tin_kỹ_thuật_số,"{""dataset"":""dinhieufam/VietJobs"",""dataset_commit"":""ea140511b77935704e93d21c2973b72f46d48902"",""license"":""MIT""}"
vietjobs_vinuniversity,7f13d7b261c62149266c5efa50a9e9bd2075a9368e355d685304b38cdd7a873f,2025-10-31,2D Designer (UX/UI),2D Designer UX/UI ,mid,Ho Chi Minh,3,3,"[""Figma"",""Photoshop""]",14000000,17000000,công_nghệ_thông_tin_kỹ_thuật_số,"{""dataset"":""dinhieufam/VietJobs"",""dataset_commit"":""ea140511b77935704e93d21c2973b72f46d48902"",""license"":""MIT""}"
vietjobs_vinuniversity,7f45f1e49d543e5cfa76be3421d845b800d2b4db1c04e6ef182cc27ba4c4e66a,2025-10-31,Chuyên Viên Tư Vấn Tuyển Sinh,Chuyên Viên Tư Vấn Tuyển Sinh,mid,Ho Chi Minh,0,0,"[""Kỹ năng giao tiếp"",""Kỹ năng thuyết phục""]",8000000,30000000,công_nghệ_thông_tin_kỹ_thuật_số,"{""dataset"":""dinhieufam/VietJobs"",""dataset_commit"":""ea140511b77935704e93d21c2973b72f46d48902"",""license"":""MIT""}"
vietjobs_vinuniversity,7f76edfc70dde08db2e6ec9a41b0961813200ab88ff48babf635af22498180a0,2025-10-31,Chuyên gia giám sát hệ thống,Chuyên gia giám sát hệ thống,mid,Ha Noi,0,0,"[""Hệ điều hành Windows"",""Hệ điều hành Linux"",""Dịch vụ mạng""]",9000000,12000000,công_nghệ_thông_tin_kỹ_thuật_số,"{""dataset"":""dinhieufam/VietJobs"",""dataset_commit"":""ea140511b77935704e93d21c2973b72f46d48902"",""license"":""MIT""}"
vietjobs_vinuniversity,7f872f3c78bcb124e5d3ab72220748630c86b126ef76552dbaf0d849e7d428a2,2025-10-31,Nhà phân tích kinh doanh,Nhà phân tích kinh doanh,mid,Ho Chi Minh,3,3,"[""CRM"",""Business Requirement Documents (BRD)"",""System Requirement Specification (SRS)"",""User case"",""User story"",""Flow chart""]",17000000,25000000,công_nghệ_thông_tin_kỹ_thuật_số,"{""dataset"":""dinhieufam/VietJobs"",""dataset_commit"":""ea140511b77935704e93d21c2973b72f46d48902"",""license"":""MIT""}"
vietjobs_vinuniversity,7fba36fba5c637d44fc5d77afb7aebd11ef440c465a65e5e6c67f697e9092af9,2025-10-31,Nhân Viên Kết Nối Khách Hàng Sản Phẩm Phần Mềm,Nhân Viên Kết Nối Khách Hàng Sản Phẩm Phần Mềm,mid,Thành Phố Vinh,0,0,[],10000000,15000000,công_nghệ_thông_tin_kỹ_thuật_số,"{""dataset"":""dinhieufam/VietJobs"",""dataset_commit"":""ea140511b77935704e93d21c2973b72f46d48902"",""license"":""MIT""}"
vietjobs_vinuniversity,7fd98e6ca17df5e0ca0e461f811cf88bc4c2f3ec0ef43d04bddd2d6f03f38234,2025-10-31,Nhân Viên Kinh Doanh - Lĩnh Vực Phần Mềm,Nhân Viên Kinh Doanh - Lĩnh Vực Phần Mềm,mid,Ha Noi,0,0,"[""Kỹ năng máy tính văn phòng""]",10000000,30000000,công_nghệ_thông_tin_kỹ_thuật_số,"{""dataset"":""dinhieufam/VietJobs"",""dataset_commit"":""ea140511b77935704e93d21c2973b72f46d48902"",""license"":""MIT""}"
vietjobs_vinuniversity,801032fee85f12dbd1fd11495577c6d3c1ce8ef6e11bc3b127b51d66063cf39a,2025-10-31,Trưởng Phòng Kinh Doanh,Trưởng Phòng Kinh Doanh,mid,Ha Noi,5,5,"[""Kỹ năng lãnh đạo"",""Quản lý đội nhóm"",""Xây dựng chiến lược kinh doanh""]",30000000,50000000,công_nghệ_thông_tin_kỹ_thuật_số,"{""dataset"":""dinhieufam/VietJobs"",""dataset_commit"":""ea140511b77935704e93d21c2973b72f46d48902"",""license"":""MIT""}"
vietjobs_vinuniversity,8021f141c0cf08c361f99efcd08929a92affbc0a6d53f32bc504fc5e204e1b42,2025-10-31,Thiết kế đồ họa,Thiết kế đồ họa,mid,Ha Noi,1,1,"[""Adobe Photoshop"",""Adobe Illustrator"",""Canva""]",12000000,15000000,công_nghệ_thông_tin_kỹ_thuật_số,"{""dataset"":""dinhieufam/VietJobs"",""dataset_commit"":""ea140511b77935704e93d21c2973b72f46d48902"",""license"":""MIT""}"
vietjobs_vinuniversity,808e6711e05f835197a0280d506ba336c0ab257fa200a44ff5713aac0fd4894e,2025-10-31,Nhà phát triển back -end (Golang) - Trung tâm/cao cấp,Nhà phát triển back -end Golang - Trung tâm/cao cấp,mid,Ho Chi Minh,2,2,"[""Golang"",""Node.js"",""ORM"",""SQL"",""NoSQL""]",20000000,30000000,công_nghệ_thông_tin_kỹ_thuật_số,"{""dataset"":""dinhieufam/VietJobs"",""dataset_commit"":""ea140511b77935704e93d21c2973b72f46d48902"",""license"":""MIT""}"
vietjobs_vinuniversity,80d4e2400cd6dd261f25cebe2ebb462936cb297e5f5d6a839ec1f7fc306942de,2025-10-31,Nhân Viên Chỉnh Sửa Hình Ảnh/Photo Editor,Nhân Viên Chỉnh Sửa Hình Ảnh/Photo Editor,mid,Da Nang,0,0,"[""Adobe Illustrator"",""Adobe InDesign"",""Adobe Photoshop""]",6000000,7000000,công_nghệ_thông_tin_kỹ_thuật_số,"{""dataset"":""dinhieufam/VietJobs"",""dataset_commit"":""ea140511b77935704e93d21c2973b72f46d48902"",""license"":""MIT""}"
vietjobs_vinuniversity,80d98c8efe39e6bed7d027546c57a1bf82d803be5fc8eda06b0b435356641617,2025-10-31,Nhân Viên IT Phần Cứng,Nhân Viên IT Phần Cứng,mid,Ho Chi Minh,1,1,"[""Kiến thức cơ bản về phần cứng"",""Phần mềm máy tính"",""Hệ điều hành Windows""]",7000000,15000000,công_nghệ_thông_tin_kỹ_thuật_số,"{""dataset"":""dinhieufam/VietJobs"",""dataset_commit"":""ea140511b77935704e93d21c2973b72f46d48902"",""license"":""MIT""}"
vietjobs_vinuniversity,80fbfff676941338c68ca8ac51a9bc6b52977cfe80448f5774289c039efe8e7f,2025-10-31,Backend Developer (Nodejs),Backend Developer,mid,Ha Noi,1,1,"[""Node.js"",""Express"",""NestJS"",""MySQL"",""CassandraDB""]",12000000,20000000,công_nghệ_thông_tin_kỹ_thuật_số,"{""dataset"":""dinhieufam/VietJobs"",""dataset_commit"":""ea140511b77935704e93d21c2973b72f46d48902"",""license"":""MIT""}"
vietjobs_vinuniversity,8135b3827bf31306dade0e523f2e1a179aa819fcf17c8782517535a4a7f3a2aa,2025-10-31,Chuyên Viên IT Support,Chuyên Viên IT Support,mid,Ha Noi,1,1,"[""Hệ điều hành Windows"",""Hệ điều hành Linux"",""Thiết bị mạng"",""Phần mềm ứng dụng""]",10000000,13000000,công_nghệ_thông_tin_kỹ_thuật_số,"{""dataset"":""dinhieufam/VietJobs"",""dataset_commit"":""ea140511b77935704e93d21c2973b72f46d48902"",""license"":""MIT""}"
vietjobs_vinuniversity,81925aae36b9e5afd2cbdaa4b280ca25ab18d93bb4eeeaf1d13c7f7da31bbb69,2025-10-31,Chuyên Viên Tư Vấn Tuyển Sinh,Chuyên Viên Tư Vấn Tuyển Sinh,mid,Ho Chi Minh,0,0,[],8000000,33000000,công_nghệ_thông_tin_kỹ_thuật_số,"{""dataset"":""dinhieufam/VietJobs"",""dataset_commit"":""ea140511b77935704e93d21c2973b72f46d48902"",""license"":""MIT""}"
vietjobs_vinuniversity,81a89241de85b03e50bc4292c1d50b2157b986e9b5b971963787fae2efb3a7aa,2025-10-31,Embedded Linux Engineer - Kỹ Sư Lập Trình Nhúng,Embedded Linux Engineer - Kỹ Sư Lập Trình Nhúng,mid,Ha Noi,2,2,"[""C/C++"",""Shell"",""Java"",""Python"",""socket"",""multi-thread"",""child-process"",""inter-process communication"",""Linux Kernel"",""Drivers"",""Networking"",""GIT""]",12000000,30000000,công_nghệ_thông_tin_kỹ_thuật_số,"{""dataset"":""dinhieufam/VietJobs"",""dataset_commit"":""ea140511b77935704e93d21c2973b72f46d48902"",""license"":""MIT""}"
vietjobs_vinuniversity,820133376434910e722c47956eb28eb5efea2c1e3a98a19de98cef95fbb62a43,2025-10-31,Nhà thiết kế đồ họa cao cấp,Nhà thiết kế đồ họa cao cấp,mid,Ho Chi Minh,3,3,"[""Adobe Photoshop"",""Adobe Illustrator"",""Adobe InDesign""]",10000000,20000000,công_nghệ_thông_tin_kỹ_thuật_số,"{""dataset"":""dinhieufam/VietJobs"",""dataset_commit"":""ea140511b77935704e93d21c2973b72f46d48902"",""license"":""MIT""}"
vietjobs_vinuniversity,8219679784292977b7897a1b134a9d82896e0b7ee23b12a47d69a36e9d364f48,2025-10-31,CTV Kỹ Thuật Viễn Thông,CTV Kỹ Thuật Viễn Thông,mid,Cà Mau,0,0,"[""Kiến thức về mạng viễn thông"",""Cài đặt và cấu hình thiết bị mạng"",""Kiến thức về TCP/IP, Routing, Switching""]",8000000,15000000,công_nghệ_thông_tin_kỹ_thuật_số,"{""dataset"":""dinhieufam/VietJobs"",""dataset_commit"":""ea140511b77935704e93d21c2973b72f46d48902"",""license"":""MIT""}"
vietjobs_vinuniversity,821abc473490747ad30cb85f7536957329f1a210669a3904ca31469d74113087,2025-10-31,Thiết Kế Tạo Dáng Sản Phẩm,Thiết Kế Tạo Dáng Sản Phẩm,mid,Ho Chi Minh,1,1,"[""Illustrator"",""Corel Draw"",""3DSmax"",""SketchUp"",""Rhino"",""Maya""]",9000000,12000000,công_nghệ_thông_tin_kỹ_thuật_số,"{""dataset"":""dinhieufam/VietJobs"",""dataset_commit"":""ea140511b77935704e93d21c2973b72f46d48902"",""license"":""MIT""}"
vietjobs_vinuniversity,82295f247dfc05d98924c68b4737b2f98d0980bb55224264e7365d1c2ef183b8,2025-10-31,Thiết Kế Landing Page,Thiết Kế Landing Page,mid,Ha Noi,0,0,"[""Thiết kế Landing page""]",5000000,7000000,công_nghệ_thông_tin_kỹ_thuật_số,"{""dataset"":""dinhieufam/VietJobs"",""dataset_commit"":""ea140511b77935704e93d21c2973b72f46d48902"",""license"":""MIT""}"
vietjobs_vinuniversity,828d5b3992a90788cb42a9f8b73a423d5fb2ca83f386254582e662cc3aaf908d,2025-10-31,Phát triển kinh doanh tươi hơn (bán hàng nó),Phát triển kinh doanh tươi hơn bán hàng nó ,mid,Ha Noi,1,1,[],7000000,11000000,công_nghệ_thông_tin_kỹ_thuật_số,"{""dataset"":""dinhieufam/VietJobs"",""dataset_commit"":""ea140511b77935704e93d21c2973b72f46d48902"",""license"":""MIT""}"
vietjobs_vinuniversity,82cfb460e1641735ed58908fd59ade04b244c1a658962c20151c26915783cef0,2025-10-31,IT Project Manager,IT Project Manager,manager,Ha Noi,2,2,"[""Lập trình"",""Phân tích thiết kế hệ thống"",""Cấu trúc dữ liệu"",""Giải thuật""]",30000000,40000000,công_nghệ_thông_tin_kỹ_thuật_số,"{""dataset"":""dinhieufam/VietJobs"",""dataset_commit"":""ea140511b77935704e93d21c2973b72f46d48902"",""license"":""MIT""}"
vietjobs_vinuniversity,82df51fdc6c7998919799aa4990f49db08dd141a0dc9ef550ca20a9e9cae7fe4,2025-10-31,Nhân Viên Design,Nhân Viên Design,mid,Ha Noi,0,0,"[""Photoshop"",""Illustrator"",""Canva""]",7000000,11000000,công_nghệ_thông_tin_kỹ_thuật_số,"{""dataset"":""dinhieufam/VietJobs"",""dataset_commit"":""ea140511b77935704e93d21c2973b72f46d48902"",""license"":""MIT""}"
vietjobs_vinuniversity,82f40216efa48b223037d3ae5dcb1dcfc6587bc1186b1a1742fb79d0410b0de8,2025-10-31,Trưởng Phòng Sale Phần Mềm,Trưởng Phòng Sale Phần Mềm,mid,Ha Noi,3,3,"[""Kinh doanh phần mềm"",""Quản lý đội nhóm"",""Kỹ năng giao tiếp"",""Kỹ năng đàm phán"",""Kỹ năng xử lý tình huống""]",30000000,45000000,công_nghệ_thông_tin_kỹ_thuật_số,"{""dataset"":""dinhieufam/VietJobs"",""dataset_commit"":""ea140511b77935704e93d21c2973b72f46d48902"",""license"":""MIT""}"
vietjobs_vinuniversity,8325a6fa401dcd6d7efc2e1333686ca9208f150ac13c922440105b5ce6910a7f,2025-10-31,Nhân Viên Developer Full-Stack Full-Time,Fullstack Developer,mid,Ha Noi,1,1,"[""NodeJS"",""ReactJS"",""Typescript"",""Javascript"",""PostgreSQL"",""MongoDB"",""Redis""]",12000000,15000000,công_nghệ_thông_tin_kỹ_thuật_số,"{""dataset"":""dinhieufam/VietJobs"",""dataset_commit"":""ea140511b77935704e93d21c2973b72f46d48902"",""license"":""MIT""}"
vietjobs_vinuniversity,832a46feeacf8362d592851d1a3c9a2ccadeaa8ae5adea412b973e6a67a3efe3,2025-10-31,Phần mềm quản lý dự án,Phần mềm quản lý dự án,mid,Ha Noi,2,2,"[""Phân tích nghiệp vụ"",""Thiết kế hệ thống"",""Quản lý dự án theo mô hình Agile Scrum""]",25000000,35000000,công_nghệ_thông_tin_kỹ_thuật_số,"{""dataset"":""dinhieufam/VietJobs"",""dataset_commit"":""ea140511b77935704e93d21c2973b72f46d48902"",""license"":""MIT""}"
vietjobs_vinuniversity,83426760b9fa233bad2c4914752f1f3c7fb60620821de1832f6e4ad44d36afcb,2025-10-31,Nhà phân tích kinh doanh,Nhà phân tích kinh doanh,mid,Ha Noi,2,2,"[""Basic knowledge of information technology"",""Management information systems"",""Software development processes""]",15000000,25000000,công_nghệ_thông_tin_kỹ_thuật_số,"{""dataset"":""dinhieufam/VietJobs"",""dataset_commit"":""ea140511b77935704e93d21c2973b72f46d48902"",""license"":""MIT""}"
vietjobs_vinuniversity,8343c248810a28ef1f35e98e2996fde94ed95723c8edc9b9dc37a0155ae170b8,2025-10-31,Nhà phát triển Frontend (ReactJS + React Native),Frontend Developer,mid,Ha Noi,2,2,"[""ReactJS"",""React Native"",""Git"",""Grunt"",""Gulp"",""HTML5"",""CSS3"",""JavaScript"",""jQuery""]",15000000,25000000,công_nghệ_thông_tin_kỹ_thuật_số,"{""dataset"":""dinhieufam/VietJobs"",""dataset_commit"":""ea140511b77935704e93d21c2973b72f46d48902"",""license"":""MIT""}"
vietjobs_vinuniversity,83aff76339fa327c6c2deaeb496d24c821354b0ab26344baa8a6c053a3dd4ed5,2025-10-31,Nhân Viên Marketing Designer,Nhân Viên Marketing Designer,mid,Ho Chi Minh,1,1,"[""Adobe Photoshop"",""Illustrator"",""After Effects""]",10000000,15000000,công_nghệ_thông_tin_kỹ_thuật_số,"{""dataset"":""dinhieufam/VietJobs"",""dataset_commit"":""ea140511b77935704e93d21c2973b72f46d48902"",""license"":""MIT""}"
vietjobs_vinuniversity,83c9f7e7427a155600a124295a92ac124cb0e503f2ea218c8329e42a08f38889,2025-10-31,Nhà phát triển Junior Frontend,Junior Frontend Developer,junior,Ha Noi,1,1,"[""HTML"",""CSS"",""JavaScript"",""Typescript"",""ReactJS"",""MobX"",""Java"",""Postgres"",""Redis"",""Git""]",12000000,15000000,công_nghệ_thông_tin_kỹ_thuật_số,"{""dataset"":""dinhieufam/VietJobs"",""dataset_commit"":""ea140511b77935704e93d21c2973b72f46d48902"",""license"":""MIT""}"
vietjobs_vinuniversity,850294adecfdb908557ea7e56215f1e275ba1f93dc71980492eb0a7744dc68fa,2025-10-31,Lập Trình Viên,Lập Trình Viên,mid,"Tp Rạch Giá, An Giang",3,3,"[""Lập trình ứng dụng di động (Android, iOS)"",""Lập trình Web (Front-end, Back-end)"",""AI"",""Machine Learning""]",12000000,20000000,công_nghệ_thông_tin_kỹ_thuật_số,"{""dataset"":""dinhieufam/VietJobs"",""dataset_commit"":""ea140511b77935704e93d21c2973b72f46d48902"",""license"":""MIT""}"
vietjobs_vinuniversity,852b9f18996866a6e33ff7f61d7dfb365eeb5bcb388479cdf9e84e009e1aa712,2025-10-31,Fullstack Developer - DevOps Middle Level,Fullstack Developer,mid,Ha Noi,3,3,"[""ReactJS"",""NodeJS"",""Freeswitch"",""FreePBX"",""FusionPBX"",""Kafka"",""RabbitMQ"",""AWS"",""GCP"",""Git"",""MongoDB""]",28000000,35000000,công_nghệ_thông_tin_kỹ_thuật_số,"{""dataset"":""dinhieufam/VietJobs"",""dataset_commit"":""ea140511b77935704e93d21c2973b72f46d48902"",""license"":""MIT""}"
vietjobs_vinuniversity,8569fa75f04b99ee5553ea762187299536db72ca141077b2e1344ddcdfced705,2025-10-31,Business Analyst (Domain Fintech),Data Analyst,mid,Ha Noi,3,3,"[""Phân tích thiết kế phần mềm"",""Lập trình"",""Kiểm tra chất lượng""]",35000000,35000000,công_nghệ_thông_tin_kỹ_thuật_số,"{""dataset"":""dinhieufam/VietJobs"",""dataset_commit"":""ea140511b77935704e93d21c2973b72f46d48902"",""license"":""MIT""}"
vietjobs_vinuniversity,856d6dbee02eb5ed0370b87dae9e98acab4605f408e31fba5c8f3229a96c55f3,2025-10-31,Sales Development Rep | B2B - Phần Mềm,Sales Development Rep | B2B - Phần Mềm,mid,"Đà Nẵng, Hồ Chí Minh",1,1,[],15000000,30000000,công_nghệ_thông_tin_kỹ_thuật_số,"{""dataset"":""dinhieufam/VietJobs"",""dataset_commit"":""ea140511b77935704e93d21c2973b72f46d48902"",""license"":""MIT""}"
vietjobs_vinuniversity,8582d02368cfe477b3bc836837c08ed8c3c02a42ecc02b841e18341fafb0adf2,2025-10-31,Thực Tập Sinh Thiết Kế Đồ Họa,Thực Tập Sinh Thiết Kế Đồ Họa,intern,Ha Noi,0,0,"[""Biết sử dụng các phần mềm thiết kế đồ họa (PTS - Ai..)""]",1000000,3000000,công_nghệ_thông_tin_kỹ_thuật_số,"{""dataset"":""dinhieufam/VietJobs"",""dataset_commit"":""ea140511b77935704e93d21c2973b72f46d48902"",""license"":""MIT""}"
vietjobs_vinuniversity,8589828b7da6d823892d08572e86e154e0b328ee69c74d0ee9df4b5bc8549ebf,2025-10-31,Nhân Viên Triển Khai Và Lập Trình Máy Cnc,Nhân Viên Triển Khai Và Lập Trình Máy Cnc,mid,Ho Chi Minh,0,0,"[""Phần mềm Autocad""]",8000000,12000000,công_nghệ_thông_tin_kỹ_thuật_số,"{""dataset"":""dinhieufam/VietJobs"",""dataset_commit"":""ea140511b77935704e93d21c2973b72f46d48902"",""license"":""MIT""}"
vietjobs_vinuniversity,865daa980ad3bd59f07107e62d296dce0876cffef331b10a84a0af7251630af9,2025-10-31,Nhà thiết kế đồ họa (Chuyên Thumbnail YouTube),Nhà thiết kế đồ họa Chuyên Thumbnail YouTube ,mid,Ninh Bình,1,1,"[""Photoshop""]",7000000,9000000,công_nghệ_thông_tin_kỹ_thuật_số,"{""dataset"":""dinhieufam/VietJobs"",""dataset_commit"":""ea140511b77935704e93d21c2973b72f46d48902"",""license"":""MIT""}"
vietjobs_vinuniversity,8698b0f2b4507721d7ac0b5a87eaef79fbde44820f521552f8f9b9d479ab4f98,2025-10-31,Nhân Viên Trực Vận Hành 24/7,Nhân Viên Trực Vận Hành 24/7,mid,Ha Noi,0,0,"[""Kiến thức về các mô hình mạng"",""Giao thức mạng"",""Mô hình OSI"",""TCP/IP"",""Giao thức định tuyến và chuyển mạch (Layer2, Layer 3)"",""Giao thức DNS"",""HTTP/S"",""SSL"",""TLS"",""Hệ điều hành Windows"",""Linux"",""Kiến thức ATTT mức căn bản""]",12000000,20000000,công_nghệ_thông_tin_kỹ_thuật_số,"{""dataset"":""dinhieufam/VietJobs"",""dataset_commit"":""ea140511b77935704e93d21c2973b72f46d48902"",""license"":""MIT""}"
vietjobs_vinuniversity,86a357d973f8a2804abbc7d7a53cdce09306979b74baae9e5130386c57797dc1,2025-10-31,Thực Tập Sinh Design,Thực Tập Sinh Design,intern,Ha Noi,0,0,"[""Thiết kế hình ảnh quảng cáo 2D"",""3D"",""Motion Graphic"",""Digital marketing""]",2000000,2000000,công_nghệ_thông_tin_kỹ_thuật_số,"{""dataset"":""dinhieufam/VietJobs"",""dataset_commit"":""ea140511b77935704e93d21c2973b72f46d48902"",""license"":""MIT""}"
vietjobs_vinuniversity,86c732ccab4afc3757fcfbe2f14e6f84e51a297cc3566c1889974637ca09621e,2025-10-31,Nhà phân tích kinh doanh cao cấp,Nhà phân tích kinh doanh cao cấp,mid,Ha Noi,2,2,"[""Phân tích nghiệp vụ"",""Mô hình hóa hệ thống"",""Thiết kế Objects"",""Quản lý dự án""]",20000000,25000000,công_nghệ_thông_tin_kỹ_thuật_số,"{""dataset"":""dinhieufam/VietJobs"",""dataset_commit"":""ea140511b77935704e93d21c2973b72f46d48902"",""license"":""MIT""}"
vietjobs_vinuniversity,86c8f083fd3bbcbe318df5a12ff30cb7cc01e7d715e52eeedb21f9984b34ed57,2025-10-31,DESIGN - Thương Hiệu Qiaodan - Đi Làm Ngay,DESIGN - Thương Hiệu Qiaodan - Đi Làm Ngay,mid,Hà Đông,1,1,"[""Photoshop"",""Illustrator"",""Indesign""]",12000000,15000000,công_nghệ_thông_tin_kỹ_thuật_số,"{""dataset"":""dinhieufam/VietJobs"",""dataset_commit"":""ea140511b77935704e93d21c2973b72f46d48902"",""license"":""MIT""}"
vietjobs_vinuniversity,882b11a799f1133aae509b2d07e18ff4de475b854ced4f49ee041c897333e594,2025-10-31,Trưởng nhóm (.NET),Trưởng nhóm .NET ,mid,Ha Noi,2,2,"[""C#"","".NET"",""ASP.NET"",""MVC"",""Web API"",""HTML"",""JavaScript"",""JQuery"",""CSS"",""Bootstrap"",""SQL Server"",""Oracle""]",30000000,35000000,công_nghệ_thông_tin_kỹ_thuật_số,"{""dataset"":""dinhieufam/VietJobs"",""dataset_commit"":""ea140511b77935704e93d21c2973b72f46d48902"",""license"":""MIT""}"
vietjobs_vinuniversity,88928132140218b3b8ceae5dc0659312d2d7a9542fb862fe36834efe748e5655,2025-10-31,Project Manager (PM),Project Manager PM ,manager,Ha Noi,1,1,"[""Quản lý dự án"",""Kiến thức về quy trình triển khai dự án""]",25000000,25000000,công_nghệ_thông_tin_kỹ_thuật_số,"{""dataset"":""dinhieufam/VietJobs"",""dataset_commit"":""ea140511b77935704e93d21c2973b72f46d48902"",""license"":""MIT""}"
vietjobs_vinuniversity,889b9ff72057778eb72ae836bb374cf3b142fbdb949385f947858e915540743b,2025-10-31,Chuyên Viên Phân Tích Nghiệp Vụ,Chuyên Viên Phân Tích Nghiệp Vụ,mid,Ha Noi,1,1,"[""Phân tích dữ liệu"",""Thiết kế mô hình dữ liệu"",""Lập trình""]",10000000,20000000,công_nghệ_thông_tin_kỹ_thuật_số,"{""dataset"":""dinhieufam/VietJobs"",""dataset_commit"":""ea140511b77935704e93d21c2973b72f46d48902"",""license"":""MIT""}"
vietjobs_vinuniversity,8960418ca89a195cc4c72cbe184228b2f33c7402b18409e0af64357916467e34,2025-10-31,IT Tester,IT Tester,mid,Nghệ An,2,2,"[""Công cụ test"",""Quy trình Test"",""Chiến lược và kỹ thuật test""]",8000000,12000000,công_nghệ_thông_tin_kỹ_thuật_số,"{""dataset"":""dinhieufam/VietJobs"",""dataset_commit"":""ea140511b77935704e93d21c2973b72f46d48902"",""license"":""MIT""}"
vietjobs_vinuniversity,89ee68027cdeecb4dffa75436c70f434388e9e817d1a22b051f9f9866d3e99e4,2025-10-31,Nhân Viên Thiết Kế Và Lập Trình Máy CNC,Nhân Viên Thiết Kế Và Lập Trình Máy CNC,mid,Ho Chi Minh,0,0,"[""Sử dụng thành thạo phần mềm Autocad"",""Có kiến thức về đồ gỗ, kim loại tấm"",""Có kinh nghiệm triển khai bản vẽ và vận hành máy CNC""]",8000000,12000000,công_nghệ_thông_tin_kỹ_thuật_số,"{""dataset"":""dinhieufam/VietJobs"",""dataset_commit"":""ea140511b77935704e93d21c2973b72f46d48902"",""license"":""MIT""}"
vietjobs_vinuniversity,8a25c88658f6e5526af3c7e6cd647bcee1f5198f74c7789caa91cc9a04717521,2025-10-31,Thực Tập Sinh Thiết Kế Đồ Hoạ,Thực Tập Sinh Thiết Kế Đồ Hoạ,intern,Bình Thạnh,0,0,"[""Adobe Illustrator"",""Photoshop"",""InDesign"",""Premiere""]",3000000,3000000,công_nghệ_thông_tin_kỹ_thuật_số,"{""dataset"":""dinhieufam/VietJobs"",""dataset_commit"":""ea140511b77935704e93d21c2973b72f46d48902"",""license"":""MIT""}"
vietjobs_vinuniversity,8a5fde908756f05e168c4215cc420ce075f15ca7fc7dce5a2b9501ead691dc7e,2025-10-31,Thiết kế đồ họa,Thiết kế đồ họa,mid,Ha Noi,1,1,"[""Adobe Illustrator"",""Adobe Photoshop"",""Adobe After Effects"",""Adobe Premiere""]",12000000,15000000,công_nghệ_thông_tin_kỹ_thuật_số,"{""dataset"":""dinhieufam/VietJobs"",""dataset_commit"":""ea140511b77935704e93d21c2973b72f46d48902"",""license"":""MIT""}"
vietjobs_vinuniversity,8ab884737b64c6b4eef9ccb8e44f146d73ca4b64627687d6d80fda94275bac03,2025-10-31,R&D AI Analyst – Ứng Dụng AI,R&D AI Analyst – Ứng Dụng AI,mid,Hà Đông,0,0,"[""Data Analyst"",""Business Analyst"",""AI tools (ChatGPT, Claude, Notion AI, Zapier)""]",15000000,30000000,công_nghệ_thông_tin_kỹ_thuật_số,"{""dataset"":""dinhieufam/VietJobs"",""dataset_commit"":""ea140511b77935704e93d21c2973b72f46d48902"",""license"":""MIT""}"
vietjobs_vinuniversity,8b35f577ab8c0bdef6b3edb69a443f98b609fe7eac2c200e78d5789524b63283,2025-10-31,Chủ sở hữu sản phẩm Junior,Junior Chủ sở hữu sản phẩm Junior,junior,Ha Noi,1,1,"[""Product Delivery"",""Product Analytics""]",10000000,15000000,công_nghệ_thông_tin_kỹ_thuật_số,"{""dataset"":""dinhieufam/VietJobs"",""dataset_commit"":""ea140511b77935704e93d21c2973b72f46d48902"",""license"":""MIT""}"
vietjobs_vinuniversity,8b4348ad539c3b545bc71d3c97f50ce6b4044370f06854a9bd5bf13c7ab9a372,2025-10-31,DevOps Engineer,DevOps Engineer,mid,Ho Chi Minh,2,2,"[""Git"",""Docker"",""Kubernetes"",""CI/CD"",""Linux/Unix""]",20000000,20000000,công_nghệ_thông_tin_kỹ_thuật_số,"{""dataset"":""dinhieufam/VietJobs"",""dataset_commit"":""ea140511b77935704e93d21c2973b72f46d48902"",""license"":""MIT""}"
vietjobs_vinuniversity,8b4fec7bf44ef5c03da7f40cf2a991242099bcbfe11f0e1f35833bf73fc24495,2025-10-31,Kỹ Thuật Viên Lập Trình Và Vận Hành Máy CNC,Kỹ Thuật Viên Lập Trình Và Vận Hành Máy CNC,mid,Ha Noi,1,1,"[""Lập trình 2D+3D"",""Sử dụng thành thạo phần mềm CAD/CAM"",""Thiết kế, lập trình máy CNC""]",12000000,18000000,công_nghệ_thông_tin_kỹ_thuật_số,"{""dataset"":""dinhieufam/VietJobs"",""dataset_commit"":""ea140511b77935704e93d21c2973b72f46d48902"",""license"":""MIT""}"
vietjobs_vinuniversity,8bb6df6e0ef53be58553461b349788e55901bbd79b500173513bb948d837ddfa,2025-10-31,Nhân Viên Photoshop,Nhân Viên Photoshop,mid,Ha Noi,0,0,"[""Photoshop"",""Indesign"",""Bridge""]",7000000,8000000,công_nghệ_thông_tin_kỹ_thuật_số,"{""dataset"":""dinhieufam/VietJobs"",""dataset_commit"":""ea140511b77935704e93d21c2973b72f46d48902"",""license"":""MIT""}"
vietjobs_vinuniversity,8c075e619dc7ca0a043a5a74ced388db4102439e14ebcd9bdb569d1c936e9ca2,2025-10-31,Nhân Viên Kinh Doanh Phần Mềm,Nhân Viên Kinh Doanh Phần Mềm,mid,Ho Chi Minh,1,1,"[""Kỹ năng bán hàng"",""Phân tích yêu cầu khách hàng""]",8000000,15000000,công_nghệ_thông_tin_kỹ_thuật_số,"{""dataset"":""dinhieufam/VietJobs"",""dataset_commit"":""ea140511b77935704e93d21c2973b72f46d48902"",""license"":""MIT""}"
vietjobs_vinuniversity,8c398eb6ce99716d2f5a13d2b14052ea9e57143eea95483866214fa168f728d0,2025-10-31,Kỹ sư blockchain,Kỹ sư blockchain,mid,Ha Noi,3,3,"[""ReactJS"",""HTML/CSS"",""JavaScript"",""TypeScript"",""Express"",""NestJS"",""Solidity"",""Rust"",""Ethereum"",""EVM-compatible chains"",""Docker"",""docker-compose""]",20000000,30000000,công_nghệ_thông_tin_kỹ_thuật_số,"{""dataset"":""dinhieufam/VietJobs"",""dataset_commit"":""ea140511b77935704e93d21c2973b72f46d48902"",""license"":""MIT""}"
vietjobs_vinuniversity,8c59d9ce1a78176913a008208871b7603997fa7c4e49a095874e6b5d6daf4a5e,2025-10-31,Thực Tập Sinh Kinh Doanh Phần Mềm Website,Thực Tập Sinh Kinh Doanh Phần Mềm Website,intern,Ho Chi Minh,0,0,"[""Sử dụng laptop"",""Tin học văn phòng""]",6000000,28000000,công_nghệ_thông_tin_kỹ_thuật_số,"{""dataset"":""dinhieufam/VietJobs"",""dataset_commit"":""ea140511b77935704e93d21c2973b72f46d48902"",""license"":""MIT""}"
vietjobs_vinuniversity,8cd500fcdc5bf280d6c0aaa8859fa812a9d91bba97405e5e4683cb4ed3c9a2ee,2025-10-31,Nhân Viên Kiểm Thử Phần Mềm,Nhân Viên Kiểm Thử Phần Mềm,mid,Ha Noi,2,2,"[""SQL"",""Kỹ thuật test"",""Test case"",""CMMI"",""Agile/Scrum""]",15000000,35000000,công_nghệ_thông_tin_kỹ_thuật_số,"{""dataset"":""dinhieufam/VietJobs"",""dataset_commit"":""ea140511b77935704e93d21c2973b72f46d48902"",""license"":""MIT""}"
vietjobs_vinuniversity,8cd58552422d692e577253e1965eab4ff4974c26efa0b982ef3af08779d82af1,2025-10-31,Nhân Viên Thiết Kế,Nhân Viên Thiết Kế,mid,Ho Chi Minh,1,1,"[""Photoshop"",""Illustrator"",""InDesign""]",10000000,13000000,công_nghệ_thông_tin_kỹ_thuật_số,"{""dataset"":""dinhieufam/VietJobs"",""dataset_commit"":""ea140511b77935704e93d21c2973b72f46d48902"",""license"":""MIT""}"
vietjobs_vinuniversity,8cd7c5e8184456c34bd1d5800ea0584c7f8e407388ef40a6752c0b92acb033be,2025-10-31,Kỹ Sư Triển Khai Bản Vẽ BIM (Kiến Trúc/ MEP/ HVAC),Kỹ Sư Triển Khai Bản Vẽ BIM Kiến Trúc/ MEP/ HVAC ,mid,Vĩnh Long,0,0,"[""AutoCAD"",""Revit""]",8000000,10000000,công_nghệ_thông_tin_kỹ_thuật_số,"{""dataset"":""dinhieufam/VietJobs"",""dataset_commit"":""ea140511b77935704e93d21c2973b72f46d48902"",""license"":""MIT""}"
vietjobs_vinuniversity,8cfbacc6d8789cef03c6db3c4aa76fe8e5724ee8c280cb20515f15449823a64e,2025-10-31,Thiết kế đồ họa,Thiết kế đồ họa,mid,Ho Chi Minh,0,0,"[""Canva"",""Adobe Photoshop"",""Adobe Illustrator""]",10000000,12000000,công_nghệ_thông_tin_kỹ_thuật_số,"{""dataset"":""dinhieufam/VietJobs"",""dataset_commit"":""ea140511b77935704e93d21c2973b72f46d48902"",""license"":""MIT""}"
vietjobs_vinuniversity,8d2a371041f01cab2852a4320036c2534a7b6798738d8cf0dc51fcd9bd0a29b9,2025-10-31,Kỹ Sư Cầu Nối Tiếng Nhật Từ N2,Kỹ Sư Cầu Nối Tiếng Nhật Từ N2,mid,Ha Noi,2,2,"[""Java"",""React"",""AWS""]",45000000,45000000,công_nghệ_thông_tin_kỹ_thuật_số,"{""dataset"":""dinhieufam/VietJobs"",""dataset_commit"":""ea140511b77935704e93d21c2973b72f46d48902"",""license"":""MIT""}"
vietjobs_vinuniversity,8d3bded91deff2f50fd61fe5fff971f878823476de477fe5ffea60ce9e69360e,2025-10-31,Chuyên Viên ESG,Chuyên Viên ESG,mid,Ha Noi,2,2,"[""Thành thạo GRI Standards"",""SASB"",""TCFD"",""ISO 14001"",""ISO 26000"",""ISO 27001""]",18000000,23000000,công_nghệ_thông_tin_kỹ_thuật_số,"{""dataset"":""dinhieufam/VietJobs"",""dataset_commit"":""ea140511b77935704e93d21c2973b72f46d48902"",""license"":""MIT""}"
vietjobs_vinuniversity,8d69870ad21a0ce1c959bfcc11cff350ced5b8c99940415b3da8feca6cc0b19a,2025-10-31,Thiết kế đồ họa,Thiết kế đồ họa,mid,Ho Chi Minh,0,0,"[""Adobe Illustrator"",""Photoshop"",""After Effects"",""Figma"",""Canva""]",8000000,10000000,công_nghệ_thông_tin_kỹ_thuật_số,"{""dataset"":""dinhieufam/VietJobs"",""dataset_commit"":""ea140511b77935704e93d21c2973b72f46d48902"",""license"":""MIT""}"
vietjobs_vinuniversity,8d7f1434a8238ab838abe839a576ab6b17f17a5fd3684ac89865822d9c120081,2025-10-31,Frontend Developer (ReactJS),Frontend Developer,mid,Ha Noi,3,3,"[""ReactJS"",""ThreeJS"",""HTML"",""CSS"",""Javascript"",""Typescript"",""MUI"",""Taiwindcss"",""React Query"",""Redux toolkit""]",20000000,26000000,công_nghệ_thông_tin_kỹ_thuật_số,"{""dataset"":""dinhieufam/VietJobs"",""dataset_commit"":""ea140511b77935704e93d21c2973b72f46d48902"",""license"":""MIT""}"
vietjobs_vinuniversity,8db6464f71ff56f77f393ab3393a2b796ad86a4525d72c3dbb1e3606a9ba5253,2025-10-31,Kỹ Sư Giải Pháp Công Nghệ Thông Tin / PreSales - 3 Năm Kinh Nghiệm,Kỹ Sư Giải Pháp Công Nghệ Thông Tin / PreSales - 3 Năm Kinh Nghiệm,mid,Ha Noi,3,3,"[""System (Platforms, Database, Email, SAN, Security...)"",""Ảo hóa (Vmware vSphere, Microsoft Hyper-V...)"",""Giải pháp Hybrid Cloud (Azure/ AWS/ Google Cloud)""]",30000000,30000000,công_nghệ_thông_tin_kỹ_thuật_số,"{""dataset"":""dinhieufam/VietJobs"",""dataset_commit"":""ea140511b77935704e93d21c2973b72f46d48902"",""license"":""MIT""}"
vietjobs_vinuniversity,8dbde407379ca54737defb6691a1bd1ed371a96ed20995315860d8a8f031105a,2025-10-31,Thực Tập Sinh Kinh Doanh B2B (Phần Mềm),Thực Tập Sinh Kinh Doanh B2B Phần Mềm ,intern,Ha Noi,0,0,"[""Sử dụng AI""]",3000000,10000000,công_nghệ_thông_tin_kỹ_thuật_số,"{""dataset"":""dinhieufam/VietJobs"",""dataset_commit"":""ea140511b77935704e93d21c2973b72f46d48902"",""license"":""MIT""}"
vietjobs_vinuniversity,8dea30dcec5c7e9860027f1e0b9d26ec1a3bcfa1722ebf79fc5c309b4f0c3c96,2025-10-31,Kỹ Sư Giải Pháp Công Nghệ Thông Tin,Kỹ Sư Giải Pháp Công Nghệ Thông Tin,mid,Ha Noi,2,2,"[""Camera"",""Hội nghị truyền hình"",""Data networking (server, Routing, Switching)"",""Storage (SAN, NAS)""]",12000000,20000000,công_nghệ_thông_tin_kỹ_thuật_số,"{""dataset"":""dinhieufam/VietJobs"",""dataset_commit"":""ea140511b77935704e93d21c2973b72f46d48902"",""license"":""MIT""}"
vietjobs_vinuniversity,8deef5abe75299ad58d2666fc85dc4dc8b8b37892bfcc561b0b5f01e6257083e,2025-10-31,Java Developer,Java Developer,mid,Ha Noi,3,3,"[""Spring Boot"",""Spring Data JPA"",""Micronaut"",""Hibernate"",""AWS"",""Azure"",""GCP"",""Microservice"",""Docker"",""Kubernetes"",""Git"",""SQL""]",25000000,25000000,công_nghệ_thông_tin_kỹ_thuật_số,"{""dataset"":""dinhieufam/VietJobs"",""dataset_commit"":""ea140511b77935704e93d21c2973b72f46d48902"",""license"":""MIT""}"
vietjobs_vinuniversity,8e98031824e1812a33c798d4f30a44c8e3920e49c4e181a96e100bdd09ed08fe,2025-10-31,Nhà thiết kế Hình thu nhỏ YouTube,Nhà thiết kế Hình thu nhỏ YouTube,mid,Ho Chi Minh,0,0,"[""Photoshop"",""Illustrator"",""Figma"",""AI photo (Leonardo, RunWay, Midjourney)""]",8000000,8000000,công_nghệ_thông_tin_kỹ_thuật_số,"{""dataset"":""dinhieufam/VietJobs"",""dataset_commit"":""ea140511b77935704e93d21c2973b72f46d48902"",""license"":""MIT""}"
vietjobs_vinuniversity,8f86c047c56cb0db890bcfe7a8f1613874fe97935783ae064489ba0cc04d967f,2025-10-31,Phát triển kinh doanh cao cấp,Phát triển kinh doanh cao cấp,mid,Ha Noi,3,3,"[""Business Development"",""B2B sales"",""SaaS""]",50000000,100000000,công_nghệ_thông_tin_kỹ_thuật_số,"{""dataset"":""dinhieufam/VietJobs"",""dataset_commit"":""ea140511b77935704e93d21c2973b72f46d48902"",""license"":""MIT""}"
vietjobs_vinuniversity,8f9dd4ca85729ea844c8ee5417117a264458e4f81fddfb6d0ff1fe748b9e3ef8,2025-10-31,Senior Multi-Media Designer,Senior Multi-Media Designer,senior,Ha Noi,2,2,"[""Adobe Photoshop"",""After Effects"",""Illustrator"",""InDesign"",""Microsoft Office"",""AI""]",16000000,18000000,công_nghệ_thông_tin_kỹ_thuật_số,"{""dataset"":""dinhieufam/VietJobs"",""dataset_commit"":""ea140511b77935704e93d21c2973b72f46d48902"",""license"":""MIT""}"
vietjobs_vinuniversity,8ffe1b0ba51456b9a4d85996927b547694952f22d9cc6116a955e10cbdf44a33,2025-10-31,Nhân Viên Graphic Design,Nhân Viên Graphic Design,mid,Ho Chi Minh,1,1,"[""Adobe Illustrator"",""Photoshop"",""After Effects"",""Figma"",""Canva""]",12000000,14000000,công_nghệ_thông_tin_kỹ_thuật_số,"{""dataset"":""dinhieufam/VietJobs"",""dataset_commit"":""ea140511b77935704e93d21c2973b72f46d48902"",""license"":""MIT""}"
vietjobs_vinuniversity,9018692bb763a120d227ec8448aa501e186515e3d1fd9e3011fa67a116392c7b,2025-10-31,Nhân Viên Kỹ Thuật Lập Trình CNC,Nhân Viên Kỹ Thuật Lập Trình CNC,mid,Ho Chi Minh,1,1,"[""Alphacam"",""AutoCAD 2D"",""AutoCAD 3D"",""Inventor""]",10000000,18000000,công_nghệ_thông_tin_kỹ_thuật_số,"{""dataset"":""dinhieufam/VietJobs"",""dataset_commit"":""ea140511b77935704e93d21c2973b72f46d48902"",""license"":""MIT""}"
vietjobs_vinuniversity,904a5c144f26340f672ae90178b9fe37987e6befa2ffdfc58ac5545aa703284a,2025-10-31,IT Comtor Tiếng Nhật,IT Comtor Tiếng Nhật,mid,Ha Noi,2,2,"[""Tiếng Nhật N1 hoặc N2"",""Kinh nghiệm làm việc với mô hình phát triển agile scrum""]",20000000,40000000,công_nghệ_thông_tin_kỹ_thuật_số,"{""dataset"":""dinhieufam/VietJobs"",""dataset_commit"":""ea140511b77935704e93d21c2973b72f46d48902"",""license"":""MIT""}"
vietjobs_vinuniversity,9054c378918f7258c83ba61fc1fb9ca6052b567c2c9b0fb23a100ef8fbe32367,2025-10-31,Nhân Viên Kinh Doanh Thiết Bị Smart Home,Nhân Viên Kinh Doanh Thiết Bị Smart Home,mid,Ha Noi,0,0,[],9000000,9000000,công_nghệ_thông_tin_kỹ_thuật_số,"{""dataset"":""dinhieufam/VietJobs"",""dataset_commit"":""ea140511b77935704e93d21c2973b72f46d48902"",""license"":""MIT""}"
vietjobs_vinuniversity,9095bf20fe5b6045f06685cc7941bb5eab5626a3b51c0ccfe40df8bbde34188b,2025-10-31,Thực Tập Sinh Unity Developer,Thực Tập Sinh Unity Developer,intern,Hà Đông,0,0,"[""C#"",""Java"",""Unity""]",2000000,3000000,công_nghệ_thông_tin_kỹ_thuật_số,"{""dataset"":""dinhieufam/VietJobs"",""dataset_commit"":""ea140511b77935704e93d21c2973b72f46d48902"",""license"":""MIT""}"
vietjobs_vinuniversity,90c7d5d6c50309323e6f91a589c947df1851c7992196f9181775e34da4a4d797,2025-10-31,"Kỹ Sư An Ninh, An Toàn","Kỹ Sư An Ninh, An Toàn",mid,Ha Noi,2,2,"[""Quản trị mạng doanh nghiệp"",""Phần mềm bảo mật"",""Rà quét lỗ hổng bảo mật"",""Quản lý sự kiện an ninh"",""Kiểm soát truy cập"",""Xác thực đa nhân tố""]",12000000,25000000,công_nghệ_thông_tin_kỹ_thuật_số,"{""dataset"":""dinhieufam/VietJobs"",""dataset_commit"":""ea140511b77935704e93d21c2973b72f46d48902"",""license"":""MIT""}"
vietjobs_vinuniversity,90e07e50fd507fe91e9ca2b4b838f211209dbd96f93cfac972e532aaf945eeb0,2025-10-31,Nhân Viên Kinh Doanh Dự Án,Nhân Viên Kinh Doanh Dự Án,mid,Ha Noi,3,3,"[""Vi tính văn phòng (Word, Excel, Power Point)"",""Autocad""]",10000000,17000000,công_nghệ_thông_tin_kỹ_thuật_số,"{""dataset"":""dinhieufam/VietJobs"",""dataset_commit"":""ea140511b77935704e93d21c2973b72f46d48902"",""license"":""MIT""}"
vietjobs_vinuniversity,91d702de2caeaf947bf23f4c9c01b69b215ab1a95aa2e48eeeb66148800fe135,2025-10-31,UI/UX Designer,UI/UX Designer,mid,Ha Noi,2,2,"[""Figma"",""UX Research"",""User Story"",""UI Trend"",""Prototype""]",25000000,25000000,công_nghệ_thông_tin_kỹ_thuật_số,"{""dataset"":""dinhieufam/VietJobs"",""dataset_commit"":""ea140511b77935704e93d21c2973b72f46d48902"",""license"":""MIT""}"
vietjobs_vinuniversity,91e50e4a123651cbe02f83d8c8254222af49492573c07a7b9f92344217ea408b,2025-10-31,Nhân Viên Thiết Kế Đồ Họa,Nhân Viên Thiết Kế Đồ Họa,mid,Ha Noi,1,1,"[""Photoshop"",""Illustrator"",""InDesign""]",10000000,15000000,công_nghệ_thông_tin_kỹ_thuật_số,"{""dataset"":""dinhieufam/VietJobs"",""dataset_commit"":""ea140511b77935704e93d21c2973b72f46d48902"",""license"":""MIT""}"
vietjobs_vinuniversity,923b6fbb5535043858a0d749d6ab56d610b28d3d67dbea62f0c118dc4fd8e0e8,2025-10-31,Thực Tập Sinh Game Designer,Thực Tập Sinh Game Designer,intern,Ha Noi,0,0,"[""Thiết kế Game Cơ Bản"",""Hiểu Biết Về Game Design Document (gdd)"",""Kỹ năng làm việc nhóm"",""Khả Năng Sáng Tạo Và Giải Quyết Vấn Đề"",""Kiến Thức Về Ít Nhất Một Engine Game (unity, Unreal Engine, Godot,...)""]",4000000,5000000,công_nghệ_thông_tin_kỹ_thuật_số,"{""dataset"":""dinhieufam/VietJobs"",""dataset_commit"":""ea140511b77935704e93d21c2973b72f46d48902"",""license"":""MIT""}"
vietjobs_vinuniversity,9253b87d85d649d465abffffb31f80099fcf2c34d3e847535c80a4528b060369,2025-10-31,Hoạt hình 3D thực tập,Hoạt hình 3D thực tập,intern,Ha Noi,0,0,"[""Maya"",""Blender"",""Photoshop""]",3000000,6000000,công_nghệ_thông_tin_kỹ_thuật_số,"{""dataset"":""dinhieufam/VietJobs"",""dataset_commit"":""ea140511b77935704e93d21c2973b72f46d48902"",""license"":""MIT""}"
vietjobs_vinuniversity,92c5fa42f6d23f00014d5e664c38b9f54ad4106c926d90a3fffcff2492881102,2025-10-31,Nhà phân tích kinh doanh,Nhà phân tích kinh doanh,mid,Ha Noi,2,2,"[""Kỹ năng thu thập, phân tích nghiệp vụ""]",16000000,22000000,công_nghệ_thông_tin_kỹ_thuật_số,"{""dataset"":""dinhieufam/VietJobs"",""dataset_commit"":""ea140511b77935704e93d21c2973b72f46d48902"",""license"":""MIT""}"
vietjobs_vinuniversity,92c7c0f943a0215ee78fa426d47c1311b0cb7aa210ab04e22371a2206bdd4efd,2025-10-31,Data Scientist,Data Scientist,mid,Ha Noi,4,4,"[""Python"",""Scikit-learn"",""XGBoost"",""LightGBM""]",3000000,42000000,công_nghệ_thông_tin_kỹ_thuật_số,"{""dataset"":""dinhieufam/VietJobs"",""dataset_commit"":""ea140511b77935704e93d21c2973b72f46d48902"",""license"":""MIT""}"
vietjobs_vinuniversity,9313ed5d47d76a3bbb89b5cfb3052f4ee0d4a649eae7cb4d9d54a5f9ce2fd44d,2025-10-31,Chuyên Viên Thiết Kế Đồ Họa,Chuyên Viên Thiết Kế Đồ Họa,mid,Ha Noi,3,3,"[""Photoshop"",""Adobe Illustrator"",""Phần mềm AI""]",12000000,15000000,công_nghệ_thông_tin_kỹ_thuật_số,"{""dataset"":""dinhieufam/VietJobs"",""dataset_commit"":""ea140511b77935704e93d21c2973b72f46d48902"",""license"":""MIT""}"
vietjobs_vinuniversity,93caf6b836e80fc6d82d725649f80082eaa4c88de50e5087ac1c078734c97298,2025-10-31,Nhân Viên Thiết Kế Đồ Họa,Nhân Viên Thiết Kế Đồ Họa,mid,Ha Noi,1,1,"[""Photoshop"",""Adobe Illustrator"",""After Effect"",""Lightroom"",""Adobe Premiere"",""InDesign""]",12000000,17000000,công_nghệ_thông_tin_kỹ_thuật_số,"{""dataset"":""dinhieufam/VietJobs"",""dataset_commit"":""ea140511b77935704e93d21c2973b72f46d48902"",""license"":""MIT""}"
vietjobs_vinuniversity,93e3126ce95cb826875bccfc44054ff4ee7d103e46522aa7aef00bff424c0df5,2025-10-31,Nhà phân tích kinh doanh,Nhà phân tích kinh doanh,mid,Ha Noi,4,4,"[""Jira"",""Confluence"",""Figma"",""Miro"",""Excel"",""PowerPoint"",""Draw.io""]",30000000,40000000,công_nghệ_thông_tin_kỹ_thuật_số,"{""dataset"":""dinhieufam/VietJobs"",""dataset_commit"":""ea140511b77935704e93d21c2973b72f46d48902"",""license"":""MIT""}"
vietjobs_vinuniversity,93f684a1f2bd67f14a00b2c8469adb8026d5891f7191d9a3976bee74bd235035,2025-10-31,Chuyên Viên Thiết Kế,Chuyên Viên Thiết Kế,mid,Hưng Yên,2,2,"[""Ai"",""Photoshop"",""InDesign"",""Premiere"",""After Effects""]",10000000,15000000,công_nghệ_thông_tin_kỹ_thuật_số,"{""dataset"":""dinhieufam/VietJobs"",""dataset_commit"":""ea140511b77935704e93d21c2973b72f46d48902"",""license"":""MIT""}"
vietjobs_vinuniversity,942d5a83418b299318c773c189e8d32643f92744fb12650570a71e349ad38800,2025-10-31,Chuyên Viên Chuyển Đổi Số,Chuyên Viên Chuyển Đổi Số,mid,Ho Chi Minh,1,1,"[""CRM"",""ERP"",""Google Workspace"",""Trello"",""ClickUp"",""Notion""]",15000000,20000000,công_nghệ_thông_tin_kỹ_thuật_số,"{""dataset"":""dinhieufam/VietJobs"",""dataset_commit"":""ea140511b77935704e93d21c2973b72f46d48902"",""license"":""MIT""}"
vietjobs_vinuniversity,9456b30ae3e67366306af999dc9e55e3c13843a19d26c18a378015569f124161,2025-10-31,Tư Vấn Phần Mềm Qua Điện Thoại (Cung Cấp Data),Tư Vấn Phần Mềm Qua Điện Thoại Cung Cấp Data ,mid,Ha Noi,0,0,[],10000000,20000000,công_nghệ_thông_tin_kỹ_thuật_số,"{""dataset"":""dinhieufam/VietJobs"",""dataset_commit"":""ea140511b77935704e93d21c2973b72f46d48902"",""license"":""MIT""}"
vietjobs_vinuniversity,94ccecb336d25a4fc3654faefcda50a595242e5aff5a0606e92b77a2799679c7,2025-10-31,Chuyên Viên Kinh Doanh Phần Mềm,Chuyên Viên Kinh Doanh Phần Mềm,mid,Ho Chi Minh,2,2,[],15000000,30000000,công_nghệ_thông_tin_kỹ_thuật_số,"{""dataset"":""dinhieufam/VietJobs"",""dataset_commit"":""ea140511b77935704e93d21c2973b72f46d48902"",""license"":""MIT""}"
vietjobs_vinuniversity,94f72acec60ad37281b05749cc10dd48d9088f397e89f3390cfa5d80b41b6eab,2025-10-31,Manual Test,Manual Test,mid,Ha Noi,2,2,"[""Kiểm thử phần mềm"",""Viết Testcase"",""Sử dụng tool để test API"",""Performance test"",""Automation Test""]",18000000,28000000,công_nghệ_thông_tin_kỹ_thuật_số,"{""dataset"":""dinhieufam/VietJobs"",""dataset_commit"":""ea140511b77935704e93d21c2973b72f46d48902"",""license"":""MIT""}"
vietjobs_vinuniversity,9551a356dc01ce03c9761b63a61b3d71ede86c8f983dbe94d20b0104494bb592,2025-10-31,Phát triển kinh doanh - B2B,Phát triển kinh doanh - B2B,mid,Ho Chi Minh,1,1,[],7000000,9000000,công_nghệ_thông_tin_kỹ_thuật_số,"{""dataset"":""dinhieufam/VietJobs"",""dataset_commit"":""ea140511b77935704e93d21c2973b72f46d48902"",""license"":""MIT""}"
vietjobs_vinuniversity,962033bcb36541b0fb00b4ec5e253653ab83dc89379b1410562b076dc0e6b6df,2025-10-31,Nhân Viên Kinh Doanh Phần Mềm & Giải Pháp Iot,Nhân Viên Kinh Doanh Phần Mềm & Giải Pháp Iot,mid,Hà Đông,1,1,"[""Hiểu biết cơ bản về phần mềm SaaS"",""IoT"",""Hệ thống năng lượng"",""Vận hành nhà máy""]",15000000,20000000,công_nghệ_thông_tin_kỹ_thuật_số,"{""dataset"":""dinhieufam/VietJobs"",""dataset_commit"":""ea140511b77935704e93d21c2973b72f46d48902"",""license"":""MIT""}"
vietjobs_vinuniversity,967b9c2a0fd9f98cb8d0f8f2e099c87fb9348858f1dcbb489f92e0fb0da51735,2025-10-31,Java Developer Junior/Middle,Junior Java Developer Junior/Middle,junior,Ha Noi,2,2,"[""Java"",""Spring"",""Oracle"",""MySQL"",""PostgresQL"",""MongoDB"",""RESTful web services"",""Git"",""Jira""]",15000000,35000000,công_nghệ_thông_tin_kỹ_thuật_số,"{""dataset"":""dinhieufam/VietJobs"",""dataset_commit"":""ea140511b77935704e93d21c2973b72f46d48902"",""license"":""MIT""}"
vietjobs_vinuniversity,96e3e25b5c315865006c633cf000dcebef740b307dd53b7620905e003c037395,2025-10-31,Nhà phân tích kinh doanh (ERP),Nhà phân tích kinh doanh ERP ,mid,Ha Noi,3,3,"[""Kỹ năng giải quyết vấn đề"",""Kỹ năng phản biện"",""Business sense"",""Viết tài liệu mô tả sản phẩm"",""Kiến thức về công nghệ"",""Wireframe"",""UI""]",20000000,30000000,công_nghệ_thông_tin_kỹ_thuật_số,"{""dataset"":""dinhieufam/VietJobs"",""dataset_commit"":""ea140511b77935704e93d21c2973b72f46d48902"",""license"":""MIT""}"
vietjobs_vinuniversity,9765ec459c3df276b522511ceb465030143b874f3beb4b3a820e2a2c01acbfe7,2025-10-31,Nhân Viên Graphic Designer 2D Hàng Nội Địa Nhật,Nhân Viên Graphic Designer 2D Hàng Nội Địa Nhật,mid,Ha Noi,1,1,"[""Photoshop"",""Thiết kế đồ họa"",""Edit video cơ bản""]",9000000,12000000,công_nghệ_thông_tin_kỹ_thuật_số,"{""dataset"":""dinhieufam/VietJobs"",""dataset_commit"":""ea140511b77935704e93d21c2973b72f46d48902"",""license"":""MIT""}"
vietjobs_vinuniversity,9786728d1222a43c76f8ee6e16d6a24785f28162c703178cfe86c371145234a9,2025-10-31,Tester-Yêu Cầu Từ N3 Tiếng Nhật Trở Lên,Tester-Yêu Cầu Từ N3 Tiếng Nhật Trở Lên,mid,Ha Noi,1,1,"[""SQL"",""Viết tài liệu test"",""Tạo test data""]",25000000,25000000,công_nghệ_thông_tin_kỹ_thuật_số,"{""dataset"":""dinhieufam/VietJobs"",""dataset_commit"":""ea140511b77935704e93d21c2973b72f46d48902"",""license"":""MIT""}"
vietjobs_vinuniversity,97be53338648f5f89e9250a4a848c05df7d6a4cbe4cd4db2e32d797cbb4cc12a,2025-10-31,Nhân Viên Thiết Kế Print-On-Demand,Nhân Viên Thiết Kế Print-On-Demand,mid,Ho Chi Minh,1,1,"[""Adobe Photoshop"",""Illustrator""]",8000000,12000000,công_nghệ_thông_tin_kỹ_thuật_số,"{""dataset"":""dinhieufam/VietJobs"",""dataset_commit"":""ea140511b77935704e93d21c2973b72f46d48902"",""license"":""MIT""}"
vietjobs_vinuniversity,97ed7adf858058bbbb0fda755933bfc8f81289a0b0cde313f196a5feca061b7b,2025-10-31,ChỉNH SửA Webtoon/ Webtoon Editor - Toàn thời gian,ChỉNH SửA Webtoon/ Webtoon Editor - Toàn thời gian,mid,Ho Chi Minh,1,1,"[""Photoshop"",""Excel"",""Google Sheets"",""Word"",""Google Docs""]",8000000,12000000,công_nghệ_thông_tin_kỹ_thuật_số,"{""dataset"":""dinhieufam/VietJobs"",""dataset_commit"":""ea140511b77935704e93d21c2973b72f46d48902"",""license"":""MIT""}"
vietjobs_vinuniversity,9800c7c23f2791f98d2755d1e8e5b775874cb9dcac15024024e66e98efd8fa4f,2025-10-31,Lập Trình Viên Flutter/ Flutter Developer,Mobile Developer (Flutter),mid,Ha Noi,3,3,"[""Flutter"",""Dart"",""State Management (Provider, Bloc)"",""SQLite"",""Shared Preferences"",""Android Studio"",""XCode"",""Flipper"",""Dart DevTool"",""GitLab"",""SVN""]",12000000,40000000,công_nghệ_thông_tin_kỹ_thuật_số,"{""dataset"":""dinhieufam/VietJobs"",""dataset_commit"":""ea140511b77935704e93d21c2973b72f46d48902"",""license"":""MIT""}"
vietjobs_vinuniversity,98015c9138a48f787f1cc23f1960cc94b5090f1e0c5d122ee408676242e466d4,2025-10-31,Nhân Viên Graphic Design,Nhân Viên Graphic Design,mid,Ha Noi,2,2,"[""Photoshop"",""Illustrator""]",13000000,15000000,công_nghệ_thông_tin_kỹ_thuật_số,"{""dataset"":""dinhieufam/VietJobs"",""dataset_commit"":""ea140511b77935704e93d21c2973b72f46d48902"",""license"":""MIT""}"
vietjobs_vinuniversity,984dca2e0d7bff0c150278be442ae0c3fe3bfee0626ddb6538224de8a5c847ac,2025-10-31,Chuyên Viên Chuyển Đổi Số,Chuyên Viên Chuyển Đổi Số,mid,Ho Chi Minh,2,2,[],11000000,17000000,công_nghệ_thông_tin_kỹ_thuật_số,"{""dataset"":""dinhieufam/VietJobs"",""dataset_commit"":""ea140511b77935704e93d21c2973b72f46d48902"",""license"":""MIT""}"
vietjobs_vinuniversity,9860aa90ad8b53b271ddc2ab6fa3840d3892aa8d4b5f656b07a1334e14edb5c1,2025-10-31,Nhân Viên Xây Dựng Website (Wordpress-Elementor),Nhân Viên Xây Dựng Website Wordpress-Elementor ,mid,Ha Noi,0,0,"[""Wordpress"",""Elementor"",""HTML"",""CSS""]",8000000,12000000,công_nghệ_thông_tin_kỹ_thuật_số,"{""dataset"":""dinhieufam/VietJobs"",""dataset_commit"":""ea140511b77935704e93d21c2973b72f46d48902"",""license"":""MIT""}"
vietjobs_vinuniversity,98a47fe6a042a3f51c67f90939251d9d8cae75a039bd6331e5a91dd4c3051a36,2025-10-31,Sales Consultant,Sales Consultant,mid,Ho Chi Minh,1,1,"[""Tư vấn giải pháp công nghệ"",""Bán hàng"",""Marketing"",""Thiết kế Website"",""Digital Marketing"",""Tư Vấn Marketing"",""Sales Online""]",10000000,30000000,công_nghệ_thông_tin_kỹ_thuật_số,"{""dataset"":""dinhieufam/VietJobs"",""dataset_commit"":""ea140511b77935704e93d21c2973b72f46d48902"",""license"":""MIT""}"
vietjobs_vinuniversity,98b3d0d9669ab3f988fba9220a36d69cbbbee0ebeed6ae1789ff9aa903a35cd1,2025-10-31,Chuyên Viên Kinh Doanh Phần Mềm,Chuyên Viên Kinh Doanh Phần Mềm,mid,Ho Chi Minh,2,2,[],8000000,18000000,công_nghệ_thông_tin_kỹ_thuật_số,"{""dataset"":""dinhieufam/VietJobs"",""dataset_commit"":""ea140511b77935704e93d21c2973b72f46d48902"",""license"":""MIT""}"
vietjobs_vinuniversity,98bb6b97c3a0c1c1776558bd5cfec0880a935fffab01ec25f76dda536667b1c6,2025-10-31,Kỹ sư mạng & bảo mật,Kỹ sư mạng & bảo mật,mid,Ha Noi,3,3,"[""Firewall"",""WAF"",""DLP"",""DBF"",""Tenable"",""Kali"",""Burpsuite"",""ZeroTrust"",""CCNA Security"",""CCNP Security"",""CompTIA Security""]",15000000,20000000,công_nghệ_thông_tin_kỹ_thuật_số,"{""dataset"":""dinhieufam/VietJobs"",""dataset_commit"":""ea140511b77935704e93d21c2973b72f46d48902"",""license"":""MIT""}"
vietjobs_vinuniversity,98c5bbd5129985431cca99773d8144d250ed45d0ff5da7636445b12be7cd6239,2025-10-31,Chủ sở hữu sản phẩm (xã hội),Chủ sở hữu sản phẩm xã hội ,mid,Ha Noi,3,3,"[""Quản lý Product Backlog"",""Quy trình phát triển sản phẩm""]",30000000,40000000,công_nghệ_thông_tin_kỹ_thuật_số,"{""dataset"":""dinhieufam/VietJobs"",""dataset_commit"":""ea140511b77935704e93d21c2973b72f46d48902"",""license"":""MIT""}"
vietjobs_vinuniversity,98e8eae8385fe00de9ffb946ebda4d5d4f46ad8387185ac0416fedd47fe52666,2025-10-31,Trưởng Nhóm Kinh Doanh B2B Phần Mềm AI Meta,Trưởng Nhóm Kinh Doanh B2B Phần Mềm AI Meta,mid,Ho Chi Minh,2,2,[],22000000,40000000,công_nghệ_thông_tin_kỹ_thuật_số,"{""dataset"":""dinhieufam/VietJobs"",""dataset_commit"":""ea140511b77935704e93d21c2973b72f46d48902"",""license"":""MIT""}"
vietjobs_vinuniversity,98f326272fd28ff3ae7f3b562317e2053a6adbe098fd623b98659adbec9368cd,2025-10-31,Chuyên Viên Thiết Kế,Chuyên Viên Thiết Kế,mid,Ha Noi,4,4,"[""Photoshop"",""Illustrator"",""Phần mềm edit video""]",15000000,18000000,công_nghệ_thông_tin_kỹ_thuật_số,"{""dataset"":""dinhieufam/VietJobs"",""dataset_commit"":""ea140511b77935704e93d21c2973b72f46d48902"",""license"":""MIT""}"
vietjobs_vinuniversity,992c2094185e19b12fc74bbe6bccdfdc341a8a3ef742ef50abd825253c4bdb47,2025-10-31,Intern PHP,Intern PHP,intern,Ha Noi,0,0,"[""PHP"",""Laravel"",""CodeIgniter""]",5000000,5000000,công_nghệ_thông_tin_kỹ_thuật_số,"{""dataset"":""dinhieufam/VietJobs"",""dataset_commit"":""ea140511b77935704e93d21c2973b72f46d48902"",""license"":""MIT""}"
vietjobs_vinuniversity,9976806270863f40dff0dca8b84054f633b99cee223b332b60f891492b97e9a4,2025-10-31,Nhân Viên Thiết Kế - Graphic Desinger,Nhân Viên Thiết Kế - Graphic Desinger,mid,Ho Chi Minh,2,2,"[""Adobe Photoshop"",""Illustrator"",""InDesign"",""Adobe Premiere Pro"",""After Effects""]",11000000,13000000,công_nghệ_thông_tin_kỹ_thuật_số,"{""dataset"":""dinhieufam/VietJobs"",""dataset_commit"":""ea140511b77935704e93d21c2973b72f46d48902"",""license"":""MIT""}"
vietjobs_vinuniversity,9a77645803deefc996847a19a3e49d7a6e739a4157757fcbedafc006d0b66500,2025-10-31,Kỹ Sư Lập Trình Ứng Dụng Phần Cứng,Kỹ Sư Lập Trình Ứng Dụng Phần Cứng,mid,Hà Đông,0,0,"[""C/C++"",""Java"",""Android"",""BSP Linux""]",16000000,20000000,công_nghệ_thông_tin_kỹ_thuật_số,"{""dataset"":""dinhieufam/VietJobs"",""dataset_commit"":""ea140511b77935704e93d21c2973b72f46d48902"",""license"":""MIT""}"
vietjobs_vinuniversity,9aafe6c6447d8a848624d0dfeaeabcb53c16bb6f3b262ddb1e3440ea4eb705a9,2025-10-31,Nhân Viên Thiết Kế - Designer Thumbnail Youtube,Nhân Viên Thiết Kế - Designer Thumbnail Youtube,mid,Ho Chi Minh,1,1,"[""Photoshop"",""StoryBoard""]",10000000,15000000,công_nghệ_thông_tin_kỹ_thuật_số,"{""dataset"":""dinhieufam/VietJobs"",""dataset_commit"":""ea140511b77935704e93d21c2973b72f46d48902"",""license"":""MIT""}"
vietjobs_vinuniversity,9ac25c79f925e293f13a8bf11571b5ac8da4940e213f8a94374cbf32796c1b91,2025-10-31,Phát triển kinh doanh,Phát triển kinh doanh,mid,Ho Chi Minh,1,1,"[""CRM software (Hubspot)"",""Microsoft Office Suite"",""client sourcing tools""]",9000000,18000000,công_nghệ_thông_tin_kỹ_thuật_số,"{""dataset"":""dinhieufam/VietJobs"",""dataset_commit"":""ea140511b77935704e93d21c2973b72f46d48902"",""license"":""MIT""}"
vietjobs_vinuniversity,9b11f93d20a83c1faad24c62dd8afc922a8e9852bc7cf3f34dbaca3f545ffc9a,2025-10-31,Thực Tập Sinh Design,Thực Tập Sinh Design,intern,Ha Noi,0,0,"[""Canva"",""Capcut"",""Photoshop"",""Illustrator"",""After Effects""]",4000000,4000000,công_nghệ_thông_tin_kỹ_thuật_số,"{""dataset"":""dinhieufam/VietJobs"",""dataset_commit"":""ea140511b77935704e93d21c2973b72f46d48902"",""license"":""MIT""}"
vietjobs_vinuniversity,9b77aeee6fe44e1adadef0193f7923fd2b8c4c49679b1dc4a83b75a82b5818a4,2025-10-31,Flutter Developer,Mobile Developer (Flutter),mid,Ha Noi,2,2,"[""Flutter"",""Dart"",""RESTful APIs"",""OOP"",""Design Pattern"",""Xcode"",""Android Studio"",""SVN"",""Git"",""Jira""]",15000000,22000000,công_nghệ_thông_tin_kỹ_thuật_số,"{""dataset"":""dinhieufam/VietJobs"",""dataset_commit"":""ea140511b77935704e93d21c2973b72f46d48902"",""license"":""MIT""}"
vietjobs_vinuniversity,9bad48c8aea26cc38767f4f33e8417ad0f09cc3d14bb32f56e045b9cf1b8a287,2025-10-31,Nhà phân tích kinh doanh (giữa),Nhà phân tích kinh doanh giữa ,mid,Ha Noi,2,2,"[""axure"",""figma"",""visio"",""Oracle"",""mariaDB""]",25000000,25000000,công_nghệ_thông_tin_kỹ_thuật_số,"{""dataset"":""dinhieufam/VietJobs"",""dataset_commit"":""ea140511b77935704e93d21c2973b72f46d48902"",""license"":""MIT""}"
vietjobs_vinuniversity,9bb7f430f567750b717892804078602a56f0f94a46738e0f42943fb533347ab5,2025-10-31,Data Engineer,Data Engineer,mid,Ha Noi,2,2,"[""Spark"",""Python"",""AWS"",""Databricks"",""ETL"",""Big Data""]",30000000,40000000,công_nghệ_thông_tin_kỹ_thuật_số,"{""dataset"":""dinhieufam/VietJobs"",""dataset_commit"":""ea140511b77935704e93d21c2973b72f46d48902"",""license"":""MIT""}"
vietjobs_vinuniversity,9c1a330592f0f60817747e8e87e7508eb6d0931cb0c3e8cb3c87175dd2d6d436,2025-10-31,Nhà lãnh đạo xã hội đầy đủ,Nhà lãnh đạo xã hội đầy đủ,mid,Ha Noi,2,2,"[""Meta Suite"",""AI caption/image tool"",""Later"",""Notion""]",15000000,20000000,công_nghệ_thông_tin_kỹ_thuật_số,"{""dataset"":""dinhieufam/VietJobs"",""dataset_commit"":""ea140511b77935704e93d21c2973b72f46d48902"",""license"":""MIT""}"
vietjobs_vinuniversity,9c3ea095a04f0e84f2387ee867034d6ebdeaa0b77630a020ee64079efe354035,2025-10-31,Chuyên Viên Vẽ Minh Họa (Character/Pattern),Chuyên Viên Vẽ Minh Họa Character/Pattern ,mid,Ho Chi Minh,2,2,"[""Vẽ nhân vật"",""Vẽ hoạ tiết"",""Tạo bố cục pattern"",""Thiết lập DPI"",""Hệ màu CMYK/RGB/Pantone"",""Xuất file đúng chuẩn (PSD, PNG, AI)""]",22000000,22000000,công_nghệ_thông_tin_kỹ_thuật_số,"{""dataset"":""dinhieufam/VietJobs"",""dataset_commit"":""ea140511b77935704e93d21c2973b72f46d48902"",""license"":""MIT""}"
vietjobs_vinuniversity,9ca0b6a850e5d2a96987690934c45127cf77a543f6b3a24ed47e4eb304dbb887,2025-10-31,Lập Trình Viên Từ N3 (Visa Nhanh),Lập Trình Viên Từ N3 Visa Nhanh ,mid,Ha Noi,1,1,"[""C#"",""Java"",""Javascript"",""PLSQL""]",80000000,80000000,công_nghệ_thông_tin_kỹ_thuật_số,"{""dataset"":""dinhieufam/VietJobs"",""dataset_commit"":""ea140511b77935704e93d21c2973b72f46d48902"",""license"":""MIT""}"
vietjobs_vinuniversity,9ca56a4352f8cb790e4f51747a77425ae77766140562c09d980d7dafae2fe2f1,2025-10-31,Giám Đốc Sản Phẩm,Giám Đốc Sản Phẩm,mid,Ha Noi,5,5,"[""Quản lý sản phẩm"",""Phân tích thị trường"",""Lập kế hoạch sản phẩm"",""Xây dựng chiến lược sản phẩm""]",50000000,60000000,công_nghệ_thông_tin_kỹ_thuật_số,"{""dataset"":""dinhieufam/VietJobs"",""dataset_commit"":""ea140511b77935704e93d21c2973b72f46d48902"",""license"":""MIT""}"
vietjobs_vinuniversity,9d100613af3d36359943b08317c2bec2d0f0b94bdeb9c4df440fe82ad0937da2,2025-10-31,SAP FICO Consultant,SAP FICO Consultant,mid,Ho Chi Minh,1,1,"[""SAP FICO"",""ERP systems"",""Accounting/Finance best practices""]",15000000,35000000,công_nghệ_thông_tin_kỹ_thuật_số,"{""dataset"":""dinhieufam/VietJobs"",""dataset_commit"":""ea140511b77935704e93d21c2973b72f46d48902"",""license"":""MIT""}"
vietjobs_vinuniversity,9d1cf3340d06fba93c0ec56c1f98366ebdf615bf54c2546ff466476fa3f7c547,2025-10-31,Nhân Viên Designer (Thiết Kế Hình Ảnh),Nhân Viên Designer Thiết Kế Hình Ảnh ,mid,Da Nang,1,1,"[""Thiết kế hình ảnh online"",""Thiết kế, edit videos"",""Digital marketing"",""Facebook ads"",""Google ads"",""SEO"",""Viết content"",""Email marketing""]",8000000,20000000,công_nghệ_thông_tin_kỹ_thuật_số,"{""dataset"":""dinhieufam/VietJobs"",""dataset_commit"":""ea140511b77935704e93d21c2973b72f46d48902"",""license"":""MIT""}"
vietjobs_vinuniversity,9d70028198d97c049056c5c3095afb76e1df0241cb9c70d60e0ac1392327577d,2025-10-31,Nhân Viên Telesales Phần Mềm,Nhân Viên Telesales Phần Mềm,mid,Ha Noi,0,0,"[""Sử dụng CRM""]",10000000,20000000,công_nghệ_thông_tin_kỹ_thuật_số,"{""dataset"":""dinhieufam/VietJobs"",""dataset_commit"":""ea140511b77935704e93d21c2973b72f46d48902"",""license"":""MIT""}"
vietjobs_vinuniversity,9d8ad4105ad2101e9dae9e56450e079180b51096825a94bca553f7ceb6ce0169,2025-10-31,BIM Manager (Chuyên Ngành MEP),BIM Manager Chuyên Ngành MEP ,manager,Ho Chi Minh,5,5,"[""Revit MEP"",""Navisworks"",""AutoCAD"",""Dynamo"",""BIM 360""]",20000000,30000000,công_nghệ_thông_tin_kỹ_thuật_số,"{""dataset"":""dinhieufam/VietJobs"",""dataset_commit"":""ea140511b77935704e93d21c2973b72f46d48902"",""license"":""MIT""}"
vietjobs_vinuniversity,9de5b3c7a1afaf4f49c78c6114e0d17e98e313cb3e951ad9598200829dd398ff,2025-10-31,Java Developer (Junior/Middle),Junior Java Developer Junior/Middle ,junior,Ha Noi,2,2,"[""Lập trình backend"",""Python"",""Java"",""Rest API"",""Django"",""Flask"",""FastAPI"",""Spring Boot"",""Microservices"",""MySQL"",""PostgreSQL"",""MongoDB"",""Docker"",""Git"",""SVN""]",15000000,30000000,công_nghệ_thông_tin_kỹ_thuật_số,"{""dataset"":""dinhieufam/VietJobs"",""dataset_commit"":""ea140511b77935704e93d21c2973b72f46d48902"",""license"":""MIT""}"
vietjobs_vinuniversity,9e0ee1d1f7e7a28bb9decfaabe66b43dbd777793f4f5b29d339dc18b282529a1,2025-10-31,CNTT hỗ trợ HN - Bảo mật đám mây (Tiếng Anh Fluent - Nightshift cố định),CNTT hỗ trợ HN - Bảo mật đám mây Tiếng Anh Fluent - Nightshift cố định ,mid,Ha Noi,1,1,"[""Networking (tcp Ip, Dns, Routing)"",""Troubleshooting And Problem Solving Skills"",""Operating Systems (windows, Linux)"",""Cloud Security Fundamentals (aws, Azure, Gcp)"",""Security Best Practices (iam, Access Control)""]",18000000,24000000,công_nghệ_thông_tin_kỹ_thuật_số,"{""dataset"":""dinhieufam/VietJobs"",""dataset_commit"":""ea140511b77935704e93d21c2973b72f46d48902"",""license"":""MIT""}"
vietjobs_vinuniversity,9e511eb8c894e4c74df2e42bf0d1bac03864dbe8873ec7bf9bef922871ef552b,2025-10-31,Trưởng Nhóm Tester,Trưởng Nhóm Tester,mid,Ha Noi,5,5,"[""Kiểm thử phần mềm"",""Kiểm thử app và web"",""Sử dụng tool để test API"",""Performance test""]",20000000,30000000,công_nghệ_thông_tin_kỹ_thuật_số,"{""dataset"":""dinhieufam/VietJobs"",""dataset_commit"":""ea140511b77935704e93d21c2973b72f46d48902"",""license"":""MIT""}"
vietjobs_vinuniversity,9e564b30f4a4b89dc6951cee84fb97439a951c17c88573d0acdcbba155bd9022,2025-10-31,Nhân Viên Xử Lí Dữ Liệu ( CV Tiếng Nhật),Nhân Viên Xử Lí Dữ Liệu CV Tiếng Nhật ,mid,Ho Chi Minh,1,1,"[""Excel"",""SQL""]",9000000,11000000,công_nghệ_thông_tin_kỹ_thuật_số,"{""dataset"":""dinhieufam/VietJobs"",""dataset_commit"":""ea140511b77935704e93d21c2973b72f46d48902"",""license"":""MIT""}"
vietjobs_vinuniversity,9e6871b8f6d1e34f8fcd88e894ff1e5cf65e70ce8906e5c6ea3dbb02fbc67653,2025-10-31,"Chuyên Viên Kinh Doanh/Sales (IT, Software,...)","Chuyên Viên Kinh Doanh/Sales IT, Software,... ",mid,Ha Noi,1,1,"[""Kinh doanh sản phẩm Công nghệ"",""Quản trị hệ thống"",""Vận hành hệ thống""]",40000000,40000000,công_nghệ_thông_tin_kỹ_thuật_số,"{""dataset"":""dinhieufam/VietJobs"",""dataset_commit"":""ea140511b77935704e93d21c2973b72f46d48902"",""license"":""MIT""}"
vietjobs_vinuniversity,9e7d084860a27fe33831452ad290ecf46c987dfcaf997a9ebda3fdc2bc42936a,2025-10-31,Nhân Viên Kinh Doanh Mảng Digital Marketing,Nhân Viên Kinh Doanh Mảng Digital Marketing,mid,Ho Chi Minh,0,0,"[""Digital Marketing"",""SEO"",""Google Ads"",""Facebook Ads""]",5000000,20000000,công_nghệ_thông_tin_kỹ_thuật_số,"{""dataset"":""dinhieufam/VietJobs"",""dataset_commit"":""ea140511b77935704e93d21c2973b72f46d48902"",""license"":""MIT""}"
vietjobs_vinuniversity,9ea58886acc018fdf867fd9fc262a75e9262eb761c88446b35cf02ec1ebad24f,2025-10-31,Trưởng Nhóm Thiết Kế 2D,Trưởng Nhóm Thiết Kế 2D,mid,Thanh Hoá,2,2,"[""Thiết kế đồ họa"",""Sử dụng thành thạo các phần mềm đồ họa (Photoshop, Illustrator, CorelDraw)""]",14000000,17000000,công_nghệ_thông_tin_kỹ_thuật_số,"{""dataset"":""dinhieufam/VietJobs"",""dataset_commit"":""ea140511b77935704e93d21c2973b72f46d48902"",""license"":""MIT""}"
vietjobs_vinuniversity,9eefd8ead79cfd4a68640f15e529a473359d0ace1f990f943eb6dc93dc728795,2025-10-31,Thiết kế đồ họa (in pod theo yêu cầu),Thiết kế đồ họa in pod theo yêu cầu ,mid,Ha Noi,1,1,"[""Adobe Photoshop"",""Adobe Illustrator"",""Sử dụng công cụ AI""]",15000000,15000000,công_nghệ_thông_tin_kỹ_thuật_số,"{""dataset"":""dinhieufam/VietJobs"",""dataset_commit"":""ea140511b77935704e93d21c2973b72f46d48902"",""license"":""MIT""}"
vietjobs_vinuniversity,9ef80b52f66d8b5be435d1d1d4a189f2819d1294a4b8751f4db876b192e82f7b,2025-10-31,Nhân Viên Marketing (Sales Phần Mềm),Nhân Viên Marketing Sales Phần Mềm ,mid,Ho Chi Minh,1,1,"[""Excel"",""Google Sheet"",""CRM""]",8000000,20000000,công_nghệ_thông_tin_kỹ_thuật_số,"{""dataset"":""dinhieufam/VietJobs"",""dataset_commit"":""ea140511b77935704e93d21c2973b72f46d48902"",""license"":""MIT""}"
vietjobs_vinuniversity,9f504f34674a30a4f0cff43f76bf68be59171675ce94d6b6b60e45b8c137a61e,2025-10-31,Nhân Viên Phát Triển Kinh Doanh,Nhân Viên Phát Triển Kinh Doanh,mid,Ho Chi Minh,1,1,"[""Tin học văn phòng (Word, Excel, PowerPoint)"",""Sử dụng các công cụ tìm kiếm khách hàng"",""Quản lý khách hàng (CRM)""]",10000000,30000000,công_nghệ_thông_tin_kỹ_thuật_số,"{""dataset"":""dinhieufam/VietJobs"",""dataset_commit"":""ea140511b77935704e93d21c2973b72f46d48902"",""license"":""MIT""}"
vietjobs_vinuniversity,9f5bf5f29c8ce6dfeb7ebe893d5c5d02c3e2230dc434e9475c501dcb4f898f9b,2025-10-31,Developer (BPM/Camunda),Developer BPM/Camunda ,mid,Ha Noi,2,2,"[""Java Core"",""Java Spring Boot"",""Middleware"","".Net"",""PL SQL"",""Oracle"",""MS SQL server""]",25000000,34000000,công_nghệ_thông_tin_kỹ_thuật_số,"{""dataset"":""dinhieufam/VietJobs"",""dataset_commit"":""ea140511b77935704e93d21c2973b72f46d48902"",""license"":""MIT""}"
vietjobs_vinuniversity,9f76ee065e91e9c39ab12ff16a2dd24a5e41ffc55a34fed2636784c051d63e48,2025-10-31,Game Designer (Intern),Game Designer Intern ,intern,Ha Noi,0,0,"[""Kiến thức về phân tích game"",""Viết tài liệu thiết kế""]",4000000,6000000,công_nghệ_thông_tin_kỹ_thuật_số,"{""dataset"":""dinhieufam/VietJobs"",""dataset_commit"":""ea140511b77935704e93d21c2973b72f46d48902"",""license"":""MIT""}"
vietjobs_vinuniversity,a00f3e93b28f0029ec32e9d944ff88724fa506d621b0e62432c65624a72ef1c6,2025-10-31,Nhân Viên Kỹ Thuật (IT Support),Nhân Viên Kỹ Thuật IT Support ,mid,Hoàng Mai,0,0,"[""Cài đặt hệ điều hành Windows Server"",""Cài đặt các phần mềm ứng dụng"",""SQL Server""]",9000000,13000000,công_nghệ_thông_tin_kỹ_thuật_số,"{""dataset"":""dinhieufam/VietJobs"",""dataset_commit"":""ea140511b77935704e93d21c2973b72f46d48902"",""license"":""MIT""}"
vietjobs_vinuniversity,a1375071c5e17ec9ad49d0bf08c5ac4028258f76ad58b199ffc812470cba8188,2025-10-31,"Quản lý dự án - AI, Nghiên cứu & Nghiên cứu thị trường","Quản lý dự án - AI, Nghiên cứu & Nghiên cứu thị trường",mid,Ho Chi Minh,1,1,"[""AI tools"",""Social media operations""]",15000000,30000000,công_nghệ_thông_tin_kỹ_thuật_số,"{""dataset"":""dinhieufam/VietJobs"",""dataset_commit"":""ea140511b77935704e93d21c2973b72f46d48902"",""license"":""MIT""}"
vietjobs_vinuniversity,a169a866d0d3cd62cf3469d7866a66b253375b42e1e3d982a219297069e08243,2025-10-31,Chuyên Viên Thiết Kế 3D,Chuyên Viên Thiết Kế 3D,mid,Da Nang,1,1,"[""3ds Max"",""SketchUp"",""Corona/Vray"",""Photoshop"",""AutoCAD""]",14000000,18000000,công_nghệ_thông_tin_kỹ_thuật_số,"{""dataset"":""dinhieufam/VietJobs"",""dataset_commit"":""ea140511b77935704e93d21c2973b72f46d48902"",""license"":""MIT""}"
vietjobs_vinuniversity,a17e7f557971b95ecc657222477a99e0f6aa832d768eadd55f8c1a1d710f8e76,2025-10-31,Nhân Viên Kinh Doanh Dịch Vụ Website,Nhân Viên Kinh Doanh Dịch Vụ Website,mid,Ha Noi,0,0,"[""Tin học văn phòng (Word, Excel)"",""Internet"",""Mạng xã hội""]",7000000,15000000,công_nghệ_thông_tin_kỹ_thuật_số,"{""dataset"":""dinhieufam/VietJobs"",""dataset_commit"":""ea140511b77935704e93d21c2973b72f46d48902"",""license"":""MIT""}"
vietjobs_vinuniversity,a1aee110ee9e806ae017a237044f675a8c08a42074bea632f755e6a2fab059e8,2025-10-31,Nhân Viên Vận Hành Hệ Thống Bot Farming,Nhân Viên Vận Hành Hệ Thống Bot Farming,mid,Ha Noi,0,0,"[""Quản lý tài khoản Facebook"",""Sử dụng phần mềm giả lập"",""Am hiểu checkpoint và quy trình mở khóa""]",6000000,8000000,công_nghệ_thông_tin_kỹ_thuật_số,"{""dataset"":""dinhieufam/VietJobs"",""dataset_commit"":""ea140511b77935704e93d21c2973b72f46d48902"",""license"":""MIT""}"
vietjobs_vinuniversity,a1e584efa30d233e34261dc9a9844ad38ffc8b39c9ff112fe1013e447159ba0b,2025-10-31,TTS Thiết Kế,TTS Thiết Kế,mid,Ha Noi,0,0,"[""Illustrator"",""Photoshop""]",3000000,3000000,công_nghệ_thông_tin_kỹ_thuật_số,"{""dataset"":""dinhieufam/VietJobs"",""dataset_commit"":""ea140511b77935704e93d21c2973b72f46d48902"",""license"":""MIT""}"
vietjobs_vinuniversity,a20b39d6065466da457adacb52215eae8c2cb24e5c3d94ad9ecc1a290e62d415,2025-10-31,Designer + Editor,Designer + Editor,mid,Ha Noi,1,1,"[""Photoshop"",""Illustrator"",""CapCut Pro"",""CANVA""]",12000000,15000000,công_nghệ_thông_tin_kỹ_thuật_số,"{""dataset"":""dinhieufam/VietJobs"",""dataset_commit"":""ea140511b77935704e93d21c2973b72f46d48902"",""license"":""MIT""}"
vietjobs_vinuniversity,a266bb8bc9029fe28ad82f675a3c7a83cf2062e8f9d79bb188ed3273a9697b50,2025-10-31,Nhân Viên Tester,Nhân Viên Tester,mid,Ha Noi,2,2,"[""Kiến thức nền tảng về công nghệ thông tin và phát triển phần mềm"",""Kinh nghiệm trong các dự án về AI"",""Sử dụng các công cụ/ framework hỗ trợ kiểm thử""]",11000000,15000000,công_nghệ_thông_tin_kỹ_thuật_số,"{""dataset"":""dinhieufam/VietJobs"",""dataset_commit"":""ea140511b77935704e93d21c2973b72f46d48902"",""license"":""MIT""}"
vietjobs_vinuniversity,a2bd438961423df8f38426e63a28665b1570f8fd4edf9b8d13c6bae2347321ec,2025-10-31,Nhân Viên Media,Nhân Viên Media,mid,Hà Đông,1,1,"[""Photoshop"",""Premier Pro"",""Capcut"",""After Effect""]",14000000,18000000,công_nghệ_thông_tin_kỹ_thuật_số,"{""dataset"":""dinhieufam/VietJobs"",""dataset_commit"":""ea140511b77935704e93d21c2973b72f46d48902"",""license"":""MIT""}"
vietjobs_vinuniversity,a3255fb632efb508c30061186d1ae61223e20b343dc86f5cfedb32df6a2e31df,2025-10-31,Nhà phân tích kinh doanh ERP (Tư vấn chức năng),Nhà phân tích kinh doanh ERP Tư vấn chức năng ,mid,Ha Noi,2,2,"[""Kinh nghiệm triển khai và vận hành ERP như Odoo, SAP, Microsoft Dynamics"",""Kỹ năng phân tích nhu cầu báo cáo"",""Sử dụng các công cụ báo cáo (ưu tiên Odoo)"",""Triển khai giải pháp giao tiếp với hệ thống khác thông qua API"",""Thành thạo các loại tài liệu: SRS, User Stories""]",15000000,25000000,công_nghệ_thông_tin_kỹ_thuật_số,"{""dataset"":""dinhieufam/VietJobs"",""dataset_commit"":""ea140511b77935704e93d21c2973b72f46d48902"",""license"":""MIT""}"
vietjobs_vinuniversity,a3a9e1f6bf971537e597e72a76129231ad2970dba560c5e921a906164e970a3d,2025-10-31,Kỹ sư Linux nhúng,Kỹ sư Linux nhúng,mid,Ho Chi Minh,3,3,"[""C/C++ programming"",""Embedded Systems"",""Low-level programming"",""UART"",""SPI"",""I2C"",""Yocto"",""Buildroot"",""Linux Device Drivers"",""Kernel Drivers""]",35000000,45000000,công_nghệ_thông_tin_kỹ_thuật_số,"{""dataset"":""dinhieufam/VietJobs"",""dataset_commit"":""ea140511b77935704e93d21c2973b72f46d48902"",""license"":""MIT""}"
vietjobs_vinuniversity,a3deaed106ef14d688470d433b92ced09021daac868f6261cc3a221a99dcde90,2025-10-31,Java Developer - Onsite,Java Developer - Onsite,mid,Quận 4,3,3,"[""Java"",""PL/SQL"",""API Web Services"",""Eclipse"",""Netbean"",""Java core Back-End"",""Multithread"",""Multi-processing"",""Hash table"",""DB Oracle"",""MS SQL"",""Enterprise Linux"",""HP-UX"",""SVN"",""GIT"",""Jira"",""OOP"",""Docker"",""Microservices"",""MQ"",""cache"",""mockup API""]",40000000,40000000,công_nghệ_thông_tin_kỹ_thuật_số,"{""dataset"":""dinhieufam/VietJobs"",""dataset_commit"":""ea140511b77935704e93d21c2973b72f46d48902"",""license"":""MIT""}"
vietjobs_vinuniversity,a4022df0754e93232306587080cc9960f76bdba0d7d103decac23ea172a4c2d7,2025-10-31,"Kỹ sư DevOps (trên cơ sở, CI/CD, K8S)",DevOps Engineer,mid,Ha Noi,2,2,"[""CI/CD (Jenkins, Gitlab CI)"",""Kubernetes (K8s)"",""GitOps"",""C++/C#"",""Security (quét lỗ hổng mã nguồn, mã hóa mã nguồn, container security, network security)""]",35000000,35000000,công_nghệ_thông_tin_kỹ_thuật_số,"{""dataset"":""dinhieufam/VietJobs"",""dataset_commit"":""ea140511b77935704e93d21c2973b72f46d48902"",""license"":""MIT""}"
vietjobs_vinuniversity,a42573a373616c90f7b048b166a99a7fe1331010e870deeca2ba89b7bc37a5c0,2025-10-31,Chuyên Viên Thiết Kế Đồ Họa,Chuyên Viên Thiết Kế Đồ Họa,mid,Ha Noi,3,3,"[""Phần mềm Illustrator"",""Photoshop"",""InDesign"",""AI"",""Phần mềm chỉnh sửa ảnh 2D"",""Phần mềm video""]",12000000,20000000,công_nghệ_thông_tin_kỹ_thuật_số,"{""dataset"":""dinhieufam/VietJobs"",""dataset_commit"":""ea140511b77935704e93d21c2973b72f46d48902"",""license"":""MIT""}"
vietjobs_vinuniversity,a42a1ffc992b5479668fb83064d71a72958691b26b20b721d1e9d5df9e25da98,2025-10-31,Chuyên Viên Thiết Kế Đồ Họa,Chuyên Viên Thiết Kế Đồ Họa,mid,Ha Noi,3,3,"[""Figma"",""Adobe XD"",""Photoshop"",""Illustrator""]",23000000,23000000,công_nghệ_thông_tin_kỹ_thuật_số,"{""dataset"":""dinhieufam/VietJobs"",""dataset_commit"":""ea140511b77935704e93d21c2973b72f46d48902"",""license"":""MIT""}"
vietjobs_vinuniversity,a42b351044edd011a81fda4081ab4bbecc1dd334c19fc3c267fa4ebbf3fb361d,2025-10-31,Điều hành phát triển kinh doanh/ Bán nó (tiếng Anh),Điều hành phát triển kinh doanh/ Bán nó tiếng Anh ,mid,Hà Đông,0,0,"[""Sử dụng LinkedIn"",""Nghiên cứu và phân tích thị trường""]",10000000,20000000,công_nghệ_thông_tin_kỹ_thuật_số,"{""dataset"":""dinhieufam/VietJobs"",""dataset_commit"":""ea140511b77935704e93d21c2973b72f46d48902"",""license"":""MIT""}"
vietjobs_vinuniversity,a49983783ecc6427743de3b7ad1f51f796002089f7b6dc433a58b531ef042954,2025-10-31,Thực Tập Sinh Thiết Kế Đồ Họa,Thực Tập Sinh Thiết Kế Đồ Họa,intern,Ho Chi Minh,0,0,"[""Adobe Creative Suite"",""Photoshop"",""Illustrator""]",2000000,2000000,công_nghệ_thông_tin_kỹ_thuật_số,"{""dataset"":""dinhieufam/VietJobs"",""dataset_commit"":""ea140511b77935704e93d21c2973b72f46d48902"",""license"":""MIT""}"
vietjobs_vinuniversity,a4b7bf2cf5b789c37a41f232b05373bcc6935ea8cd99aa604ce314d884470d0b,2025-10-31,Thực Tập Sinh Kinh Doanh,Thực Tập Sinh Kinh Doanh,intern,Ha Noi,0,0,[],3000000,4000000,công_nghệ_thông_tin_kỹ_thuật_số,"{""dataset"":""dinhieufam/VietJobs"",""dataset_commit"":""ea140511b77935704e93d21c2973b72f46d48902"",""license"":""MIT""}"
vietjobs_vinuniversity,a5463d0bb76362e439227101bf9a53ae71edfbb7511f3bd5660e8d58c8dcda05,2025-10-31,Thiết Kế Đồ Họa,Thiết Kế Đồ Họa,mid,Ho Chi Minh,1,1,"[""Photoshop"",""Illustrator""]",9000000,11000000,công_nghệ_thông_tin_kỹ_thuật_số,"{""dataset"":""dinhieufam/VietJobs"",""dataset_commit"":""ea140511b77935704e93d21c2973b72f46d48902"",""license"":""MIT""}"
vietjobs_vinuniversity,a560ed4dc54e4d8a01ef30b163df2b5eb971b457a9aeb5c8a2a6e17233bf5948,2025-10-31,Nhà phát triển thống nhất,Nhà phát triển thống nhất,mid,Ha Noi,1,1,"[""C#"",""Unity"",""UI Canvas"",""Physic"",""Particle System"",""Optimization"",""OOP"",""Design Patterns""]",10000000,15000000,công_nghệ_thông_tin_kỹ_thuật_số,"{""dataset"":""dinhieufam/VietJobs"",""dataset_commit"":""ea140511b77935704e93d21c2973b72f46d48902"",""license"":""MIT""}"
vietjobs_vinuniversity,a5a2a9948fbbbddb9a8d4b0f375b9b987e1bedd7ed0e1520d187401f181581f5,2025-10-31,Kỹ Sư Phát Triển Phần Mềm Nhúng Matlab Simulink Cho Động Cơ,Kỹ Sư Phát Triển Phần Mềm Nhúng Matlab Simulink Cho Động Cơ,mid,"Bình Thạnh, Hồ Chí Minh",2,2,"[""Matlab"",""Simulink"",""C/C++""]",32000000,50000000,công_nghệ_thông_tin_kỹ_thuật_số,"{""dataset"":""dinhieufam/VietJobs"",""dataset_commit"":""ea140511b77935704e93d21c2973b72f46d48902"",""license"":""MIT""}"
vietjobs_vinuniversity,a5a432cb4e998c5362231004658a6d1c1b460aa631de897b9d120e8a1af398c0,2025-10-31,Chuyên Viên Công Nghệ Thông Tin,Chuyên Viên Công Nghệ Thông Tin,mid,Phú Thọ,5,5,"[""Kiến thức về hệ thống máy tính"",""Thiết bị di động"",""Phần mềm khám chữa bệnh (His)"",""Hạ tầng mạng"",""Phần cứng""]",15000000,25000000,công_nghệ_thông_tin_kỹ_thuật_số,"{""dataset"":""dinhieufam/VietJobs"",""dataset_commit"":""ea140511b77935704e93d21c2973b72f46d48902"",""license"":""MIT""}"
vietjobs_vinuniversity,a60b0cf5a88df374cc054be8d133765f7293ba62542505d8cffdc313f6d608c0,2025-10-31,Trưởng Phòng Kinh Doanh,Trưởng Phòng Kinh Doanh,mid,Cầu Giấy,3,3,"[""Kỹ năng lập kế hoạch"",""Kỹ năng phân tích tình huống"",""Kỹ năng quản lý"",""Kỹ năng đào tạo""]",25000000,30000000,công_nghệ_thông_tin_kỹ_thuật_số,"{""dataset"":""dinhieufam/VietJobs"",""dataset_commit"":""ea140511b77935704e93d21c2973b72f46d48902"",""license"":""MIT""}"
vietjobs_vinuniversity,a628bd0f615ff6d43f0728b9dc2b6d27e738f4d375a0cbc907b33a51657e2f8c,2025-10-31,Chuyên Viên Thiết Kế,Chuyên Viên Thiết Kế,mid,Ha Noi,1,1,"[""Ai"",""Ps""]",10000000,13000000,công_nghệ_thông_tin_kỹ_thuật_số,"{""dataset"":""dinhieufam/VietJobs"",""dataset_commit"":""ea140511b77935704e93d21c2973b72f46d48902"",""license"":""MIT""}"
vietjobs_vinuniversity,a69652019d02d5569a2ce5295120705b8f8aeadb67f4e085f17e54e6682d2e92,2025-10-31,Nhà phát triển Unity (Cấp giữa),Nhà phát triển Unity Cấp giữa ,mid,Ha Noi,3,3,"[""Unity"",""C++"",""C#"",""Java""]",20000000,25000000,công_nghệ_thông_tin_kỹ_thuật_số,"{""dataset"":""dinhieufam/VietJobs"",""dataset_commit"":""ea140511b77935704e93d21c2973b72f46d48902"",""license"":""MIT""}"
vietjobs_vinuniversity,a6fee3baa42a5bb126e3dce8ec7c7342b696ea3c55681dceb0dfd3b3136f0f90,2025-10-31,Nhân Viên Kinh Doanh B2B,Nhân Viên Kinh Doanh B2B,mid,Ha Noi,0,0,[],10000000,15000000,công_nghệ_thông_tin_kỹ_thuật_số,"{""dataset"":""dinhieufam/VietJobs"",""dataset_commit"":""ea140511b77935704e93d21c2973b72f46d48902"",""license"":""MIT""}"
vietjobs_vinuniversity,a75e846ba3cb62dcf60c1e35326e1537deb50febdeee06f036f9729ae1982f0c,2025-10-31,Thực Tập Sinh Video Editor,Thực Tập Sinh Video Editor,intern,Ha Noi,0,0,"[""Adobe Premiere"",""Capcut""]",2000000,5000000,công_nghệ_thông_tin_kỹ_thuật_số,"{""dataset"":""dinhieufam/VietJobs"",""dataset_commit"":""ea140511b77935704e93d21c2973b72f46d48902"",""license"":""MIT""}"
vietjobs_vinuniversity,a7b7c0b29bf7c0f9dd2dce589d915b36fcb0778a5bbe0bf944f5825cb480f396,2025-10-31,IT Support (Không Yêu Cầu Tiếng Anh),IT Support Không Yêu Cầu Tiếng Anh ,mid,Ha Noi,3,3,"[""Computer hardware"",""Software"",""Networks"",""Database maintenance"",""System security""]",12000000,18000000,công_nghệ_thông_tin_kỹ_thuật_số,"{""dataset"":""dinhieufam/VietJobs"",""dataset_commit"":""ea140511b77935704e93d21c2973b72f46d48902"",""license"":""MIT""}"
vietjobs_vinuniversity,a7fd942e2c3e1e16b460253fbe46e45afd66cedfbd5c7a9760804a4d781d5185,2025-10-31,Kỹ Sư Mạng & Bảo Mật Hệ Thống,Kỹ Sư Mạng & Bảo Mật Hệ Thống,mid,Ha Noi,2,2,"[""TCP/IP"",""IPv4"",""Switching/Routing"",""VPN"",""Cisco"",""Extreme"",""Juniper"",""Checkpoint"",""Fortinet"",""Palo Alto"",""Sonicwall""]",12000000,25000000,công_nghệ_thông_tin_kỹ_thuật_số,"{""dataset"":""dinhieufam/VietJobs"",""dataset_commit"":""ea140511b77935704e93d21c2973b72f46d48902"",""license"":""MIT""}"
vietjobs_vinuniversity,a834b9360072b246340ff8e4fb6c43d310e650d623c8fd02d31bac0f160b8751,2025-10-31,Kỹ Sư Lập Trình Hệ Thống Điều Khiển Chiếu Sáng,Kỹ Sư Lập Trình Hệ Thống Điều Khiển Chiếu Sáng,mid,Ho Chi Minh,3,3,"[""Lập trình hệ thống điều khiển chiếu sáng"",""Philips Dynalite"",""DMX"",""EnvisionProject"",""System Builder""]",20000000,30000000,công_nghệ_thông_tin_kỹ_thuật_số,"{""dataset"":""dinhieufam/VietJobs"",""dataset_commit"":""ea140511b77935704e93d21c2973b72f46d48902"",""license"":""MIT""}"
vietjobs_vinuniversity,a88d1bde5466a32ad0d6536497d23da6f3e599cb3bd20eff519ee7a43f86fa90,2025-10-31,Chuyên Viên Kinh Doanh Mạng Lưới Đối Tác,Chuyên Viên Kinh Doanh Mạng Lưới Đối Tác,mid,Ha Noi,0,0,"[""Kiến thức về Nguyên lý kế toán"",""Kinh nghiệm/ chứng chỉ đào tạo về Kế toán"",""Phần mềm""]",9000000,15000000,công_nghệ_thông_tin_kỹ_thuật_số,"{""dataset"":""dinhieufam/VietJobs"",""dataset_commit"":""ea140511b77935704e93d21c2973b72f46d48902"",""license"":""MIT""}"
vietjobs_vinuniversity,a8a1525620a959df5589d4e724d7fbf96f0d31cc8fa565b60de6a659ac4863d8,2025-10-31,Thực Tập Sinh IT Help Desk,Thực Tập Sinh IT Help Desk,intern,Ha Noi,0,0,"[""Cài đặt máy tính"",""Phần mềm"",""Thiết bị ngoại vi"",""Quản lý hệ thống CCTV"",""Quản lý hệ thống chấm công""]",8000000,12000000,công_nghệ_thông_tin_kỹ_thuật_số,"{""dataset"":""dinhieufam/VietJobs"",""dataset_commit"":""ea140511b77935704e93d21c2973b72f46d48902"",""license"":""MIT""}"
vietjobs_vinuniversity,a8be4376a07539c68064e9d5d68f6b1ea5b94c428ee5dd123e7e8b04e1d19779,2025-10-31,System Engineer,System Engineer,mid,Ha Noi,5,5,"[""PHP"",""Laravel""]",55000000,55000000,công_nghệ_thông_tin_kỹ_thuật_số,"{""dataset"":""dinhieufam/VietJobs"",""dataset_commit"":""ea140511b77935704e93d21c2973b72f46d48902"",""license"":""MIT""}"
vietjobs_vinuniversity,a96f0b767772f513d469ca4f1c25ce8dd0229cca25c6b26c04bd9a7e0698245a,2025-10-31,Nhân Viên Kinh Doanh Website,Nhân Viên Kinh Doanh Website,mid,Ha Noi,0,0,"[""Am hiểu về SEO"",""Digital Marketing""]",10000000,20000000,công_nghệ_thông_tin_kỹ_thuật_số,"{""dataset"":""dinhieufam/VietJobs"",""dataset_commit"":""ea140511b77935704e93d21c2973b72f46d48902"",""license"":""MIT""}"
vietjobs_vinuniversity,a98fc387b4c2fb874344cff3934ed9e3fc3630343cf47bcb5fe0eb732b6c5a62,2025-10-31,Lãnh đạo nhà phát triển Python,Lãnh đạo nhà phát triển Python,mid,Quận 7,3,3,"[""Python"",""Django"",""Fast API"",""MySQL"",""PostgreSQL"",""MongoDB"",""RESTful API"",""Docker"",""Nginx"",""Apache"",""Kibana"",""Elasticsearch"",""Kafka"",""CI/CD""]",25000000,35000000,công_nghệ_thông_tin_kỹ_thuật_số,"{""dataset"":""dinhieufam/VietJobs"",""dataset_commit"":""ea140511b77935704e93d21c2973b72f46d48902"",""license"":""MIT""}"
vietjobs_vinuniversity,a9bb94c41c831b6a772da828ea0628ba163467d0b91590074b28ee206ced1fc6,2025-10-31,Chuyên Viên E-Learning,Chuyên Viên E-Learning,mid,Hà Đông,0,0,"[""Kiến thức về hệ thống đào tạo trực tuyến"",""Sử dụng phần mềm Storyline"",""Kiến thức về chuẩn bài giảng trực tuyến như SCORM"",""Sử dụng Photoshop""]",8000000,11000000,công_nghệ_thông_tin_kỹ_thuật_số,"{""dataset"":""dinhieufam/VietJobs"",""dataset_commit"":""ea140511b77935704e93d21c2973b72f46d48902"",""license"":""MIT""}"
vietjobs_vinuniversity,aa27ac5d44c319fc833b9f9cf34a352b92ecfacf048a1917c92fb45e3c788b9c,2025-10-31,Kỹ Thuật Sửa Máy Tính - Lắp Camera,Kỹ Thuật Sửa Máy Tính - Lắp Camera,mid,Hà Đông,1,1,"[""Sửa chữa máy tính PC, laptop"",""Cài win, thay thế linh kiện"",""Hiểu biết về hệ thống Camera giám sát"",""Khảo sát lắp đặt Camera, Thiết bị mạng wifi""]",8000000,12000000,công_nghệ_thông_tin_kỹ_thuật_số,"{""dataset"":""dinhieufam/VietJobs"",""dataset_commit"":""ea140511b77935704e93d21c2973b72f46d48902"",""license"":""MIT""}"
vietjobs_vinuniversity,aa4533be87e2f08c60137aa74df191b27d0a543c16e832407900cdcc7ed8874d,2025-10-31,Nhân Viên Event Designer,Nhân Viên Event Designer,mid,Ha Noi,2,2,"[""Adobe Photoshop"",""Illustrator"",""InDesign"",""Figma""]",10000000,15000000,công_nghệ_thông_tin_kỹ_thuật_số,"{""dataset"":""dinhieufam/VietJobs"",""dataset_commit"":""ea140511b77935704e93d21c2973b72f46d48902"",""license"":""MIT""}"
vietjobs_vinuniversity,ab368c960f9600a489aa110c256493eedacb4de0b1677f456d9cfe5d3dea38f2,2025-10-31,Trò chơi 2D của Artist 2 (Từ Cấp cơ sở),Trò chơi 2D của Artist 2 Từ Cấp cơ sở ,mid,Ha Noi,1,1,"[""Photoshop""]",10000000,25000000,công_nghệ_thông_tin_kỹ_thuật_số,"{""dataset"":""dinhieufam/VietJobs"",""dataset_commit"":""ea140511b77935704e93d21c2973b72f46d48902"",""license"":""MIT""}"
vietjobs_vinuniversity,ab4483e80ac02b675a54b310a3d514817cfc9125c93797e40c1adcc642a0763f,2025-10-31,Thiết kế đồ họa,Thiết kế đồ họa,mid,Hà Đông,1,1,"[""Adobe Illustrator"",""Photoshop"",""CorelDRAW"",""InDesign"",""Midjourney"",""Firefly""]",10000000,12000000,công_nghệ_thông_tin_kỹ_thuật_số,"{""dataset"":""dinhieufam/VietJobs"",""dataset_commit"":""ea140511b77935704e93d21c2973b72f46d48902"",""license"":""MIT""}"
vietjobs_vinuniversity,ab76aa70c2a3a1bd53e5b166f4cd841f9e9d2d93581b408fd3240cd66472c14d,2025-10-31,Nhà phát triển FullStack,Fullstack Developer,mid,Ha Noi,2,2,"[""Java"",""Java Spring Boot"",""Angular"",""Python"",""API (Restful, SOAP)"",""SCM (Git, SVN)"",""IDE (Eclipse, IntelliJ, NetBeans)"",""Database (SQL, NoSQL)"",""Microservices"",""Jira"",""Redmine""]",18000000,28000000,công_nghệ_thông_tin_kỹ_thuật_số,"{""dataset"":""dinhieufam/VietJobs"",""dataset_commit"":""ea140511b77935704e93d21c2973b72f46d48902"",""license"":""MIT""}"
vietjobs_vinuniversity,ab8ad4a97e0c0a59612797799c4b974285afa05badd01aa4e3714c3a38849c6e,2025-10-31,Game 3D Artist,Game 3D Artist,mid,Ha Noi,1,1,"[""3D modeling"",""texture"",""rendering"",""Maya"",""3Dmax"",""Photoshop"",""Unity""]",10000000,25000000,công_nghệ_thông_tin_kỹ_thuật_số,"{""dataset"":""dinhieufam/VietJobs"",""dataset_commit"":""ea140511b77935704e93d21c2973b72f46d48902"",""license"":""MIT""}"
vietjobs_vinuniversity,abefc9d6f5a2ca6e647c4d6b66fdcb2e3ed546ade6b6148fc317a550e62b9e8d,2025-10-31,Nhân Viên Kinh Doanh Phân Phối Máy Tính,Nhân Viên Kinh Doanh Phân Phối Máy Tính,mid,Ha Noi,1,1,"[""Kiến thức về các sản phẩm Công nghệ thông tin""]",10000000,15000000,công_nghệ_thông_tin_kỹ_thuật_số,"{""dataset"":""dinhieufam/VietJobs"",""dataset_commit"":""ea140511b77935704e93d21c2973b72f46d48902"",""license"":""MIT""}"
vietjobs_vinuniversity,ac279e75177fe69c6b9dde1b8fcfaffc33d0f568497b19773212679ca9a6d4a7,2025-10-31,Nhân Viên Kinh Doanh/ Tư Vấn/ Sale Giải Pháp Phần Mềm (Nghỉ T7-CN) - Thu Nhập Hấp Dẫn,Nhân Viên Kinh Doanh/ Tư Vấn/ Sale Giải Pháp Phần Mềm Nghỉ T7-CN - Thu Nhập Hấp Dẫn,mid,"Hà Nội, Hồ Chí Minh",0,0,[],7000000,20000000,công_nghệ_thông_tin_kỹ_thuật_số,"{""dataset"":""dinhieufam/VietJobs"",""dataset_commit"":""ea140511b77935704e93d21c2973b72f46d48902"",""license"":""MIT""}"
vietjobs_vinuniversity,ac417c0bc05543d6df5dd9559b9fae6baec88c4fddda872dfe649732ec307160,2025-10-31,Hỗ trợ ứng dụng SAP (FICO) - Nói tiếng Pháp,Hỗ trợ ứng dụng SAP FICO - Nói tiếng Pháp,mid,Ho Chi Minh,3,3,"[""SAP FICO"",""Salesforce"",""Microsoft 365""]",28000000,32000000,công_nghệ_thông_tin_kỹ_thuật_số,"{""dataset"":""dinhieufam/VietJobs"",""dataset_commit"":""ea140511b77935704e93d21c2973b72f46d48902"",""license"":""MIT""}"
vietjobs_vinuniversity,acc6b022919727b651b46f9d71043d47aace385796b2ec02cddc1727fa20cfd8,2025-10-31,Giám đốc điều hành hỗ trợ Odoo ERP,Giám đốc điều hành hỗ trợ Odoo ERP,mid,Ho Chi Minh,1,1,"[""Odoo Enterprise"",""Python"",""Git"",""PostgreSQL"",""VS Code""]",14000000,17000000,công_nghệ_thông_tin_kỹ_thuật_số,"{""dataset"":""dinhieufam/VietJobs"",""dataset_commit"":""ea140511b77935704e93d21c2973b72f46d48902"",""license"":""MIT""}"
vietjobs_vinuniversity,ad5d482de7dbbd1c817e585a9144170d50e6cb08e864569327a5b74ea86dbeda,2025-10-31,Nhân Viên Kinh Doanh,Nhân Viên Kinh Doanh,mid,Ha Noi,0,0,[],9000000,9000000,công_nghệ_thông_tin_kỹ_thuật_số,"{""dataset"":""dinhieufam/VietJobs"",""dataset_commit"":""ea140511b77935704e93d21c2973b72f46d48902"",""license"":""MIT""}"
vietjobs_vinuniversity,ad98bc90160b3c8c44e554a6285aa318d64f61f41505b21b09ed3386e1cdea20,2025-10-31,Nhân Viên Tư Vấn Kinh Doanh Phần Mềm Bán Hàng,Nhân Viên Tư Vấn Kinh Doanh Phần Mềm Bán Hàng,mid,Bình Thạnh,0,0,[],15000000,30000000,công_nghệ_thông_tin_kỹ_thuật_số,"{""dataset"":""dinhieufam/VietJobs"",""dataset_commit"":""ea140511b77935704e93d21c2973b72f46d48902"",""license"":""MIT""}"
vietjobs_vinuniversity,adc542c43925cd9f61c2c8d02ea4d673e6604a179112238582767698f1aebb52,2025-10-31,Chuyên Viên Media Kiêm Thiết Kế,Chuyên Viên Media Kiêm Thiết Kế,mid,Ha Noi,2,2,"[""Kỹ năng sử dụng các thiết bị ghi hình cơ bản (Máy ảnh, máy quay, flycam, gymbal)"",""Sử dụng phần mềm: Premiere, After Effect"",""Biết dựng các hiệu ứng đồ họa title, slide ảnh, intro, animation đơn giản"",""Sử dụng Photoshop, Illustrator""]",15000000,18000000,công_nghệ_thông_tin_kỹ_thuật_số,"{""dataset"":""dinhieufam/VietJobs"",""dataset_commit"":""ea140511b77935704e93d21c2973b72f46d48902"",""license"":""MIT""}"
vietjobs_vinuniversity,add91156b7c6d99a9b92b151485dbb4e6832b324476d4542f241a2e0f06e724c,2025-10-31,Nhà phân tích kinh doanh,Nhà phân tích kinh doanh,mid,Ha Noi,2,2,"[""Phân tích nghiệp vụ"",""Xây dựng tài liệu nghiệp vụ người dùng"",""Mô tả chức năng"",""Vẽ mô hình quy trình"",""Sử dụng các ứng dụng văn phòng"",""Figma""]",23000000,23000000,công_nghệ_thông_tin_kỹ_thuật_số,"{""dataset"":""dinhieufam/VietJobs"",""dataset_commit"":""ea140511b77935704e93d21c2973b72f46d48902"",""license"":""MIT""}"
vietjobs_vinuniversity,ae2b275c819b90c225819838f134c359bb2a4b4efd0741a17348589bf612d85c,2025-10-31,"Lập Trình Viên Back-End Developer Node.Js, Nest",Backend Developer,mid,Ha Noi,2,2,"[""Node.js"",""NestJS"",""PostgreSQL"",""MongoDB"",""Git"",""RabbitMQ"",""Kafka"",""Redis""]",20000000,24000000,công_nghệ_thông_tin_kỹ_thuật_số,"{""dataset"":""dinhieufam/VietJobs"",""dataset_commit"":""ea140511b77935704e93d21c2973b72f46d48902"",""license"":""MIT""}"
vietjobs_vinuniversity,ae39ad6127820a4537ef2f089351d5b02f1c745291402d0758da375fd19f4234,2025-10-31,Họa Viên 3D Kiến Trúc,Họa Viên 3D Kiến Trúc,mid,Ho Chi Minh,2,2,"[""SketchUp"",""Rhino"",""D5"",""Lumion"",""V-ray"",""Corona"",""Photoshop"",""Illustrator"",""AutoCAD""]",10000000,14000000,công_nghệ_thông_tin_kỹ_thuật_số,"{""dataset"":""dinhieufam/VietJobs"",""dataset_commit"":""ea140511b77935704e93d21c2973b72f46d48902"",""license"":""MIT""}"
vietjobs_vinuniversity,af4ff8acd0c955e70810248bb89b90eeea18bbac1bb6cdfe6c394fbd9d3b9e75,2025-10-31,Nhân Viên Game Designer,Nhân Viên Game Designer,mid,Ha Noi,1,1,"[""Thiết kế Game"",""Game Engine (Unity, Unreal Engine, Godot, v.v.)"",""Lập trình (C#, C++, Java, Lua, v.v.)"",""Thiết kế Level"",""Thiết kế Gameplay""]",8000000,15000000,công_nghệ_thông_tin_kỹ_thuật_số,"{""dataset"":""dinhieufam/VietJobs"",""dataset_commit"":""ea140511b77935704e93d21c2973b72f46d48902"",""license"":""MIT""}"
vietjobs_vinuniversity,af5c1011d5bc53e33c88853c39164933c25cd4ec5ed7df38db5778b617e9dbff,2025-10-31,Kỹ sư AI (thông thạo tiếng Anh),Kỹ sư AI thông thạo tiếng Anh ,mid,Ha Noi,2,2,"[""OpenAI API"",""LangChain"",""LlamaIndex"",""Python"",""Node.js"",""Text-to-SQL"",""REST APIs"",""Vector DBs""]",15000000,40000000,công_nghệ_thông_tin_kỹ_thuật_số,"{""dataset"":""dinhieufam/VietJobs"",""dataset_commit"":""ea140511b77935704e93d21c2973b72f46d48902"",""license"":""MIT""}"
vietjobs_vinuniversity,afc802ffa560eea179c9b3516bb605c1812b20aa336bddd02c61a61b36cb73e6,2025-10-31,Nhân Viên IT Helpdesk,Nhân Viên IT Helpdesk,mid,Phú Thọ,2,2,"[""Hệ thống mạng LAN, WAN"",""Cài đặt mail Outlook"",""Quản trị các hệ thống của MS như AD, DNS, DHCP, file, TMG""]",9000000,12000000,công_nghệ_thông_tin_kỹ_thuật_số,"{""dataset"":""dinhieufam/VietJobs"",""dataset_commit"":""ea140511b77935704e93d21c2973b72f46d48902"",""license"":""MIT""}"
vietjobs_vinuniversity,b0166436d41150c3e3bd2fa631983e89058bc69ac7451f8d98610f850b1f7e1b,2025-10-31,Nhân Viên Thiết Kế,Nhân Viên Thiết Kế,mid,Tây Ninh,1,1,"[""AI"",""Photoshop"",""Corel""]",10000000,20000000,công_nghệ_thông_tin_kỹ_thuật_số,"{""dataset"":""dinhieufam/VietJobs"",""dataset_commit"":""ea140511b77935704e93d21c2973b72f46d48902"",""license"":""MIT""}"
vietjobs_vinuniversity,b04481f7f7d5df11cea5d5757cd59eb29de333c1399a788297a4b895bd162d4e,2025-10-31,"Nhân Viên CSKH - Mảng Công Nghệ, IT Support","Nhân Viên CSKH - Mảng Công Nghệ, IT Support",mid,Ha Noi,3,3,"[""Thành thạo công cụ quản lý công việc"",""Hệ thống CRM""]",13000000,16000000,công_nghệ_thông_tin_kỹ_thuật_số,"{""dataset"":""dinhieufam/VietJobs"",""dataset_commit"":""ea140511b77935704e93d21c2973b72f46d48902"",""license"":""MIT""}"
vietjobs_vinuniversity,b08a3ca7c1ecbd6aec4cd3ee68e87eb429496cc7a273c9467d9b72e18aa95304,2025-10-31,Designer - Thiết Kế POD 2D/3D,Designer - Thiết Kế POD 2D/3D,mid,Ha Noi,0,0,"[""Photoshop"",""AI""]",10000000,20000000,công_nghệ_thông_tin_kỹ_thuật_số,"{""dataset"":""dinhieufam/VietJobs"",""dataset_commit"":""ea140511b77935704e93d21c2973b72f46d48902"",""license"":""MIT""}"
vietjobs_vinuniversity,b0b40ccc7d470b286e3f48acf95bd58f815634ee8290bdb67cff0dd26183917d,2025-10-31,[Model App] - CVC Phân Tích Nghiệp Vụ, Model App - CVC Phân Tích Nghiệp Vụ,mid,Ha Noi,1,1,"[""SQL"",""VBA"",""Python"",""R"",""SAS""]",20000000,24000000,công_nghệ_thông_tin_kỹ_thuật_số,"{""dataset"":""dinhieufam/VietJobs"",""dataset_commit"":""ea140511b77935704e93d21c2973b72f46d48902"",""license"":""MIT""}"
vietjobs_vinuniversity,b0c2cbff9c9285fd78a2fda234c079e069338a60a2ce9d50f33a5c6a361e2fbc,2025-10-31,Nhân Viên Kinh Doanh - Telesale Phần Mềm,Nhân Viên Kinh Doanh - Telesale Phần Mềm,mid,"An Giang, An Giang",3,3,"[""Sử dụng chatGPT"",""Phần mềm AI hỗ trợ""]",7000000,9000000,công_nghệ_thông_tin_kỹ_thuật_số,"{""dataset"":""dinhieufam/VietJobs"",""dataset_commit"":""ea140511b77935704e93d21c2973b72f46d48902"",""license"":""MIT""}"
vietjobs_vinuniversity,b0f61ce07f5027f79bb7345639cbb8da55f30860adb281efe183ceefcf5d8bd7,2025-10-31,Nhân Viên Kĩ Thuật Hạ Tầng,Nhân Viên Kĩ Thuật Hạ Tầng,mid,Gia Lai,0,0,"[""Kiến thức về máy tính"",""Kinh nghiệm về mạng Internet""]",8000000,10000000,công_nghệ_thông_tin_kỹ_thuật_số,"{""dataset"":""dinhieufam/VietJobs"",""dataset_commit"":""ea140511b77935704e93d21c2973b72f46d48902"",""license"":""MIT""}"
vietjobs_vinuniversity,b14b709ffb24d08cfdcbae55a725bbfb82106c739fe6587e9ad33fcd36f820d4,2025-10-31,Chuyên Viên IT Helpdesk,Chuyên Viên IT Helpdesk,mid,"Thanh Hoá, Quảng Ninh",1,1,"[""Hệ thống phần cứng máy vi tính""]",15000000,20000000,công_nghệ_thông_tin_kỹ_thuật_số,"{""dataset"":""dinhieufam/VietJobs"",""dataset_commit"":""ea140511b77935704e93d21c2973b72f46d48902"",""license"":""MIT""}"
vietjobs_vinuniversity,b1ac2c3a9fc5b39ded014e21dc7b8d11bcaf52420185845a15609648b66541b6,2025-10-31,Chuyên Viên Thiết Kế Mảng Bất Động Sản Cao Cấp,Chuyên Viên Thiết Kế Mảng Bất Động Sản Cao Cấp,mid,Ho Chi Minh,2,2,"[""Photoshop"",""Illustrator"",""InDesign"",""Premiere"",""After Effects"",""CapCut"",""Canva Pro""]",12000000,15000000,công_nghệ_thông_tin_kỹ_thuật_số,"{""dataset"":""dinhieufam/VietJobs"",""dataset_commit"":""ea140511b77935704e93d21c2973b72f46d48902"",""license"":""MIT""}"
vietjobs_vinuniversity,b1d3b616e9c59655561dd986e0d59c711d71cc906d541b74201c9463e9b011fd,2025-10-31,Thiết kế đồ họa bán thời gian,Thiết kế đồ họa bán thời gian,mid,Ha Noi,0,0,"[""AI"",""Photoshop""]",4000000,6000000,công_nghệ_thông_tin_kỹ_thuật_số,"{""dataset"":""dinhieufam/VietJobs"",""dataset_commit"":""ea140511b77935704e93d21c2973b72f46d48902"",""license"":""MIT""}"
vietjobs_vinuniversity,b291123a1672f653e4ac9d05b503c41ad81a0ff9b9d5a4a0349dba8d93f61f24,2025-10-31,"Nhà phân tích kinh doanh (LOS, Core)","Nhà phân tích kinh doanh LOS, Core ",mid,Ha Noi,3,3,"[""Phân tích nghiệp vụ"",""Mô hình hóa yêu cầu"",""Kiến trúc Microservice""]",25000000,45000000,công_nghệ_thông_tin_kỹ_thuật_số,"{""dataset"":""dinhieufam/VietJobs"",""dataset_commit"":""ea140511b77935704e93d21c2973b72f46d48902"",""license"":""MIT""}"
vietjobs_vinuniversity,b303740b408d0e71aec969fc91f95dfc6805841ebf75121325a2e2b5dbf60ef5,2025-10-31,Trưởng Nhóm Giải Pháp CNTT,Trưởng Nhóm Giải Pháp CNTT,mid,Ha Noi,2,2,"[""Kiến trúc hệ thống phần mềm"",""Bảo mật"",""Phát triển phần mềm: Agile, Scrum, Waterfall"",""Phân tích nghiệp vụ"",""Thiết kế giải pháp kỹ thuật""]",15000000,25000000,công_nghệ_thông_tin_kỹ_thuật_số,"{""dataset"":""dinhieufam/VietJobs"",""dataset_commit"":""ea140511b77935704e93d21c2973b72f46d48902"",""license"":""MIT""}"
vietjobs_vinuniversity,b3185e6d4a9c8ce4d5e4fa01dada0a5d2123fe58c4a12aeb91b383d9df8e88b7,2025-10-31,Nhân Viên Tư Vấn Marketing Web,Nhân Viên Tư Vấn Marketing Web,mid,Ho Chi Minh,0,0,[],9000000,25000000,công_nghệ_thông_tin_kỹ_thuật_số,"{""dataset"":""dinhieufam/VietJobs"",""dataset_commit"":""ea140511b77935704e93d21c2973b72f46d48902"",""license"":""MIT""}"
vietjobs_vinuniversity,b34865f03bf04fecf533b564d0a4ec07e402949781f262283238d8c3270236e7,2025-10-31,Nhà phân tích kinh doanh trung bình,Nhà phân tích kinh doanh trung bình,mid,Ha Noi,3,3,"[""Figma"",""Draw.io""]",25000000,25000000,công_nghệ_thông_tin_kỹ_thuật_số,"{""dataset"":""dinhieufam/VietJobs"",""dataset_commit"":""ea140511b77935704e93d21c2973b72f46d48902"",""license"":""MIT""}"
vietjobs_vinuniversity,b380b6bad0cae2cd92d5808b8242ad8e510eea42255e4ff71a4916af1f5ab232,2025-10-31,Devops Engineer,DevOps Engineer,mid,Ha Noi,3,3,"[""CI/CD"",""Security-as-Code"",""SAST"",""SCA"",""DAST"",""AWS"",""GCP"",""Azure"",""Docker"",""Kubernetes"",""Bash"",""Python""]",20000000,25000000,công_nghệ_thông_tin_kỹ_thuật_số,"{""dataset"":""dinhieufam/VietJobs"",""dataset_commit"":""ea140511b77935704e93d21c2973b72f46d48902"",""license"":""MIT""}"
vietjobs_vinuniversity,b3afe05dadf709690421bd3e145721b46147c186a70805c9ed4b4cfa82ef1d17,2025-10-31,Chuyên Viên Kinh Doanh (B2G),Chuyên Viên Kinh Doanh B2G ,mid,Ha Noi,2,2,"[""Kiến thức về các giải pháp công nghệ"",""Phần mềm và phần cứng""]",15000000,30000000,công_nghệ_thông_tin_kỹ_thuật_số,"{""dataset"":""dinhieufam/VietJobs"",""dataset_commit"":""ea140511b77935704e93d21c2973b72f46d48902"",""license"":""MIT""}"
vietjobs_vinuniversity,b3da8a6f16da3cfaf491c5fbf22181ba570b08aca6b37ebef5c489e8d13f5c41,2025-10-31,Nhân Viên Cross Sales,Nhân Viên Cross Sales,mid,Ho Chi Minh,1,1,"[""Kỹ năng chăm sóc khách hàng"",""Kỹ năng bán hàng"",""Kỹ năng đàm phán"",""Kỹ năng thuyết phục""]",12000000,15000000,công_nghệ_thông_tin_kỹ_thuật_số,"{""dataset"":""dinhieufam/VietJobs"",""dataset_commit"":""ea140511b77935704e93d21c2973b72f46d48902"",""license"":""MIT""}"
vietjobs_vinuniversity,b3e4537d6fd9a9d3afba41766e157b683a7acb8ad2ce50fa8a033c89680101ee,2025-10-31,NodeJS Developer,NodeJS Developer,mid,Ha Noi,2,2,"[""Node.js"",""ExpressJS"",""NestJS"",""n8n opensouce"",""SQL Server"",""PostgreSQL"",""JavaScript"",""TypeScript"",""CSS"",""HTML"",""Bootstrap"",""API"",""SOAP"",""Rest"",""Git"",""Bitbucket""]",15000000,25000000,công_nghệ_thông_tin_kỹ_thuật_số,"{""dataset"":""dinhieufam/VietJobs"",""dataset_commit"":""ea140511b77935704e93d21c2973b72f46d48902"",""license"":""MIT""}"
vietjobs_vinuniversity,b3f19e3c5c20f8225e826ee09f3c89eef79b28c31ac030f780c7d4f155645e15,2025-10-31,Quản Lý Sản Phẩm,Quản Lý Sản Phẩm,mid,Ha Noi,3,3,"[""Hệ thống Core Banking"",""AI"",""Big Data"",""Machine Learning""]",35000000,50000000,công_nghệ_thông_tin_kỹ_thuật_số,"{""dataset"":""dinhieufam/VietJobs"",""dataset_commit"":""ea140511b77935704e93d21c2973b72f46d48902"",""license"":""MIT""}"
vietjobs_vinuniversity,b4004739adb579b9383642e8e7394e8c0db2334e2a246fa6134d308dcad62edc,2025-10-31,Chuyên Viên Vận Hành ERP,Chuyên Viên Vận Hành ERP,mid,Ho Chi Minh,0,0,"[""ERP"",""Phần mềm kế toán"",""HRM"",""CRM""]",12000000,20000000,công_nghệ_thông_tin_kỹ_thuật_số,"{""dataset"":""dinhieufam/VietJobs"",""dataset_commit"":""ea140511b77935704e93d21c2973b72f46d48902"",""license"":""MIT""}"
vietjobs_vinuniversity,b421d9b8d22886efb5da7240020316400c61796faa1086af5c928b69f55828e3,2025-10-31,Nhân Viên Thiết Kế Đồ Họa,Nhân Viên Thiết Kế Đồ Họa,mid,Ho Chi Minh,2,2,"[""AI"",""Photoshop"",""InDesign""]",10000000,15000000,công_nghệ_thông_tin_kỹ_thuật_số,"{""dataset"":""dinhieufam/VietJobs"",""dataset_commit"":""ea140511b77935704e93d21c2973b72f46d48902"",""license"":""MIT""}"
vietjobs_vinuniversity,b46f40dac728b106c8b9c555b40dfe120235592cd99db8dfc07c9b0c21e031e5,2025-10-31,Nhà phát triển / nhà phát triển ứng dụng di động,Nhà phát triển / nhà phát triển ứng dụng di động,mid,Ha Noi,3,3,"[""Java"",""Kotlin"",""Swift"",""Flutter"",""React Native""]",20000000,25000000,công_nghệ_thông_tin_kỹ_thuật_số,"{""dataset"":""dinhieufam/VietJobs"",""dataset_commit"":""ea140511b77935704e93d21c2973b72f46d48902"",""license"":""MIT""}"
vietjobs_vinuniversity,b4cfecf99880f7e0bdea61c8ab85ae1cab277667e06c80c8365d940af964dd37,2025-10-31,Golang Backend,Backend Developer,mid,Hà Đông,2,2,"[""Golang"",""PostgreSQL"",""Redis"",""RESTful API"",""RabbitMQ"",""Kafka"",""GitHub"",""GitLab""]",20000000,30000000,công_nghệ_thông_tin_kỹ_thuật_số,"{""dataset"":""dinhieufam/VietJobs"",""dataset_commit"":""ea140511b77935704e93d21c2973b72f46d48902"",""license"":""MIT""}"
vietjobs_vinuniversity,b5192af46eb1969720756d01a9c9251041ae100c4b13e8982b89f310134ccf41,2025-10-31,Trưởng Nhóm Kiểm Thử,Trưởng Nhóm Kiểm Thử,mid,Ha Noi,3,3,"[""Jira"",""TestRail"",""Zephyr""]",15000000,25000000,công_nghệ_thông_tin_kỹ_thuật_số,"{""dataset"":""dinhieufam/VietJobs"",""dataset_commit"":""ea140511b77935704e93d21c2973b72f46d48902"",""license"":""MIT""}"
vietjobs_vinuniversity,b5604f9abf306f2a204b812982b5870ff2311a37f7d7e10a0e94e93eed6c2019,2025-10-31,Chuyên Viên Hỗ Trợ Mạng (Network Monitor),Chuyên Viên Hỗ Trợ Mạng Network Monitor ,mid,Ha Noi,0,0,"[""Kiến thức cơ bản về network"",""Mô hình mạng"",""Giao thức mạng"",""Xử lý các lỗi cơ bản về mạng LAN, WAN"",""Giao thức Layer 02 (VLAN, ARP table, LACP, STP...)"",""Giao thức Layer 03 (Static, RIP, OSPF, IS-IS...)"",""Dịch vụ L2VPN, L3VPN, VPN over Internet""]",12000000,12000000,công_nghệ_thông_tin_kỹ_thuật_số,"{""dataset"":""dinhieufam/VietJobs"",""dataset_commit"":""ea140511b77935704e93d21c2973b72f46d48902"",""license"":""MIT""}"
vietjobs_vinuniversity,b5d3e2e0a965ce77623840979c1b7c34890d6eaf245bcfed32d4fd026bfa7b67,2025-10-31,Thực Tập Sinh Thiết Kế,Thực Tập Sinh Thiết Kế,intern,Ha Noi,0,0,"[""Illustrator"",""Photoshop""]",3000000,4000000,công_nghệ_thông_tin_kỹ_thuật_số,"{""dataset"":""dinhieufam/VietJobs"",""dataset_commit"":""ea140511b77935704e93d21c2973b72f46d48902"",""license"":""MIT""}"
vietjobs_vinuniversity,b5ef8bbf8bc74a7d9ab8b15f93a24cc07f8366fff2ee4e0210f41e24d5bbe2da,2025-10-31,Phát triển kinh doanh tươi hơn,Phát triển kinh doanh tươi hơn,mid,Ha Noi,1,1,"[""Excellent knowledge in MS Office"",""Proficient in using marketing tools""]",7000000,8000000,công_nghệ_thông_tin_kỹ_thuật_số,"{""dataset"":""dinhieufam/VietJobs"",""dataset_commit"":""ea140511b77935704e93d21c2973b72f46d48902"",""license"":""MIT""}"
vietjobs_vinuniversity,b6368223ffa4be8de379709568dee10923646923d0a9548b52390b444853b4ac,2025-10-31,Ứng dụng di động kiếm tiền ADS (Fresher),Ứng dụng di động kiếm tiền ADS Fresher ,fresher,Ha Noi,0,0,"[""Phân tích sản phẩm và thị trường mobile app"",""Setup Waterfall, A/B testing trên Admob mediation, MAX mediation, ironSource mediation""]",7000000,15000000,công_nghệ_thông_tin_kỹ_thuật_số,"{""dataset"":""dinhieufam/VietJobs"",""dataset_commit"":""ea140511b77935704e93d21c2973b72f46d48902"",""license"":""MIT""}"
vietjobs_vinuniversity,b63a7a38f03fce34474e0f13e38a9ffa0a6144e4a26e7c6d984d4b1f9b2c3d50,2025-10-31,Nhân Viên Kinh Doanh Phần Mềm,Nhân Viên Kinh Doanh Phần Mềm,mid,Ho Chi Minh,0,0,[],15000000,30000000,công_nghệ_thông_tin_kỹ_thuật_số,"{""dataset"":""dinhieufam/VietJobs"",""dataset_commit"":""ea140511b77935704e93d21c2973b72f46d48902"",""license"":""MIT""}"
vietjobs_vinuniversity,b63e4024280e49d36b978a2daaaf3129c770be0029729bd73c1cde89a1aeeb9f,2025-10-31,Nhân Viên Tư Vấn,Nhân Viên Tư Vấn,mid,Ho Chi Minh,0,0,"[""Tin học văn phòng cơ bản""]",6000000,16000000,công_nghệ_thông_tin_kỹ_thuật_số,"{""dataset"":""dinhieufam/VietJobs"",""dataset_commit"":""ea140511b77935704e93d21c2973b72f46d48902"",""license"":""MIT""}"
vietjobs_vinuniversity,b68bc1d5ce0de1a00a7cde3b56073e4df519a4ca47b50425cd093d6c379cca2e,2025-10-31,Nhân Viên Thiết Kế Đồ Họa,Nhân Viên Thiết Kế Đồ Họa,mid,Ha Noi,0,0,"[""AL"",""AI"",""PR"",""Photoshop"",""tin học văn phòng""]",15000000,20000000,công_nghệ_thông_tin_kỹ_thuật_số,"{""dataset"":""dinhieufam/VietJobs"",""dataset_commit"":""ea140511b77935704e93d21c2973b72f46d48902"",""license"":""MIT""}"
vietjobs_vinuniversity,b71d8125cf3d7281a609f8d9cff468161727e855829648d12cd993b21290abfd,2025-10-31,Senior Designer Executive,Senior Designer Executive,senior,Ha Noi,3,3,"[""Photoshop"",""Illustrator"",""Figma"",""motion design""]",15000000,18000000,công_nghệ_thông_tin_kỹ_thuật_số,"{""dataset"":""dinhieufam/VietJobs"",""dataset_commit"":""ea140511b77935704e93d21c2973b72f46d48902"",""license"":""MIT""}"
vietjobs_vinuniversity,b7675ddfbd92a460d2236a5223b1e86cffe421c2027cd0a1416d9ddbef004672,2025-10-31,"Chuyên Viên Thiết Kế 2D (Mảng Hình In, Thêu...)","Chuyên Viên Thiết Kế 2D Mảng Hình In, Thêu... ",mid,Ha Noi,2,2,"[""AI"",""Photoshop"",""Vẽ trên máy"",""Biết 3D""]",13000000,18000000,công_nghệ_thông_tin_kỹ_thuật_số,"{""dataset"":""dinhieufam/VietJobs"",""dataset_commit"":""ea140511b77935704e93d21c2973b72f46d48902"",""license"":""MIT""}"
vietjobs_vinuniversity,b783da5a5366a188d083d986a17676e25c862cab38293cb1a43d305497049203,2025-10-31,Thiết kế đồ họa,Thiết kế đồ họa,mid,Ho Chi Minh,0,0,"[""Adobe Illustrator"",""Photoshop""]",10000000,12000000,công_nghệ_thông_tin_kỹ_thuật_số,"{""dataset"":""dinhieufam/VietJobs"",""dataset_commit"":""ea140511b77935704e93d21c2973b72f46d48902"",""license"":""MIT""}"
vietjobs_vinuniversity,b7b1f082275bb7a1fb3ee9bc88f72d3be316626041b6de4ccecca0c96027ddb1,2025-10-31,Trưởng Nhóm Lập Trình,Trưởng Nhóm Lập Trình,mid,Ha Noi,5,5,"[""Spring cloud Framework"",""Java"","".Net Core"",""Gitlab"",""jQuery"",""Oracle"",""REST API"",""SOAP"",""Microservice"",""API Gateway"",""My SQL""]",30000000,40000000,công_nghệ_thông_tin_kỹ_thuật_số,"{""dataset"":""dinhieufam/VietJobs"",""dataset_commit"":""ea140511b77935704e93d21c2973b72f46d48902"",""license"":""MIT""}"
vietjobs_vinuniversity,b8d513348f476386ebea44b87a50290cb18f4f2b3341ccf70a41f52b2115f2ec,2025-10-31,Nhà phân tích kinh doanh,Nhà phân tích kinh doanh,mid,Ho Chi Minh,3,3,"[""Odoo"",""ERP""]",20000000,45000000,công_nghệ_thông_tin_kỹ_thuật_số,"{""dataset"":""dinhieufam/VietJobs"",""dataset_commit"":""ea140511b77935704e93d21c2973b72f46d48902"",""license"":""MIT""}"
vietjobs_vinuniversity,b8f69dc28988a506a181fb748dff2b783cd5301004e3f4e416003a1232a0f021,2025-10-31,Kiểm tra tự động hóa giữa (tiếng Anh),Kiểm tra tự động hóa giữa tiếng Anh ,mid,Ho Chi Minh,3,3,"[""Katalon"",""Groovy"",""SmartLocator"",""Git"",""AI practices: Github Copilot"",""K6"",""Apache JMeter"",""WebLOAD"",""NeoLoad""]",40000000,40000000,công_nghệ_thông_tin_kỹ_thuật_số,"{""dataset"":""dinhieufam/VietJobs"",""dataset_commit"":""ea140511b77935704e93d21c2973b72f46d48902"",""license"":""MIT""}"
vietjobs_vinuniversity,b9299400ed3e03f2b6c884e86f49de763c7deee3db5cae7112a84a59fe93ff34,2025-10-31,Thực Tập Lập Trình Unity Game,Thực Tập Lập Trình Unity Game,intern,Nam Từ Liêm,0,0,"[""Lập trình Game 3D bằng Unity"",""C#"",""Kiến thức về Design Pattern"",""Kiến thức về thuật toán"",""Lập trình hướng đối tượng"",""Cấu trúc dữ liệu""]",4000000,4000000,công_nghệ_thông_tin_kỹ_thuật_số,"{""dataset"":""dinhieufam/VietJobs"",""dataset_commit"":""ea140511b77935704e93d21c2973b72f46d48902"",""license"":""MIT""}"
vietjobs_vinuniversity,b9b53cb132f3a0a2f5c2cc8ddcd3494242ebb3d469c68ce6f839044d99adfbdb,2025-10-31,Nhân Viên Sale,Nhân Viên Sale,mid,Ho Chi Minh,1,1,"[""Thành thạo vi tính văn phòng"",""PowerPoint"",""E-mail""]",8000000,15000000,công_nghệ_thông_tin_kỹ_thuật_số,"{""dataset"":""dinhieufam/VietJobs"",""dataset_commit"":""ea140511b77935704e93d21c2973b72f46d48902"",""license"":""MIT""}"
vietjobs_vinuniversity,ba06498433c5278916dd85072bef6341d4bf96a2cfcb13a9fba8228caa12a388,2025-10-31,Chuyên Viên Thiết Kế,Chuyên Viên Thiết Kế,mid,Ha Noi,2,2,"[""Adobe Photoshop"",""Illustrator"",""InDesign"",""Figma"",""After Effects"",""Premiere""]",13000000,18000000,công_nghệ_thông_tin_kỹ_thuật_số,"{""dataset"":""dinhieufam/VietJobs"",""dataset_commit"":""ea140511b77935704e93d21c2973b72f46d48902"",""license"":""MIT""}"
vietjobs_vinuniversity,ba08952aaa79c75bea5729c8b589229a3ca8bd3c3f620b6e1a43056a59459209,2025-10-31,Chủ sở hữu sản phẩm (ứng dụng di động),Chủ sở hữu sản phẩm ứng dụng di động ,mid,Ha Noi,1,1,"[""Firebase"",""Google Analytics"",""Data studio"",""SQL"",""A/B testing""]",15000000,30000000,công_nghệ_thông_tin_kỹ_thuật_số,"{""dataset"":""dinhieufam/VietJobs"",""dataset_commit"":""ea140511b77935704e93d21c2973b72f46d48902"",""license"":""MIT""}"
vietjobs_vinuniversity,ba4cdbf2f7498794017a67c3b7627e561259d9b5d7ca74cc74344d45d501e1c7,2025-10-31,Senior Java Developer,Senior Java Developer,senior,Ho Chi Minh,5,5,"[""Java"",""Spring Framework"",""Spring Boot"",""Spring Cloud"",""Spring Data"",""Spring Security"",""Cloud service (AWS, Azure)"",""Microservices""]",40000000,40000000,công_nghệ_thông_tin_kỹ_thuật_số,"{""dataset"":""dinhieufam/VietJobs"",""dataset_commit"":""ea140511b77935704e93d21c2973b72f46d48902"",""license"":""MIT""}"
vietjobs_vinuniversity,ba5a43149deb68a672734f94eb6b646bb58b53c4e1dbed2fee3b3304b2950887,2025-10-31,Thiết kế đồ họa,Thiết kế đồ họa,mid,Ha Noi,1,1,"[""Photoshop"",""AI""]",9000000,10000000,công_nghệ_thông_tin_kỹ_thuật_số,"{""dataset"":""dinhieufam/VietJobs"",""dataset_commit"":""ea140511b77935704e93d21c2973b72f46d48902"",""license"":""MIT""}"
vietjobs_vinuniversity,ba6f5bac3ac03febdbab1d92e95eb3d431400fe40375b254a03d7dc781c6a4d3,2025-10-31,Nhà phân tích kinh doanh,Nhà phân tích kinh doanh,mid,Ha Noi,2,2,"[""UML"",""Figma""]",17000000,22000000,công_nghệ_thông_tin_kỹ_thuật_số,"{""dataset"":""dinhieufam/VietJobs"",""dataset_commit"":""ea140511b77935704e93d21c2973b72f46d48902"",""license"":""MIT""}"
vietjobs_vinuniversity,bae7c257307314c6b5b3e8d06a545d55f0ae476b3fee4d641e90f4de9d3b3313,2025-10-31,Kỹ Thuật Viên Lập Trình CNC,Kỹ Thuật Viên Lập Trình CNC,mid,Ha Noi,0,0,"[""Lập trình CNC"",""Sử dụng phần mềm lập trình CNC""]",6000000,15000000,công_nghệ_thông_tin_kỹ_thuật_số,"{""dataset"":""dinhieufam/VietJobs"",""dataset_commit"":""ea140511b77935704e93d21c2973b72f46d48902"",""license"":""MIT""}"
vietjobs_vinuniversity,bb2513399912bf5d1c72b958065fbf1d4d0049ddf2d84a1f327049056d816880,2025-10-31,Nhân Viên Nhập Liệu,Nhân Viên Nhập Liệu,mid,Ho Chi Minh,0,0,"[""Kỹ năng máy tính văn phòng""]",8000000,15000000,công_nghệ_thông_tin_kỹ_thuật_số,"{""dataset"":""dinhieufam/VietJobs"",""dataset_commit"":""ea140511b77935704e93d21c2973b72f46d48902"",""license"":""MIT""}"
vietjobs_vinuniversity,bb6e595cc87f1f869b6b8efd302d7f70f1ba0b30399e2258ab79a68d7b633377,2025-10-31,Nhân Viên Kỹ Thuật Máy Tính,Nhân Viên Kỹ Thuật Máy Tính,mid,Ha Noi,1,1,"[""Kiến thức về mạng máy tính"",""Khắc phục sự cố phần cứng máy tính"",""Khắc phục sự cố phần mềm máy tính"",""Cài đặt hệ điều hành"",""Cài đặt và cấu hình phần mềm""]",7000000,7000000,công_nghệ_thông_tin_kỹ_thuật_số,"{""dataset"":""dinhieufam/VietJobs"",""dataset_commit"":""ea140511b77935704e93d21c2973b72f46d48902"",""license"":""MIT""}"
vietjobs_vinuniversity,bb8402250ae44ad373cb0c9c69c4e1fa6fd2631eb0262dfd7188185fb49d5d33,2025-10-31,Nhân Viên Tester (QC/ Tester),Nhân Viên Tester QC/ Tester ,mid,Ha Noi,1,1,"[""Kinh nghiệm test ít nhất 1 năm"",""Có khả năng lên Testcase"",""Có khả năng test qua API""]",10000000,15000000,công_nghệ_thông_tin_kỹ_thuật_số,"{""dataset"":""dinhieufam/VietJobs"",""dataset_commit"":""ea140511b77935704e93d21c2973b72f46d48902"",""license"":""MIT""}"
vietjobs_vinuniversity,bbbfc62235c3232367224176883f7b18df43a77a6433359cf6cbfbf8e4852368,2025-10-31,Chuyên Viên Thiết Kế,Chuyên Viên Thiết Kế,mid,Ha Noi,2,2,"[""Adobe Illustrator"",""Adobe Photoshop"",""Adobe After Effects"",""Adobe Premiere""]",13000000,18000000,công_nghệ_thông_tin_kỹ_thuật_số,"{""dataset"":""dinhieufam/VietJobs"",""dataset_commit"":""ea140511b77935704e93d21c2973b72f46d48902"",""license"":""MIT""}"
vietjobs_vinuniversity,bc68cf25398fb840efbe9185a4cda67527d39b8892b57874e2aa0d9abdb64c7f,2025-10-31,Nhân Viên Telesale Tư Vấn Dvụ Website/Marketing,Nhân Viên Telesale Tư Vấn Dvụ Website/Marketing,mid,Ho Chi Minh,0,0,[],7000000,15000000,công_nghệ_thông_tin_kỹ_thuật_số,"{""dataset"":""dinhieufam/VietJobs"",""dataset_commit"":""ea140511b77935704e93d21c2973b72f46d48902"",""license"":""MIT""}"
vietjobs_vinuniversity,bc961a710fc2010ce75ee9f60dfa291c1f7d308661ef12bd3fb6a3e8cf21483a,2025-10-31,Chuyên Viên Triển Khai & Vận Hành Phần Mềm Odoo,Chuyên Viên Triển Khai & Vận Hành Phần Mềm Odoo,mid,Ha Noi,1,1,"[""Triển khai Odoo"",""Cấu hình Odoo"",""Quản trị Odoo"",""Khắc phục sự cố Odoo"",""Kiến thức về cơ sở dữ liệu (PostgreSQL)""]",10000000,20000000,công_nghệ_thông_tin_kỹ_thuật_số,"{""dataset"":""dinhieufam/VietJobs"",""dataset_commit"":""ea140511b77935704e93d21c2973b72f46d48902"",""license"":""MIT""}"
vietjobs_vinuniversity,bc96d40b83af7d717b705432a56e262d2a6891bc88b0c74d1bdb07863fe18113,2025-10-31,Chủ sở hữu sản phẩm/Quản lý dự án,Chủ sở hữu sản phẩm/Quản lý dự án,mid,Ha Noi,3,3,"[""Microsoft Offices"",""Figma"",""Lucidchart"",""Whimsical""]",15000000,25000000,công_nghệ_thông_tin_kỹ_thuật_số,"{""dataset"":""dinhieufam/VietJobs"",""dataset_commit"":""ea140511b77935704e93d21c2973b72f46d48902"",""license"":""MIT""}"
vietjobs_vinuniversity,bc9d0fc362f3d9383a95913944dfb8fa3ce8d6347f5ceec6f8d4188f2f081df6,2025-10-31,Nhân Viên Giám Sát Camera,Nhân Viên Giám Sát Camera,mid,Thái Nguyên,1,1,"[""Hệ thống CCTV"",""Mạng LAN"",""Lưu trữ video"",""Máy tính"",""Phần mềm giám sát camera""]",9000000,11000000,công_nghệ_thông_tin_kỹ_thuật_số,"{""dataset"":""dinhieufam/VietJobs"",""dataset_commit"":""ea140511b77935704e93d21c2973b72f46d48902"",""license"":""MIT""}"
vietjobs_vinuniversity,bca13c18c1c999ec1c2041004b51b9f64a722179d8cf7f02b61ff3f7f6cdce24,2025-10-31,Lập Trình Viên Back-End,Backend Developer,mid,Ha Noi,2,2,"[""Java"",""Spring Framework"",""Oracle"",""MySQL"",""SQL Server"",""PostgreSQL"",""MongoDB"",""Redis"",""Memcached"",""Kafka"",""Elasticsearch"",""GIT""]",12000000,25000000,công_nghệ_thông_tin_kỹ_thuật_số,"{""dataset"":""dinhieufam/VietJobs"",""dataset_commit"":""ea140511b77935704e93d21c2973b72f46d48902"",""license"":""MIT""}"
vietjobs_vinuniversity,bcbc76856a7a4581bf2a4396ea3f05fd2abcae381f79bbaec26e3d013f6ff25d,2025-10-31,Phân tích dữ liệu lãnh đạo dự án,Phân tích dữ liệu lãnh đạo dự án,mid,Ho Chi Minh,5,5,"[""Power BI"",""SQL"",""Azure (Microsoft Fabric, Azure Synapse, Databricks, Azure Data Factory)""]",80000000,80000000,công_nghệ_thông_tin_kỹ_thuật_số,"{""dataset"":""dinhieufam/VietJobs"",""dataset_commit"":""ea140511b77935704e93d21c2973b72f46d48902"",""license"":""MIT""}"
vietjobs_vinuniversity,be12e30272b1d79d32b66a9b9a31ae3c986554ecca9b0afffe9b876b9f35ff1d,2025-10-31,3D Quality Executive / Kiểm Soát Chất Lượng Ảnh 3D Visualization,3D Quality Executive / Kiểm Soát Chất Lượng Ảnh 3D Visualization,mid,Ha Noi,0,0,"[""Kinh nghiệm làm việc liên quan đến sản xuất/ chỉnh sửa 3D""]",10000000,15000000,công_nghệ_thông_tin_kỹ_thuật_số,"{""dataset"":""dinhieufam/VietJobs"",""dataset_commit"":""ea140511b77935704e93d21c2973b72f46d48902"",""license"":""MIT""}"
vietjobs_vinuniversity,be1dd1d4295f7ec1f6f54848e7c2217a3199e89a89faaf1b3028f789a4efea6e,2025-10-31,UI/UX Designer - Mobile App,UI/UX Designer - Mobile App,mid,Ha Noi,3,3,"[""Photoshop"",""AI""]",15000000,25000000,công_nghệ_thông_tin_kỹ_thuật_số,"{""dataset"":""dinhieufam/VietJobs"",""dataset_commit"":""ea140511b77935704e93d21c2973b72f46d48902"",""license"":""MIT""}"
vietjobs_vinuniversity,beb9d1a696d6296c29d7dabd8cef88c851ffa4f9467932410e68896886bb4407,2025-10-31,Nhà phát triển Sitecore,Nhà phát triển Sitecore,mid,Ha Noi,3,3,"[""Sitecore CMS"",""C#"",""ASP.NET MVC/Web API"",""SQL Server"",""HTML"",""CSS"",""JavaScript""]",50000000,50000000,công_nghệ_thông_tin_kỹ_thuật_số,"{""dataset"":""dinhieufam/VietJobs"",""dataset_commit"":""ea140511b77935704e93d21c2973b72f46d48902"",""license"":""MIT""}"
vietjobs_vinuniversity,bebcea1f75adaaedfeef9ab35ed96d733c4eeac608d3328ab22a2392f35fcf29,2025-10-31,Nhà phát triển Unity (Casual/Puzze) - Junior/Middle,Junior Nhà phát triển Unity Casual/Puzze - Junior/Middle,junior,Ha Noi,1,1,"[""C#"",""Unity"",""OOP"",""design pattern"",""animations"",""effects & particles"",""physics""]",30000000,30000000,công_nghệ_thông_tin_kỹ_thuật_số,"{""dataset"":""dinhieufam/VietJobs"",""dataset_commit"":""ea140511b77935704e93d21c2973b72f46d48902"",""license"":""MIT""}"
vietjobs_vinuniversity,bebd4685151630d628abdc62440bf48d040d681351e907c1fd9635052287ab12,2025-10-31,Android Developer (Kotlin),Mobile Developer,mid,Ho Chi Minh,3,3,"[""Kotlin"",""Swift"",""Objective-C"",""Jetpack Compose"",""Coroutines"",""Flow""]",25000000,40000000,công_nghệ_thông_tin_kỹ_thuật_số,"{""dataset"":""dinhieufam/VietJobs"",""dataset_commit"":""ea140511b77935704e93d21c2973b72f46d48902"",""license"":""MIT""}"
vietjobs_vinuniversity,bee485c01b66371fc1d1ab505f4a2cd3730a8448cd5db0e8b480f1b10105ed3c,2025-10-31,Chuyên Viên Kinh Doanh Phần Mềm Kiotviet,Chuyên Viên Kinh Doanh Phần Mềm Kiotviet,mid,Thái Nguyên,0,0,"[""Tin học văn phòng""]",15000000,30000000,công_nghệ_thông_tin_kỹ_thuật_số,"{""dataset"":""dinhieufam/VietJobs"",""dataset_commit"":""ea140511b77935704e93d21c2973b72f46d48902"",""license"":""MIT""}"
vietjobs_vinuniversity,bef73f00b225173b1c7bf1e88b75c79ff9a3255df2026213749cc1c02f7e9eaf,2025-10-31,Middle Java Developer,Middle Java Developer,mid,Ho Chi Minh,3,3,"[""Java"",""Springboot"",""Redis"",""Oracle"",""MongoDB"",""Docker"",""Openshift"",""K8S""]",25000000,25000000,công_nghệ_thông_tin_kỹ_thuật_số,"{""dataset"":""dinhieufam/VietJobs"",""dataset_commit"":""ea140511b77935704e93d21c2973b72f46d48902"",""license"":""MIT""}"
vietjobs_vinuniversity,bf4df4718840861280cf9eeea143c8436d68aefa2d1adf5c1e59c34319ae74b7,2025-10-31,Thiết kế đồ họa thực tập,Thiết kế đồ họa thực tập,intern,Ha Noi,0,0,"[""Photoshop"",""Illustrator"",""Indesign""]",2000000,4000000,công_nghệ_thông_tin_kỹ_thuật_số,"{""dataset"":""dinhieufam/VietJobs"",""dataset_commit"":""ea140511b77935704e93d21c2973b72f46d48902"",""license"":""MIT""}"
vietjobs_vinuniversity,c014babf926e5aeae63571b02aaead5237ab7670dff4cb7ea0ffab91ab6d28c4,2025-10-31,Chuyên Viên An Ninh Mạng,Chuyên Viên An Ninh Mạng,mid,Ha Noi,1,1,"[""Kiến thức vững chắc về an ninh mạng"",""Bảo mật hệ thống"",""Quản lý an toàn thông tin""]",15000000,25000000,công_nghệ_thông_tin_kỹ_thuật_số,"{""dataset"":""dinhieufam/VietJobs"",""dataset_commit"":""ea140511b77935704e93d21c2973b72f46d48902"",""license"":""MIT""}"
vietjobs_vinuniversity,c09acbdba5efa37b122f922ff133ecc03aa90ccffd242b1dea1f8e93140402f2,2025-10-31,Game Designer (Junior),Junior Game Designer Junior ,junior,Ha Noi,1,1,"[""Game Balance"",""Thiết Kế Game"",""Level design"",""Game Mechanics"",""Kiến Thức Về Game Engine (unity, Unreal Engine, V.v.)""]",12000000,20000000,công_nghệ_thông_tin_kỹ_thuật_số,"{""dataset"":""dinhieufam/VietJobs"",""dataset_commit"":""ea140511b77935704e93d21c2973b72f46d48902"",""license"":""MIT""}"
vietjobs_vinuniversity,c0b26f78096290bb8911541312029cb722ef4bbdcf6205a73011fbff109013db,2025-10-31,Nhà thiết kế đồ họa chuyển động,Nhà thiết kế đồ họa chuyển động,mid,Ha Noi,1,1,"[""Photoshop"",""After Effect""]",8000000,20000000,công_nghệ_thông_tin_kỹ_thuật_số,"{""dataset"":""dinhieufam/VietJobs"",""dataset_commit"":""ea140511b77935704e93d21c2973b72f46d48902"",""license"":""MIT""}"
vietjobs_vinuniversity,c0b9bca5b86edfabd01082e03e496b1102e1e5c02868e77e5db4978e3c5ed952,2025-10-31,Backend Developer,Backend Developer,mid,Ha Noi,2,2,"[""Java"",""Python"",""Node.js"",""PHP"",""Go"",""Ruby on Rails"",""SQL"",""NoSQL"",""API RESTful"",""Git"",""Docker"",""AWS"",""Google Cloud"",""Azure"",""Spring Boot"",""Django"",""Flask"",""Express.js""]",20000000,28000000,công_nghệ_thông_tin_kỹ_thuật_số,"{""dataset"":""dinhieufam/VietJobs"",""dataset_commit"":""ea140511b77935704e93d21c2973b72f46d48902"",""license"":""MIT""}"
vietjobs_vinuniversity,c0bc120cc7003fe910f923fdc9abd56fbfa2af081c21d242ad0c6064626cab9d,2025-10-31,Kiến trúc sư giải pháp,Kiến trúc sư giải pháp,mid,Ha Noi,2,2,"[""Java"",""Spring Boot"",""Angular"",""React JS"",""Struts"",""JSP"",""JavaScript"",""Ajax"",""jQuery"",""HTML"",""CSS"",""Oracle"",""MS SQL"",""PostgreSQL"",""Monolithic"",""Micro-Service"",""DevOps"",""CI/CD"",""Restful API"",""Git"",""GitLab"",""Docker""]",40000000,60000000,công_nghệ_thông_tin_kỹ_thuật_số,"{""dataset"":""dinhieufam/VietJobs"",""dataset_commit"":""ea140511b77935704e93d21c2973b72f46d48902"",""license"":""MIT""}"
vietjobs_vinuniversity,c0c394e7be6d78948b39400849073cca1d97a03d316a8b5b60fc2265b8c12066,2025-10-31,Nhân Viên Thiết Kế Đồ Họa,Nhân Viên Thiết Kế Đồ Họa,mid,Ha Noi,1,1,"[""Adobe Photoshop"",""Illustrator"",""InDesign""]",10000000,15000000,công_nghệ_thông_tin_kỹ_thuật_số,"{""dataset"":""dinhieufam/VietJobs"",""dataset_commit"":""ea140511b77935704e93d21c2973b72f46d48902"",""license"":""MIT""}"
vietjobs_vinuniversity,c0e35cfb683607433c363999c296c269de9f8940880f284225663c3d43b5f648,2025-10-31,Nhân Viên Telesales Phần Mềm,Nhân Viên Telesales Phần Mềm,mid,Ha Noi,0,0,"[""Sử dụng CRM""]",10000000,20000000,công_nghệ_thông_tin_kỹ_thuật_số,"{""dataset"":""dinhieufam/VietJobs"",""dataset_commit"":""ea140511b77935704e93d21c2973b72f46d48902"",""license"":""MIT""}"
vietjobs_vinuniversity,c0e585c2ad8ab222273b863f758be90f8fd727f67ac2f637a1107c2016358b41,2025-10-31,Nhà phân tích kinh doanh Junior,Junior Nhà phân tích kinh doanh Junior,junior,Ha Noi,2,2,"[""Phân tích nghiệp vụ"",""Mô hình hóa hệ thống"",""Thiết kế Objects"",""Properties""]",15000000,18000000,công_nghệ_thông_tin_kỹ_thuật_số,"{""dataset"":""dinhieufam/VietJobs"",""dataset_commit"":""ea140511b77935704e93d21c2973b72f46d48902"",""license"":""MIT""}"
vietjobs_vinuniversity,c106481cff0d2426e99c99adfad6eac1310a824c5478cfb6be430dfb66ea3a22,2025-10-31,Chuyên Viên Thiết Kế Thương Hiệu (BRAND DESIGN),Chuyên Viên Thiết Kế Thương Hiệu BRAND DESIGN ,mid,Ha Noi,1,1,"[""Adobe Creative Suite (Illustrator, Photoshop, InDesign)"",""Figma"",""Sketch""]",12000000,15000000,công_nghệ_thông_tin_kỹ_thuật_số,"{""dataset"":""dinhieufam/VietJobs"",""dataset_commit"":""ea140511b77935704e93d21c2973b72f46d48902"",""license"":""MIT""}"
vietjobs_vinuniversity,c12130df7de4c127f8cea3cbf824124738914deb54c7d4c755af1aa217305f35,2025-10-31,Chủ sở hữu sản phẩm (Dự án AI),Chủ sở hữu sản phẩm Dự án AI ,mid,Ho Chi Minh,5,5,"[""Lập trình"",""Sử dụng thành thạo các công cụ BI như Power BI, Metabase, Google Data Studio"",""Thành thạo Jira, Notion, Trello hoặc các công cụ quản lý sản phẩm""]",30000000,40000000,công_nghệ_thông_tin_kỹ_thuật_số,"{""dataset"":""dinhieufam/VietJobs"",""dataset_commit"":""ea140511b77935704e93d21c2973b72f46d48902"",""license"":""MIT""}"
vietjobs_vinuniversity,c156ef4e8158f7f39e68a9e082894b70c536d08399a334423d79ba59b90973c1,2025-10-31,Kỹ Thuật Viên Gia Công Máy CNC (Máy Phay/Máy Tiện),Kỹ Thuật Viên Gia Công Máy CNC Máy Phay/Máy Tiện ,mid,Bắc Ninh,1,1,"[""Sử dụng phần mềm gia công & thiết kế 2D, 3D"",""Lập trình chương trình trên máy gia công CNC"",""Vận hành máy Tiện CNC"",""Vận hành máy Phay CNC""]",8000000,12000000,công_nghệ_thông_tin_kỹ_thuật_số,"{""dataset"":""dinhieufam/VietJobs"",""dataset_commit"":""ea140511b77935704e93d21c2973b72f46d48902"",""license"":""MIT""}"
vietjobs_vinuniversity,c16ddb5c1ca8b62af032e39179526b71c7bfdca99ed6ba677490e6f8a468d12e,2025-10-31,Nhân Viên Thiết Kế Đồ Họa,Nhân Viên Thiết Kế Đồ Họa,mid,Ho Chi Minh,1,1,"[""Adobe Photoshop"",""Illustrator"",""InDesign"",""3ds Max"",""Blender""]",8000000,12000000,công_nghệ_thông_tin_kỹ_thuật_số,"{""dataset"":""dinhieufam/VietJobs"",""dataset_commit"":""ea140511b77935704e93d21c2973b72f46d48902"",""license"":""MIT""}"
vietjobs_vinuniversity,c1927a3825951c2ec3f0fa6af12f530c0f29498847026857859f0c14aec3e7f1,2025-10-31,Thực Tập Sinh Kinh Doanh Dự Án,Thực Tập Sinh Kinh Doanh Dự Án,intern,Ho Chi Minh,0,0,[],2000000,3000000,công_nghệ_thông_tin_kỹ_thuật_số,"{""dataset"":""dinhieufam/VietJobs"",""dataset_commit"":""ea140511b77935704e93d21c2973b72f46d48902"",""license"":""MIT""}"
vietjobs_vinuniversity,c1de4a36cc6a29c942d75afe3535df20917a01a81972dad5c4c9a438ec8d4fd4,2025-10-31,LLM Engineer,LLM Engineer,mid,Ha Noi,2,2,"[""Python"",""PyTorch"",""Tensorflow"",""HuggingFace"",""LangChain""]",15000000,25000000,công_nghệ_thông_tin_kỹ_thuật_số,"{""dataset"":""dinhieufam/VietJobs"",""dataset_commit"":""ea140511b77935704e93d21c2973b72f46d48902"",""license"":""MIT""}"
vietjobs_vinuniversity,c231b1e59b88dffc1bd1c0ac1b0df006c323712d08214bc7ebdac35e9fbeb1c1,2025-10-31,Nhà thiết kế đồ họa cao cấp,Nhà thiết kế đồ họa cao cấp,mid,Ho Chi Minh,3,3,"[""Adobe Collection"",""Kỹ năng thiết kế đồ họa"",""Kiến thức mỹ thuật ứng dụng""]",14000000,18000000,công_nghệ_thông_tin_kỹ_thuật_số,"{""dataset"":""dinhieufam/VietJobs"",""dataset_commit"":""ea140511b77935704e93d21c2973b72f46d48902"",""license"":""MIT""}"
vietjobs_vinuniversity,c2612a8d947be3f63c68f840e26c0042cd31192f26c94505a98779ec6609eb44,2025-10-31,Intern Web Developer,Intern Web Developer,intern,"Hà Nội, Thanh Hóa",1,1,"[""Javascript"",""VueJs"",""ReactJs"",""RestFul Api""]",10000000,15000000,công_nghệ_thông_tin_kỹ_thuật_số,"{""dataset"":""dinhieufam/VietJobs"",""dataset_commit"":""ea140511b77935704e93d21c2973b72f46d48902"",""license"":""MIT""}"
vietjobs_vinuniversity,c2e76b152d28c78045c36d43fb7465e0b63e5a1e23f8a735cb8b73f183457c62,2025-10-31,Chuyên Viên Thiết Kế Đồ Họa,Chuyên Viên Thiết Kế Đồ Họa,mid,Ha Noi,1,1,"[""Adobe Photoshop"",""Illustrator"",""InDesign""]",10000000,15000000,công_nghệ_thông_tin_kỹ_thuật_số,"{""dataset"":""dinhieufam/VietJobs"",""dataset_commit"":""ea140511b77935704e93d21c2973b72f46d48902"",""license"":""MIT""}"
vietjobs_vinuniversity,c33167632eda62287e1956f6d0a33de245418069ea9de1a489534fc1d3edcfeb,2025-10-31,Data Scientist,Data Scientist,mid,Ha Noi,3,3,"[""Python"",""Scikit-learn"",""XGBoost"",""LightGBM""]",42000000,42000000,công_nghệ_thông_tin_kỹ_thuật_số,"{""dataset"":""dinhieufam/VietJobs"",""dataset_commit"":""ea140511b77935704e93d21c2973b72f46d48902"",""license"":""MIT""}"
vietjobs_vinuniversity,c37ba707fc8511aeee3a112ba4d91b7427fc5d364e73cffe22bddb7b72b88a39,2025-10-31,Nhân Viên Thiết Kế Đồ Họa,Nhân Viên Thiết Kế Đồ Họa,mid,Ha Noi,1,1,"[""Photoshop"",""Illustrator"",""Canva"",""Power Point"",""Effect""]",10000000,15000000,công_nghệ_thông_tin_kỹ_thuật_số,"{""dataset"":""dinhieufam/VietJobs"",""dataset_commit"":""ea140511b77935704e93d21c2973b72f46d48902"",""license"":""MIT""}"
vietjobs_vinuniversity,c3967211f8077bf901b1e36717c51dff266e6b5925cdd5824c5c1a6a73bbdbcb,2025-10-31,Nhân Viên Thiết Kế,Nhân Viên Thiết Kế,mid,Ho Chi Minh,2,2,"[""AutoCAD"",""SketchUp""]",11000000,16000000,công_nghệ_thông_tin_kỹ_thuật_số,"{""dataset"":""dinhieufam/VietJobs"",""dataset_commit"":""ea140511b77935704e93d21c2973b72f46d48902"",""license"":""MIT""}"
vietjobs_vinuniversity,c3d6e7f1663906e3f7a357d7fd93dc5a64e6d1d8a9ec2be179064ae4d5393489,2025-10-31,Nhà phân tích kinh doanh,Nhà phân tích kinh doanh,mid,Ha Noi,3,3,"[""UI/UX"",""các công cụ phân tích"",""các công cụ thiết kế""]",15000000,30000000,công_nghệ_thông_tin_kỹ_thuật_số,"{""dataset"":""dinhieufam/VietJobs"",""dataset_commit"":""ea140511b77935704e93d21c2973b72f46d48902"",""license"":""MIT""}"
vietjobs_vinuniversity,c4084a345e3b50e09a8bc5b08446f4ee329a6e62ae1927ac69e751ac5a5d4143,2025-10-31,Full - Nhà phát triển Java Stack,Full - Nhà phát triển Java Stack,mid,Ha Noi,2,2,"[""Java"",""Oracle"",""Frontend Framework (Angular JS, React JS)"",""Core Java"",""JDBC"",""Webservice RESTful / gRPC"",""Hibernate"",""Spring Boot"",""Microservices"",""Redis"",""Message Queue""]",20000000,30000000,công_nghệ_thông_tin_kỹ_thuật_số,"{""dataset"":""dinhieufam/VietJobs"",""dataset_commit"":""ea140511b77935704e93d21c2973b72f46d48902"",""license"":""MIT""}"
vietjobs_vinuniversity,c40e4d98646983d9558fbd9f42e5f0316c207ade72d1b9d24fc9b6ae076bb451,2025-10-31,Nhân Viên Kinh Doanh Phần Mềm,Nhân Viên Kinh Doanh Phần Mềm,mid,Ho Chi Minh,0,0,"[""Tin học văn phòng (Word, Excel)""]",6000000,24000000,công_nghệ_thông_tin_kỹ_thuật_số,"{""dataset"":""dinhieufam/VietJobs"",""dataset_commit"":""ea140511b77935704e93d21c2973b72f46d48902"",""license"":""MIT""}"
vietjobs_vinuniversity,c4f847e170a34591207853c7bd452c51e7a0fe74a41369d979dbfec9d22f46c7,2025-10-31,Nhân Viên Tư Vấn/ Kinh Doanh Dịch Vụ Phần Mềm,Nhân Viên Tư Vấn/ Kinh Doanh Dịch Vụ Phần Mềm,mid,Ha Noi,0,0,"[""Tin học văn phòng (Word, Excel)"",""Am hiểu internet, mạng xã hội""]",15000000,25000000,công_nghệ_thông_tin_kỹ_thuật_số,"{""dataset"":""dinhieufam/VietJobs"",""dataset_commit"":""ea140511b77935704e93d21c2973b72f46d48902"",""license"":""MIT""}"
vietjobs_vinuniversity,c5307dc5a808e2234513442dfebd373843ca61a72a0230307457241a9786ced1,2025-10-31,Devops Engineer,DevOps Engineer,mid,Ha Noi,2,2,"[""Linux"",""Docker"",""AWS"",""Kubernetes"",""CI/CD"",""Ansible"",""Terraform"",""Puppet"",""Chef"",""Jenkins"",""GitLab CI"",""ArgoCD"",""Zabbix"",""Prometheus"",""Grafana"",""ELK Stack"",""Hardening"",""Firewall"",""SELinux"",""AppArmor""]",22000000,28000000,công_nghệ_thông_tin_kỹ_thuật_số,"{""dataset"":""dinhieufam/VietJobs"",""dataset_commit"":""ea140511b77935704e93d21c2973b72f46d48902"",""license"":""MIT""}"
vietjobs_vinuniversity,c5ab0978e368ad7b2ddc03a1aa0e2316669e7a6dab8226cd5cf76ce2b1be33bd,2025-10-31,Flutter Developer,Mobile Developer (Flutter),mid,Ha Noi,0,0,"[""Flutter"",""Dart"",""State Management (Provider, Bloc, GetX)"",""UI components & customization/animation"",""Data Structures & Algorithm"",""Firebase"",""Admob"",""In-App Purchases""]",35000000,35000000,công_nghệ_thông_tin_kỹ_thuật_số,"{""dataset"":""dinhieufam/VietJobs"",""dataset_commit"":""ea140511b77935704e93d21c2973b72f46d48902"",""license"":""MIT""}"
vietjobs_vinuniversity,c5e839227cfffcad9a2b83846984ec87fffc99d9452fb4694e46e6c2ed1d6d56,2025-10-31,Nhân Viên Thiết Kế,Nhân Viên Thiết Kế,mid,Hà Đông,2,2,"[""Photoshop"",""Illustrator"",""Indesign""]",10000000,15000000,công_nghệ_thông_tin_kỹ_thuật_số,"{""dataset"":""dinhieufam/VietJobs"",""dataset_commit"":""ea140511b77935704e93d21c2973b72f46d48902"",""license"":""MIT""}"
vietjobs_vinuniversity,c5e9d0bb19cba76b872b22c68aef54b57ffbe4778548a07c4729689af68070e2,2025-10-31,Nhân Viên Lập Trình Java,Nhân Viên Lập Trình Java,mid,Ha Noi,1,1,"[""Java"",""Spring Boot"",""RESTful API"",""Spring Security"",""Spring Data"",""Angular"",""Oracle"",""MongoDB"",""Redis"",""Docker"",""ELK Stack""]",10000000,25000000,công_nghệ_thông_tin_kỹ_thuật_số,"{""dataset"":""dinhieufam/VietJobs"",""dataset_commit"":""ea140511b77935704e93d21c2973b72f46d48902"",""license"":""MIT""}"
vietjobs_vinuniversity,c5eb77a7a7000e067deae710f0ab82e85a87af73a914e1ecc96548eff2eae6e9,2025-10-31,Lập Trình Viên Mobile App (Flutter),Lập Trình Viên Mobile App Flutter ,mid,Ha Noi,1,1,"[""Dart"",""Flutter"",""RESTful API"",""UI/UX design""]",8000000,15000000,công_nghệ_thông_tin_kỹ_thuật_số,"{""dataset"":""dinhieufam/VietJobs"",""dataset_commit"":""ea140511b77935704e93d21c2973b72f46d48902"",""license"":""MIT""}"
vietjobs_vinuniversity,c5f0d0ffd98ac6d36bc45d01101b54f8aee3fe792217da37969f7d2faf234802,2025-10-31,"Nhà phân tích kinh doanh (cao cấp, giữa)","Nhà phân tích kinh doanh cao cấp, giữa ",mid,Ha Noi,3,3,"[""Phân tích nghiệp vụ"",""Thiết kế phần mềm"",""Quy trình phát triển phần mềm linh hoạt (agile)""]",12000000,30000000,công_nghệ_thông_tin_kỹ_thuật_số,"{""dataset"":""dinhieufam/VietJobs"",""dataset_commit"":""ea140511b77935704e93d21c2973b72f46d48902"",""license"":""MIT""}"
vietjobs_vinuniversity,c63d05c65058e57e21f6be14879d62f49ebab0a2ff236b5fada7fc570ffe5a41,2025-10-31,Trợ Lý Giám Đốc,Trợ Lý Giám Đốc,mid,An Giang,0,0,"[""Sử dụng công cụ AI như ChatGPT, Claude, Gamma, DeepSeek""]",10000000,16000000,công_nghệ_thông_tin_kỹ_thuật_số,"{""dataset"":""dinhieufam/VietJobs"",""dataset_commit"":""ea140511b77935704e93d21c2973b72f46d48902"",""license"":""MIT""}"
vietjobs_vinuniversity,c65286d5837aadc03a5b7d09bd8e4011feb2c27a7c03437b592222d3ce36c69e,2025-10-31,Nhân Viên Kinh Doanh Phần Mềm,Nhân Viên Kinh Doanh Phần Mềm,mid,Ho Chi Minh,3,3,"[""Kinh doanh phần mềm"",""Tích hợp hệ thống"",""Số hóa"",""Giải pháp CNTT""]",20000000,35000000,công_nghệ_thông_tin_kỹ_thuật_số,"{""dataset"":""dinhieufam/VietJobs"",""dataset_commit"":""ea140511b77935704e93d21c2973b72f46d48902"",""license"":""MIT""}"
vietjobs_vinuniversity,c66749446341a086cfa1c4f4b6f666098850eeb99f58baf82d20d25f80349802,2025-10-31,Nhân Viên Thiết Kế 3D,Nhân Viên Thiết Kế 3D,mid,Ho Chi Minh,2,2,"[""Illustrator"",""Photoshop"",""3Ds Max"",""SketchUp"",""Cinema 4D"",""Blender""]",18000000,22000000,công_nghệ_thông_tin_kỹ_thuật_số,"{""dataset"":""dinhieufam/VietJobs"",""dataset_commit"":""ea140511b77935704e93d21c2973b72f46d48902"",""license"":""MIT""}"
vietjobs_vinuniversity,c6a309b3f5bf39b53f8f48bfae3725dca844aa513f747704c3eb5c611f4fb307,2025-10-31,Lập Trình Odoo (Python),Lập Trình Odoo Python ,mid,Ha Noi,2,2,"[""Python"",""JavaScript"",""XML"",""PostgreSQL"",""HTML"",""CSS""]",15000000,25000000,công_nghệ_thông_tin_kỹ_thuật_số,"{""dataset"":""dinhieufam/VietJobs"",""dataset_commit"":""ea140511b77935704e93d21c2973b72f46d48902"",""license"":""MIT""}"
vietjobs_vinuniversity,c72b13572dd92be43f67256720848aaff3f800f9845ee9583a1c75e4c69c1662,2025-10-31,Nhân Viên Kinh Doanh Phần Mềm,Nhân Viên Kinh Doanh Phần Mềm,mid,Ho Chi Minh,1,1,"[""Hiểu biết về hệ thống POS"",""Phần mềm quản lý F&B""]",15000000,30000000,công_nghệ_thông_tin_kỹ_thuật_số,"{""dataset"":""dinhieufam/VietJobs"",""dataset_commit"":""ea140511b77935704e93d21c2973b72f46d48902"",""license"":""MIT""}"
vietjobs_vinuniversity,c73e78a934af430512e4fd022dfd5a1a9768d769bfa02e21f940958b1713df67,2025-10-31,Nhân Viên Kinh Doanh,Nhân Viên Kinh Doanh,mid,Ha Noi,0,0,"[""Kỹ năng giao tiếp"",""Kỹ năng đàm phán"",""Kỹ năng thuyết phục"",""Kỹ năng lập kế hoạch"",""Kỹ năng quản lý thời gian""]",10000000,20000000,công_nghệ_thông_tin_kỹ_thuật_số,"{""dataset"":""dinhieufam/VietJobs"",""dataset_commit"":""ea140511b77935704e93d21c2973b72f46d48902"",""license"":""MIT""}"
vietjobs_vinuniversity,c793e2f7120a3952120d713c155efa6222b40cf833aaa878ff19a5c7cadbc1fb,2025-10-31,Thực Tập Sinh AI,Thực Tập Sinh AI,intern,Ha Noi,0,0,"[""Python"",""TensorFlow"",""PyTorch"",""scikit-learn""]",3000000,4000000,công_nghệ_thông_tin_kỹ_thuật_số,"{""dataset"":""dinhieufam/VietJobs"",""dataset_commit"":""ea140511b77935704e93d21c2973b72f46d48902"",""license"":""MIT""}"
vietjobs_vinuniversity,c7b287e82c3b7ce62864d8274f8e896e95404c2b38b1aafac35964ec666b0991,2025-10-31,.Net Developer,.Net Developer,mid,Ho Chi Minh,3,3,"["".NET"","".NET Core"",""C#"",""HTML"",""CSS"",""AJAX"",""Angular"",""React"",""SQL Server"",""Oracle"",""Entity Framework"",""Entity Framework Core ORM"",""GIT"",""DevOps""]",22000000,35000000,công_nghệ_thông_tin_kỹ_thuật_số,"{""dataset"":""dinhieufam/VietJobs"",""dataset_commit"":""ea140511b77935704e93d21c2973b72f46d48902"",""license"":""MIT""}"
vietjobs_vinuniversity,c86802e5aafd20aa1c5de0bc05eed3383d309c9587e46672c086919cf76c5617,2025-10-31,Kỹ Sư Tư Vấn Hỗ Trợ Phần Mềm Sản Xuất Đồ Gỗ,Kỹ Sư Tư Vấn Hỗ Trợ Phần Mềm Sản Xuất Đồ Gỗ,mid,Ha Noi,0,0,"[""SketchUp"",""AutoCAD"",""3D Max"",""BAZIS""]",10000000,20000000,công_nghệ_thông_tin_kỹ_thuật_số,"{""dataset"":""dinhieufam/VietJobs"",""dataset_commit"":""ea140511b77935704e93d21c2973b72f46d48902"",""license"":""MIT""}"
vietjobs_vinuniversity,c8fdc0fdbc9de24658257b6d1453f078d286001b69aeda39cd2c05450bfa052a,2025-10-31,Kỹ sư phần mềm (Chuyên gia AI),Kỹ sư phần mềm Chuyên gia AI ,mid,Ho Chi Minh,2,2,"[""Python"",""Fast API"",""Flask"",""Django"",""Machine Learning"",""AI"",""SQL Server"",""PostgreSQL"",""NoSQL"",""Microservices"",""Docker"",""Kubernetes"",""Git"",""CI/CD"",""Agile"",""Scrum""]",10000000,15000000,công_nghệ_thông_tin_kỹ_thuật_số,"{""dataset"":""dinhieufam/VietJobs"",""dataset_commit"":""ea140511b77935704e93d21c2973b72f46d48902"",""license"":""MIT""}"
vietjobs_vinuniversity,c90fc583ae4501108ede38f7701a236973fbbe38f307364cb52e27c75400d651,2025-10-31,Kỹ sư bảo mật mạng,Kỹ sư bảo mật mạng,mid,Cầu Giấy,2,2,"[""Firewall"",""Anti virus"",""SIEM"",""DLP"",""NAC"",""VPN"",""IP Security"",""System"",""Firewall/NG-Firewall"",""IPS"",""Log Server"",""PAM"",""TenableSC"",""RSA"",""Tuafin""]",18000000,35000000,công_nghệ_thông_tin_kỹ_thuật_số,"{""dataset"":""dinhieufam/VietJobs"",""dataset_commit"":""ea140511b77935704e93d21c2973b72f46d48902"",""license"":""MIT""}"
vietjobs_vinuniversity,c91772c565e4ebe871acaf850b13a8ec008bad3771d038f5e77c7ab413df5f5a,2025-10-31,3D Artist,3D Artist,mid,Ha Noi,1,1,"[""Unreal Engine"",""Blender"",""After Effect"",""Premiere""]",9000000,15000000,công_nghệ_thông_tin_kỹ_thuật_số,"{""dataset"":""dinhieufam/VietJobs"",""dataset_commit"":""ea140511b77935704e93d21c2973b72f46d48902"",""license"":""MIT""}"
vietjobs_vinuniversity,c928492d5f7807a93b2c5d956574642219c07b3690e921911991546d3deae136,2025-10-31,Nhân Viên Tư Vấn Phần Mềm,Nhân Viên Tư Vấn Phần Mềm,mid,Ho Chi Minh,0,0,[],8000000,32000000,công_nghệ_thông_tin_kỹ_thuật_số,"{""dataset"":""dinhieufam/VietJobs"",""dataset_commit"":""ea140511b77935704e93d21c2973b72f46d48902"",""license"":""MIT""}"
vietjobs_vinuniversity,c9c9660b43f4363b7fddb074838d37c6ec3ecd945f6015bab2d4fc554602a4e7,2025-10-31,Nó hỗ trợ khách hàng,Nó hỗ trợ khách hàng,mid,Ho Chi Minh,0,0,"[""Microsoft Windows systems"",""IT troubleshooting methodologies"",""Networking""]",18000000,24000000,công_nghệ_thông_tin_kỹ_thuật_số,"{""dataset"":""dinhieufam/VietJobs"",""dataset_commit"":""ea140511b77935704e93d21c2973b72f46d48902"",""license"":""MIT""}"
vietjobs_vinuniversity,c9fdb5a5cfe7977fd03ef390cb01d10d0f1d2929b74612e7ad01d974acc3f780,2025-10-31,Thực Tập Sinh Frontend Dev,Frontend Developer,intern,Ho Chi Minh,0,0,"[""HTML"",""CSS"",""JavaScript"",""React"",""Vue"",""Angular""]",3000000,6000000,công_nghệ_thông_tin_kỹ_thuật_số,"{""dataset"":""dinhieufam/VietJobs"",""dataset_commit"":""ea140511b77935704e93d21c2973b72f46d48902"",""license"":""MIT""}"
vietjobs_vinuniversity,ca1eff02c06f313ed4164e7d5b288c007f2ffff6bd8ddcf8132707f041faf2e7,2025-10-31,Nhà thiết kế đồ họa Junior,Junior Nhà thiết kế đồ họa Junior,junior,Ha Noi,1,1,"[""Photoshop"",""Illustrator"",""Capcut"",""Blender""]",10000000,12000000,công_nghệ_thông_tin_kỹ_thuật_số,"{""dataset"":""dinhieufam/VietJobs"",""dataset_commit"":""ea140511b77935704e93d21c2973b72f46d48902"",""license"":""MIT""}"
vietjobs_vinuniversity,ca6c445c07bfa2b25a222221ea6349b3e0541ab12393f6c2a0cef5ee0bd8abbc,2025-10-31,Nhân Viên Thiết Kế,Nhân Viên Thiết Kế,mid,Ho Chi Minh,0,0,"[""Photoshop"",""Illustrator"",""Figma""]",9000000,12000000,công_nghệ_thông_tin_kỹ_thuật_số,"{""dataset"":""dinhieufam/VietJobs"",""dataset_commit"":""ea140511b77935704e93d21c2973b72f46d48902"",""license"":""MIT""}"
vietjobs_vinuniversity,ca959a98b0c8771e4507afa8996531377a229805f5f46a31845b91ffd0e04bab,2025-10-31,Thiết Kế Đồ Họa,Thiết Kế Đồ Họa,mid,Ha Noi,2,2,"[""Photoshop"",""Illustrator"",""Indesign"",""Sketch"",""After Effect""]",12000000,17000000,công_nghệ_thông_tin_kỹ_thuật_số,"{""dataset"":""dinhieufam/VietJobs"",""dataset_commit"":""ea140511b77935704e93d21c2973b72f46d48902"",""license"":""MIT""}"
vietjobs_vinuniversity,cab978ae8a9f7ef3860ba3369bbeb363c3591626f99b02e044c7818c38f2edf0,2025-10-31,Chuyên Viên Phân Tích Nghiệp Vụ,Chuyên Viên Phân Tích Nghiệp Vụ,mid,Ha Noi,2,2,"[""Phần mềm ERP"",""Phần mềm kế toán""]",25000000,25000000,công_nghệ_thông_tin_kỹ_thuật_số,"{""dataset"":""dinhieufam/VietJobs"",""dataset_commit"":""ea140511b77935704e93d21c2973b72f46d48902"",""license"":""MIT""}"
vietjobs_vinuniversity,cb63052bcbc7fd289ac333e02dbf5baef0becc20f20a1e9f6659aa57ebbf0e0a,2025-10-31,Chuyên gia vận hành sản phẩm (Web/Ứng dụng Thể THAO),Chuyên gia vận hành sản phẩm Web/Ứng dụng Thể THAO ,mid,Ho Chi Minh,3,3,"[""Kiến thức về các số liệu trong vận hành App Mobile và Web"",""Hiểu biết về quy trình vận hành và phát triển sản phẩm theo Scrum/Agile""]",15000000,27000000,công_nghệ_thông_tin_kỹ_thuật_số,"{""dataset"":""dinhieufam/VietJobs"",""dataset_commit"":""ea140511b77935704e93d21c2973b72f46d48902"",""license"":""MIT""}"
vietjobs_vinuniversity,cb918665957a632c4685aa143e36004840a0d1d347b07c3f9c944c2fe621df54,2025-10-31,Nhân Viên Tư Vấn - Network Consultant - Đào Tạo Mới,Nhân Viên Tư Vấn - Network Consultant - Đào Tạo Mới,mid,Ho Chi Minh,1,1,"[""Kiến thức nền tảng về network"",""Chứng chỉ CCNA""]",13000000,15000000,công_nghệ_thông_tin_kỹ_thuật_số,"{""dataset"":""dinhieufam/VietJobs"",""dataset_commit"":""ea140511b77935704e93d21c2973b72f46d48902"",""license"":""MIT""}"
vietjobs_vinuniversity,cb939899628dfd36f1d512aec74edc938904eb069fd199513ee7ced2929fc0e8,2025-10-31,Bridge System Engineer (BrSE),Bridge System Engineer BrSE ,mid,Ha Noi,1,1,"[""PHP"",""Mobile"",""Java""]",35000000,60000000,công_nghệ_thông_tin_kỹ_thuật_số,"{""dataset"":""dinhieufam/VietJobs"",""dataset_commit"":""ea140511b77935704e93d21c2973b72f46d48902"",""license"":""MIT""}"
vietjobs_vinuniversity,cb9758db02f1d0b0f3400a75f18098cee2dcaac63b0325512c36417afa6363d2,2025-10-31,UA Marketing (Marketing Android App),UA Marketing Marketing Android App ,mid,Ha Noi,2,2,"[""Google Analytics"",""Firebase"",""SensorTower"",""AppStoreSpy""]",15000000,25000000,công_nghệ_thông_tin_kỹ_thuật_số,"{""dataset"":""dinhieufam/VietJobs"",""dataset_commit"":""ea140511b77935704e93d21c2973b72f46d48902"",""license"":""MIT""}"
vietjobs_vinuniversity,cc22a896030153227aeb49ec58cea9e6f937b2bbef82912e304868bdd65540b7,2025-10-31,Test Lead,Test Lead,lead,Ha Noi,2,2,"[""Selenium"",""Katalon"",""Appium""]",23000000,26000000,công_nghệ_thông_tin_kỹ_thuật_số,"{""dataset"":""dinhieufam/VietJobs"",""dataset_commit"":""ea140511b77935704e93d21c2973b72f46d48902"",""license"":""MIT""}"
vietjobs_vinuniversity,cc649afec911634a3a0fd49e170b85adcae2093da2512f5c8979f55672b549ad,2025-10-31,Trưởng Nhóm Thiết Kế,Trưởng Nhóm Thiết Kế,mid,Ho Chi Minh,5,5,"[""3DMAX"",""AutoCAD"",""SketchUp"",""Photoshop"",""Revit""]",15000000,20000000,công_nghệ_thông_tin_kỹ_thuật_số,"{""dataset"":""dinhieufam/VietJobs"",""dataset_commit"":""ea140511b77935704e93d21c2973b72f46d48902"",""license"":""MIT""}"
vietjobs_vinuniversity,cca8e65c32f369c3ee7ac4cc43032b7bd477b9aa4a6ca84d19403dd4730a28a1,2025-10-31,Nhân Viên Bảo Trì Điện (PLC - MÁY CNC),Nhân Viên Bảo Trì Điện PLC - MÁY CNC ,mid,Bắc Ninh,1,1,"[""Hệ thống điều khiển PLC"",""HMI"",""Servo"",""Biến tần"",""Phần mềm lập trình PLC (GX Developer, TIA Portal, Ladder Diagram)""]",8000000,12000000,công_nghệ_thông_tin_kỹ_thuật_số,"{""dataset"":""dinhieufam/VietJobs"",""dataset_commit"":""ea140511b77935704e93d21c2973b72f46d48902"",""license"":""MIT""}"
vietjobs_vinuniversity,cd166e76a5f3e01438debc4470ed91eb38eee20352fbade95150e5c268ed5f29,2025-10-31,Graphic Designer – Sáng Tạo & Thẩm Mỹ Tốt,Graphic Designer – Sáng Tạo & Thẩm Mỹ Tốt,mid,Ho Chi Minh,0,0,"[""Adobe Photoshop"",""Illustrator"",""Figma""]",8000000,12000000,công_nghệ_thông_tin_kỹ_thuật_số,"{""dataset"":""dinhieufam/VietJobs"",""dataset_commit"":""ea140511b77935704e93d21c2973b72f46d48902"",""license"":""MIT""}"
vietjobs_vinuniversity,cd5db425c59691091218f970df98306996c18729cd970c8cb11ccd70b7330c0d,2025-10-31,Java Fullstack - Spring Framework & Spring Boot,Fullstack Developer,mid,Ha Noi,1,1,"[""Java"",""Spring Framework"",""Spring Boot"",""Cấu trúc Dữ liệu"",""Thuật toán"",""Cơ sở dữ liệu SQL"",""Cơ sở dữ liệu NoSQL"",""API RESTful"",""Microservices"",""Typescript"",""HTML"",""CSS""]",18000000,18000000,công_nghệ_thông_tin_kỹ_thuật_số,"{""dataset"":""dinhieufam/VietJobs"",""dataset_commit"":""ea140511b77935704e93d21c2973b72f46d48902"",""license"":""MIT""}"
vietjobs_vinuniversity,cd73a8ed5040bf5bb29358a76e7c2c5219e427221539d69407da4aaa351402e2,2025-10-31,Thiết kế đồ họa,Thiết kế đồ họa,mid,Ho Chi Minh,2,2,"[""Thiết kế"",""Quay / dựng clip"",""Sử dụng Meta Facebook"",""Sử dụng Zalo OA"",""Sử dụng Canva"",""Sử dụng Youtube admin"",""Sử dụng Wordpress admin"",""Sử dụng Chat GPT"",""Sử dụng các công cụ AI khác""]",10000000,15000000,công_nghệ_thông_tin_kỹ_thuật_số,"{""dataset"":""dinhieufam/VietJobs"",""dataset_commit"":""ea140511b77935704e93d21c2973b72f46d48902"",""license"":""MIT""}"
vietjobs_vinuniversity,cd8af081eeaaf5a05c389ef66fdc8b691440103e1383e7cdfa4a19f9e75a07ce,2025-10-31,Chuyên Viên Kiểm Thử Phần Mềm,Chuyên Viên Kiểm Thử Phần Mềm,mid,Ha Noi,2,2,"[""Viết Testcase"",""Thực Hiện Test Case"",""Báo Cáo Lỗi (bug Reporting)"",""phân tích yêu cầu"",""Kiểm Thử Chức Năng (functional Testing)""]",20000000,20000000,công_nghệ_thông_tin_kỹ_thuật_số,"{""dataset"":""dinhieufam/VietJobs"",""dataset_commit"":""ea140511b77935704e93d21c2973b72f46d48902"",""license"":""MIT""}"
vietjobs_vinuniversity,cdf6da3900a163f0e1fb5266d7fc3d27b26ad64f11312ca99ed66d5effbce25f,2025-10-31,Android Developer,Mobile Developer,mid,Ha Noi,2,2,"[""Kotlin"",""Java"",""Android SDK"",""Android Jetpack"",""FFMpeg"",""OpenCV"",""OpenGL"",""RxJava"",""Coroutines""]",15000000,27000000,công_nghệ_thông_tin_kỹ_thuật_số,"{""dataset"":""dinhieufam/VietJobs"",""dataset_commit"":""ea140511b77935704e93d21c2973b72f46d48902"",""license"":""MIT""}"
vietjobs_vinuniversity,ce1b57952fb230ef22c1285361b6aa2f2fba05e3f694586b9ca3a2ddd24ab8e2,2025-10-31,Chuyên Viên Lập Trình Angular (Frontend Developer),Frontend Developer,mid,Ha Noi,2,2,"[""Angular (từ version 9 trở lên)"",""HTML5"",""CSS3"",""SASS/SCSS"",""JavaScript/TypeScript"",""UI/UX"",""responsive web design"",""RESTful API"",""Git"",""CI/CD""]",20000000,28000000,công_nghệ_thông_tin_kỹ_thuật_số,"{""dataset"":""dinhieufam/VietJobs"",""dataset_commit"":""ea140511b77935704e93d21c2973b72f46d48902"",""license"":""MIT""}"
vietjobs_vinuniversity,cf05e0923b80b34da338fa1d71febcace839bbc858d29a051d5e235a3a55085d,2025-10-31,Frontend TechLead (tiếng Anh trôi chảy),Frontend Developer,mid,Ha Noi,5,5,"[""HTML"",""CSS (SASS, LESS, Critical)"",""Javascript"",""ReactJS"",""VueJS"",""Angular/AngularJS"",""Django"",""NodeJS""]",40000000,40000000,công_nghệ_thông_tin_kỹ_thuật_số,"{""dataset"":""dinhieufam/VietJobs"",""dataset_commit"":""ea140511b77935704e93d21c2973b72f46d48902"",""license"":""MIT""}"
vietjobs_vinuniversity,cf40a1046ad2b15a5a1c8b4f51572287eca705d23acd20fd4ca625e84a0acf17,2025-10-31,Nhân Viên Tư Vấn Trực Tiếp - Làm Việc Từ Xa,Nhân Viên Tư Vấn Trực Tiếp - Làm Việc Từ Xa,mid,"Đà Nẵng, Hà Tĩnh",1,1,"[""Kỹ năng giao tiếp"",""Kỹ năng lập kế hoạch"",""Kỹ năng xây dựng mối quan hệ với khách hàng"",""Khả năng giải quyết vấn đề""]",15000000,25000000,công_nghệ_thông_tin_kỹ_thuật_số,"{""dataset"":""dinhieufam/VietJobs"",""dataset_commit"":""ea140511b77935704e93d21c2973b72f46d48902"",""license"":""MIT""}"
vietjobs_vinuniversity,cf68d8184275a6efa3049bf5931d4dace68f605659ff38c818e2c722330093fc,2025-10-31,Chuyên Viên Chính Sách Sản Phẩm,Chuyên Viên Chính Sách Sản Phẩm,mid,Ha Noi,1,1,"[""Chứng chỉ hành nghề trong lĩnh vực chứng khoán"",""Tin học văn phòng""]",20000000,60000000,công_nghệ_thông_tin_kỹ_thuật_số,"{""dataset"":""dinhieufam/VietJobs"",""dataset_commit"":""ea140511b77935704e93d21c2973b72f46d48902"",""license"":""MIT""}"
vietjobs_vinuniversity,cfb6d7753cd35aa9713146ee10b583cb00ba7287c886b52b2d58c03599154838,2025-10-31,Nhà phát triển PHP cao cấp,Nhà phát triển PHP cao cấp,mid,Ha Noi,5,5,"[""PHP"",""Laravel"",""Symfony"",""Phalcon"",""HTML"",""CSS"",""JavaScript"",""jQuery"",""Ajax"",""es6"",""MySQL"",""PostgreSQL"",""MongoDB"",""PHPUnit"",""Xdebug"",""Git""]",25000000,40000000,công_nghệ_thông_tin_kỹ_thuật_số,"{""dataset"":""dinhieufam/VietJobs"",""dataset_commit"":""ea140511b77935704e93d21c2973b72f46d48902"",""license"":""MIT""}"
vietjobs_vinuniversity,d04e20d0bc70c469ddca517db98d6519a79e078c09f1c7f1e4088566e7b4e11b,2025-10-31,"Chuyên Viên Vận Hành, Khai Thác Ứng Dụng Hệ Thống CNTT/ Công Nghệ Thông Tin","Chuyên Viên Vận Hành, Khai Thác Ứng Dụng Hệ Thống CNTT/ Công Nghệ Thông Tin",mid,Ha Noi,1,1,[],17000000,19000000,công_nghệ_thông_tin_kỹ_thuật_số,"{""dataset"":""dinhieufam/VietJobs"",""dataset_commit"":""ea140511b77935704e93d21c2973b72f46d48902"",""license"":""MIT""}"
vietjobs_vinuniversity,d13ebcdbd2999bf0de4de3bbb2d709b7635f5cd6b8efbeb1867fae2617574d24,2025-10-31,3D Modeler/3D Artist,3D Modeler/3D Artist,mid,Ha Noi,1,1,"[""Blender"",""Maya"",""Zbrush"",""Substance Painter""]",6000000,12000000,công_nghệ_thông_tin_kỹ_thuật_số,"{""dataset"":""dinhieufam/VietJobs"",""dataset_commit"":""ea140511b77935704e93d21c2973b72f46d48902"",""license"":""MIT""}"
vietjobs_vinuniversity,d15e5d25a1be8ecaab2257ba986a0f89c53fa7823f308d9d739334c9d3478a76,2025-10-31,Chuyên Viên Tư Vấn Phần Mềm Mảng Bán Lẻ,Chuyên Viên Tư Vấn Phần Mềm Mảng Bán Lẻ,mid,Phú Quốc,0,0,"[""Kỹ năng tư vấn"",""Kỹ năng bán hàng"",""Kỹ năng giao tiếp""]",10000000,15000000,công_nghệ_thông_tin_kỹ_thuật_số,"{""dataset"":""dinhieufam/VietJobs"",""dataset_commit"":""ea140511b77935704e93d21c2973b72f46d48902"",""license"":""MIT""}"
vietjobs_vinuniversity,d1970b8561662c023ea5287e4ee7c3bfa83d9059fd0712ed6a1be59c9e188d6f,2025-10-31,Kỹ Sư Quản Trị Hệ Thống,Kỹ Sư Quản Trị Hệ Thống,mid,Ha Noi,3,3,"[""Windows Server"",""Linux"",""Hyper-V"",""VMware vSphere"",""AD"",""DNS"",""Exchange server Hybrid"",""Microsoft 365"",""Web Server"",""Nginx"",""HAProxy"",""PRTG"",""Zabbix"",""MySQL"",""MariaDB"",""MS SQL Server""]",15000000,20000000,công_nghệ_thông_tin_kỹ_thuật_số,"{""dataset"":""dinhieufam/VietJobs"",""dataset_commit"":""ea140511b77935704e93d21c2973b72f46d48902"",""license"":""MIT""}"
vietjobs_vinuniversity,d1d9ad645500aa9567f7384182c1e381ad62a2a3a349f0e9e1e8342bedf39e29,2025-10-31,Nhân Viên Tư Vấn Bán Hàng B2B,Nhân Viên Tư Vấn Bán Hàng B2B,mid,Ho Chi Minh,2,2,"[""Kinh doanh Bán hàng"",""Kinh doanh Thương mại điện tử"",""Phần mềm Quản lý Bán hàng""]",15000000,40000000,công_nghệ_thông_tin_kỹ_thuật_số,"{""dataset"":""dinhieufam/VietJobs"",""dataset_commit"":""ea140511b77935704e93d21c2973b72f46d48902"",""license"":""MIT""}"
vietjobs_vinuniversity,d22110962cc74bc24af7d04371d15c27e0608e224e0f227f93be1ff7a0355a78,2025-10-31,Nhân Viên Thiết Kế 2D,Nhân Viên Thiết Kế 2D,mid,Ha Noi,1,1,"[""Adobe Photoshop"",""Illustrator"",""InDesign""]",12000000,15000000,công_nghệ_thông_tin_kỹ_thuật_số,"{""dataset"":""dinhieufam/VietJobs"",""dataset_commit"":""ea140511b77935704e93d21c2973b72f46d48902"",""license"":""MIT""}"
vietjobs_vinuniversity,d22435e1e8a639d761155f01c203dad788213a425d63c963905811973d752bae,2025-10-31,Thiết kế đồ họa,Thiết kế đồ họa,mid,Ho Chi Minh,1,1,"[""Adobe Photoshop"",""Adobe Illustrator"",""InDesign"",""After Effects""]",7000000,12000000,công_nghệ_thông_tin_kỹ_thuật_số,"{""dataset"":""dinhieufam/VietJobs"",""dataset_commit"":""ea140511b77935704e93d21c2973b72f46d48902"",""license"":""MIT""}"
vietjobs_vinuniversity,d23904056774c9a42a469c0e8f020b0e5fa6c89f85a7032c3f0d81fb3cd1a12f,2025-10-31,Trưởng Nhóm IT,Trưởng Nhóm IT,mid,Ninh Bình,3,3,"[""Kiến thức vững chắc về hệ thống máy tính"",""Mạng"",""Phần cứng""]",18000000,25000000,công_nghệ_thông_tin_kỹ_thuật_số,"{""dataset"":""dinhieufam/VietJobs"",""dataset_commit"":""ea140511b77935704e93d21c2973b72f46d48902"",""license"":""MIT""}"
vietjobs_vinuniversity,d23b5aaf5464c37076c3cd9c2421cf6ae4cd190f1039e7e7594844615ff4f4a6,2025-10-31,Kỹ Sư Hệ Thống,Kỹ Sư Hệ Thống,mid,Ha Noi,2,2,"[""Linux"",""Vmware"",""K8s"",""OpenShift"",""Haproxy"",""Nginx"",""Reddis"",""Kafka"",""Mino""]",15000000,25000000,công_nghệ_thông_tin_kỹ_thuật_số,"{""dataset"":""dinhieufam/VietJobs"",""dataset_commit"":""ea140511b77935704e93d21c2973b72f46d48902"",""license"":""MIT""}"
vietjobs_vinuniversity,d2494c70b2f0f6cb63295c9801f4b1de9c3fcf57979be05b558702becd454c05,2025-10-31,Nhân Viên Design POD (Print On Demand),Nhân Viên Design POD Print On Demand ,mid,Ha Noi,0,0,"[""Photoshop"",""Illustrator""]",7000000,12000000,công_nghệ_thông_tin_kỹ_thuật_số,"{""dataset"":""dinhieufam/VietJobs"",""dataset_commit"":""ea140511b77935704e93d21c2973b72f46d48902"",""license"":""MIT""}"
vietjobs_vinuniversity,d25309517717bdfbc250aa9f835ced79d18f3843c962cc11245b6f58ce51fab9,2025-10-31,Nhân Viên Tư Vấn Qua Điện Thoại,Nhân Viên Tư Vấn Qua Điện Thoại,mid,Ha Noi,0,0,[],15000000,20000000,công_nghệ_thông_tin_kỹ_thuật_số,"{""dataset"":""dinhieufam/VietJobs"",""dataset_commit"":""ea140511b77935704e93d21c2973b72f46d48902"",""license"":""MIT""}"
vietjobs_vinuniversity,d2ce3aad1bc758dfb924ce9dfd9f76496d7b93f8f1a6902972592d37a981f368,2025-10-31,Trưởng Nhóm Bảo Trì Điện PLC (Nhà Máy),Trưởng Nhóm Bảo Trì Điện PLC Nhà Máy ,mid,Tây Ninh,3,3,"[""Hệ thống điện công nghiệp"",""Tủ điện"",""Lập trình PLC cơ bản (Siemens, Mitsubishi, Delta...)"",""Biến tần"",""Sensor"",""HMI"",""Relay"",""Sơ đồ điện""]",16000000,23000000,công_nghệ_thông_tin_kỹ_thuật_số,"{""dataset"":""dinhieufam/VietJobs"",""dataset_commit"":""ea140511b77935704e93d21c2973b72f46d48902"",""license"":""MIT""}"
vietjobs_vinuniversity,d2f3adf5797972e8258abd629cc426e36f31ad637487903ed4908b07f946913b,2025-10-31,Nhân Viên Kinh Doanh Phần Mềm,Nhân Viên Kinh Doanh Phần Mềm,mid,Ho Chi Minh,0,0,[],15000000,30000000,công_nghệ_thông_tin_kỹ_thuật_số,"{""dataset"":""dinhieufam/VietJobs"",""dataset_commit"":""ea140511b77935704e93d21c2973b72f46d48902"",""license"":""MIT""}"
vietjobs_vinuniversity,d30ac5f50f9b5ddcfd3dc5073492b28c9c06e5e18c64bbb1df9f8bce651ad0dd,2025-10-31,"Nhân Viên IT Support/Helpdesk (SAP, Odoo, Aras)","Nhân Viên IT Support/Helpdesk SAP, Odoo, Aras ",mid,Bắc Ninh,1,1,"[""Xử lý sự cố máy tính"",""Mạng LAN/WAN"",""Máy chủ nội bộ"",""Hệ thống ERP, MES"",""Ngôn ngữ lập trình: C#, Java, SQL"",""SAP"",""Odoo"",""Aras""]",25000000,40000000,công_nghệ_thông_tin_kỹ_thuật_số,"{""dataset"":""dinhieufam/VietJobs"",""dataset_commit"":""ea140511b77935704e93d21c2973b72f46d48902"",""license"":""MIT""}"
vietjobs_vinuniversity,d3732709e264ad753b4aa3aba3493ad9ea232ae4452303b5355ea9693fd165dc,2025-10-31,Game Operator (Nhân Viên Vận Hành Game),Game Operator Nhân Viên Vận Hành Game ,mid,Ha Noi,1,1,"[""Kỹ năng văn phòng (Excel, Word, Powerpoint)"",""Phân tích chỉ số"",""Quản lý chất lượng sản phẩm""]",12000000,25000000,công_nghệ_thông_tin_kỹ_thuật_số,"{""dataset"":""dinhieufam/VietJobs"",""dataset_commit"":""ea140511b77935704e93d21c2973b72f46d48902"",""license"":""MIT""}"
vietjobs_vinuniversity,d3b19e557d9ad461ade025d408c9a9c6cf433899ca5dfdca776dda1c4f55e373,2025-10-31,Chuyên Viên Tư Vấn,Chuyên Viên Tư Vấn,mid,Ha Noi,0,0,[],15000000,25000000,công_nghệ_thông_tin_kỹ_thuật_số,"{""dataset"":""dinhieufam/VietJobs"",""dataset_commit"":""ea140511b77935704e93d21c2973b72f46d48902"",""license"":""MIT""}"
vietjobs_vinuniversity,d3fb34516d461222681d46943ba07d332d16cab8ebba5ccdadc39bf9e3e30c6b,2025-10-31,Nhân Viên Lập Trình Phay CNC,Nhân Viên Lập Trình Phay CNC,mid,Ho Chi Minh,2,2,"[""CREO"",""AutoCAD""]",16000000,19000000,công_nghệ_thông_tin_kỹ_thuật_số,"{""dataset"":""dinhieufam/VietJobs"",""dataset_commit"":""ea140511b77935704e93d21c2973b72f46d48902"",""license"":""MIT""}"
vietjobs_vinuniversity,d44292fc340bc3c874363b0ae3ec6d000a6f2932fa13a5d72f445f2f0c675979,2025-10-31,Thực Tập Sinh Thiết Kế Đồ Họa,Thực Tập Sinh Thiết Kế Đồ Họa,intern,Da Nang,0,0,"[""Photoshop"",""Illustrator"",""Indesign""]",2000000,4000000,công_nghệ_thông_tin_kỹ_thuật_số,"{""dataset"":""dinhieufam/VietJobs"",""dataset_commit"":""ea140511b77935704e93d21c2973b72f46d48902"",""license"":""MIT""}"
vietjobs_vinuniversity,d4461fc1b59368d18fe9530bd1716b33f3f6a1b2a8c644b2ba7e73af7760433b,2025-10-31,Lập Trình Viên Android/IOS,Lập Trình Viên Android/IOS,mid,Ha Noi,2,2,"[""Swift"",""Objective-C"",""Kotlin"",""Java"",""RESTful API"",""Web socket"",""GoogleMapSDK"",""Flutter""]",25000000,25000000,công_nghệ_thông_tin_kỹ_thuật_số,"{""dataset"":""dinhieufam/VietJobs"",""dataset_commit"":""ea140511b77935704e93d21c2973b72f46d48902"",""license"":""MIT""}"
vietjobs_vinuniversity,d4a343304a642451f06c512825560c4782b0a939e6f5c2b1b259bd9afee5dab0,2025-10-31,Nhà phân tích kinh doanh cao cấp,Nhà phân tích kinh doanh cao cấp,mid,"Hà Nội, Hồ Chí Minh",3,3,"[""Business Analysis"",""ERP"",""Jira"",""Confluence"",""DevOps"",""Balsamiq"",""Lucid chart"",""Draw.io"",""Python"",""Postman"",""Power Automate Desktop""]",18000000,27000000,công_nghệ_thông_tin_kỹ_thuật_số,"{""dataset"":""dinhieufam/VietJobs"",""dataset_commit"":""ea140511b77935704e93d21c2973b72f46d48902"",""license"":""MIT""}"
vietjobs_vinuniversity,d4fec2d881d84782f37566fbeb5ee9ab23bfafe6d87e6eacf16a2ed9d478b505,2025-10-31,Thiết Kế Đồ Hoạ,Thiết Kế Đồ Hoạ,mid,Tp Vinh,1,1,"[""Photoshop"",""Illustrator"",""Premiere"",""Capcut""]",10000000,15000000,công_nghệ_thông_tin_kỹ_thuật_số,"{""dataset"":""dinhieufam/VietJobs"",""dataset_commit"":""ea140511b77935704e93d21c2973b72f46d48902"",""license"":""MIT""}"
vietjobs_vinuniversity,d51f62e48688f91b837dac5a79c7912d63785dc2272a954a10fba9fa2cf36dec,2025-10-31,Kỹ Sư Quản Trị Hệ Thống (System Administrator),Kỹ Sư Quản Trị Hệ Thống System Administrator ,mid,Ha Noi,3,3,"[""Quản trị hệ thống CNTT"",""Server"",""ảo hoá Vmware vSphere/Hyper-V"",""SAN storage"",""Load Balancer"",""Linux (Ubuntu, CentOS)"",""Windows"",""Web server (nginx, apache, tomcat)"",""Java"",""PHP"",""Mail server"",""VPN server"",""storage SAN"",""NAS""]",18000000,23000000,công_nghệ_thông_tin_kỹ_thuật_số,"{""dataset"":""dinhieufam/VietJobs"",""dataset_commit"":""ea140511b77935704e93d21c2973b72f46d48902"",""license"":""MIT""}"
vietjobs_vinuniversity,d587403f0aa6472085d90114c22f2102b6f9db3aa053db05979f47b5ff5e0d4c,2025-10-31,Nhân Viên Admin Phòng Công Nghệ Thông Tin,Nhân Viên Admin Phòng Công Nghệ Thông Tin,mid,Bắc Từ Liêm,0,0,"[""Sử dụng tốt Excel"",""Word"",""Google Workspace"",""Các công cụ quản lý dự án""]",7000000,9000000,công_nghệ_thông_tin_kỹ_thuật_số,"{""dataset"":""dinhieufam/VietJobs"",""dataset_commit"":""ea140511b77935704e93d21c2973b72f46d48902"",""license"":""MIT""}"
vietjobs_vinuniversity,d5b4d5b34dd42ec71a23804b5424ca644d313dec3e38c85bedb7268d4fceef5f,2025-10-31,Nhân Viên Thiết Kế/ Graphic Designer,Nhân Viên Thiết Kế/ Graphic Designer,mid,Ha Noi,1,1,"[""Photoshop"",""Adobe Illustrator"",""Canva""]",9000000,12000000,công_nghệ_thông_tin_kỹ_thuật_số,"{""dataset"":""dinhieufam/VietJobs"",""dataset_commit"":""ea140511b77935704e93d21c2973b72f46d48902"",""license"":""MIT""}"
vietjobs_vinuniversity,d61f25ff42aaf0cd2b20eb0e2a7cd3c38410e8ba6b9e3a65db326f8ed679bc6c,2025-10-31,Nhà phát triển Salesforce cao cấp,Nhà phát triển Salesforce cao cấp,mid,Ho Chi Minh,4,4,"[""Salesforce"",""Sales Cloud"",""Service Cloud"",""Marketing Cloud"",""Community Cloud"",""Lightning Platform""]",45000000,45000000,công_nghệ_thông_tin_kỹ_thuật_số,"{""dataset"":""dinhieufam/VietJobs"",""dataset_commit"":""ea140511b77935704e93d21c2973b72f46d48902"",""license"":""MIT""}"
vietjobs_vinuniversity,d741040a19a5fc821d211e8b32cccc3f8c6a6254dedfaeb32ffcfdde0156aa01,2025-10-31,Biên Tập Viên Nhập Liệu,Biên Tập Viên Nhập Liệu,mid,Ha Noi,1,1,"[""HTML cơ bản"",""Python""]",8000000,10000000,công_nghệ_thông_tin_kỹ_thuật_số,"{""dataset"":""dinhieufam/VietJobs"",""dataset_commit"":""ea140511b77935704e93d21c2973b72f46d48902"",""license"":""MIT""}"
vietjobs_vinuniversity,d75ebfc66787d7a78736ef43c4869d1afc2fa1715d30d7975d839b5da2f55bf6,2025-10-31,Manual Tester,Manual Tester,mid,Ha Noi,2,2,"[""Kiểm thử phần mềm"",""Kiểm thử tích hợp API"",""Sử dụng Jira"",""Sử dụng SoapUI"",""Hệ quản trị CSDL"",""Excel"",""Word"",""Snagit""]",20000000,27000000,công_nghệ_thông_tin_kỹ_thuật_số,"{""dataset"":""dinhieufam/VietJobs"",""dataset_commit"":""ea140511b77935704e93d21c2973b72f46d48902"",""license"":""MIT""}"
vietjobs_vinuniversity,d7706a8951fc44be28030bf2589176118d260159f1ed2b2124e05e16cb432bbe,2025-10-31,Nhà thiết kế đồ họa (bán thời gian/toàn thời gian),Nhà thiết kế đồ họa bán thời gian/toàn thời gian ,mid,Bình Thạnh,0,0,"[""Adobe Photoshop"",""Adobe Illustrator"",""Adobe InDesign""]",4000000,12000000,công_nghệ_thông_tin_kỹ_thuật_số,"{""dataset"":""dinhieufam/VietJobs"",""dataset_commit"":""ea140511b77935704e93d21c2973b72f46d48902"",""license"":""MIT""}"
vietjobs_vinuniversity,d7ac3b9b85292b8126aadecf297603eb16035d96774bbb03bbf945418d2f233c,2025-10-31,Nhân Viên Thiết Kế,Nhân Viên Thiết Kế,mid,Ha Noi,1,1,"[""Photoshop"",""AI"",""Corel""]",13000000,15000000,công_nghệ_thông_tin_kỹ_thuật_số,"{""dataset"":""dinhieufam/VietJobs"",""dataset_commit"":""ea140511b77935704e93d21c2973b72f46d48902"",""license"":""MIT""}"
vietjobs_vinuniversity,d7c9f10a24e907637dab111350edec19d2032ddf0b88bf778fd3f3abf132974a,2025-10-31,Chuyên Viên IT (Chuyên Viên Quản Trị Hệ Thống),Chuyên Viên IT Chuyên Viên Quản Trị Hệ Thống ,mid,Long Khánh,2,2,"[""Quản trị hệ điều hành server: Thành thạo Linux (Ubuntu/CentOS) và/hoặc Windows Server"",""Cài đặt & cấu hình mail server: Ưu tiên có kinh nghiệm với Zimbra, Mailcow, iRedMail hoặc Exchange"",""Quản lý database server: Biết tối thiểu về MySQL/PostgreSQL, backup và phục hồi dữ liệu"",""Bảo mật hệ thống: Có kinh nghiệm về firewall, fail2ban, iptables, SSL, VPN, phân quyền user"",""Quản lý mạng nội bộ & kết nối Data Center: Cấu hình IP tĩnh, NAT, port forwarding, quản lý switch/router cơ bản"",""Backup & Restore: Thiết lập lịch backup tự động cho mail, database, file; lưu trữ định kỳ"",""Giám sát hệ thống: Biết sử dụng Nagios, Zabbix, Grafana hoặc bash script theo dõi log""]",12000000,15000000,công_nghệ_thông_tin_kỹ_thuật_số,"{""dataset"":""dinhieufam/VietJobs"",""dataset_commit"":""ea140511b77935704e93d21c2973b72f46d48902"",""license"":""MIT""}"
vietjobs_vinuniversity,d7f2d38c516a701596b55ce8ccc900d22c1cb1cbb7f6d1227f0329a18c45bbca,2025-10-31,Nhân Viên Artist Game,Nhân Viên Artist Game,mid,Ho Chi Minh,1,1,"[""Photoshop"",""Illustrator"",""Figma""]",8000000,15000000,công_nghệ_thông_tin_kỹ_thuật_số,"{""dataset"":""dinhieufam/VietJobs"",""dataset_commit"":""ea140511b77935704e93d21c2973b72f46d48902"",""license"":""MIT""}"
vietjobs_vinuniversity,d80944e27ea1da279d79ef91a79ebed9969ba251b4d91cb6c2d2823aadc21749,2025-10-31,Chuyên Viên Tư Vấn Phần Mềm,Chuyên Viên Tư Vấn Phần Mềm,mid,Ha Noi,0,0,"[""Tin học văn phòng (word; excel; powerpoint)""]",6000000,18000000,công_nghệ_thông_tin_kỹ_thuật_số,"{""dataset"":""dinhieufam/VietJobs"",""dataset_commit"":""ea140511b77935704e93d21c2973b72f46d48902"",""license"":""MIT""}"
vietjobs_vinuniversity,d80c23a5203dfe5962f56200d19f8f7cf7b6030db20255152e29e77ade83aa5d,2025-10-31,.NET Developer (Product Bảo Hiểm),.NET Developer Product Bảo Hiểm ,mid,Ha Noi,2,2,"["".NET"",""C#"",""SQL Server"",""Microservice""]",20000000,27000000,công_nghệ_thông_tin_kỹ_thuật_số,"{""dataset"":""dinhieufam/VietJobs"",""dataset_commit"":""ea140511b77935704e93d21c2973b72f46d48902"",""license"":""MIT""}"
vietjobs_vinuniversity,d83d441e709d93a21520f49d42ac3ea9c193e736597ab36b3ad6a58eac33c7e0,2025-10-31,Project Manager,Project Manager,manager,Tp Vinh,2,2,"[""Quản trị dự án"",""Agile"",""Waterfall"",""Công cụ quản trị dự án"",""Kiểm soát rủi ro""]",15000000,25000000,công_nghệ_thông_tin_kỹ_thuật_số,"{""dataset"":""dinhieufam/VietJobs"",""dataset_commit"":""ea140511b77935704e93d21c2973b72f46d48902"",""license"":""MIT""}"
vietjobs_vinuniversity,d83dfdc2d329fd2e04ff86c809d97e68ad980f81790bc4c7067fd6fb4772c8a0,2025-10-31,Chuyên Viên Phát Triển Dự Án POS,Chuyên Viên Phát Triển Dự Án POS,mid,Ho Chi Minh,2,2,"[""Triển khai phần mềm"",""Giải pháp công nghệ"",""Kiến thức công nghệ thông tin""]",15000000,25000000,công_nghệ_thông_tin_kỹ_thuật_số,"{""dataset"":""dinhieufam/VietJobs"",""dataset_commit"":""ea140511b77935704e93d21c2973b72f46d48902"",""license"":""MIT""}"
vietjobs_vinuniversity,d8489d231e8b8017924bb77a5b7d70fbb4af225f51a68abc8f165f93ad8455d2,2025-10-31,Project Manager,Project Manager,manager,Ha Noi,3,3,"[""PHP"",""Java"",""Kotlin"",""Swift""]",35000000,40000000,công_nghệ_thông_tin_kỹ_thuật_số,"{""dataset"":""dinhieufam/VietJobs"",""dataset_commit"":""ea140511b77935704e93d21c2973b72f46d48902"",""license"":""MIT""}"
vietjobs_vinuniversity,d88c9ac6d9e275f1874218ba4a8934784c5c2e476b03a422a6d4bc573a013833,2025-10-31,Nhân Viên Kiểm Thử,Nhân Viên Kiểm Thử,mid,Ha Noi,1,1,"[""SQL"",""Test Plan"",""Test Case"",""Test Script"",""Scenario""]",8000000,10000000,công_nghệ_thông_tin_kỹ_thuật_số,"{""dataset"":""dinhieufam/VietJobs"",""dataset_commit"":""ea140511b77935704e93d21c2973b72f46d48902"",""license"":""MIT""}"
vietjobs_vinuniversity,d88fef66f4e0886204c162761593fd9892cf9253898285b955281e0460761630,2025-10-31,Nhân Viên Kinh Doanh Phần Mềm,Nhân Viên Kinh Doanh Phần Mềm,mid,Ho Chi Minh,0,0,[],7000000,30000000,công_nghệ_thông_tin_kỹ_thuật_số,"{""dataset"":""dinhieufam/VietJobs"",""dataset_commit"":""ea140511b77935704e93d21c2973b72f46d48902"",""license"":""MIT""}"
vietjobs_vinuniversity,d8ae0eb595c3bc439e34c83fd644d9e7dca34caf5bb03be7c3b428a0a4fe0953,2025-10-31,Chuyên Viên Thiết Kế - Quay Dựng,Chuyên Viên Thiết Kế - Quay Dựng,mid,Ha Noi,1,1,"[""Adobe Photoshop"",""Adobe Illustrator"",""CapCut"",""Indesign"",""After Effect"",""Premiere""]",9000000,12000000,công_nghệ_thông_tin_kỹ_thuật_số,"{""dataset"":""dinhieufam/VietJobs"",""dataset_commit"":""ea140511b77935704e93d21c2973b72f46d48902"",""license"":""MIT""}"
vietjobs_vinuniversity,d8c33fa814a77a600596b755983412ecbc23914d176950d49939922506c5ae99,2025-10-31,Nhân Viên IT,Nhân Viên IT,mid,Ho Chi Minh,2,2,"[""C"",""C++"",""Assembly"",""Altium Designer"",""Eagle""]",10000000,15000000,công_nghệ_thông_tin_kỹ_thuật_số,"{""dataset"":""dinhieufam/VietJobs"",""dataset_commit"":""ea140511b77935704e93d21c2973b72f46d48902"",""license"":""MIT""}"
vietjobs_vinuniversity,d8e31dbe7fdd620a56988724d254a46bd8c98a4b9aa6f12fb98002868d5a9d7e,2025-10-31,Thiết kế đồ họa cao cấp,Thiết kế đồ họa cao cấp,mid,"Hà Nội, Đà Nẵng",1,1,"[""Photoshop"",""Illustrator"",""Indesign""]",8000000,15000000,công_nghệ_thông_tin_kỹ_thuật_số,"{""dataset"":""dinhieufam/VietJobs"",""dataset_commit"":""ea140511b77935704e93d21c2973b72f46d48902"",""license"":""MIT""}"
vietjobs_vinuniversity,d977c289ac20b271cc296c5c73a39cc1325a692aa2eeb1bf235f96a2659c4be0,2025-10-31,Nhà phân tích kinh doanh,Nhà phân tích kinh doanh,mid,Nghệ An,0,0,[],8000000,15000000,công_nghệ_thông_tin_kỹ_thuật_số,"{""dataset"":""dinhieufam/VietJobs"",""dataset_commit"":""ea140511b77935704e93d21c2973b72f46d48902"",""license"":""MIT""}"
vietjobs_vinuniversity,d9782c08ae0a48ef8df7b0948def24cbd5470b52073a3704911b5dca7289e821,2025-10-31,Software Test Engineer (QA Tester),QA Engineer,mid,Ha Noi,5,5,"[""API testing"",""system integration testing"",""regression testing"",""MySQL"",""MicroService testing"",""automation testing""]",18000000,35000000,công_nghệ_thông_tin_kỹ_thuật_số,"{""dataset"":""dinhieufam/VietJobs"",""dataset_commit"":""ea140511b77935704e93d21c2973b72f46d48902"",""license"":""MIT""}"
vietjobs_vinuniversity,d99b0382b82ae4cc131d0e3e421b93132a1ee121bc4002ae83797a0fadcb8303,2025-10-31,Thiết Kế Đồ Hoạ,Thiết Kế Đồ Hoạ,mid,Ha Noi,2,2,"[""Photoshop"",""Illustrator"",""Premiere"",""After Effects""]",15000000,20000000,công_nghệ_thông_tin_kỹ_thuật_số,"{""dataset"":""dinhieufam/VietJobs"",""dataset_commit"":""ea140511b77935704e93d21c2973b72f46d48902"",""license"":""MIT""}"
vietjobs_vinuniversity,d9ce034aab4423b6bcaf27da8b50532efe1760e3c69abd3695c3b449d2f1d8c4,2025-10-31,Nhân Viên Kinh Doanh ERP,Nhân Viên Kinh Doanh ERP,mid,Ho Chi Minh,1,1,"[""Kỹ năng thuyết trình"",""Kỹ năng giao tiếp và đàm phán"",""Hiểu biết về phần mềm và công nghệ""]",30000000,50000000,công_nghệ_thông_tin_kỹ_thuật_số,"{""dataset"":""dinhieufam/VietJobs"",""dataset_commit"":""ea140511b77935704e93d21c2973b72f46d48902"",""license"":""MIT""}"
vietjobs_vinuniversity,d9dac6044136c0799b7c53fc654624b7175b8dfad09bba9a5d6c268bd7774bda,2025-10-31,2D Artis Game Mobile,2D Artis Game Mobile,mid,Ha Noi,1,1,"[""2D Art"",""UI Design"",""Photoshop"",""Spine""]",10000000,18000000,công_nghệ_thông_tin_kỹ_thuật_số,"{""dataset"":""dinhieufam/VietJobs"",""dataset_commit"":""ea140511b77935704e93d21c2973b72f46d48902"",""license"":""MIT""}"
vietjobs_vinuniversity,da1e9ea520f18547d51825d688f338b217e6ddd4cacd5b5afb03d3a6cd3479da,2025-10-31,Nhân Viên Lập Trình Và Setup Phay CNC,Nhân Viên Lập Trình Và Setup Phay CNC,mid,Ho Chi Minh,2,2,"[""Lập trình Mastercam""]",15000000,25000000,công_nghệ_thông_tin_kỹ_thuật_số,"{""dataset"":""dinhieufam/VietJobs"",""dataset_commit"":""ea140511b77935704e93d21c2973b72f46d48902"",""license"":""MIT""}"
vietjobs_vinuniversity,da28efae5548ac48d6c111e634d06a903c8b29bc56b43b333feb0f9fa07d28e4,2025-10-31,Chuyên Viên Kỹ Thuật Vận Hành VoIP,Chuyên Viên Kỹ Thuật Vận Hành VoIP,mid,Ha Noi,0,0,"[""Triển khai và vận hành hệ thống VOIP (Asterisk, FreePbx, FreeSWITCH, Kamailio, OpenSIPS, 3CX)"",""Giao thức SIP, RTP, WebRTC, STUN/TURN/ICE, NAT Traversal"",""Hệ thống tổng đài IP PBX, SIP Trunking, DID, Call Routing, IVR"",""Linux (Ubuntu, CentOS)"",""Networking (firewall, NAT, VPN, VLAN)"",""Lập trình/scripting bằng Bash, Python, hoặc Lua""]",18000000,30000000,công_nghệ_thông_tin_kỹ_thuật_số,"{""dataset"":""dinhieufam/VietJobs"",""dataset_commit"":""ea140511b77935704e93d21c2973b72f46d48902"",""license"":""MIT""}"
vietjobs_vinuniversity,da58a653240f7b9f6fd147b4189b0e481dd6b5d76e6f3c41c6db5cb96f145d75,2025-10-31,Điều phối viên dự án dữ liệu AI,Điều phối viên dự án dữ liệu AI,mid,Ha Noi,1,1,"[""Google Suite"",""AI tools (e.g., ChatGPT, Gemini)""]",10000000,17000000,công_nghệ_thông_tin_kỹ_thuật_số,"{""dataset"":""dinhieufam/VietJobs"",""dataset_commit"":""ea140511b77935704e93d21c2973b72f46d48902"",""license"":""MIT""}"
vietjobs_vinuniversity,da5ee00b9b7a9efeb6468bf2bfceeffbabaa175592ead56fe619d638a022d044,2025-10-31,Nhân Viên Thiết Kế 2D/3D,Nhân Viên Thiết Kế 2D/3D,mid,Ha Noi,2,2,"[""Photoshop"",""Adobe Illustrator"",""Blender"",""3dsmax"",""maya""]",16000000,19000000,công_nghệ_thông_tin_kỹ_thuật_số,"{""dataset"":""dinhieufam/VietJobs"",""dataset_commit"":""ea140511b77935704e93d21c2973b72f46d48902"",""license"":""MIT""}"
vietjobs_vinuniversity,da6cb8ea67d68e8283576f7efc3007e252323dc8b6e5942ecef280bea76878de,2025-10-31,Kỹ Sư Quản Lý Dự Án,Kỹ Sư Quản Lý Dự Án,mid,Ho Chi Minh,2,2,"[""MS Office"",""Auto CAD"",""CCTV"",""Access Control""]",20000000,20000000,công_nghệ_thông_tin_kỹ_thuật_số,"{""dataset"":""dinhieufam/VietJobs"",""dataset_commit"":""ea140511b77935704e93d21c2973b72f46d48902"",""license"":""MIT""}"
vietjobs_vinuniversity,da86d2ac3de85f7681d68619e0a7367fb850eb55cfc8e28185a201e2395e474c,2025-10-31,Nhân Viên Tin Học,Nhân Viên Tin Học,mid,Ha Noi,2,2,"[""Hệ thống mạng"",""Phần cứng"",""Phần mềm máy tính"",""Vi tính văn phòng""]",15000000,20000000,công_nghệ_thông_tin_kỹ_thuật_số,"{""dataset"":""dinhieufam/VietJobs"",""dataset_commit"":""ea140511b77935704e93d21c2973b72f46d48902"",""license"":""MIT""}"
vietjobs_vinuniversity,dacb30028f9dbdcb3ab1c74bb7fe7c72c41fa78dfd364e885afd9f8998a5c743,2025-10-31,Chủ sở hữu sản phẩm liên kết (Fresher/ Junior),Chủ sở hữu sản phẩm liên kết Fresher/ Junior ,fresher,Ha Noi,0,0,"[""Basic knowledge of marketing"",""Basic knowledge of e-commerce"",""Figma basic knowledge""]",8000000,15000000,công_nghệ_thông_tin_kỹ_thuật_số,"{""dataset"":""dinhieufam/VietJobs"",""dataset_commit"":""ea140511b77935704e93d21c2973b72f46d48902"",""license"":""MIT""}"
vietjobs_vinuniversity,dbd62aa9c5b9912c40ec51ccf6c6a9fa94bab2768050d9520327a37ef1a24770,2025-10-31,Nhà phân tích kinh doanh Junior (BA),Junior Nhà phân tích kinh doanh Junior BA ,junior,Ha Noi,1,1,"[""Kỹ năng phân tích"",""Kỹ năng viết tài liệu nghiệp vụ (BRD/SRS/ERD/API Spec/Design Spec)"",""Kỹ năng làm việc với các hệ thống CDP, CRM, BI Platform, Product Analytics Platform""]",12000000,20000000,công_nghệ_thông_tin_kỹ_thuật_số,"{""dataset"":""dinhieufam/VietJobs"",""dataset_commit"":""ea140511b77935704e93d21c2973b72f46d48902"",""license"":""MIT""}"
vietjobs_vinuniversity,dbfdb162466539d1c0b4b8696700599f8834968dc2e8c608a5e42408f0b90212,2025-10-31,Trình quản lý dịch vụ CNTT,Trình quản lý dịch vụ CNTT,mid,Cầu Giấy,7,7,"[""ITSM tools"",""ServiceNow"",""ITIL""]",55000000,55000000,công_nghệ_thông_tin_kỹ_thuật_số,"{""dataset"":""dinhieufam/VietJobs"",""dataset_commit"":""ea140511b77935704e93d21c2973b72f46d48902"",""license"":""MIT""}"
vietjobs_vinuniversity,dc087e91b795fee3fa7eda20e46402ac83357224b888b49d5c1a4aee64d52d9f,2025-10-31,Lãnh đạo kỹ thuật,Lãnh đạo kỹ thuật,mid,Ha Noi,6,6,"[""PostgreSQL"",""Mongo"",""Kafka"",""Linux"",""Spring Boot 3.x - Java 17/21"",""Angular - TypeScript"",""HTTP 1.1"",""HTTP/2"",""SFTP"",""JSON"",""Kafka"",""IBM MQ"",""RabbitMQ"",""Redis"",""Keycloak"",""Vault"",""Spring Cloud Config Server"",""Openshift"",""ELK"",""Prometheus"",""Grafana"",""OpenAPI 3"",""IBM"",""Camunda"",""Gitlab"",""Jenkins"",""Sonarqube"",""Nexus Artifact Repo"",""JIRA"",""Confluence"",""Docker Desktop"",""JUnit"",""K6"",""JMeter""]",30000000,50000000,công_nghệ_thông_tin_kỹ_thuật_số,"{""dataset"":""dinhieufam/VietJobs"",""dataset_commit"":""ea140511b77935704e93d21c2973b72f46d48902"",""license"":""MIT""}"
vietjobs_vinuniversity,dc7a0723160eec348e1e5383ab8236eac32e4b175262ea9e80d3599ec82a9c66,2025-10-31,Video Editor,Video Editor,mid,Ha Noi,1,1,"[""Adobe Premiere"",""After Effects"",""Photoshop"",""Illustrator""]",8000000,12000000,công_nghệ_thông_tin_kỹ_thuật_số,"{""dataset"":""dinhieufam/VietJobs"",""dataset_commit"":""ea140511b77935704e93d21c2973b72f46d48902"",""license"":""MIT""}"
vietjobs_vinuniversity,dd12d6a7c4d5ea2057b15b557b6575f28b49ca22ed1fc46ed36ddeb167341175,2025-10-31,Nhân Viên Kinh Doanh Chữ Ký Số,Nhân Viên Kinh Doanh Chữ Ký Số,mid,Ha Noi,0,0,"[""Sử dụng laptop""]",8000000,20000000,công_nghệ_thông_tin_kỹ_thuật_số,"{""dataset"":""dinhieufam/VietJobs"",""dataset_commit"":""ea140511b77935704e93d21c2973b72f46d48902"",""license"":""MIT""}"
vietjobs_vinuniversity,dd1d4fac134fd0efd7694fd501ce6636df0c318264c061ddb90c9061fa00b859,2025-10-31,Nhân Viên Thiết Kế,Nhân Viên Thiết Kế,mid,Ho Chi Minh,5,5,"[""Photoshop"",""Illustrator"",""Ngôn ngữ HTML"",""Mỹ thuật ứng dụng"",""Kỹ thuật in ấn""]",10000000,14000000,công_nghệ_thông_tin_kỹ_thuật_số,"{""dataset"":""dinhieufam/VietJobs"",""dataset_commit"":""ea140511b77935704e93d21c2973b72f46d48902"",""license"":""MIT""}"
vietjobs_vinuniversity,dd82c6005ac20621c10cfc27a1f564adf9ae54fa3c89b0158ff71cf9607fc31e,2025-10-31,Lập Trình CNC,Lập Trình CNC,mid,Ha Noi,1,1,"[""Lập trình CNC"",""Đọc và hiểu bản vẽ"",""Kiến thức về gia công cơ khí"",""Sử dụng phần mềm CAM (như Mastercam, Fusion 360, Powermill, Nx Cam, Catia Cam)""]",10000000,20000000,công_nghệ_thông_tin_kỹ_thuật_số,"{""dataset"":""dinhieufam/VietJobs"",""dataset_commit"":""ea140511b77935704e93d21c2973b72f46d48902"",""license"":""MIT""}"
vietjobs_vinuniversity,dd91c53c21eecd737d335f9f73407a2ca3e1534f939703a62dd330d01ab41b73,2025-10-31,Nhà phát triển Python (phụ trợ - AI),Nhà phát triển Python phụ trợ - AI ,mid,Ha Noi,3,3,"[""Python"",""Django"",""FastAPI"",""Docker"",""Kubernetes"",""PostgreSQL"",""MongoDB"",""Redis"",""Kafka"",""RabbitMQ"",""Jenkins"",""GitLab CI""]",30000000,40000000,công_nghệ_thông_tin_kỹ_thuật_số,"{""dataset"":""dinhieufam/VietJobs"",""dataset_commit"":""ea140511b77935704e93d21c2973b72f46d48902"",""license"":""MIT""}"
vietjobs_vinuniversity,de7d549ab9a58c3f2db91f23a91214eb0d30d94018ec25b1b091ac440f35c5bd,2025-10-31,Nhân Viên Kỹ Thuật Mạng Máy Tính - IT Support,Nhân Viên Kỹ Thuật Mạng Máy Tính - IT Support,mid,Ha Noi,0,0,"[""Phần cứng máy tính"",""Mạng máy tính"",""Cấu hình thiết bị router"",""Cấu hình thiết bị switch""]",8000000,16000000,công_nghệ_thông_tin_kỹ_thuật_số,"{""dataset"":""dinhieufam/VietJobs"",""dataset_commit"":""ea140511b77935704e93d21c2973b72f46d48902"",""license"":""MIT""}"
vietjobs_vinuniversity,dea4a13698d67169b5323c8d87acb2123c3c1b503e99c865541fd14f391c5e1b,2025-10-31,Chuyên Viên Thiết Kế 3D,Chuyên Viên Thiết Kế 3D,mid,Ha Noi,1,1,"[""3Ds Max"",""SketchUp"",""AutoCAD"",""V-Ray"",""Corona"",""Adobe Photoshop"",""Adobe Illustrator""]",13000000,18000000,công_nghệ_thông_tin_kỹ_thuật_số,"{""dataset"":""dinhieufam/VietJobs"",""dataset_commit"":""ea140511b77935704e93d21c2973b72f46d48902"",""license"":""MIT""}"
vietjobs_vinuniversity,df3436e80c8b048c3ae592269f7f2cecda59aa37ff99756040b3971430203a1a,2025-10-31,Quản lý dự án (Phần mềm cơ sở),Quản lý dự án Phần mềm cơ sở ,mid,Ha Noi,1,1,"[""Project Management"",""Understanding of technology"",""Experience with project management tools""]",22000000,40000000,công_nghệ_thông_tin_kỹ_thuật_số,"{""dataset"":""dinhieufam/VietJobs"",""dataset_commit"":""ea140511b77935704e93d21c2973b72f46d48902"",""license"":""MIT""}"
vietjobs_vinuniversity,df9b88379396674df6d06c50761419e95d438de3a24b6731026093f5e3a7b13a,2025-10-31,Nhân Viên Kinh Doanh Ngành Game - Ưu Tiên Biết Tiếng Anh,Nhân Viên Kinh Doanh Ngành Game - Ưu Tiên Biết Tiếng Anh,mid,Ho Chi Minh,0,0,"[""Tiếng Anh cơ bản"",""Hiểu Biết Về Game Online""]",7000000,13000000,công_nghệ_thông_tin_kỹ_thuật_số,"{""dataset"":""dinhieufam/VietJobs"",""dataset_commit"":""ea140511b77935704e93d21c2973b72f46d48902"",""license"":""MIT""}"
vietjobs_vinuniversity,dfc6f5cd6e9bca9be243b9c0d55c8952ebf113e28ab70442afa3f01058efe3c2,2025-10-31,Nhân Viên Kinh Doanh Media,Nhân Viên Kinh Doanh Media,mid,Ha Noi,0,0,"[""Sử dụng máy tính thành thạo (Word, Excel, Powerpoint)""]",6000000,10000000,công_nghệ_thông_tin_kỹ_thuật_số,"{""dataset"":""dinhieufam/VietJobs"",""dataset_commit"":""ea140511b77935704e93d21c2973b72f46d48902"",""license"":""MIT""}"
vietjobs_vinuniversity,dfd130d1875b6bb070edf01f8604ff7cb0f03053ce5ac3f62906c7fd8bca83eb,2025-10-31,Nhà phân tích dữ liệu kinh doanh,Nhà phân tích dữ liệu kinh doanh,mid,Ha Noi,3,3,"[""SQL"",""AWS"",""Databricks"",""SQL Server"",""Oracle"",""IBM DB2""]",40000000,40000000,công_nghệ_thông_tin_kỹ_thuật_số,"{""dataset"":""dinhieufam/VietJobs"",""dataset_commit"":""ea140511b77935704e93d21c2973b72f46d48902"",""license"":""MIT""}"
vietjobs_vinuniversity,e002f8a34bc78db79432e795b7af5436bdce6446e2479d278ffffc378efddd98,2025-10-31,Nhân Viên Upload Sản Phẩm (Customily) - Kèm Portfolio,Nhân Viên Upload Sản Phẩm Customily - Kèm Portfolio,mid,Ha Noi,0,0,"[""Photoshop""]",8000000,20000000,công_nghệ_thông_tin_kỹ_thuật_số,"{""dataset"":""dinhieufam/VietJobs"",""dataset_commit"":""ea140511b77935704e93d21c2973b72f46d48902"",""license"":""MIT""}"
vietjobs_vinuniversity,e0802ec478ddba4346a7d2f6111b934ee1ec0f2c8e79e38280205f3e208522a6,2025-10-31,Thực Tập Sinh Ngành Công Nghệ Thông Tin,Thực Tập Sinh Ngành Công Nghệ Thông Tin,intern,Ho Chi Minh,0,0,[],8000000,14000000,công_nghệ_thông_tin_kỹ_thuật_số,"{""dataset"":""dinhieufam/VietJobs"",""dataset_commit"":""ea140511b77935704e93d21c2973b72f46d48902"",""license"":""MIT""}"
vietjobs_vinuniversity,e085d2d0d1d6c8bc10e3f1ac3d41cacfce1ed3c8867e1fb88ffa675330da5fcc,2025-10-31,Chuyên Viên Tư Vấn Online Mảng Tmđt/Fnb,Chuyên Viên Tư Vấn Online Mảng Tmđt/Fnb,mid,Khánh Hoà,0,0,"[""Sử dụng laptop""]",8000000,15000000,công_nghệ_thông_tin_kỹ_thuật_số,"{""dataset"":""dinhieufam/VietJobs"",""dataset_commit"":""ea140511b77935704e93d21c2973b72f46d48902"",""license"":""MIT""}"
vietjobs_vinuniversity,e0cc811e669f5b99055189a1751b981d05e17dac273484a8a2dceb9431a43b2a,2025-10-31,Trưởng Nhóm Scan Lưu Trữ Hồ Sơ Điện Tử,Trưởng Nhóm Scan Lưu Trữ Hồ Sơ Điện Tử,mid,Ho Chi Minh,0,0,"[""Tin học văn phòng cơ bản"",""Excel""]",5000000,12000000,công_nghệ_thông_tin_kỹ_thuật_số,"{""dataset"":""dinhieufam/VietJobs"",""dataset_commit"":""ea140511b77935704e93d21c2973b72f46d48902"",""license"":""MIT""}"
vietjobs_vinuniversity,e0db5209cd0b973b32f7dffb7de9b32bd00088f0ecf83e73a55e9c1cbb301cca,2025-10-31,Nhà phân tích kinh doanh Trưởng nhóm (Ngân hàng/FinTech),Nhà phân tích kinh doanh Trưởng nhóm Ngân hàng/FinTech ,mid,Ha Noi,5,5,"[""SQL"",""Data visualization techniques and tools""]",50000000,50000000,công_nghệ_thông_tin_kỹ_thuật_số,"{""dataset"":""dinhieufam/VietJobs"",""dataset_commit"":""ea140511b77935704e93d21c2973b72f46d48902"",""license"":""MIT""}"
vietjobs_vinuniversity,e0e24544ad059ca3ebe656dde98d0a11db8a9116c64a9fe50cd3d6125db5c060,2025-10-31,Nhân Viên Kỹ Thuật Bình Ghép File Và In Ấn,Nhân Viên Kỹ Thuật Bình Ghép File Và In Ấn,mid,Ha Noi,0,0,"[""Biết sử dụng phần mềm đồ họa""]",8000000,10000000,công_nghệ_thông_tin_kỹ_thuật_số,"{""dataset"":""dinhieufam/VietJobs"",""dataset_commit"":""ea140511b77935704e93d21c2973b72f46d48902"",""license"":""MIT""}"
vietjobs_vinuniversity,e11a8014603d4a995665b061202ff5c6933eaec7f71e72f96df22b327ab2d072,2025-10-31,Nhân Viên Kinh Doanh Phần Mềm,Nhân Viên Kinh Doanh Phần Mềm,mid,Thủ Đức,1,1,"[""Sử dụng thành thạo vi tính văn phòng""]",10000000,20000000,công_nghệ_thông_tin_kỹ_thuật_số,"{""dataset"":""dinhieufam/VietJobs"",""dataset_commit"":""ea140511b77935704e93d21c2973b72f46d48902"",""license"":""MIT""}"
vietjobs_vinuniversity,e11bd11cd726417c8a5f35bc090385cc08f45df715876522b4880f616f0befaf,2025-10-31,Chuyên Viên Thiết Kế Đa Phương Tiện,Chuyên Viên Thiết Kế Đa Phương Tiện,mid,Ha Noi,1,1,"[""Photoshop"",""Illustrator"",""InDesign"",""After Effects"",""Premiere Pro""]",14000000,16000000,công_nghệ_thông_tin_kỹ_thuật_số,"{""dataset"":""dinhieufam/VietJobs"",""dataset_commit"":""ea140511b77935704e93d21c2973b72f46d48902"",""license"":""MIT""}"
vietjobs_vinuniversity,e13f20e35641da89ed56b0a4141e0b0c22d72c4142bb9f0b74664b4977cc2c35,2025-10-31,Nhân Viên Designer Thiết Kế Ngành Mỹ Phẩm,Nhân Viên Designer Thiết Kế Ngành Mỹ Phẩm,mid,Ha Noi,2,2,"[""Adobe Photoshop"",""Illustrator""]",10000000,14000000,công_nghệ_thông_tin_kỹ_thuật_số,"{""dataset"":""dinhieufam/VietJobs"",""dataset_commit"":""ea140511b77935704e93d21c2973b72f46d48902"",""license"":""MIT""}"
vietjobs_vinuniversity,e14c3c2f2c9f4c8d4c153804b48ffb101d054e9eb1c7bea8e468c94dbc13d962,2025-10-31,Nhân Viên Thiết Kế,Nhân Viên Thiết Kế,mid,Ha Noi,1,1,"[""Photoshop"",""Illustrator"",""InDesign""]",10000000,15000000,công_nghệ_thông_tin_kỹ_thuật_số,"{""dataset"":""dinhieufam/VietJobs"",""dataset_commit"":""ea140511b77935704e93d21c2973b72f46d48902"",""license"":""MIT""}"
vietjobs_vinuniversity,e14dec6ec9d46693ac36e0dbdface1616b563c64f52b31579a639b250a6dbe3f,2025-10-31,Nhân Viên Sale Phần Mềm Marketing,Nhân Viên Sale Phần Mềm Marketing,mid,Ho Chi Minh,0,0,"[""Kỹ năng làm việc nhóm"",""Kỹ năng giao tiếp"",""Kỹ năng bán hàng"",""Kỹ năng sắp xếp công việc""]",6000000,25000000,công_nghệ_thông_tin_kỹ_thuật_số,"{""dataset"":""dinhieufam/VietJobs"",""dataset_commit"":""ea140511b77935704e93d21c2973b72f46d48902"",""license"":""MIT""}"
vietjobs_vinuniversity,e180f1b539058cd622bf93362c7cdabd76d399527bd06b4c14d378861020ce15,2025-10-31,Trưởng Phòng Kinh Doanh Phần Mềm,Trưởng Phòng Kinh Doanh Phần Mềm,mid,Ha Noi,2,2,[],20000000,40000000,công_nghệ_thông_tin_kỹ_thuật_số,"{""dataset"":""dinhieufam/VietJobs"",""dataset_commit"":""ea140511b77935704e93d21c2973b72f46d48902"",""license"":""MIT""}"
vietjobs_vinuniversity,e1f54fc007ee42b18d40222d011f5f754de6a9bb27d7c1530258e22a4ab5e26b,2025-10-31,Trợ Lý Số & AI Cho CEO,Trợ Lý Số & AI Cho CEO,mid,Ho Chi Minh,0,0,"[""Google Workspace"",""Notion"",""Base.vn"",""ChatGPT"",""Zapier""]",7000000,10000000,công_nghệ_thông_tin_kỹ_thuật_số,"{""dataset"":""dinhieufam/VietJobs"",""dataset_commit"":""ea140511b77935704e93d21c2973b72f46d48902"",""license"":""MIT""}"
vietjobs_vinuniversity,e23461b818c5b4f9cd3917813cad0d098ce2cd503a11022f3206572f67c6043e,2025-10-31,Nhân Viên Thiết Kế Đồ Hoạ,Nhân Viên Thiết Kế Đồ Hoạ,mid,Ha Noi,2,2,"[""Photoshop"",""Indesign""]",15000000,20000000,công_nghệ_thông_tin_kỹ_thuật_số,"{""dataset"":""dinhieufam/VietJobs"",""dataset_commit"":""ea140511b77935704e93d21c2973b72f46d48902"",""license"":""MIT""}"
vietjobs_vinuniversity,e248f1329e21db8ff71d174086a60514d6c6e260c4d83c4a89ae6257f848e650,2025-10-31,AI Engineer,AI Engineer,mid,Ha Noi,2,2,"[""Python"",""C/C++"",""FastAPI"",""Flask"",""Django"",""Tensorflow"",""Pytorch"",""DGL"",""PyG"",""ONNX"",""Restful"",""gRPC"",""Git"",""Docker"",""Kubernetes"",""Kubeflow"",""MLFlow"",""TritonServer"",""Tensorflow Serving""]",18000000,26000000,công_nghệ_thông_tin_kỹ_thuật_số,"{""dataset"":""dinhieufam/VietJobs"",""dataset_commit"":""ea140511b77935704e93d21c2973b72f46d48902"",""license"":""MIT""}"
vietjobs_vinuniversity,e279574fbd4c8eaa4721cc6f16afc88f6fe6d88d7d3342703a00261968c009cf,2025-10-31,Chuyên Viên Kiểm Thử Phần Mềm,Chuyên Viên Kiểm Thử Phần Mềm,mid,Ho Chi Minh,2,2,"[""Software Testing"",""API Testing"",""Database Testing"",""Automation Testing""]",15000000,25000000,công_nghệ_thông_tin_kỹ_thuật_số,"{""dataset"":""dinhieufam/VietJobs"",""dataset_commit"":""ea140511b77935704e93d21c2973b72f46d48902"",""license"":""MIT""}"
vietjobs_vinuniversity,e2837259e6283c3faea9733bf013ede11927778eb6b75ba45ff795014c945eac,2025-10-31,Nhân Viên Designer,Nhân Viên Designer,mid,Ha Noi,2,2,"[""Thiết kế đồ họa"",""Quay dựng video""]",12000000,15000000,công_nghệ_thông_tin_kỹ_thuật_số,"{""dataset"":""dinhieufam/VietJobs"",""dataset_commit"":""ea140511b77935704e93d21c2973b72f46d48902"",""license"":""MIT""}"
vietjobs_vinuniversity,e2d7250c557199c719c54b00886e617e2e51de6db6f05dff66399afbfe914c9f,2025-10-31,Giảng Viên Cơ Hữu,Giảng Viên Cơ Hữu,mid,Ho Chi Minh,2,2,"[""Quản lý hệ thống hạ tầng mạng"",""Quản lý phần cứng server"",""Quản trị các service"",""Kiến thức về Microsoft Azure"",""Quản trị Hệ Thống Linux""]",15000000,25000000,công_nghệ_thông_tin_kỹ_thuật_số,"{""dataset"":""dinhieufam/VietJobs"",""dataset_commit"":""ea140511b77935704e93d21c2973b72f46d48902"",""license"":""MIT""}"
vietjobs_vinuniversity,e337a79dbe956e43b980faaf7b48bc167b5e7c71ebea1885907ae35d3e92a72e,2025-10-31,PHP Developer,PHP Developer,mid,Ha Noi,1,1,"[""PHP"",""JavaScript"",""HTML"",""CSS"",""WordPress"",""MySQL"",""MongoDB"",""SQL Server""]",12000000,14000000,công_nghệ_thông_tin_kỹ_thuật_số,"{""dataset"":""dinhieufam/VietJobs"",""dataset_commit"":""ea140511b77935704e93d21c2973b72f46d48902"",""license"":""MIT""}"
vietjobs_vinuniversity,e36393c844943896c02c4cc3f039e900427bd58a58e2a53faa7aae3fc879209e,2025-10-31,Devops,DevOps Engineer,mid,Ha Noi,4,4,"[""Docker"",""Kubernetes"",""Microservices"",""NoSQL"",""Restful APIs"",""CI/CD tools (Gitlab CI, Weave Flux, Spinnaker)"",""Infrastructure as Code (Terraform, Ansible)""]",60000000,60000000,công_nghệ_thông_tin_kỹ_thuật_số,"{""dataset"":""dinhieufam/VietJobs"",""dataset_commit"":""ea140511b77935704e93d21c2973b72f46d48902"",""license"":""MIT""}"
vietjobs_vinuniversity,e386b14bd28194961786e2b69987d999941395b5b7e185c0b8f51a62d6fc9b55,2025-10-31,Kỹ Sư Kết Cấu 3D Revit Modeling (8h-16h30),Kỹ Sư Kết Cấu 3D Revit Modeling 8h-16h30 ,mid,Ha Noi,2,2,"[""Revit 3D Modeling"",""AutoCAD""]",15000000,25000000,công_nghệ_thông_tin_kỹ_thuật_số,"{""dataset"":""dinhieufam/VietJobs"",""dataset_commit"":""ea140511b77935704e93d21c2973b72f46d48902"",""license"":""MIT""}"
vietjobs_vinuniversity,e39839e38df415eff94554f812d0b9009ba03c9c9212769a83c41e633a6a6fd7,2025-10-31,Nhân Viên Kinh Doanh Phần Mềm B2B,Nhân Viên Kinh Doanh Phần Mềm B2B,mid,"Hà Nội, Hồ Chí Minh",1,1,"[""Office"",""Docs"",""CRM""]",10000000,30000000,công_nghệ_thông_tin_kỹ_thuật_số,"{""dataset"":""dinhieufam/VietJobs"",""dataset_commit"":""ea140511b77935704e93d21c2973b72f46d48902"",""license"":""MIT""}"
vietjobs_vinuniversity,e3cab582b5c241ee544a5df3dcab59d53e0d1bb7638cf77a4669078a4490c72f,2025-10-31,Trưởng Phòng Phần Mềm (Technical Manager),Trưởng Phòng Phần Mềm Technical Manager ,manager,Ha Noi,6,6,"[""Ngôn ngữ lập trình"",""Kiến trúc hệ thống"",""Cơ sở dữ liệu"",""Bảo mật"",""Công nghệ AI"",""Quy trình phát triển phần mềm Agile/Scrum""]",40000000,50000000,công_nghệ_thông_tin_kỹ_thuật_số,"{""dataset"":""dinhieufam/VietJobs"",""dataset_commit"":""ea140511b77935704e93d21c2973b72f46d48902"",""license"":""MIT""}"
vietjobs_vinuniversity,e41062e2870a0006bc4b80d232484dea17211e97cce376b506682d1427aca0b0,2025-10-31,Nhân Viên IT,Nhân Viên IT,mid,Ho Chi Minh,2,2,"[""AutoCAD"",""Revit"",""SketchUp"",""Lumion"",""Adobe Suite"",""AI (ChatGPT, Gemini)"",""Windows"",""Linux"",""NAS"",""Google Drive""]",12000000,18000000,công_nghệ_thông_tin_kỹ_thuật_số,"{""dataset"":""dinhieufam/VietJobs"",""dataset_commit"":""ea140511b77935704e93d21c2973b72f46d48902"",""license"":""MIT""}"
vietjobs_vinuniversity,e475810c376c16bbdf08e0bb8cdf5e78cfdfc6c22c14e3f9043bbccd8cb1593a,2025-10-31,Frontend Developer,Frontend Developer,mid,Ha Noi,3,3,"[""HTML5"",""CSS3"",""JavaScript"",""Angular"",""VueJS"",""ReactJS"",""Bootstrap"",""Restful API"",""Websocket"",""Redux"",""Zustand"",""NgRx"",""Next.js"",""Angular Universal""]",25000000,25000000,công_nghệ_thông_tin_kỹ_thuật_số,"{""dataset"":""dinhieufam/VietJobs"",""dataset_commit"":""ea140511b77935704e93d21c2973b72f46d48902"",""license"":""MIT""}"
vietjobs_vinuniversity,e48b42329a8d93dbf1a78836f22af58ac12e0645642ef8b141974834771472c8,2025-10-31,Kỹ sư giải pháp,Kỹ sư giải pháp,mid,Ha Noi,2,2,"[""Cyber Security"",""Operating Systems"",""Data Processing"",""Telecommunication""]",18000000,25000000,công_nghệ_thông_tin_kỹ_thuật_số,"{""dataset"":""dinhieufam/VietJobs"",""dataset_commit"":""ea140511b77935704e93d21c2973b72f46d48902"",""license"":""MIT""}"
vietjobs_vinuniversity,e496b987a93c812f5a5ecbb1991faad4daab49051869bc1b60cf8e92351e88ed,2025-10-31,Nhân Viên Thiết Kế Đồ Họa,Nhân Viên Thiết Kế Đồ Họa,mid,Ha Noi,0,0,"[""Sử dụng tốt các phần mềm thiết kế đồ họa""]",12000000,15000000,công_nghệ_thông_tin_kỹ_thuật_số,"{""dataset"":""dinhieufam/VietJobs"",""dataset_commit"":""ea140511b77935704e93d21c2973b72f46d48902"",""license"":""MIT""}"
vietjobs_vinuniversity,e4c91ca097c91666ce07eed8bc373bd89587adf2cebf1f0efe1c46bbaa77c2cd,2025-10-31,Nhân Viên Thiết Kế Đồ Họa,Nhân Viên Thiết Kế Đồ Họa,mid,Ha Noi,2,2,"[""illustrator"",""photoshop"",""XD"",""after effects"",""Corel Draw""]",15000000,25000000,công_nghệ_thông_tin_kỹ_thuật_số,"{""dataset"":""dinhieufam/VietJobs"",""dataset_commit"":""ea140511b77935704e93d21c2973b72f46d48902"",""license"":""MIT""}"
vietjobs_vinuniversity,e4da77cfe7a1115f8f03e5f8172fb3faba6c0ceb7764861745961c0b4a5c3179,2025-10-31,Thực tập phát triển phần mềm,Thực tập phát triển phần mềm,intern,Ho Chi Minh,0,0,"[""NodeJS"",""RESTful API"",""NestJS"",""Java"",""ReactJS"",""Python"",""version control systems (e.g., Git, Gitflow, GitLab)"",""database management systems (SQL, NoSQL, MongoDB, Redis, MySQL)""]",2000000,2000000,công_nghệ_thông_tin_kỹ_thuật_số,"{""dataset"":""dinhieufam/VietJobs"",""dataset_commit"":""ea140511b77935704e93d21c2973b72f46d48902"",""license"":""MIT""}"
vietjobs_vinuniversity,e6011e672cd9c51d979baee3c88e0522f9839097bbd5f9b6e21d252defd1e1e7,2025-10-31,Nhân Viên Thiết Kế Đồ Họa 2D,Nhân Viên Thiết Kế Đồ Họa 2D,mid,Ha Noi,2,2,"[""Corel"",""Illustrator"",""After effect"",""Adobe Premiere""]",13000000,17000000,công_nghệ_thông_tin_kỹ_thuật_số,"{""dataset"":""dinhieufam/VietJobs"",""dataset_commit"":""ea140511b77935704e93d21c2973b72f46d48902"",""license"":""MIT""}"
vietjobs_vinuniversity,e61aef290419d66439b10ed2d16404f3a4b2d2b6b35d2f37e8719367e8c58d9c,2025-10-31,Nhân Viên Idea Creator,Nhân Viên Idea Creator,mid,Ho Chi Minh,0,0,"[""Tin học văn phòng"",""Nghiên cứu thị trường""]",7000000,9000000,công_nghệ_thông_tin_kỹ_thuật_số,"{""dataset"":""dinhieufam/VietJobs"",""dataset_commit"":""ea140511b77935704e93d21c2973b72f46d48902"",""license"":""MIT""}"
vietjobs_vinuniversity,e64ebfd9018a89ba333154618e8b6a12d559537e23eb18efdb0a46aabc9790bf,2025-10-31,Kỹ Sư Phát Triển Phần Mềm - Backend Developer,Backend Developer,mid,Nhật Bản,2,2,"[""Java"",""Kotlin"",""Python"",""PHP"",""HTML"",""CSS"",""JavaScript"",""Swift"",""Objective-C"",""Ruby on Rails"",""Angular"",""Go"","".NET"",""C/C++"",""VB"",""VBA""]",53000000,63000000,công_nghệ_thông_tin_kỹ_thuật_số,"{""dataset"":""dinhieufam/VietJobs"",""dataset_commit"":""ea140511b77935704e93d21c2973b72f46d48902"",""license"":""MIT""}"
vietjobs_vinuniversity,e64ff302b6852bbab8e32b797f16f064880dc1d03eac10d95c848bd4b9126253,2025-10-31,Frontend Developer (ReactJS),Frontend Developer,mid,Ha Noi,4,4,"[""Javascript ES5/ES6+"",""HTML5"",""CSS3"",""ReactJS"",""SVG"",""Canvas""]",20000000,35000000,công_nghệ_thông_tin_kỹ_thuật_số,"{""dataset"":""dinhieufam/VietJobs"",""dataset_commit"":""ea140511b77935704e93d21c2973b72f46d48902"",""license"":""MIT""}"
vietjobs_vinuniversity,e6bc64827b407e0b83503371123d237eef9a8360aaa96433ebab41b418f01ed5,2025-10-31,Kỹ Sư Mạng,Kỹ Sư Mạng,mid,Ha Noi,1,1,"[""Cisco"",""Juniper"",""Dell"",""Checkpoint"",""Palo Alto"",""F5"",""MFA"",""VPN"",""IDS/IPS"",""NAC"",""Monitor"",""Logging""]",15000000,25000000,công_nghệ_thông_tin_kỹ_thuật_số,"{""dataset"":""dinhieufam/VietJobs"",""dataset_commit"":""ea140511b77935704e93d21c2973b72f46d48902"",""license"":""MIT""}"
vietjobs_vinuniversity,e6dc048391c0487fc00e51db37fb32eb53358320a41e7cc23cfd52f9ec78755b,2025-10-31,Chuyên Viên Phân Tích Nghiệp Vụ,Chuyên Viên Phân Tích Nghiệp Vụ,mid,Ha Noi,2,2,"[""Visio"",""Figma"",""Draw.io"",""Jira"",""Confluence"",""BPMN tools""]",12000000,30000000,công_nghệ_thông_tin_kỹ_thuật_số,"{""dataset"":""dinhieufam/VietJobs"",""dataset_commit"":""ea140511b77935704e93d21c2973b72f46d48902"",""license"":""MIT""}"
vietjobs_vinuniversity,e6dc7486134ddfe1c4ce9df831cb05125ef1d8f191cb5270ceb9b2ddd88ca8d1,2025-10-31,Nhân Viên Business Analyst (BA),Data Analyst,mid,Ha Noi,3,3,"[""UML"",""vẽ sơ đồ usecase"",""vẽ mockup"",""thiết kế CSDL""]",15000000,20000000,công_nghệ_thông_tin_kỹ_thuật_số,"{""dataset"":""dinhieufam/VietJobs"",""dataset_commit"":""ea140511b77935704e93d21c2973b72f46d48902"",""license"":""MIT""}"
vietjobs_vinuniversity,e7a2a11cf0f265958e47123af630fe04a3eb2e83fbcc4acd418a6e885fa3288f,2025-10-31,Bim Engineering Manager,Bim Engineering Manager,manager,Ha Noi,2,2,"[""Revit"",""Naviswork""]",20000000,30000000,công_nghệ_thông_tin_kỹ_thuật_số,"{""dataset"":""dinhieufam/VietJobs"",""dataset_commit"":""ea140511b77935704e93d21c2973b72f46d48902"",""license"":""MIT""}"
vietjobs_vinuniversity,e7c48fa0e04fe4d12d72502afa92a59009447fb415c56e88947f7d381ef0f78e,2025-10-31,Chuyên Viên Phát Triển Thiết Bị Thanh Toán/ Nhân Viên Kinh Doanh/ Sales,Chuyên Viên Phát Triển Thiết Bị Thanh Toán/ Nhân Viên Kinh Doanh/ Sales,mid,Ho Chi Minh,0,0,"[""Kỹ năng giao tiếp"",""Kinh nghiệm trong các lĩnh vực thanh toán, sales, ngân hàng, công nghệ hoặc dịch vụ bán lẻ, F&B""]",10000000,25000000,công_nghệ_thông_tin_kỹ_thuật_số,"{""dataset"":""dinhieufam/VietJobs"",""dataset_commit"":""ea140511b77935704e93d21c2973b72f46d48902"",""license"":""MIT""}"
vietjobs_vinuniversity,e7cee81aea4ce8a313b7c3727508b512038c9958fbcbea079dea70ced96294f6,2025-10-31,Nhân Viên Thiết Kế Đồ Họa,Nhân Viên Thiết Kế Đồ Họa,mid,Ha Noi,1,1,"[""Photoshop"",""Illustrator"",""Figma"",""Premiere"",""After Effects""]",8000000,12000000,công_nghệ_thông_tin_kỹ_thuật_số,"{""dataset"":""dinhieufam/VietJobs"",""dataset_commit"":""ea140511b77935704e93d21c2973b72f46d48902"",""license"":""MIT""}"
vietjobs_vinuniversity,e7ef0883d4a2622f7456fe1dc0c85d93420483e166e46f529857008173ae0521,2025-10-31,Chuyên Viên Kinh Doanh Khách Hàng Enterprise,Chuyên Viên Kinh Doanh Khách Hàng Enterprise,mid,Da Nang,1,1,"[""Kỹ năng đàm phán"",""Kỹ năng thuyết trình""]",10000000,20000000,công_nghệ_thông_tin_kỹ_thuật_số,"{""dataset"":""dinhieufam/VietJobs"",""dataset_commit"":""ea140511b77935704e93d21c2973b72f46d48902"",""license"":""MIT""}"
vietjobs_vinuniversity,e81e48357726324967d0be18b36f59ecfa19ebef4883880ca5d8b5e7302945dd,2025-10-31,Giám Đốc Công Nghệ,Giám Đốc Công Nghệ,mid,Ha Noi,5,5,"[""Big data frameworks: Hadoop, Spark, Flink, Airflow"",""Data platform: Kafka, Snowflake, Redshift, Druid, ClickHouse"",""Hệ CSDL: SQL/NoSQL (PostgreSQL, MongoDB, Cassandra)"",""Cloud: AWS, GCP hoặc Azure (EC2, S3, EMR, Kinesis, Glue)"",""DataOps, CI/CD, IaC, container orchestration (Docker, Kubernetes)""]",80000000,150000000,công_nghệ_thông_tin_kỹ_thuật_số,"{""dataset"":""dinhieufam/VietJobs"",""dataset_commit"":""ea140511b77935704e93d21c2973b72f46d48902"",""license"":""MIT""}"
vietjobs_vinuniversity,e824327936e19ef0bf98d532c49878a260d97813f4b631de0fecffb4da43dfb9,2025-10-31,Project Sales,Project Sales,mid,Ha Noi,2,2,"[""Kinh doanh các sản phẩm Công nghệ"",""Quản trị hệ thống"",""Vận hành hệ thống""]",20000000,35000000,công_nghệ_thông_tin_kỹ_thuật_số,"{""dataset"":""dinhieufam/VietJobs"",""dataset_commit"":""ea140511b77935704e93d21c2973b72f46d48902"",""license"":""MIT""}"
vietjobs_vinuniversity,e88097787e0fb8fa251a5bc3a2da2d57032b5416e3738ca003058d05ae2e170b,2025-10-31,Nhân Viên Phân Tích Dữ Liệu,Nhân Viên Phân Tích Dữ Liệu,mid,Ho Chi Minh,2,2,"[""MS Excel"",""Word"",""Outlook"",""Power BI"",""7 QC tools trong SPC""]",10000000,15000000,công_nghệ_thông_tin_kỹ_thuật_số,"{""dataset"":""dinhieufam/VietJobs"",""dataset_commit"":""ea140511b77935704e93d21c2973b72f46d48902"",""license"":""MIT""}"
vietjobs_vinuniversity,e88fe8ec2781b099c9126f3ecd2fd12be677595ef9d773462ed49d4bffff0744,2025-10-31,Nhân Viên Thiết Kế Đồ Hoạ,Nhân Viên Thiết Kế Đồ Hoạ,mid,Hà Đông,3,3,"[""Adobe Photoshop"",""Illustrator"",""Adobe Premiere"",""After Effects""]",13000000,18000000,công_nghệ_thông_tin_kỹ_thuật_số,"{""dataset"":""dinhieufam/VietJobs"",""dataset_commit"":""ea140511b77935704e93d21c2973b72f46d48902"",""license"":""MIT""}"
vietjobs_vinuniversity,e8b3e6b45fa380e40c6ac7ed146eab4625a484e30178df11b01c900bb2245ab3,2025-10-31,Thiết kế đồ họa,Thiết kế đồ họa,mid,Ha Noi,1,1,"[""Photoshop"",""Illustrator"",""Blender"",""Maya"",""c4D"",""3D max"",""Unity""]",8000000,10000000,công_nghệ_thông_tin_kỹ_thuật_số,"{""dataset"":""dinhieufam/VietJobs"",""dataset_commit"":""ea140511b77935704e93d21c2973b72f46d48902"",""license"":""MIT""}"
vietjobs_vinuniversity,e8b525802b8c98309754cc7aaaf6f5e7dbe957162dd952f4efcbc9aad16ce416,2025-10-31,Thiết kế đồ họa,Thiết kế đồ họa,mid,Ha Noi,1,1,"[""Photoshop"",""Illustrator"",""Premiere Pro"",""Figma""]",10000000,13000000,công_nghệ_thông_tin_kỹ_thuật_số,"{""dataset"":""dinhieufam/VietJobs"",""dataset_commit"":""ea140511b77935704e93d21c2973b72f46d48902"",""license"":""MIT""}"
vietjobs_vinuniversity,e92d59b7ceaa8a70510ce334ef252e6fc92ab0a507fbc60602ce55dbcd6b3fd3,2025-10-31,Nhân Viên Thiết Kế,Nhân Viên Thiết Kế,mid,Quận 7,2,2,"[""Adobe Creative Suite (Photoshop, Illustrator, After Effects)""]",12000000,15000000,công_nghệ_thông_tin_kỹ_thuật_số,"{""dataset"":""dinhieufam/VietJobs"",""dataset_commit"":""ea140511b77935704e93d21c2973b72f46d48902"",""license"":""MIT""}"
vietjobs_vinuniversity,e92d5ed3d624784201c402f5def83f7ec3410eff33547b39b24a0a4034094363,2025-10-31,Web Developer (PHP),Web Developer PHP ,mid,Tp Sông Công,1,1,"[""PHP"",""HTML"",""CSS"",""JavaScript"",""jQuery"",""MySQL"",""PostgreSQL"",""Git""]",10000000,15000000,công_nghệ_thông_tin_kỹ_thuật_số,"{""dataset"":""dinhieufam/VietJobs"",""dataset_commit"":""ea140511b77935704e93d21c2973b72f46d48902"",""license"":""MIT""}"
vietjobs_vinuniversity,e98789da9caf629a88ba1d370b27b5eb5306b460d9e15df0ab583d599947b2ab,2025-10-31,AI/NLP Engineer,AI/NLP Engineer,mid,Ha Noi,1,1,"[""Machine Learning"",""Deep Learning"",""Python"",""SQL"",""Scikit-learn"",""TensorFlow"",""Keras"",""PyTorch"",""numpy"",""matplotlib"",""pandas"",""Jupyter notebook""]",15000000,40000000,công_nghệ_thông_tin_kỹ_thuật_số,"{""dataset"":""dinhieufam/VietJobs"",""dataset_commit"":""ea140511b77935704e93d21c2973b72f46d48902"",""license"":""MIT""}"
vietjobs_vinuniversity,e98aa6ab997eceabd8f2eea05d6696d4aa465b153623cceed9f0d0c679cf480b,2025-10-31,Nhân Viên Tư Vấn Phần Mềm,Nhân Viên Tư Vấn Phần Mềm,mid,Ho Chi Minh,0,0,"[""Excel"",""Google Sheet"",""CRM""]",7000000,16000000,công_nghệ_thông_tin_kỹ_thuật_số,"{""dataset"":""dinhieufam/VietJobs"",""dataset_commit"":""ea140511b77935704e93d21c2973b72f46d48902"",""license"":""MIT""}"
vietjobs_vinuniversity,e9a625e5f02f9b1d5b0c58046fea3c43bf9d0e53549215c924893af9ad0e4eea,2025-10-31,Chủ sở hữu sản phẩm,Chủ sở hữu sản phẩm,mid,Ha Noi,2,2,"[""Agile/Scrum"",""Viết User Story"",""Phân Tích Nghiệp Vụ""]",7000000,15000000,công_nghệ_thông_tin_kỹ_thuật_số,"{""dataset"":""dinhieufam/VietJobs"",""dataset_commit"":""ea140511b77935704e93d21c2973b72f46d48902"",""license"":""MIT""}"
vietjobs_vinuniversity,e9c6d6fcd30f5d9768ea0ffab291b7c8b4f3b9436c896dc150ae3e47e02ad531,2025-10-31,Thiết kế đồ họa,Thiết kế đồ họa,mid,Hà Đông,1,1,"[""Photoshop"",""Illustrator"",""Figma""]",8000000,12000000,công_nghệ_thông_tin_kỹ_thuật_số,"{""dataset"":""dinhieufam/VietJobs"",""dataset_commit"":""ea140511b77935704e93d21c2973b72f46d48902"",""license"":""MIT""}"
vietjobs_vinuniversity,e9e02c6d1dfa58a563ce34311c512231304c4d1444fee29072f0a15d53bbccc7,2025-10-31,Thiết kế đồ họa,Thiết kế đồ họa,mid,Ha Noi,2,2,"[""Photoshop"",""Illustrator"",""Figma"",""InDesign"",""Premiere"",""Capcut""]",10000000,15000000,công_nghệ_thông_tin_kỹ_thuật_số,"{""dataset"":""dinhieufam/VietJobs"",""dataset_commit"":""ea140511b77935704e93d21c2973b72f46d48902"",""license"":""MIT""}"
vietjobs_vinuniversity,ea2a3f178bdada706d56a03a04ce6545d134bb695aeab1bccf932f51e6edb6f6,2025-10-31,Kỹ Sư IT- Nhúng,Kỹ Sư IT- Nhúng,mid,Ha Noi,2,2,"[""C++"",""C"",""Python""]",10000000,30000000,công_nghệ_thông_tin_kỹ_thuật_số,"{""dataset"":""dinhieufam/VietJobs"",""dataset_commit"":""ea140511b77935704e93d21c2973b72f46d48902"",""license"":""MIT""}"
vietjobs_vinuniversity,ea3ea01c88488a6cef34dd91f599bc241440abd42a699f3384df851532cd2dcb,2025-10-31,Nhân Viên Thiết Kế,Nhân Viên Thiết Kế,mid,Ho Chi Minh,1,1,"[""Illustrator"",""Photoshop"",""Corel"",""Figma""]",13000000,15000000,công_nghệ_thông_tin_kỹ_thuật_số,"{""dataset"":""dinhieufam/VietJobs"",""dataset_commit"":""ea140511b77935704e93d21c2973b72f46d48902"",""license"":""MIT""}"
vietjobs_vinuniversity,ea5c7ad7f3480686e32b2b042bf101bc8dd2ab3474c92e88b4b87b2ff71e5516,2025-10-31,Chuyên Viên Vận Hành Và Hỗ Trợ Phần Mềm,Chuyên Viên Vận Hành Và Hỗ Trợ Phần Mềm,mid,Ha Noi,1,1,"[""PostgreSQL"",""Oracle"",""MS SQL"",""MySQL"",""Windows Server"",""Linux"",""Java"",""PHP"","".NET"",""Python""]",10000000,20000000,công_nghệ_thông_tin_kỹ_thuật_số,"{""dataset"":""dinhieufam/VietJobs"",""dataset_commit"":""ea140511b77935704e93d21c2973b72f46d48902"",""license"":""MIT""}"
vietjobs_vinuniversity,eac06c96fbfceb56264d9b07fe4c0e94340f51c514e83dc380a95327cd49c015,2025-10-31,Nhân Viên Editor,Nhân Viên Editor,mid,Ho Chi Minh,1,1,"[""After Effects"",""Photoshop"",""Premiere Pro"",""CapCut""]",10000000,20000000,công_nghệ_thông_tin_kỹ_thuật_số,"{""dataset"":""dinhieufam/VietJobs"",""dataset_commit"":""ea140511b77935704e93d21c2973b72f46d48902"",""license"":""MIT""}"
vietjobs_vinuniversity,eb0227c13857e44c89a1868df39d9d89f136430c4063c7de97c71932ca7b9c5a,2025-10-31,Nhân Viên Kỹ Thuật,Nhân Viên Kỹ Thuật,mid,Ha Noi,3,3,"[""Quản trị mạng"",""Quản trị hệ thống server"",""Quản trị web"",""Phần cứng máy tính""]",12000000,15000000,công_nghệ_thông_tin_kỹ_thuật_số,"{""dataset"":""dinhieufam/VietJobs"",""dataset_commit"":""ea140511b77935704e93d21c2973b72f46d48902"",""license"":""MIT""}"
vietjobs_vinuniversity,eb1153aeb9fcd032b19f013103e2afb5b1750215a79ca00afd550c21af837c6c,2025-10-31,Nhà phân tích dữ liệu & hiểu biết,Nhà phân tích dữ liệu & hiểu biết,mid,Ha Noi,0,0,"[""Google Sheets"",""Google Drive"",""Microsoft Excel (advanced)"",""Data Analysis & Reporting""]",8000000,13000000,công_nghệ_thông_tin_kỹ_thuật_số,"{""dataset"":""dinhieufam/VietJobs"",""dataset_commit"":""ea140511b77935704e93d21c2973b72f46d48902"",""license"":""MIT""}"
vietjobs_vinuniversity,eb325e9b2d7411bfd656804b363097f019611e6d9776a28a8c0b99952dbd5d47,2025-10-31,Nhà thiết kế/Thiết Kế Slide PowerPoint E-Learning,Nhà thiết kế/Thiết Kế Slide PowerPoint E-Learning,mid,Ha Noi,2,2,"[""Adobe Illustrator"",""Adobe Photoshop"",""Adobe Indesign""]",12000000,16000000,công_nghệ_thông_tin_kỹ_thuật_số,"{""dataset"":""dinhieufam/VietJobs"",""dataset_commit"":""ea140511b77935704e93d21c2973b72f46d48902"",""license"":""MIT""}"
vietjobs_vinuniversity,eb3940d3f19601acc6de682211881522b0e191b9004c0e91b01d67dd8a44f3be,2025-10-31,Nhân Viên Tester,Nhân Viên Tester,mid,Hoàng Mai,1,1,"[""SQL"",""Postman"",""JMeter"",""Trello"",""SQL Server"",""PostgreSQL""]",9000000,13000000,công_nghệ_thông_tin_kỹ_thuật_số,"{""dataset"":""dinhieufam/VietJobs"",""dataset_commit"":""ea140511b77935704e93d21c2973b72f46d48902"",""license"":""MIT""}"
vietjobs_vinuniversity,eb3f290c4d5ef9c716bf943258043dae770bbe29a1224b7540b69620b28526e1,2025-10-31,Nhân Viên Thiết Kế,Nhân Viên Thiết Kế,mid,Ha Noi,1,1,"[""AI"",""Photoshop"",""Illustrator"",""Premiere"",""After Effect""]",8000000,15000000,công_nghệ_thông_tin_kỹ_thuật_số,"{""dataset"":""dinhieufam/VietJobs"",""dataset_commit"":""ea140511b77935704e93d21c2973b72f46d48902"",""license"":""MIT""}"
vietjobs_vinuniversity,eb482174ed88afef8ea09695416c1575de9b92cdf9277d68116a9628e38aa03b,2025-10-31,Phân tích dữ liệu cao cấp,Phân tích dữ liệu cao cấp,mid,Ho Chi Minh,3,3,"[""SQL"",""Python"",""R"",""Power BI""]",80000000,80000000,công_nghệ_thông_tin_kỹ_thuật_số,"{""dataset"":""dinhieufam/VietJobs"",""dataset_commit"":""ea140511b77935704e93d21c2973b72f46d48902"",""license"":""MIT""}"
vietjobs_vinuniversity,eb9544e491964e0ceea2ab7213ec169999560705d57674075c2f7c50f80d86e5,2025-10-31,Java Developer (Giao Tiếp Tiếng Anh),Java Developer Giao Tiếp Tiếng Anh ,mid,Ha Noi,3,3,"["".Net"",""Java"",""SQLServer"",""Oracle"",""NoSQL"",""Python"",""PHP"",""NodeJS"",""Ruby"",""Java Spring Boot"",""API"",""Docker"",""CI/CD""]",25000000,36000000,công_nghệ_thông_tin_kỹ_thuật_số,"{""dataset"":""dinhieufam/VietJobs"",""dataset_commit"":""ea140511b77935704e93d21c2973b72f46d48902"",""license"":""MIT""}"
vietjobs_vinuniversity,ebece52ad2da36905f2eaca723abb1f8810abd32eaee112bf59cb97c31942f64,2025-10-31,Nhân Viên Bán Hàng,Nhân Viên Bán Hàng,mid,Đồng Nai,0,0,[],8000000,12000000,công_nghệ_thông_tin_kỹ_thuật_số,"{""dataset"":""dinhieufam/VietJobs"",""dataset_commit"":""ea140511b77935704e93d21c2973b72f46d48902"",""license"":""MIT""}"
vietjobs_vinuniversity,ec05719f858cb383fcb31ffa301b7b75582397b3b1b218790db239a6a8068a8f,2025-10-31,3D Artist,3D Artist,mid,Ha Noi,2,2,"[""3ds Max"",""Blender"",""Keyshot""]",8000000,15000000,công_nghệ_thông_tin_kỹ_thuật_số,"{""dataset"":""dinhieufam/VietJobs"",""dataset_commit"":""ea140511b77935704e93d21c2973b72f46d48902"",""license"":""MIT""}"
vietjobs_vinuniversity,ec2798e201ae36dbf397d3bebd2fdf47685c28b935a5ab4d92f90cc7ea0c642a,2025-10-31,Thiết kế đồ họa Fulltime/Intern,Thiết kế đồ họa Fulltime/Intern,intern,Ho Chi Minh,1,1,"[""Photoshop"",""Illustrator""]",8000000,15000000,công_nghệ_thông_tin_kỹ_thuật_số,"{""dataset"":""dinhieufam/VietJobs"",""dataset_commit"":""ea140511b77935704e93d21c2973b72f46d48902"",""license"":""MIT""}"
vietjobs_vinuniversity,ec441bfd22b059434c938321327be725e567e40ea8ec1c26b7b6723366a2fd94,2025-10-31,Nhân Viên Thiết Kế,Nhân Viên Thiết Kế,mid,Ho Chi Minh,1,1,"[""Photoshop"",""Corel Draw"",""Illustrator"",""Indesign"",""Tin học văn phòng (Word, Excel)""]",8000000,12000000,công_nghệ_thông_tin_kỹ_thuật_số,"{""dataset"":""dinhieufam/VietJobs"",""dataset_commit"":""ea140511b77935704e93d21c2973b72f46d48902"",""license"":""MIT""}"
vietjobs_vinuniversity,ec473295142fb19ba2f7af081a7c0994f8ddbe2443efc6d0ea459d0807dd18b1,2025-10-31,Designer POD,Designer POD,mid,Ha Noi,2,2,"[""Illustrator"",""Photoshop"",""Canva"",""Premiere"",""Capcut""]",10000000,12000000,công_nghệ_thông_tin_kỹ_thuật_số,"{""dataset"":""dinhieufam/VietJobs"",""dataset_commit"":""ea140511b77935704e93d21c2973b72f46d48902"",""license"":""MIT""}"
vietjobs_vinuniversity,ec8531eaf0b91e5bf86f5d3f2061a82de2c4781afb97e2bf85e37dcd6abd714c,2025-10-31,Nhà phân tích kinh doanh cao cấp,Nhà phân tích kinh doanh cao cấp,mid,Ha Noi,3,3,"[""Excel"",""SQL"",""VBA""]",18000000,30000000,công_nghệ_thông_tin_kỹ_thuật_số,"{""dataset"":""dinhieufam/VietJobs"",""dataset_commit"":""ea140511b77935704e93d21c2973b72f46d48902"",""license"":""MIT""}"
vietjobs_vinuniversity,ec8f75995131cfd7e6efe9109a7264d0abd61c17dbe6748fa2b40c32a9efb803,2025-10-31,Trưởng nhóm công nghệ,Trưởng nhóm công nghệ,mid,Ha Noi,2,2,"[""core .NET"",""Lập trình hướng đối tượng"",""SQL server"",""JavaScript"",""ReactJS"",""NextJS"",""NoSQL""]",50000000,60000000,công_nghệ_thông_tin_kỹ_thuật_số,"{""dataset"":""dinhieufam/VietJobs"",""dataset_commit"":""ea140511b77935704e93d21c2973b72f46d48902"",""license"":""MIT""}"
vietjobs_vinuniversity,eccf7e19f99abcf116341b0110616173c0e381f6ec6d0b6e8dfa7264c5bb4263,2025-10-31,Nhà phân tích kinh doanh cao cấp,Nhà phân tích kinh doanh cao cấp,mid,Ha Noi,3,3,"[""Phân tích nghiệp vụ"",""Mô hình hóa dữ liệu"",""Quản lý yêu cầu"",""Viết tài liệu (User Story, BRD, SRS, ERD, API Spec, Design Spec)"",""Agile/Scrum"",""UI/UX"",""Postman"",""Swagger"",""Figma"",""Miro"",""draw.io"",""Jira"",""Trello"",""AI""]",20000000,40000000,công_nghệ_thông_tin_kỹ_thuật_số,"{""dataset"":""dinhieufam/VietJobs"",""dataset_commit"":""ea140511b77935704e93d21c2973b72f46d48902"",""license"":""MIT""}"
vietjobs_vinuniversity,ecd48d4d5c42aa3c166fac0f187204f47be2e4a60d1d8c25bc521ed3a89f3724,2025-10-31,Chuyên Viên Phân Tích Nghiệp Vụ,Chuyên Viên Phân Tích Nghiệp Vụ,mid,Ha Noi,1,1,"[""PowerBI"",""Tableau"",""EA|PowerDesigner"",""Visio"",""UML"",""Mockup|Wireframe""]",10000000,15000000,công_nghệ_thông_tin_kỹ_thuật_số,"{""dataset"":""dinhieufam/VietJobs"",""dataset_commit"":""ea140511b77935704e93d21c2973b72f46d48902"",""license"":""MIT""}"
vietjobs_vinuniversity,ecf20cf6d5451901fe207812694161d4e180974006a4a815bd2a4f38dc5f4ce8,2025-10-31,Nhà phân tích kinh doanh,Nhà phân tích kinh doanh,mid,Ha Noi,2,2,"[""Jira"",""Confluence"",""Figma"",""Miro"",""Excel"",""PowerPoint"",""Draw.io""]",20000000,30000000,công_nghệ_thông_tin_kỹ_thuật_số,"{""dataset"":""dinhieufam/VietJobs"",""dataset_commit"":""ea140511b77935704e93d21c2973b72f46d48902"",""license"":""MIT""}"
vietjobs_vinuniversity,ed1b87ce3ba1407b009394ecba8ac7674fddb902d06a0d423f311d92355a6a10,2025-10-31,Tư Vấn Thiết Kế Hệ Thống Điện Nhẹ ELV,Tư Vấn Thiết Kế Hệ Thống Điện Nhẹ ELV,mid,Ha Noi,3,3,"[""AutoCAD"",""Internet"",""tin học văn phòng""]",11000000,15000000,công_nghệ_thông_tin_kỹ_thuật_số,"{""dataset"":""dinhieufam/VietJobs"",""dataset_commit"":""ea140511b77935704e93d21c2973b72f46d48902"",""license"":""MIT""}"
vietjobs_vinuniversity,ed1b907a95741d517edfdba311f292f8fd6f96eb19d9e0310175d7a71c0a3f4f,2025-10-31,Lập Trình Viên .Net Junior,Junior Lập Trình Viên .Net Junior,junior,Ha Noi,1,1,"["".NET"",""C#"",""ASP.NET"",""API"",""Entity Framework"",""Vuejs"",""Type Script"","".NET Core"",""SQL"",""Redis"",""Elasticsearch"",""Kafka"",""RabbitMQ""]",9000000,13000000,công_nghệ_thông_tin_kỹ_thuật_số,"{""dataset"":""dinhieufam/VietJobs"",""dataset_commit"":""ea140511b77935704e93d21c2973b72f46d48902"",""license"":""MIT""}"
vietjobs_vinuniversity,ed31d05183e0b4e8b858de29d42fddc955974e61f06de16f06975b38936e4bdd,2025-10-31,Nhà phân tích kinh doanh dẫn đầu,Nhà phân tích kinh doanh dẫn đầu,mid,Ha Noi,5,5,"[""Kỹ năng viết tài liệu"",""Phân tích nghiệp vụ"",""Hiểu biết sâu về quy trình phát triển phần mềm"",""Agile/Scrum""]",35000000,45000000,công_nghệ_thông_tin_kỹ_thuật_số,"{""dataset"":""dinhieufam/VietJobs"",""dataset_commit"":""ea140511b77935704e93d21c2973b72f46d48902"",""license"":""MIT""}"
vietjobs_vinuniversity,ed43b34ea323de8159868113ae7b0251a205f347fc7f265567e710aa85920170,2025-10-31,Tech Lead/ Trưởng Nhóm Kỹ Thuật,Tech Lead/ Trưởng Nhóm Kỹ Thuật,lead,Ha Noi,5,5,"[""Java (ưu tiên Java 17+)"",""Spring Boot"",""PostgreSQL"",""MongoDB"",""Elasticsearch"",""Kafka"",""API Gateway (Kong)"",""Keycloak"",""Kubernetes"",""Docker""]",20000000,40000000,công_nghệ_thông_tin_kỹ_thuật_số,"{""dataset"":""dinhieufam/VietJobs"",""dataset_commit"":""ea140511b77935704e93d21c2973b72f46d48902"",""license"":""MIT""}"
vietjobs_vinuniversity,ed8a0ede41e4378e30e67ecbbedbeea418c047dabfa8ed924177e096d0e78070,2025-10-31,Trưởng Phòng Thiết Kế,Trưởng Phòng Thiết Kế,mid,Ho Chi Minh,5,5,"[""Adobe Creative Suite (Photoshop, Illustrator, InDesign, After Effects, Premiere Pro)"",""Figma"",""Sketch"",""Miro""]",30000000,40000000,công_nghệ_thông_tin_kỹ_thuật_số,"{""dataset"":""dinhieufam/VietJobs"",""dataset_commit"":""ea140511b77935704e93d21c2973b72f46d48902"",""license"":""MIT""}"
vietjobs_vinuniversity,ed9c80db8079801cc9f3c71edd208e1591515787089ecb25e82117bab3a3b1a5,2025-10-31,Nhân Viên Kỹ Thuật Phần Mềm,Nhân Viên Kỹ Thuật Phần Mềm,mid,"Hà Nội, Nghệ An",0,0,"[""Hệ điều hành"",""Sản phẩm công nghệ""]",8000000,12000000,công_nghệ_thông_tin_kỹ_thuật_số,"{""dataset"":""dinhieufam/VietJobs"",""dataset_commit"":""ea140511b77935704e93d21c2973b72f46d48902"",""license"":""MIT""}"
vietjobs_vinuniversity,eda218d6ffa1eec7dddb499bf3ae983c37210e1651a47b00f7c463c044a2432d,2025-10-31,Chuyên Viên Thiết Kế Đồ Họa,Chuyên Viên Thiết Kế Đồ Họa,mid,Ho Chi Minh,2,2,"[""Adobe Illustrator"",""Photoshop"",""Canva"",""Generative AI""]",10000000,15000000,công_nghệ_thông_tin_kỹ_thuật_số,"{""dataset"":""dinhieufam/VietJobs"",""dataset_commit"":""ea140511b77935704e93d21c2973b72f46d48902"",""license"":""MIT""}"
vietjobs_vinuniversity,edaf8a1297a7f31947b7693a090c014988e3fada497983f96b342080bf315fc3,2025-10-31,R&D AI Specialist,R&D AI Specialist,mid,Hà Đông,1,1,"[""AI tools"",""Midjourney"",""ChatGPT"",""Leonardo"",""Copy.ai"",""SheetGPT"",""Airtable AI""]",15000000,30000000,công_nghệ_thông_tin_kỹ_thuật_số,"{""dataset"":""dinhieufam/VietJobs"",""dataset_commit"":""ea140511b77935704e93d21c2973b72f46d48902"",""license"":""MIT""}"
vietjobs_vinuniversity,edcf50ea474e5f3776b9ce643c3af4fdefd70c32d2a20606241cda6e40c2af0d,2025-10-31,Chuyên Viên Graphic Designer,Chuyên Viên Graphic Designer,mid,Ho Chi Minh,3,3,"[""Adobe Photoshop"",""Illustrator"",""InDesign"",""Lightroom""]",12000000,18000000,công_nghệ_thông_tin_kỹ_thuật_số,"{""dataset"":""dinhieufam/VietJobs"",""dataset_commit"":""ea140511b77935704e93d21c2973b72f46d48902"",""license"":""MIT""}"
vietjobs_vinuniversity,ee9d8d4dbaa672f10f327f3023a62cbd9cea7b5d5daeca9341ffb62be583dbe8,2025-10-31,2D Game Artist,2D Game Artist,mid,Ha Noi,1,1,"[""Photoshop"",""các công cụ thiết kế khác""]",10000000,15000000,công_nghệ_thông_tin_kỹ_thuật_số,"{""dataset"":""dinhieufam/VietJobs"",""dataset_commit"":""ea140511b77935704e93d21c2973b72f46d48902"",""license"":""MIT""}"
vietjobs_vinuniversity,eea27d1a532c86715a38ebfae2b04991e72311216bdc1c6e880ad55190aeec8a,2025-10-31,APAC Presales Lead/Manager,APAC Presales Lead/Manager,lead,Ha Noi,5,5,"[""Custom Software Development"",""Cloud (AWS, Azure, GCP)"",""DevOps / CI-CD"",""Data Engineering / Analytics"",""AI / Machine Learning"",""Relational & NoSQL Databases""]",50000000,70000000,công_nghệ_thông_tin_kỹ_thuật_số,"{""dataset"":""dinhieufam/VietJobs"",""dataset_commit"":""ea140511b77935704e93d21c2973b72f46d48902"",""license"":""MIT""}"
vietjobs_vinuniversity,eeaf1f012624ab17117db5f3426c82051792abc6eba9b0e78e4c27b70e4ca928,2025-10-31,Lãnh đạo phát triển kinh doanh,Lãnh đạo phát triển kinh doanh,mid,Ha Noi,2,2,"[""Kinh doanh giải pháp CNTT"",""Phần mềm"",""Dự án công nghệ""]",25000000,40000000,công_nghệ_thông_tin_kỹ_thuật_số,"{""dataset"":""dinhieufam/VietJobs"",""dataset_commit"":""ea140511b77935704e93d21c2973b72f46d48902"",""license"":""MIT""}"
vietjobs_vinuniversity,eeb1a6efdc9b02c35e9ec68e476c57a75122c886f3570b6b5588b11ea1a6912b,2025-10-31,Thực Tập Sinh Front-End,Frontend Developer,intern,Ha Noi,0,0,"[""CSS""]",1000000,5000000,công_nghệ_thông_tin_kỹ_thuật_số,"{""dataset"":""dinhieufam/VietJobs"",""dataset_commit"":""ea140511b77935704e93d21c2973b72f46d48902"",""license"":""MIT""}"
vietjobs_vinuniversity,eec1689f88472da7184e49bbec65319727a90f95c5a8c8f68affb2720e32dfd0,2025-10-31,Chuyên Viên Thiết Kế & Sáng Tạo Nội Dung,Chuyên Viên Thiết Kế & Sáng Tạo Nội Dung,mid,Ho Chi Minh,1,1,"[""Adobe Photoshop"",""Illustrator"",""Premiere"",""After Effect"",""CapCut"",""Canva""]",14000000,16000000,công_nghệ_thông_tin_kỹ_thuật_số,"{""dataset"":""dinhieufam/VietJobs"",""dataset_commit"":""ea140511b77935704e93d21c2973b72f46d48902"",""license"":""MIT""}"
vietjobs_vinuniversity,eeed381f6063e8a70360764a2fcbcdc760920e383f235dd600969fbb14304d17,2025-10-31,Chuyên Viên Thiết Kế Đồ Họa,Chuyên Viên Thiết Kế Đồ Họa,mid,Hà Đông,1,1,"[""Photoshop"",""Illustrator"",""Canva""]",8000000,12000000,công_nghệ_thông_tin_kỹ_thuật_số,"{""dataset"":""dinhieufam/VietJobs"",""dataset_commit"":""ea140511b77935704e93d21c2973b72f46d48902"",""license"":""MIT""}"
vietjobs_vinuniversity,ef52790463805e43bc4f78a65ea7a11b5647ac79fd5513b7a0442635cdaa6633,2025-10-31,Thiết Kế Web - PHP (Wordpress),Thiết Kế Web - PHP Wordpress ,mid,Ha Noi,1,1,"[""PHP"",""MySQL"",""HTML"",""CSS"",""Javascript""]",11000000,15000000,công_nghệ_thông_tin_kỹ_thuật_số,"{""dataset"":""dinhieufam/VietJobs"",""dataset_commit"":""ea140511b77935704e93d21c2973b72f46d48902"",""license"":""MIT""}"
vietjobs_vinuniversity,efc8c7052dd7f6772b5b8300882111264481ff9a5de16ed0122d5b942ee622da,2025-10-31,Nhân Viên Thiết Kế,Nhân Viên Thiết Kế,mid,Ha Noi,1,1,"[""Photoshop"",""Illustrator"",""InDesign""]",10000000,15000000,công_nghệ_thông_tin_kỹ_thuật_số,"{""dataset"":""dinhieufam/VietJobs"",""dataset_commit"":""ea140511b77935704e93d21c2973b72f46d48902"",""license"":""MIT""}"
vietjobs_vinuniversity,f008d4f55618e8fbf5c3c4294fe57164c2d84428aa1e7cc7fe250e0c0053bd36,2025-10-31,Thiết kế đồ họa,Thiết kế đồ họa,mid,Ha Noi,2,2,"[""Figma"",""Adobe Creative Suite"",""InDesign"",""Illustrator"",""Photoshop""]",20000000,20000000,công_nghệ_thông_tin_kỹ_thuật_số,"{""dataset"":""dinhieufam/VietJobs"",""dataset_commit"":""ea140511b77935704e93d21c2973b72f46d48902"",""license"":""MIT""}"
vietjobs_vinuniversity,f042b0c2f668268418e9cdbcdbb18f826ba8fdbc042b2a6d7871e6507121c708,2025-10-31,Nhân Viên Kinh Doanh Phần Mềm,Nhân Viên Kinh Doanh Phần Mềm,mid,"Hồ Chí Minh, Hà Nội",1,1,"[""Sử dụng thành thạo công cụ văn phòng (Excel, Word, PowerPoint)"",""Sử dụng online (Zoom, Ultraviewer)""]",11000000,15000000,công_nghệ_thông_tin_kỹ_thuật_số,"{""dataset"":""dinhieufam/VietJobs"",""dataset_commit"":""ea140511b77935704e93d21c2973b72f46d48902"",""license"":""MIT""}"
vietjobs_vinuniversity,f04a8ab93fc46ecd6e7da6eb2a12b5821c7a32c846ba07eadbe184168c8f034e,2025-10-31,Nhà phân tích dữ liệu trò chơi (Junior/ Middle),Junior Nhà phân tích dữ liệu trò chơi Junior/ Middle ,junior,Ha Noi,2,2,"[""SQL"",""Python"",""các công cụ phân tích dữ liệu"",""các công cụ trực quan hóa dữ liệu"",""kỹ thuật thống kê"",""mô hình hóa dữ liệu""]",28000000,28000000,công_nghệ_thông_tin_kỹ_thuật_số,"{""dataset"":""dinhieufam/VietJobs"",""dataset_commit"":""ea140511b77935704e93d21c2973b72f46d48902"",""license"":""MIT""}"
vietjobs_vinuniversity,f05298a42bd20c1372e6f404db0a6d9f9268eb054f229db611c3273d2f654204,2025-10-31,Designer 3D,Designer 3D,mid,Ha Noi,1,1,"[""PS"",""AI"",""Wacom"",""Sketchup"",""3Dmax""]",12000000,15000000,công_nghệ_thông_tin_kỹ_thuật_số,"{""dataset"":""dinhieufam/VietJobs"",""dataset_commit"":""ea140511b77935704e93d21c2973b72f46d48902"",""license"":""MIT""}"
vietjobs_vinuniversity,f052d28c61b6839dc4bd8cf7457fd66442791d5f1f507b5a969b03093a73ea65,2025-10-31,Quản Lý Kĩ Thuật,Quản Lý Kĩ Thuật,mid,Ho Chi Minh,3,3,"[""Quản lý kỹ thuật mạng"",""Thi công hạ tầng công nghệ thông tin"",""Triển khai, cài đặt và bảo trì hệ thống mạng"",""Quản lý đội nhóm""]",12000000,15000000,công_nghệ_thông_tin_kỹ_thuật_số,"{""dataset"":""dinhieufam/VietJobs"",""dataset_commit"":""ea140511b77935704e93d21c2973b72f46d48902"",""license"":""MIT""}"
vietjobs_vinuniversity,f05c469e2bd3f72a92ee9d3a26c852906ac52052a6dad7b78de94306b3adb0b3,2025-10-31,Thực Tập Sinh Học Ngành Công Nghệ Thông Tin,Thực Tập Sinh Học Ngành Công Nghệ Thông Tin,intern,Ho Chi Minh,0,0,[],4000000,12000000,công_nghệ_thông_tin_kỹ_thuật_số,"{""dataset"":""dinhieufam/VietJobs"",""dataset_commit"":""ea140511b77935704e93d21c2973b72f46d48902"",""license"":""MIT""}"
vietjobs_vinuniversity,f08e365234475be57755a8f4ebae157f16755cb329b2a810c2c05a4b97263ad4,2025-10-31,Nhân Viên Kiểm Soát (Unity/Godot/Unreal),Nhân Viên Kiểm Soát Unity/Godot/Unreal ,mid,Ha Noi,1,1,"[""Unity"",""Godot"",""Unreal Engine"",""MS Office""]",2000000,3000000,công_nghệ_thông_tin_kỹ_thuật_số,"{""dataset"":""dinhieufam/VietJobs"",""dataset_commit"":""ea140511b77935704e93d21c2973b72f46d48902"",""license"":""MIT""}"
vietjobs_vinuniversity,f0bb0c26ea29a4858325f8102a1c89c754b84ec989fbb6e23ec0c0e0d9a4cfa2,2025-10-31,Nhà phân tích kinh doanh,Nhà phân tích kinh doanh,mid,Ha Noi,3,3,"[""Sử dụng các tool hỗ trợ cho việc xây dựng tài liệu phân tích yêu cầu và prototype"",""Hiểu về Core Chứng khoán""]",30000000,40000000,công_nghệ_thông_tin_kỹ_thuật_số,"{""dataset"":""dinhieufam/VietJobs"",""dataset_commit"":""ea140511b77935704e93d21c2973b72f46d48902"",""license"":""MIT""}"
vietjobs_vinuniversity,f0bd56cb6ded0bf00fb9dfb2290e6cdb9606ffb6c19ec703905e1a822ca76814,2025-10-31,Nhà phát triển Unity (Fresher),Nhà phát triển Unity Fresher ,fresher,Ha Noi,1,1,"[""C#"",""Unity""]",6000000,8000000,công_nghệ_thông_tin_kỹ_thuật_số,"{""dataset"":""dinhieufam/VietJobs"",""dataset_commit"":""ea140511b77935704e93d21c2973b72f46d48902"",""license"":""MIT""}"
vietjobs_vinuniversity,f1404d13c6c9254cd383ef6e20e3babef832a3d35aa042e778bbebf83bcdfc40,2025-10-31,Nhân Viên Thiết Kế,Nhân Viên Thiết Kế,mid,Hà Đông,1,1,"[""Photoshop"",""Illustrator""]",12000000,15000000,công_nghệ_thông_tin_kỹ_thuật_số,"{""dataset"":""dinhieufam/VietJobs"",""dataset_commit"":""ea140511b77935704e93d21c2973b72f46d48902"",""license"":""MIT""}"
vietjobs_vinuniversity,f15e273852185eea2ce2787f4da276e2d137f9d0e03438acaf8f5d68f48389a9,2025-10-31,Nhân Viên Thiết Kế UI App/Web,Nhân Viên Thiết Kế UI App/Web,mid,Ho Chi Minh,0,0,"[""Figma"",""Photoshop"",""Illustrator""]",10000000,15000000,công_nghệ_thông_tin_kỹ_thuật_số,"{""dataset"":""dinhieufam/VietJobs"",""dataset_commit"":""ea140511b77935704e93d21c2973b72f46d48902"",""license"":""MIT""}"
vietjobs_vinuniversity,f18f90a8655f2ef6ba3b526e0eb31186204b635a8aef32596fe1252e54b376af,2025-10-31,Thiết kế đồ họa,Thiết kế đồ họa,mid,Ho Chi Minh,2,2,"[""Adobe Creative Suite (Photoshop, Illustrator, InDesign)"",""Web design"",""AI"",""Motion graphics""]",9000000,11000000,công_nghệ_thông_tin_kỹ_thuật_số,"{""dataset"":""dinhieufam/VietJobs"",""dataset_commit"":""ea140511b77935704e93d21c2973b72f46d48902"",""license"":""MIT""}"
vietjobs_vinuniversity,f1cbf58e929c919a07a8f4c467a4a51b7af1e8eaa10973d91fad5f708bb5208f,2025-10-31,Nhân Viên Kinh Doanh Phân Phối,Nhân Viên Kinh Doanh Phân Phối,mid,Ha Noi,0,0,"[""Sử dụng Execl và word thành thạo""]",8000000,15000000,công_nghệ_thông_tin_kỹ_thuật_số,"{""dataset"":""dinhieufam/VietJobs"",""dataset_commit"":""ea140511b77935704e93d21c2973b72f46d48902"",""license"":""MIT""}"
vietjobs_vinuniversity,f201b553cb65f40564e3308072c12b89a400e7bcafdce57822465505f0cdfeef,2025-10-31,Thiết Kế Đồ Họa,Thiết Kế Đồ Họa,mid,Ha Noi,3,3,"[""Adobe Illustrator"",""Adobe Photoshop"",""InDesign"",""AI"",""Phần mềm chỉnh sửa ảnh 2D"",""Phần mềm video"",""Công cụ hỗ trợ nghề ảnh, mỹ thuật & đồ họa""]",12000000,20000000,công_nghệ_thông_tin_kỹ_thuật_số,"{""dataset"":""dinhieufam/VietJobs"",""dataset_commit"":""ea140511b77935704e93d21c2973b72f46d48902"",""license"":""MIT""}"
vietjobs_vinuniversity,f204fac95d1d0bb67100f1cbe9c5e6739759a4b4f61c2568020d243f51fa6dc6,2025-10-31,Graphic Designer Chuyên Mỹ Phẩm,Graphic Designer Chuyên Mỹ Phẩm,mid,Tân Phú,1,1,"[""In Design"",""Illustrator"",""Dreamweaver"",""Photoshop""]",8000000,12000000,công_nghệ_thông_tin_kỹ_thuật_số,"{""dataset"":""dinhieufam/VietJobs"",""dataset_commit"":""ea140511b77935704e93d21c2973b72f46d48902"",""license"":""MIT""}"
vietjobs_vinuniversity,f205e88a639a30e966c53c6bd039a3bd26f503da33a114f14c5127f5d19e4735,2025-10-31,Mobile Developer - IOS Developer,Mobile Developer,mid,Ha Noi,1,1,"[""Swift"",""Objective-C"",""SQlite"",""CoreData"",""Realm"",""XCode IDE"",""Interface builder"",""UIKIT"",""Core Animation"",""Multi thread"",""REST API"",""JSON""]",30000000,30000000,công_nghệ_thông_tin_kỹ_thuật_số,"{""dataset"":""dinhieufam/VietJobs"",""dataset_commit"":""ea140511b77935704e93d21c2973b72f46d48902"",""license"":""MIT""}"
vietjobs_vinuniversity,f2091291245589c7b0ed56e8163e0ec1c759d8e9a59d9e87f7c386d75dc67816,2025-10-31,Kỹ Sư Presale System/ Network/AV Engineer,Kỹ Sư Presale System/ Network/AV Engineer,mid,Nam Từ Liêm,0,0,"[""Server"",""Security"",""Network"",""Storage"",""Video/Audio Conferencing"",""Windows"",""Linux"",""VMWare"",""Hyper-V""]",20000000,30000000,công_nghệ_thông_tin_kỹ_thuật_số,"{""dataset"":""dinhieufam/VietJobs"",""dataset_commit"":""ea140511b77935704e93d21c2973b72f46d48902"",""license"":""MIT""}"
vietjobs_vinuniversity,f24fe6bac109189e80528800a175328b2d619af349ce743043406636a12e62b3,2025-10-31,Phần mềm fullstack tươi hơn,Fullstack Developer,mid,Ha Noi,0,0,"[""Java"",""C#"",""Python"",""TypeScript"",""HTML"",""CSS"",""JavaScript"",""React"",""VueJS"",""Angular"",""SQL"",""NoSQL""]",3000000,4000000,công_nghệ_thông_tin_kỹ_thuật_số,"{""dataset"":""dinhieufam/VietJobs"",""dataset_commit"":""ea140511b77935704e93d21c2973b72f46d48902"",""license"":""MIT""}"
vietjobs_vinuniversity,f2714fc02e052b0f8ac4472c78124415f7f96ae9496304d214129ae3d62d709e,2025-10-31,Nhân Viên Lập Trình Máy Phay CNC,Nhân Viên Lập Trình Máy Phay CNC,mid,Đông Anh,0,0,"[""Lập trình máy CNC"",""Sử dụng phần mềm Cimatrol"",""Mastercam"",""SolidCAM"",""NX""]",6000000,15000000,công_nghệ_thông_tin_kỹ_thuật_số,"{""dataset"":""dinhieufam/VietJobs"",""dataset_commit"":""ea140511b77935704e93d21c2973b72f46d48902"",""license"":""MIT""}"
vietjobs_vinuniversity,f3344d34f108f17173bf5e3a6a4e058b95f97ab21fcd38e0522999e16d11bfa5,2025-10-31,Kỹ Sư Phát Triển Giải Pháp Oracle- Oracle Engineer,Kỹ Sư Phát Triển Giải Pháp Oracle- Oracle Engineer,mid,Ha Noi,2,2,"[""SQL/PLSQL"",""NoSQL"",""Java"",""OFSAA"",""ETL tools"",""Kafka"",""Oracle BI"",""Big Data""]",20000000,30000000,công_nghệ_thông_tin_kỹ_thuật_số,"{""dataset"":""dinhieufam/VietJobs"",""dataset_commit"":""ea140511b77935704e93d21c2973b72f46d48902"",""license"":""MIT""}"
vietjobs_vinuniversity,f3facbf3d053c3be2e78403df601ce493e6fb1719827cbee9b0e683d1c3b151b,2025-10-31,Nhân Viên Lập Trình Máy Phay CNC,Nhân Viên Lập Trình Máy Phay CNC,mid,Ha Noi,1,1,"[""Phay CNC"",""Lập trình máy móc"",""Đọc bản vẽ"",""Sử dụng phần mềm lập trình""]",9000000,16000000,công_nghệ_thông_tin_kỹ_thuật_số,"{""dataset"":""dinhieufam/VietJobs"",""dataset_commit"":""ea140511b77935704e93d21c2973b72f46d48902"",""license"":""MIT""}"
vietjobs_vinuniversity,f40b0bd4ec249f5746214eea7b4f702ef6ce2f5a1ec12828cb1ac46d26bd142c,2025-10-31,Nhà thiết kế đồ họa - 2D (Cơ quan sự kiện MảNG),Nhà thiết kế đồ họa - 2D Cơ quan sự kiện MảNG ,mid,Ho Chi Minh,1,1,"[""Thành thạo các phần mềm chuyên ngành""]",10000000,15000000,công_nghệ_thông_tin_kỹ_thuật_số,"{""dataset"":""dinhieufam/VietJobs"",""dataset_commit"":""ea140511b77935704e93d21c2973b72f46d48902"",""license"":""MIT""}"
vietjobs_vinuniversity,f49216a4ef1e3578d9aec0bc41254bf464877f474763fb6591d96f394eaa770c,2025-10-31,Thực Tập Sinh Thiết Kế,Thực Tập Sinh Thiết Kế,intern,Ho Chi Minh,0,0,"[""Photoshop"",""Illustrator"",""Lightroom""]",2000000,4000000,công_nghệ_thông_tin_kỹ_thuật_số,"{""dataset"":""dinhieufam/VietJobs"",""dataset_commit"":""ea140511b77935704e93d21c2973b72f46d48902"",""license"":""MIT""}"
vietjobs_vinuniversity,f493202473159ba2abfd27d6b12f194f9430273dc10b58cc47b5e3db7f4c84f4,2025-10-31,Nhân Viên Kinh Doanh,Nhân Viên Kinh Doanh,mid,Ho Chi Minh,0,0,[],10000000,20000000,công_nghệ_thông_tin_kỹ_thuật_số,"{""dataset"":""dinhieufam/VietJobs"",""dataset_commit"":""ea140511b77935704e93d21c2973b72f46d48902"",""license"":""MIT""}"
vietjobs_vinuniversity,f497448f973e090290a2b1570b18cad969a91635cbfe70e8c9c1a507ffc61efa,2025-10-31,Kỹ Sư Lập Trình Nhúng - Robotics - Leaded,Kỹ Sư Lập Trình Nhúng - Robotics - Leaded,mid,Ha Noi,2,2,"[""C/C++"",""Python"",""Robot Operating System (ROS)"",""Microcontroller Unit (MCU)"",""Microprocessor"",""LIDAR"",""IMU""]",10000000,20000000,công_nghệ_thông_tin_kỹ_thuật_số,"{""dataset"":""dinhieufam/VietJobs"",""dataset_commit"":""ea140511b77935704e93d21c2973b72f46d48902"",""license"":""MIT""}"
vietjobs_vinuniversity,f4daee0abf332a443f08435087b73b4288f3f99af447f12d1f75aa1b547e16cf,2025-10-31,Chuyên Viên Thiết Kế Đồ Hoạ,Chuyên Viên Thiết Kế Đồ Hoạ,mid,Ha Noi,1,1,"[""Photoshop"",""Illustrator""]",15000000,20000000,công_nghệ_thông_tin_kỹ_thuật_số,"{""dataset"":""dinhieufam/VietJobs"",""dataset_commit"":""ea140511b77935704e93d21c2973b72f46d48902"",""license"":""MIT""}"
vietjobs_vinuniversity,f55cec8fe7d1a5da0227a249a8dd5bd6e7fa346f49426e7d2f9718bc9079b459,2025-10-31,Nhân Viên Thiết Kế,Nhân Viên Thiết Kế,mid,Ha Noi,2,2,"[""Photoshop"",""Illustrator""]",12000000,15000000,công_nghệ_thông_tin_kỹ_thuật_số,"{""dataset"":""dinhieufam/VietJobs"",""dataset_commit"":""ea140511b77935704e93d21c2973b72f46d48902"",""license"":""MIT""}"
vietjobs_vinuniversity,f59349fd4767de7784ee531b904ea1503b428d979a149eecdeb0f0835d0d7d9e,2025-10-31,Thực Tập Game Designer,Thực Tập Game Designer,intern,Ha Noi,0,0,"[""Thiết Kế Game"",""Game Mechanics"",""Game Balance"",""Level design"",""Kiến Thức Về Game Engine (unity, Unreal Engine, V.v.)""]",4000000,4000000,công_nghệ_thông_tin_kỹ_thuật_số,"{""dataset"":""dinhieufam/VietJobs"",""dataset_commit"":""ea140511b77935704e93d21c2973b72f46d48902"",""license"":""MIT""}"
vietjobs_vinuniversity,f59b77a24f5fcc1b0b79bd982fb8b631ed122f90a13a90f3574f540cf3a9bdd8,2025-10-31,IT Project Manager (Quản Lý Dự Án),IT Project Manager Quản Lý Dự Án ,manager,Ho Chi Minh,3,3,"[""Quản lý dự án"",""Lập kế hoạch"",""Lập ngân sách"",""Quản lý chi phí"",""Đánh giá rủi ro"",""Lập trình PLC"",""SCADA""]",25000000,45000000,công_nghệ_thông_tin_kỹ_thuật_số,"{""dataset"":""dinhieufam/VietJobs"",""dataset_commit"":""ea140511b77935704e93d21c2973b72f46d48902"",""license"":""MIT""}"
vietjobs_vinuniversity,f5a08caeb490cd9f5f9e8725547d3308e8d8b45190b7a58f668496443220901d,2025-10-31,Nhân Viên Kinh Doanh B2B,Nhân Viên Kinh Doanh B2B,mid,Ha Noi,1,1,[],12000000,20000000,công_nghệ_thông_tin_kỹ_thuật_số,"{""dataset"":""dinhieufam/VietJobs"",""dataset_commit"":""ea140511b77935704e93d21c2973b72f46d48902"",""license"":""MIT""}"
vietjobs_vinuniversity,f5b47ab38ad61a11c5bb1ae7630691a2ad30d77c2c7706dc4d851324e86810c0,2025-10-31,Nhân Viên Thiết Kế Đồ Họa,Nhân Viên Thiết Kế Đồ Họa,mid,Ho Chi Minh,1,1,"[""Corel"",""AI"",""Photoshop"",""Quite Imposing Plus"",""Pitstop"",""PDF""]",8000000,12000000,công_nghệ_thông_tin_kỹ_thuật_số,"{""dataset"":""dinhieufam/VietJobs"",""dataset_commit"":""ea140511b77935704e93d21c2973b72f46d48902"",""license"":""MIT""}"
vietjobs_vinuniversity,f65e139b8ec1dda56571e8da77e7e8ba1c9a1590b9cf7c5970d2c5d92cbd0fcc,2025-10-31,Web Developer,Web Developer,mid,Ho Chi Minh,3,3,"[""Java"",""Spring Framework"",""SQL"",""HTML"",""CSS"",""JavaScript""]",40000000,40000000,công_nghệ_thông_tin_kỹ_thuật_số,"{""dataset"":""dinhieufam/VietJobs"",""dataset_commit"":""ea140511b77935704e93d21c2973b72f46d48902"",""license"":""MIT""}"
vietjobs_vinuniversity,f68a88aebb7fcd83330eed962cd32a5746ec0803cd9ea4efa801f3e3803b994d,2025-10-31,Kỹ Thuật IT - Yêu Cầu 2 Năm Kinh Nghiệm,Kỹ Thuật IT - Yêu Cầu 2 Năm Kinh Nghiệm,mid,Thủ Đức,2,2,"[""Cấu hình thiết bị mạng"",""Thi công lắp đặt hệ thống mạng"",""Kiến thức an toàn lao động"",""Đọc hiểu bản vẽ"",""SOW""]",9000000,11000000,công_nghệ_thông_tin_kỹ_thuật_số,"{""dataset"":""dinhieufam/VietJobs"",""dataset_commit"":""ea140511b77935704e93d21c2973b72f46d48902"",""license"":""MIT""}"
vietjobs_vinuniversity,f698ca1ddeab04461ee4470c9d608bae3e43e2f51aca4662b6168883f0178a9c,2025-10-31,Chuyên Viên Thiết Kế Đồ Họa,Chuyên Viên Thiết Kế Đồ Họa,mid,Ha Noi,3,3,"[""Adobe Photoshop"",""Illustrator""]",15000000,20000000,công_nghệ_thông_tin_kỹ_thuật_số,"{""dataset"":""dinhieufam/VietJobs"",""dataset_commit"":""ea140511b77935704e93d21c2973b72f46d48902"",""license"":""MIT""}"
vietjobs_vinuniversity,f6bba2ef9bf31f497cc2ce357ab6f30fff4bd73f6e6fb4754f9fcaa55e81ba7b,2025-10-31,QA Intern,QA Engineer,intern,Ha Noi,0,0,"[""Kiểm thử phần mềm"",""Viết Testcase"",""Báo Cáo Lỗi"",""Sử Dụng Công Cụ Quản Lý Lỗi (jira, Bugzilla,...)""]",4000000,6000000,công_nghệ_thông_tin_kỹ_thuật_số,"{""dataset"":""dinhieufam/VietJobs"",""dataset_commit"":""ea140511b77935704e93d21c2973b72f46d48902"",""license"":""MIT""}"
vietjobs_vinuniversity,f6d44a7c83b9ad3401eee34cb648da35e9ef681d124f3793cc056f023f93b4c7,2025-10-31,Manual Tester,Manual Tester,mid,Ha Noi,2,2,"[""Kiểm thử phần mềm"",""Truy vấn cơ sở dữ liệu SQL"",""Viết kịch bản kiểm thử"",""Sử dụng các tool như serenity, cucumber, Kataion, git, Jenkin""]",15000000,30000000,công_nghệ_thông_tin_kỹ_thuật_số,"{""dataset"":""dinhieufam/VietJobs"",""dataset_commit"":""ea140511b77935704e93d21c2973b72f46d48902"",""license"":""MIT""}"
vietjobs_vinuniversity,f6f2d14355fbbda301cc3a3ed9f826b63d62e414f52f29099087c341e74e7535,2025-10-31,Thiết Kế Website,Thiết Kế Website,mid,Hà Đông,2,2,"[""HTML"",""CSS"",""Adobe XD"",""Figma"",""Photoshop""]",15000000,20000000,công_nghệ_thông_tin_kỹ_thuật_số,"{""dataset"":""dinhieufam/VietJobs"",""dataset_commit"":""ea140511b77935704e93d21c2973b72f46d48902"",""license"":""MIT""}"
vietjobs_vinuniversity,f707f5c85d70ae9b6e607af7667816b61505a88cd1b9ded77f4311a8f3fbdbcd,2025-10-31,Thiết kế đồ họa,Thiết kế đồ họa,mid,"Quận 10, Hồ Chí Minh",3,3,"[""Adobe Photoshop"",""Adobe Illustrator""]",10000000,14000000,công_nghệ_thông_tin_kỹ_thuật_số,"{""dataset"":""dinhieufam/VietJobs"",""dataset_commit"":""ea140511b77935704e93d21c2973b72f46d48902"",""license"":""MIT""}"
vietjobs_vinuniversity,f70d66c11bc6541231149ac90ab5aed11221f324ea83ee925e85c2c366021148,2025-10-31,Nhân Viên Kỹ Thuật Triển Khai,Nhân Viên Kỹ Thuật Triển Khai,mid,Ha Noi,2,2,"[""Kiến thức về máy tính"",""Kiến thức về điện, điện tử"",""Kiến thức về TCP/IP, DHCP"",""Kinh nghiệm về triển khai phần mềm"",""Sử dụng phần mềm thiết kế kỹ thuật như AutoCad, SketchUp""]",15000000,25000000,công_nghệ_thông_tin_kỹ_thuật_số,"{""dataset"":""dinhieufam/VietJobs"",""dataset_commit"":""ea140511b77935704e93d21c2973b72f46d48902"",""license"":""MIT""}"
vietjobs_vinuniversity,f76699d15ce68d74b43e0ab8db4e37596da26d1afe3aabe4c0cfeaf3c51b15c1,2025-10-31,Nhân Viên Thiết Kế,Nhân Viên Thiết Kế,mid,Ha Noi,1,1,"[""Adobe Photoshop"",""Capcut"",""Adobe Premiere"",""Illustrator""]",10000000,15000000,công_nghệ_thông_tin_kỹ_thuật_số,"{""dataset"":""dinhieufam/VietJobs"",""dataset_commit"":""ea140511b77935704e93d21c2973b72f46d48902"",""license"":""MIT""}"
vietjobs_vinuniversity,f77617dd77443c4625785ac9bff7a31f36eab54f0794b9e0d1bdded8e7201778,2025-10-31,Giám đốc điều hành phát triển kinh doanh (B2B) Có dữ liệu Hỗ Trợ,Giám đốc điều hành phát triển kinh doanh B2B Có dữ liệu Hỗ Trợ,mid,Ha Noi,1,1,"[""Sales Negotiation Skill"",""Direct Sale"",""Presentation"",""Sales consultant pitching"",""Prospecting"",""Closing"",""Demo""]",20000000,40000000,công_nghệ_thông_tin_kỹ_thuật_số,"{""dataset"":""dinhieufam/VietJobs"",""dataset_commit"":""ea140511b77935704e93d21c2973b72f46d48902"",""license"":""MIT""}"
vietjobs_vinuniversity,f776a85e608fe0c44e2b44615101111607f6c692cc6bbab46b3774bf868b7cca,2025-10-31,UI/UX Designer (Mobile/Web App),UI/UX Designer Mobile/Web App ,mid,Ho Chi Minh,0,0,"[""Figma"",""Photoshop"",""Illustrator""]",10000000,15000000,công_nghệ_thông_tin_kỹ_thuật_số,"{""dataset"":""dinhieufam/VietJobs"",""dataset_commit"":""ea140511b77935704e93d21c2973b72f46d48902"",""license"":""MIT""}"
vietjobs_vinuniversity,f78737861140873d91e9a939fd832a8b1bee6d5a7152f5e966dd6cf546957a54,2025-10-31,Nhân Viên Văn Phòng,Nhân Viên Văn Phòng,mid,Ho Chi Minh,0,0,"[""Tin học văn phòng""]",7000000,24000000,công_nghệ_thông_tin_kỹ_thuật_số,"{""dataset"":""dinhieufam/VietJobs"",""dataset_commit"":""ea140511b77935704e93d21c2973b72f46d48902"",""license"":""MIT""}"
vietjobs_vinuniversity,f789733568ac1afa690a97e9993542db3dd815c66c419fd4402e67bf36398add,2025-10-31,Thiết Kế Đồ Họa,Thiết Kế Đồ Họa,mid,Ho Chi Minh,2,2,"[""Photoshop"",""Adobe Illustrator"",""Corel"",""3D Max"",""Sketchup""]",12000000,15000000,công_nghệ_thông_tin_kỹ_thuật_số,"{""dataset"":""dinhieufam/VietJobs"",""dataset_commit"":""ea140511b77935704e93d21c2973b72f46d48902"",""license"":""MIT""}"
vietjobs_vinuniversity,f828f9a61d5d59fd12cb4bdd7c6d018cf6b7c72d979dd71015c41f914fadf3e9,2025-10-31,Nhân Viên Media (Thiết Kế&Quay Dựng Video),Nhân Viên Media Thiết Kế&Quay Dựng Video ,mid,Hà Đông,1,1,"[""Photoshop"",""Premier Pro"",""Capcut"",""After Effect"",""AI trong thiết kế""]",14000000,18000000,công_nghệ_thông_tin_kỹ_thuật_số,"{""dataset"":""dinhieufam/VietJobs"",""dataset_commit"":""ea140511b77935704e93d21c2973b72f46d48902"",""license"":""MIT""}"
vietjobs_vinuniversity,f88250e2a65d19f41ebc78760b684619080dfa00fb9f4301f0e394fe1831528a,2025-10-31,Thực Tập Sinh Kinh Doanh,Thực Tập Sinh Kinh Doanh,intern,Ha Noi,0,0,[],5000000,6000000,công_nghệ_thông_tin_kỹ_thuật_số,"{""dataset"":""dinhieufam/VietJobs"",""dataset_commit"":""ea140511b77935704e93d21c2973b72f46d48902"",""license"":""MIT""}"
vietjobs_vinuniversity,f8acc7b73cfd74f66400821dcf4bc38e098dce5e0f894cb5461c571510f555e5,2025-10-31,Nhân Viên Kinh Doanh,Nhân Viên Kinh Doanh,mid,Ho Chi Minh,0,0,"[""Sử dụng thành thạo máy tính"",""Các phần mềm văn phòng""]",8000000,25000000,công_nghệ_thông_tin_kỹ_thuật_số,"{""dataset"":""dinhieufam/VietJobs"",""dataset_commit"":""ea140511b77935704e93d21c2973b72f46d48902"",""license"":""MIT""}"
vietjobs_vinuniversity,f8acd0be37d5ab5da0e21cba2ddac5d88151d13ead05bfc5089c7fc5d367d5e6,2025-10-31,Junior Dev,Junior Dev,junior,Ha Noi,0,0,"[""Python"",""Java"",""Node.js"",""JavaScript"",""API"",""Power Automate"",""Power Apps"",""Oracle Apex"",""Oracle"",""SQL Server"",""MySQL"",""PostgreSQL"",""MongoDB""]",7000000,9000000,công_nghệ_thông_tin_kỹ_thuật_số,"{""dataset"":""dinhieufam/VietJobs"",""dataset_commit"":""ea140511b77935704e93d21c2973b72f46d48902"",""license"":""MIT""}"
vietjobs_vinuniversity,f8e60163562a6929ef3b468b9627c70891642f3d4685e7630fb033947b39a2b2,2025-10-31,Technical Intern - Thực Tập Sinh Kỹ Thuật,Technical Intern - Thực Tập Sinh Kỹ Thuật,intern,Ho Chi Minh,0,0,"[""Hiểu biết cơ bản về các lĩnh vực kỹ thuật""]",2000000,2000000,công_nghệ_thông_tin_kỹ_thuật_số,"{""dataset"":""dinhieufam/VietJobs"",""dataset_commit"":""ea140511b77935704e93d21c2973b72f46d48902"",""license"":""MIT""}"
vietjobs_vinuniversity,f9c052bfa7fbc0e91586299bb98c9d69cfaec95a0aeb67d4d9cdae72b37fcba8,2025-10-31,Nhân Viên Thiết Kế Chế Bản In,Nhân Viên Thiết Kế Chế Bản In,mid,Ho Chi Minh,0,0,"[""Photoshop"",""Excel"",""Google Sheets"",""Word"",""Google Docs""]",9000000,12000000,công_nghệ_thông_tin_kỹ_thuật_số,"{""dataset"":""dinhieufam/VietJobs"",""dataset_commit"":""ea140511b77935704e93d21c2973b72f46d48902"",""license"":""MIT""}"
vietjobs_vinuniversity,f9fc4c4d03cf5187743f878d9d3bf460a2e97f866b3ac9690bfb87cd2f3ba34d,2025-10-31,Nhân Viên Trợ Giảng,Nhân Viên Trợ Giảng,mid,Ho Chi Minh,1,1,"[""Kỹ thuật cài đặt"",""Lắp ráp"",""Chuẩn đoán"",""Sửa chữa"",""Khắc phục sự cố"",""Quản trị hệ thống Windows Server"",""Active Directory"",""DNS"",""DHCP"",""Lập trình cơ bản"",""OOP"",""Cấu trúc dữ liệu"",""Giải thuật""]",11000000,14000000,công_nghệ_thông_tin_kỹ_thuật_số,"{""dataset"":""dinhieufam/VietJobs"",""dataset_commit"":""ea140511b77935704e93d21c2973b72f46d48902"",""license"":""MIT""}"
vietjobs_vinuniversity,fa0151be5e32eabf61cf33c63558987563b4994d385fd1e3f7bfff39943d0028,2025-10-31,Project Manager,Project Manager,manager,Ha Noi,5,5,"[""Quản Lý Dự Án"",""Quản Lý Ngân Sách"",""Giải quyết vấn đề"",""Giao tiếp hiệu quả"",""Quản Lý Rủi Ro"",""Lập Kế Hoạch Dự Án"",""Theo Dõi Tiến Độ Dự Án""]",25000000,40000000,công_nghệ_thông_tin_kỹ_thuật_số,"{""dataset"":""dinhieufam/VietJobs"",""dataset_commit"":""ea140511b77935704e93d21c2973b72f46d48902"",""license"":""MIT""}"
vietjobs_vinuniversity,fa0bb044081c364e2217f2ce8999ecb40e9698e0d326defa60a045ef61de664c,2025-10-31,"Lập Trình Viên .Net, .Net Core","Lập Trình Viên .Net, .Net Core",mid,Hà Đông,2,2,"["".Net"",""Entity Framework"","".NetCore"",""React js"",""Rabbitmq"",""Kafka"",""SQLSERVER"",""MongoDB"",""Postgress""]",18000000,28000000,công_nghệ_thông_tin_kỹ_thuật_số,"{""dataset"":""dinhieufam/VietJobs"",""dataset_commit"":""ea140511b77935704e93d21c2973b72f46d48902"",""license"":""MIT""}"
vietjobs_vinuniversity,fa17227593f719facfb3a13b9aa5710b2bcd388350c4a1d86c184388cc0b1b82,2025-10-31,Nhân Viên Quản Trị Hệ Thống An Ninh Mạng (Nam),Nhân Viên Quản Trị Hệ Thống An Ninh Mạng Nam ,mid,Ha Noi,1,1,"[""Linux"",""Windows Server"",""macOS"",""Nagios"",""Zabbix"",""Splunk"",""SQL"",""NoSQL"",""TCP/IP"",""HTTP"",""DNS"",""Wireshark"",""Metasploit"",""Nessus""]",18000000,22000000,công_nghệ_thông_tin_kỹ_thuật_số,"{""dataset"":""dinhieufam/VietJobs"",""dataset_commit"":""ea140511b77935704e93d21c2973b72f46d48902"",""license"":""MIT""}"
vietjobs_vinuniversity,fa1f852e7bdbba3f96bf3999933ce98d61cabb2ac3eb9366b40bafe197f4e8ac,2025-10-31,Test Lead,Test Lead,lead,Ha Noi,2,2,"[""Testing processes"",""Testing techniques in Agile"",""Software testing methods""]",45000000,45000000,công_nghệ_thông_tin_kỹ_thuật_số,"{""dataset"":""dinhieufam/VietJobs"",""dataset_commit"":""ea140511b77935704e93d21c2973b72f46d48902"",""license"":""MIT""}"
vietjobs_vinuniversity,fa4bebc300aa8ad90eff3b497c999ad8f2946e96547401a7d936fb8468f524fc,2025-10-31,Game Tester,Game Tester,mid,Ha Noi,0,0,"[""Kiến thức về test game"",""Kế hoạch kiểm thử"",""Viết các trường hợp kiểm thử""]",10000000,10000000,công_nghệ_thông_tin_kỹ_thuật_số,"{""dataset"":""dinhieufam/VietJobs"",""dataset_commit"":""ea140511b77935704e93d21c2973b72f46d48902"",""license"":""MIT""}"
vietjobs_vinuniversity,fb0654ecd6d16c6dc1851f5e06b9db9224dc91088b82de23a078b5ab6dd179fd,2025-10-31,Nhân Viên Kinh Doanh Phần Mềm,Nhân Viên Kinh Doanh Phần Mềm,mid,Ha Noi,0,0,"[""Hiểu biết về internet"",""Công nghệ thông tin""]",7000000,30000000,công_nghệ_thông_tin_kỹ_thuật_số,"{""dataset"":""dinhieufam/VietJobs"",""dataset_commit"":""ea140511b77935704e93d21c2973b72f46d48902"",""license"":""MIT""}"
vietjobs_vinuniversity,fb8f5a998c4a83f06c8c31cfbcd989048c76625e2a23467361f6080f9ed1ee8b,2025-10-31,Trưởng Bộ Phận IT,Trưởng Bộ Phận IT,mid,Bắc Ninh,3,3,"[""Hệ điều hành Windows"",""Phần mềm văn phòng (Microsoft Office)"",""Kiến thức cơ bản về mạng máy tính (TCP/IP, LAN, WAN)""]",18000000,20000000,công_nghệ_thông_tin_kỹ_thuật_số,"{""dataset"":""dinhieufam/VietJobs"",""dataset_commit"":""ea140511b77935704e93d21c2973b72f46d48902"",""license"":""MIT""}"
vietjobs_vinuniversity,fba4b58f2007aa3341e42ae9396ae7f2ad3ee41696c7dd65498bfaa686fc839a,2025-10-31,AI Engineer,AI Engineer,mid,Ha Noi,1,1,"[""NLP"",""Text Representation"",""Name Entity Recognition"",""Keyword Extraction"",""Sentiment Analysis"",""Extraction Techniques"",""Lemmatization"",""Stemming"",""Knowledge Graph"",""Hadoop Eco-System"",""AWS"",""GCP"",""Ttransformer"",""NLTK"",""CoreNLP"",""Vocabulary"",""Gensim"",""TextBold"",""Pattern"",""Image-Processing Eco-System"",""NumPy"",""PyTorch"",""Scikit-Learn"",""SciPy"",""TensorFlow"",""OpenCV"",""Keras"",""Rapid""]",20000000,24000000,công_nghệ_thông_tin_kỹ_thuật_số,"{""dataset"":""dinhieufam/VietJobs"",""dataset_commit"":""ea140511b77935704e93d21c2973b72f46d48902"",""license"":""MIT""}"
vietjobs_vinuniversity,fbb4be4fcaa72bd84e51c5a3cc0ccbb6c5d9fd6f215702a7b2d96d29187d2d1d,2025-10-31,Nhân Viên Kinh Doanh (Mảng Phần Mềm),Nhân Viên Kinh Doanh Mảng Phần Mềm ,mid,Ha Noi,1,1,[],25000000,30000000,công_nghệ_thông_tin_kỹ_thuật_số,"{""dataset"":""dinhieufam/VietJobs"",""dataset_commit"":""ea140511b77935704e93d21c2973b72f46d48902"",""license"":""MIT""}"
vietjobs_vinuniversity,fbd297cf80f18b0d3077b6c2978a7f7450f8d261272c73ed7cc1a6577099bd8d,2025-10-31,Đồ họa hoạt hình nhóm chính/ Đồ họa chuyển động,Đồ họa hoạt hình nhóm chính/ Đồ họa chuyển động,mid,Nghệ An,2,2,"[""After Effects"",""Adobe Illustrator"",""Photoshop"",""Premiere""]",12000000,15000000,công_nghệ_thông_tin_kỹ_thuật_số,"{""dataset"":""dinhieufam/VietJobs"",""dataset_commit"":""ea140511b77935704e93d21c2973b72f46d48902"",""license"":""MIT""}"
vietjobs_vinuniversity,fc016e8fa542824021beab3c86547fe696fdde248c76cf652aa4ea45d6965d67,2025-10-31,Người kiểm tra hiệu suất,Người kiểm tra hiệu suất,mid,Ha Noi,2,2,"[""Jmeter"",""Postman""]",31000000,31000000,công_nghệ_thông_tin_kỹ_thuật_số,"{""dataset"":""dinhieufam/VietJobs"",""dataset_commit"":""ea140511b77935704e93d21c2973b72f46d48902"",""license"":""MIT""}"
vietjobs_vinuniversity,fc1178554204f3dc0fb6eaefbc60365ab8fa113b65dbaa886b989d35faae3122,2025-10-31,Nhân Viên Thiết Kế Đồ Họa,Nhân Viên Thiết Kế Đồ Họa,mid,Ha Noi,1,1,"[""Photoshop"",""Illustrator"",""Canva""]",12000000,12000000,công_nghệ_thông_tin_kỹ_thuật_số,"{""dataset"":""dinhieufam/VietJobs"",""dataset_commit"":""ea140511b77935704e93d21c2973b72f46d48902"",""license"":""MIT""}"
vietjobs_vinuniversity,fc174bc19c3124f6ee06a0480eef5b9bf177755e4211f52284b33efee9a18d4f,2025-10-31,Thực Tập Sinh Kỹ Thuật Máy Tính Phần Cứng,Thực Tập Sinh Kỹ Thuật Máy Tính Phần Cứng,intern,Ha Noi,0,0,"[""Kiến thức cơ bản về phần cứng máy tính"",""Khả năng lắp ráp, sửa chữa máy tính""]",2000000,2000000,công_nghệ_thông_tin_kỹ_thuật_số,"{""dataset"":""dinhieufam/VietJobs"",""dataset_commit"":""ea140511b77935704e93d21c2973b72f46d48902"",""license"":""MIT""}"
vietjobs_vinuniversity,fc257d8ac8bfec2ce7251ed7ec67ff67e6882b7ffc7ad4f51f9f4ab852290280,2025-10-31,.NET Developer,.NET Developer,mid,Ha Noi,3,3,"[""C#"","".NET Core"",""ASP.NET"",""Entity Framework"",""Dapper"",""RESTful API"",""MS SQL"",""PostgreSQL"",""RabbitMQ"",""Kafka"",""Redis"",""Git""]",25000000,40000000,công_nghệ_thông_tin_kỹ_thuật_số,"{""dataset"":""dinhieufam/VietJobs"",""dataset_commit"":""ea140511b77935704e93d21c2973b72f46d48902"",""license"":""MIT""}"
vietjobs_vinuniversity,fc43be4958f963b2ce465165efc260e6c9ae7635c4c22304ca1243abb26d68c9,2025-10-31,Nhà phát triển thống nhất,Nhà phát triển thống nhất,mid,Ha Noi,3,3,"[""C#"",""Unity Engine"",""Git""]",18000000,25000000,công_nghệ_thông_tin_kỹ_thuật_số,"{""dataset"":""dinhieufam/VietJobs"",""dataset_commit"":""ea140511b77935704e93d21c2973b72f46d48902"",""license"":""MIT""}"
vietjobs_vinuniversity,fc76eca0a8a0cd8a86bf6bacb1722c2dfbaecab17339b16aa9fbb936754e5fd7,2025-10-31,2D Concept Artist | Thiết Kế Ý Tưởng (Junior),Junior 2D Concept Artist | Thiết Kế Ý Tưởng Junior ,junior,Ho Chi Minh,1,1,"[""Phác thảo tay"",""Digital painting"",""Photoshop""]",10000000,18000000,công_nghệ_thông_tin_kỹ_thuật_số,"{""dataset"":""dinhieufam/VietJobs"",""dataset_commit"":""ea140511b77935704e93d21c2973b72f46d48902"",""license"":""MIT""}"
vietjobs_vinuniversity,fc79698345eff7c1423df1a13b904d3c5536560bddc95c73f223052ea316bbaf,2025-10-31,"Nhân Viên Kinh Doanh/ Sales/ Tư Vấn Bán Hàng (Phân Phối Sản Phầm PC, Laptop, Máy In, Smart Home)","Nhân Viên Kinh Doanh/ Sales/ Tư Vấn Bán Hàng Phân Phối Sản Phầm PC, Laptop, Máy In, Smart Home ",mid,Ho Chi Minh,1,1,"[""Thành thạo tin học văn phòng (Word, Excel, PowerPoint)"",""Hiểu biết về các sản phẩm phần mềm/phần cứng và công nghệ hiện đại""]",10000000,15000000,công_nghệ_thông_tin_kỹ_thuật_số,"{""dataset"":""dinhieufam/VietJobs"",""dataset_commit"":""ea140511b77935704e93d21c2973b72f46d48902"",""license"":""MIT""}"
vietjobs_vinuniversity,fc909e62d503fa3e2ff1e1333c3f339423c0ab958725887a3784ec375b32087c,2025-10-31,Nhân Viên Kinh Doanh Phần Mềm,Nhân Viên Kinh Doanh Phần Mềm,mid,Hải Phòng,0,0,"[""Kỹ năng tin học văn phòng cơ bản""]",12000000,25000000,công_nghệ_thông_tin_kỹ_thuật_số,"{""dataset"":""dinhieufam/VietJobs"",""dataset_commit"":""ea140511b77935704e93d21c2973b72f46d48902"",""license"":""MIT""}"
vietjobs_vinuniversity,fca22206ed79b6222f066773a7fc4a940d52a18c5649f23456829526b0107a51,2025-10-31,Nhân Viên Sales Marketing/CSKH,Nhân Viên Sales Marketing/CSKH,mid,Lâm Đồng,0,0,[],8000000,15000000,công_nghệ_thông_tin_kỹ_thuật_số,"{""dataset"":""dinhieufam/VietJobs"",""dataset_commit"":""ea140511b77935704e93d21c2973b72f46d48902"",""license"":""MIT""}"
vietjobs_vinuniversity,fcac5586c9a2c298a7f4c98ac2b88962a5e2147ce2902a7df8c900be6a81e4a9,2025-10-31,Kỹ Sư Mạng Trung Tâm Dữ Liệu (DC Network Engineer),Network Engineer,mid,Ha Noi,3,3,"[""Giao thức mạng Layer 2 & Layer 3: STP, LACP, M-LAG, OSPF, BGP"",""Công nghệ mạng hiện đại trong DC như: VXLAN, EVPN, Network Automation""]",35000000,35000000,công_nghệ_thông_tin_kỹ_thuật_số,"{""dataset"":""dinhieufam/VietJobs"",""dataset_commit"":""ea140511b77935704e93d21c2973b72f46d48902"",""license"":""MIT""}"
vietjobs_vinuniversity,fd256a0aef89c131d0b2cb4dacf9919ec09d39d61812f7fdbbb96774faf8580a,2025-10-31,Nó lãnh đạo hoạt động,Nó lãnh đạo hoạt động,mid,Ha Noi,3,3,"[""ITSM Advanced"",""CCNP"",""Windows Server Administration"",""VMware"",""Microsoft 365 Certified""]",30000000,41000000,công_nghệ_thông_tin_kỹ_thuật_số,"{""dataset"":""dinhieufam/VietJobs"",""dataset_commit"":""ea140511b77935704e93d21c2973b72f46d48902"",""license"":""MIT""}"
vietjobs_vinuniversity,fd3d7ea5afcfe1bd15f19b7f9dc91ccd99bf9d0589b6eb8b45c1a3662fe91a08,2025-10-31,Nhân Viên Thiết Kế,Nhân Viên Thiết Kế,mid,Bắc Từ Liêm,0,0,"[""Photoshop"",""Illustrator"",""Indesign""]",9000000,14000000,công_nghệ_thông_tin_kỹ_thuật_số,"{""dataset"":""dinhieufam/VietJobs"",""dataset_commit"":""ea140511b77935704e93d21c2973b72f46d48902"",""license"":""MIT""}"
vietjobs_vinuniversity,fdb8289bd4076f15bb11d6ca1a3486bba35437b442b2dadd88ece2b5a1bc8b1f,2025-10-31,Fullstack Developer,Fullstack Developer,mid,Ha Noi,2,2,"[""Java"",""Spring Boot"",""Hibernate"",""Flask"",""Django"",""FastAPI"",""SQL Server"",""Oracle"",""MySql"",""MongoDB"",""SQLite"",""SOAP"",""RestfulAPI"",""Socket TCP/IP"",""Web Socket"",""Kafka"",""RabbitMQ"",""ActiveMQ"",""Redis"",""Memcached"",""Sonarqube"",""Mockito"",""Selenium"",""Pytest"",""Docker"",""Kubernetes"",""Jenkins"",""Prometheus"",""Thanos"",""Grafana"",""Angular""]",20000000,24000000,công_nghệ_thông_tin_kỹ_thuật_số,"{""dataset"":""dinhieufam/VietJobs"",""dataset_commit"":""ea140511b77935704e93d21c2973b72f46d48902"",""license"":""MIT""}"
vietjobs_vinuniversity,fde214d4fe6052a5cfc6225588204cdbe80502b44a4f44a2302085c061e60cf7,2025-10-31,Sales Executive - Nhân Viên Kinh Doanh Phần Mềm,Sales Executive - Nhân Viên Kinh Doanh Phần Mềm,mid,Ha Noi,3,3,"[""Customer relationship management (CRM) software"",""Sales tools""]",12000000,17000000,công_nghệ_thông_tin_kỹ_thuật_số,"{""dataset"":""dinhieufam/VietJobs"",""dataset_commit"":""ea140511b77935704e93d21c2973b72f46d48902"",""license"":""MIT""}"
vietjobs_vinuniversity,fdebdb2fdf2daf80da0310496b54fce0593183708f80b9033eaa078fcc6d676c,2025-10-31,Phản ứng nhà phát triển bản địa,Phản ứng nhà phát triển bản địa,mid,Ha Noi,3,3,"[""ReactJS"",""HTML/CSS"",""HTML5/CSS3"",""SASS"",""SCSS"",""Bootstrap"",""jQuery"",""Thymeleaf"",""Rest API"",""Git"",""Java"",""NodeJS"",""Angular"",""VueJS""]",20000000,40000000,công_nghệ_thông_tin_kỹ_thuật_số,"{""dataset"":""dinhieufam/VietJobs"",""dataset_commit"":""ea140511b77935704e93d21c2973b72f46d48902"",""license"":""MIT""}"
vietjobs_vinuniversity,fdf461cba8e11c3703fef8b2432d66c01bc01c2184ff3b8ca4f9f18eb01a51e6,2025-10-31,Nhân Viên Designer/Thiết Kế Ấn Phẩm,Nhân Viên Designer/Thiết Kế Ấn Phẩm,mid,Ha Noi,1,1,"[""Adobe Illustrator"",""Photoshop"",""InDesign""]",12000000,15000000,công_nghệ_thông_tin_kỹ_thuật_số,"{""dataset"":""dinhieufam/VietJobs"",""dataset_commit"":""ea140511b77935704e93d21c2973b72f46d48902"",""license"":""MIT""}"
vietjobs_vinuniversity,fe09eb2c92f1a7330ac47e10e9811684765bba6659dec8dc4be052702fef63c6,2025-10-31,Odoo Developer,Odoo Developer,mid,Ha Noi,3,3,"[""Odoo"",""OpenERP"",""PostgreSQL"",""Linux"",""Github"",""Gitlab""]",20000000,28000000,công_nghệ_thông_tin_kỹ_thuật_số,"{""dataset"":""dinhieufam/VietJobs"",""dataset_commit"":""ea140511b77935704e93d21c2973b72f46d48902"",""license"":""MIT""}"
vietjobs_vinuniversity,fe4f4180905de2e38048e79b3e6b51bb005ca6674897965419076a77fed62710,2025-10-31,Thực Tập Sinh Thiết Kế Đồ Họa,Thực Tập Sinh Thiết Kế Đồ Họa,intern,Ho Chi Minh,0,0,"[""Photoshop"",""Illustrator"",""After Effect""]",2000000,4000000,công_nghệ_thông_tin_kỹ_thuật_số,"{""dataset"":""dinhieufam/VietJobs"",""dataset_commit"":""ea140511b77935704e93d21c2973b72f46d48902"",""license"":""MIT""}"
vietjobs_vinuniversity,ff2d6b028efc47510efba175663d7a22daea147f173232dc9c9f70591d7da991,2025-10-31,Nam Nhân Viên Thiết Kế - Graphic Designer,Nam Nhân Viên Thiết Kế - Graphic Designer,mid,Ho Chi Minh,2,2,"[""Adobe Photoshop"",""Adobe Illustrator"",""Adobe InDesign""]",10000000,12000000,công_nghệ_thông_tin_kỹ_thuật_số,"{""dataset"":""dinhieufam/VietJobs"",""dataset_commit"":""ea140511b77935704e93d21c2973b72f46d48902"",""license"":""MIT""}"
vietjobs_vinuniversity,ffb057bc1fd7b5b3429519dbc4206e7605493f26c74eacbfc88dbaa1bcd8f3a9,2025-10-31,Chuyên Viên Kiểm Thử,Chuyên Viên Kiểm Thử,mid,Ha Noi,3,3,"[""API test (Postman)"",""database (MySQL, PostgreSQL)"",""Selenium"",""Katalon Studio"",""Appium"",""JMeter""]",15000000,25000000,công_nghệ_thông_tin_kỹ_thuật_số,"{""dataset"":""dinhieufam/VietJobs"",""dataset_commit"":""ea140511b77935704e93d21c2973b72f46d48902"",""license"":""MIT""}"
vietjobs_vinuniversity,ffd3f099b3322809f69dd1fa15e0a7bf92d9c6e1e6e199885202f40eb4cd1cfe,2025-10-31,Sales Manager,Sales Manager,manager,Ho Chi Minh,3,3,"[""Kỹ năng quản lý đội/nhóm"",""Kỹ năng thuyết trình"",""Kỹ năng tư vấn"",""Kỹ năng đàm phán""]",30000000,30000000,công_nghệ_thông_tin_kỹ_thuật_số,"{""dataset"":""dinhieufam/VietJobs"",""dataset_commit"":""ea140511b77935704e93d21c2973b72f46d48902"",""license"":""MIT""}"
