source,source_record_id,source_snapshot_date,title,title_normalized,job_level,location,experience_years_min,experience_years_max,skills,salary_min,salary_max,category,source_metadata
vietnamworks,2052097,2026-06-15,Account Manager (B2B / Enterprise),Account Manager B2B / Enterprise ,manager,Ho Chi Minh,2,,"[""B2B Sales"",""Giải Pháp Công Nghệ"",""Phát Triển Khách Hàng"",""Tìm Kiếm Khách Hàng"",""Tư Vấn Giải Pháp""]",22500000.00,,information_technology,"{""company_name"":""Công Ty CP Giải Pháp Kinh Doanh Nền Tảng - Basebs"",""dataset"":""jobradar/vietnamworks-operational-salary-snapshot"",""dataset_commit"":""first-seen-before:2026-07-19T04:36:28.244910+00:00"",""dataset_url"":""https://www.vietnamworks.com/account-manager-b2b-enterprise-2052097-jv"",""first_seen_at"":""2026-07-15T15:57:09.167269+00:00"",""first_seen_batch_id"":""3739f4fd-442d-44b8-aeb5-c13ac0d66b2e"",""license"":""NOASSERTION"",""location_normalizer_revision"":""2026-07-19.1"",""observation_semantics"":""source posting date resolved by the JobRadar adapter"",""platform"":""vietnamworks"",""raw_payload_sha256"":""255d8a3e3e1983b2b9cd39c25e33323ff71b6c10425f057c66d423d5bfce1384"",""scraped_at"":""2026-07-15T16:57:15.757556+00:00"",""snapshot_cutoff"":""2026-07-19T04:36:28.244910+00:00"",""source_url"":""https://www.vietnamworks.com/account-manager-b2b-enterprise-2052097-jv"",""title_normalizer_revision"":""2f434fba22de3a14c1b199331c8ca18408dc72e702071bf4bbfe380daff40f58""}"
vietnamworks,2053097,2026-06-25,Business Analyst,Business Analyst,mid,Ho Chi Minh,2,,"[""BPM"",""Business Process Design"",""Communication"",""Data Analysis"",""Microsoft Teams"",""SQL""]",20000000.00,37500000.00,information_technology,"{""company_name"":""FPT IS"",""dataset"":""jobradar/vietnamworks-operational-salary-snapshot"",""dataset_commit"":""first-seen-before:2026-07-19T04:36:28.244910+00:00"",""dataset_url"":""https://www.vietnamworks.com/business-analyst-2053097-jv"",""first_seen_at"":""2026-07-15T15:57:14.551435+00:00"",""first_seen_batch_id"":""3739f4fd-442d-44b8-aeb5-c13ac0d66b2e"",""license"":""NOASSERTION"",""location_normalizer_revision"":""2026-07-19.1"",""observation_semantics"":""source posting date resolved by the JobRadar adapter"",""platform"":""vietnamworks"",""raw_payload_sha256"":""e83e9ae0b935d8df104549e40a093f6f9a60acf31e5cb4bd608a01d33e58f303"",""scraped_at"":""2026-07-18T20:30:41.363098+00:00"",""snapshot_cutoff"":""2026-07-19T04:36:28.244910+00:00"",""source_url"":""https://www.vietnamworks.com/business-analyst-2053097-jv"",""title_normalizer_revision"":""2f434fba22de3a14c1b199331c8ca18408dc72e702071bf4bbfe380daff40f58""}"
vietnamworks,2053226,2026-06-19,Solution Architect - Salary Up to $5000,Solution Architect,mid,Ha Noi,7,,"[""APIs"",""AWS"",""Databases"",""Microservices"",""SolidJS"",""Solution Architecture"",""System Design"",""Technical Architecture"",""Workplace from Meta""]",,125000000.00,information_technology,"{""company_name"":""FPT Software"",""dataset"":""jobradar/vietnamworks-operational-salary-snapshot"",""dataset_commit"":""first-seen-before:2026-07-19T04:36:28.244910+00:00"",""dataset_url"":""https://www.vietnamworks.com/solution-architect-salary-up-to-5000-2053226-jv"",""first_seen_at"":""2026-07-15T15:57:08.447261+00:00"",""first_seen_batch_id"":""3739f4fd-442d-44b8-aeb5-c13ac0d66b2e"",""license"":""NOASSERTION"",""location_normalizer_revision"":""2026-07-19.1"",""observation_semantics"":""source posting date resolved by the JobRadar adapter"",""platform"":""vietnamworks"",""raw_payload_sha256"":""b2006dd0ed82f623654991ca263807b6fa616922efc4846999e0d57cfd83b742"",""scraped_at"":""2026-07-18T20:30:21.279681+00:00"",""snapshot_cutoff"":""2026-07-19T04:36:28.244910+00:00"",""source_url"":""https://www.vietnamworks.com/solution-architect-salary-up-to-5000-2053226-jv"",""title_normalizer_revision"":""2f434fba22de3a14c1b199331c8ca18408dc72e702071bf4bbfe380daff40f58""}"
vietnamworks,2053289,2026-06-25,Software FA & Test Engineer,QA Engineer,mid,Hai Phong,5,,"[""C++"",""C/C++"",""Excel"",""Kiểm Thử"",""MATLAB"",""Sản xuất""]",25000000.00,40000000.00,information_technology,"{""company_name"":""Công Ty TNHH Polarium Việt Nam"",""dataset"":""jobradar/vietnamworks-operational-salary-snapshot"",""dataset_commit"":""first-seen-before:2026-07-19T04:36:28.244910+00:00"",""dataset_url"":""https://www.vietnamworks.com/software-fa-test-engineer-2053289-jv"",""first_seen_at"":""2026-07-15T15:57:12.216707+00:00"",""first_seen_batch_id"":""3739f4fd-442d-44b8-aeb5-c13ac0d66b2e"",""license"":""NOASSERTION"",""location_normalizer_revision"":""2026-07-19.1"",""observation_semantics"":""source posting date resolved by the JobRadar adapter"",""platform"":""vietnamworks"",""raw_payload_sha256"":""40555210961daa4a5502e803452065768c5b83c919352e26a86bea97ec6522be"",""scraped_at"":""2026-07-18T20:30:21.304138+00:00"",""snapshot_cutoff"":""2026-07-19T04:36:28.244910+00:00"",""source_url"":""https://www.vietnamworks.com/software-fa-test-engineer-2053289-jv"",""title_normalizer_revision"":""2f434fba22de3a14c1b199331c8ca18408dc72e702071bf4bbfe380daff40f58""}"
vietnamworks,2053616,2026-06-15,Research and Teaching Assistant (RTA) in Data Science and Operations Research/optimization,Research and Teaching Assistant RTA in Data Science and Operations Research/optimization,mid,Binh Duong,,,"[""Bioinformatics"",""English Fluency"",""Machine Learning"",""Python"",""Research"",""Teaching""]",30000000.00,35000000.00,information_technology,"{""company_name"":""VGU - Vietnamese German University"",""dataset"":""jobradar/vietnamworks-operational-salary-snapshot"",""dataset_commit"":""first-seen-before:2026-07-19T04:36:28.244910+00:00"",""dataset_url"":""https://www.vietnamworks.com/research-and-teaching-assistant-rta-in-data-science-and-operations-research-optimization-2053616-jv"",""first_seen_at"":""2026-07-15T15:57:09.727853+00:00"",""first_seen_batch_id"":""3739f4fd-442d-44b8-aeb5-c13ac0d66b2e"",""license"":""NOASSERTION"",""location_normalizer_revision"":""2026-07-19.1"",""observation_semantics"":""source posting date resolved by the JobRadar adapter"",""platform"":""vietnamworks"",""raw_payload_sha256"":""a0a2d94cf548b246e92634ea7e29b82aad12c591ef1233cb66fdb574fe18aaec"",""scraped_at"":""2026-07-15T16:57:15.766869+00:00"",""snapshot_cutoff"":""2026-07-19T04:36:28.244910+00:00"",""source_url"":""https://www.vietnamworks.com/research-and-teaching-assistant-rta-in-data-science-and-operations-research-optimization-2053616-jv"",""title_normalizer_revision"":""2f434fba22de3a14c1b199331c8ca18408dc72e702071bf4bbfe380daff40f58""}"
vietnamworks,2054906,2026-06-29,"Technology & AI Innovation Manager (Lương Cứng Up to 100M/tháng, Thử Việc 100% Lương, Làm Việc T2-T6)","Technology & AI Innovation Manager Lương Cứng Up to 100M/tháng, Thử Việc 100% Lương, Làm Việc T2-T6 ",manager,Ha Noi,6,,"[""AI application"",""Adobe Illustrator"",""Agentic Ai"",""Engineering Background"",""Team Management"",""Technology Management""]",70000000.00,100000000.00,information_technology,"{""company_name"":""SAPP Academy"",""dataset"":""jobradar/vietnamworks-operational-salary-snapshot"",""dataset_commit"":""first-seen-before:2026-07-19T04:36:28.244910+00:00"",""dataset_url"":""https://www.vietnamworks.com/technology-ai-innovation-manager-luong-cung-up-to-100m-thang-thu-viec-100-luong-lam-viec-t2-t6-2054906-jv"",""first_seen_at"":""2026-07-15T15:57:14.355129+00:00"",""first_seen_batch_id"":""3739f4fd-442d-44b8-aeb5-c13ac0d66b2e"",""license"":""NOASSERTION"",""location_normalizer_revision"":""2026-07-19.1"",""observation_semantics"":""source posting date resolved by the JobRadar adapter"",""platform"":""vietnamworks"",""raw_payload_sha256"":""951994cb8c7a23eeb43214884e1ef1dc58d2de9bff5e687106cc865ded67561c"",""scraped_at"":""2026-07-18T20:30:41.359736+00:00"",""snapshot_cutoff"":""2026-07-19T04:36:28.244910+00:00"",""source_url"":""https://www.vietnamworks.com/technology-ai-innovation-manager-luong-cung-up-to-100m-thang-thu-viec-100-luong-lam-viec-t2-t6-2054906-jv"",""title_normalizer_revision"":""2f434fba22de3a14c1b199331c8ca18408dc72e702071bf4bbfe380daff40f58""}"
vietnamworks,2055078,2026-06-19,Key Account Manager (HCM),Key Account Manager HCM ,manager,Ho Chi Minh,3,,"[""Ba"",""Phân Tích Thị Trường"",""Sales"",""Tiếng Anh thành thạo""]",15000000.00,37500000.00,information_technology,"{""company_name"":""Công ty Cổ phần An ninh Mạng Việt Nam(VSEC)"",""dataset"":""jobradar/vietnamworks-operational-salary-snapshot"",""dataset_commit"":""first-seen-before:2026-07-19T04:36:28.244910+00:00"",""dataset_url"":""https://www.vietnamworks.com/key-account-manager-hcm-2055078-jv"",""first_seen_at"":""2026-07-15T15:57:11.580597+00:00"",""first_seen_batch_id"":""3739f4fd-442d-44b8-aeb5-c13ac0d66b2e"",""license"":""NOASSERTION"",""location_normalizer_revision"":""2026-07-19.1"",""observation_semantics"":""source posting date resolved by the JobRadar adapter"",""platform"":""vietnamworks"",""raw_payload_sha256"":""17cd751b060bbbf2d17e785bb70e3e59cb455ea922fa8f9fa7a6a5e7078d7532"",""scraped_at"":""2026-07-18T20:30:36.333041+00:00"",""snapshot_cutoff"":""2026-07-19T04:36:28.244910+00:00"",""source_url"":""https://www.vietnamworks.com/key-account-manager-hcm-2055078-jv"",""title_normalizer_revision"":""2f434fba22de3a14c1b199331c8ca18408dc72e702071bf4bbfe380daff40f58""}"
vietnamworks,2055152,2026-06-18,Chăm Sóc Khách Hàng (Làm Ca Đêm - Lĩnh Vực: Phần Mềm và Dịch Vụ Marketing Online - Thưởng Hấp Dẫn - Tổng Thu Nhập 2X. Trở Lên),Chăm Sóc Khách Hàng Làm Ca Đêm - Lĩnh Vực: Phần Mềm và Dịch Vụ Marketing Online - Thưởng Hấp Dẫn - Tổng Thu Nhập 2X. Trở Lên ,mid,Ho Chi Minh,1,,"[""Chăm Sóc Khách Hàng"",""Customer Management"",""DigitalOcean"",""Marketing Support"",""Phiên Dịch"",""Tiếng Anh Thành Thạo""]",10000000.00,37500000.00,information_technology,"{""company_name"":""Fastboy Marketing"",""dataset"":""jobradar/vietnamworks-operational-salary-snapshot"",""dataset_commit"":""first-seen-before:2026-07-19T04:36:28.244910+00:00"",""dataset_url"":""https://www.vietnamworks.com/cham-soc-khach-hang-lam-ca-em-linh-vuc-phan-mem-va-dich-vu-marketing-online-thuong-hap-dan-tong-thu-nhap-2x-tro-len-2055152-jv"",""first_seen_at"":""2026-07-15T15:57:06.039757+00:00"",""first_seen_batch_id"":""3739f4fd-442d-44b8-aeb5-c13ac0d66b2e"",""license"":""NOASSERTION"",""location_normalizer_revision"":""2026-07-19.1"",""observation_semantics"":""source posting date resolved by the JobRadar adapter"",""platform"":""vietnamworks"",""raw_payload_sha256"":""05d8490d240d2100a1776075c3b63f7c8ff94785d13c87bba9bb5ada0f685a60"",""scraped_at"":""2026-07-18T15:17:50.926890+00:00"",""snapshot_cutoff"":""2026-07-19T04:36:28.244910+00:00"",""source_url"":""https://www.vietnamworks.com/cham-soc-khach-hang-lam-ca-em-linh-vuc-phan-mem-va-dich-vu-marketing-online-thuong-hap-dan-tong-thu-nhap-2x-tro-len-2055152-jv"",""title_normalizer_revision"":""2f434fba22de3a14c1b199331c8ca18408dc72e702071bf4bbfe380daff40f58""}"
vietnamworks,2055708,2026-06-19,"Case Manager - 100% Remote, Contractor","Case Manager - 100% Remote, Contractor",manager,Ho Chi Minh,1,3,"[""Analytical Skills"",""Customer Service"",""English"",""MS Office Suite"",""Time Management""]",18750000.00,20000000.00,information_technology,"{""company_name"":""Aweplus CX Solution"",""dataset"":""jobradar/vietnamworks-operational-salary-snapshot"",""dataset_commit"":""first-seen-before:2026-07-19T04:36:28.244910+00:00"",""dataset_url"":""https://www.vietnamworks.com/case-manager-100-remote-contractor-2055708-jv"",""first_seen_at"":""2026-07-15T15:57:11.915694+00:00"",""first_seen_batch_id"":""3739f4fd-442d-44b8-aeb5-c13ac0d66b2e"",""license"":""NOASSERTION"",""location_normalizer_revision"":""2026-07-19.1"",""observation_semantics"":""source posting date resolved by the JobRadar adapter"",""platform"":""vietnamworks"",""raw_payload_sha256"":""6436ef715b5f5efd4b9bee1d2d3480061a5b9512477ac06736715c6d9ccecfee"",""scraped_at"":""2026-07-18T20:30:36.339674+00:00"",""snapshot_cutoff"":""2026-07-19T04:36:28.244910+00:00"",""source_url"":""https://www.vietnamworks.com/case-manager-100-remote-contractor-2055708-jv"",""title_normalizer_revision"":""2f434fba22de3a14c1b199331c8ca18408dc72e702071bf4bbfe380daff40f58""}"
vietnamworks,2055713,2026-06-19,"Client Management Assistant - 100% Remote, Contractor","Client Management Assistant - 100% Remote, Contractor",mid,Ha Noi,,,"[""Chăm Sóc Khách Hàng"",""Client Management"",""Client Support"",""English"",""MS Office Suit""]",10000000.00,12500000.00,information_technology,"{""company_name"":""Aweplus CX Solution"",""dataset"":""jobradar/vietnamworks-operational-salary-snapshot"",""dataset_commit"":""first-seen-before:2026-07-19T04:36:28.244910+00:00"",""dataset_url"":""https://www.vietnamworks.com/client-management-assistant-100-remote-contractor-2055713-jv"",""first_seen_at"":""2026-07-15T15:57:11.891489+00:00"",""first_seen_batch_id"":""3739f4fd-442d-44b8-aeb5-c13ac0d66b2e"",""license"":""NOASSERTION"",""location_normalizer_revision"":""2026-07-19.1"",""observation_semantics"":""source posting date resolved by the JobRadar adapter"",""platform"":""vietnamworks"",""raw_payload_sha256"":""adf4a415c2a4af2babc8ca2f8817373cecfd1fd67add551f1c8e4a02eef66a52"",""scraped_at"":""2026-07-18T20:30:36.338856+00:00"",""snapshot_cutoff"":""2026-07-19T04:36:28.244910+00:00"",""source_url"":""https://www.vietnamworks.com/client-management-assistant-100-remote-contractor-2055713-jv"",""title_normalizer_revision"":""2f434fba22de3a14c1b199331c8ca18408dc72e702071bf4bbfe380daff40f58""}"
vietnamworks,2056628,2026-06-29,Senior/ Lead BA (Signing Bonus Up to 1 Tháng Lương),Senior/ Lead BA Signing Bonus Up to 1 Tháng Lương ,senior,Ha Noi,7,,"[""Analytical Thinking"",""Business Analysis"",""Content Writing"",""Customer Communication"",""Software Development""]",,60000000.00,information_technology,"{""company_name"":""Công ty cổ phần Synodus"",""dataset"":""jobradar/vietnamworks-operational-salary-snapshot"",""dataset_commit"":""first-seen-before:2026-07-19T04:36:28.244910+00:00"",""dataset_url"":""https://www.vietnamworks.com/senior-lead-ba-signing-bonus-up-to-1-thang-luong-2056628-jv"",""first_seen_at"":""2026-07-15T15:57:11.159611+00:00"",""first_seen_batch_id"":""3739f4fd-442d-44b8-aeb5-c13ac0d66b2e"",""license"":""NOASSERTION"",""location_normalizer_revision"":""2026-07-19.1"",""observation_semantics"":""source posting date resolved by the JobRadar adapter"",""platform"":""vietnamworks"",""raw_payload_sha256"":""07d6c31ca7634065f1872f494c46a971795a48f67594171315a5f986e304f7d1"",""scraped_at"":""2026-07-18T20:30:31.943308+00:00"",""snapshot_cutoff"":""2026-07-19T04:36:28.244910+00:00"",""source_url"":""https://www.vietnamworks.com/senior-lead-ba-signing-bonus-up-to-1-thang-luong-2056628-jv"",""title_normalizer_revision"":""2f434fba22de3a14c1b199331c8ca18408dc72e702071bf4bbfe380daff40f58""}"
vietnamworks,2056641,2026-06-24,Middle Backend Engineer (Python / Go / Java / C#),Backend Developer,mid,Ha Noi,2,,"["".NET"",""AWS"",""Azure"",""C#"",""Django"",""Docker"",""FastAPI"",""GCP"",""Git"",""GitHub Actions"",""Go"",""Golang"",""GraphQL"",""Java"",""Jenkins"",""Kubernetes"",""Microservices"",""MongoDB"",""MySQL"",""PYTHON"",""PostgreSQL"",""Python"",""REST"",""Redis"",""SolidJS"",""Spring Boot""]",14000000.00,25000000.00,information_technology,"{""company_name"":""Công Ty Cổ Phần Sunteco"",""dataset"":""jobradar/vietnamworks-operational-salary-snapshot"",""dataset_commit"":""first-seen-before:2026-07-19T04:36:28.244910+00:00"",""dataset_url"":""https://www.vietnamworks.com/middle-backend-engineer-python-go-java-c-2056641-jv"",""first_seen_at"":""2026-07-15T15:57:10.023714+00:00"",""first_seen_batch_id"":""3739f4fd-442d-44b8-aeb5-c13ac0d66b2e"",""license"":""NOASSERTION"",""location_normalizer_revision"":""2026-07-19.1"",""observation_semantics"":""source posting date resolved by the JobRadar adapter"",""platform"":""vietnamworks"",""raw_payload_sha256"":""7f47f0ef2e29a53fd9bb3193b55ad72a853ee60e7decdaac61f8198cccfa8d51"",""scraped_at"":""2026-07-18T20:30:26.315692+00:00"",""snapshot_cutoff"":""2026-07-19T04:36:28.244910+00:00"",""source_url"":""https://www.vietnamworks.com/middle-backend-engineer-python-go-java-c-2056641-jv"",""title_normalizer_revision"":""2f434fba22de3a14c1b199331c8ca18408dc72e702071bf4bbfe380daff40f58""}"
vietnamworks,2057092,2026-06-22,Trưởng Nhóm C&B (C&B Team Leader),Trưởng Nhóm C&B C&B Team Leader ,lead,Ha Noi,5,,"[""C&B"",""Chính Sách Lương Thưởng"",""Google Drive"",""Nhân Sự"",""Odoo"",""Thuế""]",,20000000.00,information_technology,"{""company_name"":""CQ TDT Asia JSC"",""dataset"":""jobradar/vietnamworks-operational-salary-snapshot"",""dataset_commit"":""first-seen-before:2026-07-19T04:36:28.244910+00:00"",""dataset_url"":""https://www.vietnamworks.com/truong-nhom-c-b-c-b-team-leader-2057092-jv"",""first_seen_at"":""2026-07-15T15:57:10.939237+00:00"",""first_seen_batch_id"":""3739f4fd-442d-44b8-aeb5-c13ac0d66b2e"",""license"":""NOASSERTION"",""location_normalizer_revision"":""2026-07-19.1"",""observation_semantics"":""source posting date resolved by the JobRadar adapter"",""platform"":""vietnamworks"",""raw_payload_sha256"":""7d1ad275bf25a74befb7192cdfbf92adc2e5ea8f56eab3f2b2d35564805e447a"",""scraped_at"":""2026-07-18T20:30:31.938692+00:00"",""snapshot_cutoff"":""2026-07-19T04:36:28.244910+00:00"",""source_url"":""https://www.vietnamworks.com/truong-nhom-c-b-c-b-team-leader-2057092-jv"",""title_normalizer_revision"":""2f434fba22de3a14c1b199331c8ca18408dc72e702071bf4bbfe380daff40f58""}"
vietnamworks,2058301,2026-06-25,Senior Product Owner,Senior Product Owner,senior,Ha Noi,2,,"[""Communication Skills"",""Market Research"",""Owner"",""Problem Analysis\r\r"",""Product Development"",""User Experience""]",,45000000.00,information_technology,"{""company_name"":""BSS Group"",""dataset"":""jobradar/vietnamworks-operational-salary-snapshot"",""dataset_commit"":""first-seen-before:2026-07-19T04:36:28.244910+00:00"",""dataset_url"":""https://www.vietnamworks.com/senior-product-owner-2058301-jv"",""first_seen_at"":""2026-07-15T15:57:12.392818+00:00"",""first_seen_batch_id"":""3739f4fd-442d-44b8-aeb5-c13ac0d66b2e"",""license"":""NOASSERTION"",""location_normalizer_revision"":""2026-07-19.1"",""observation_semantics"":""source posting date resolved by the JobRadar adapter"",""platform"":""vietnamworks"",""raw_payload_sha256"":""1fe0f051a3915e530c7e0c6114128d014b801df388b023d4a8d0c05c5f541898"",""scraped_at"":""2026-07-18T20:30:26.299816+00:00"",""snapshot_cutoff"":""2026-07-19T04:36:28.244910+00:00"",""source_url"":""https://www.vietnamworks.com/senior-product-owner-2058301-jv"",""title_normalizer_revision"":""2f434fba22de3a14c1b199331c8ca18408dc72e702071bf4bbfe380daff40f58""}"
vietnamworks,2058990,2026-06-29,Chuyên Gia Cấp Cao Triển Khai Giải Pháp Phần Mềm,Senior Chuyên Gia Cấp Cao Triển Khai Giải Pháp Phần Mềm,senior,Ho Chi Minh,5,,"[""Automation Testing"",""Bussiness Analyst"",""Python"",""SQL"",""Software Consulting"",""Triển Khai Phần Mềm""]",20000000.00,30000000.00,information_technology,"{""company_name"":""Công Ty CP Giải Pháp Kinh Doanh Nền Tảng - Basebs"",""dataset"":""jobradar/vietnamworks-operational-salary-snapshot"",""dataset_commit"":""first-seen-before:2026-07-19T04:36:28.244910+00:00"",""dataset_url"":""https://www.vietnamworks.com/chuyen-gia-cap-cao-trien-khai-giai-phap-phan-mem-2058990-jv"",""first_seen_at"":""2026-07-15T15:57:07.148908+00:00"",""first_seen_batch_id"":""3739f4fd-442d-44b8-aeb5-c13ac0d66b2e"",""license"":""NOASSERTION"",""location_normalizer_revision"":""2026-07-19.1"",""observation_semantics"":""source posting date resolved by the JobRadar adapter"",""platform"":""vietnamworks"",""raw_payload_sha256"":""ab772f0ec460b6a5ca31aafc6b474b747418c5750d49616c4bdb1956db65e35e"",""scraped_at"":""2026-07-18T20:30:11.350139+00:00"",""snapshot_cutoff"":""2026-07-19T04:36:28.244910+00:00"",""source_url"":""https://www.vietnamworks.com/chuyen-gia-cap-cao-trien-khai-giai-phap-phan-mem-2058990-jv"",""title_normalizer_revision"":""2f434fba22de3a14c1b199331c8ca18408dc72e702071bf4bbfe380daff40f58""}"
vietnamworks,2059898,2026-06-29,User Acquisition Manager (Mobile App Global) Thu Nhập Từ 25 - 40 Triệu++,User Acquisition Manager Mobile App Global Thu Nhập Từ 25 - 40 Triệu++,manager,Ha Noi,3,,"[""Brand Development"",""Creative Thinking"",""Digital Marketing"",""Market Research"",""Performance Marketing""]",25000000.00,40000000.00,information_technology,"{""company_name"":""Công ty Cổ phần Công nghệ eUp"",""dataset"":""jobradar/vietnamworks-operational-salary-snapshot"",""dataset_commit"":""first-seen-before:2026-07-19T04:36:28.244910+00:00"",""dataset_url"":""https://www.vietnamworks.com/user-acquisition-manager-mobile-app-global-thu-nhap-tu-25-40-trieu-2059898-jv"",""first_seen_at"":""2026-07-15T15:57:09.454657+00:00"",""first_seen_batch_id"":""3739f4fd-442d-44b8-aeb5-c13ac0d66b2e"",""license"":""NOASSERTION"",""location_normalizer_revision"":""2026-07-19.1"",""observation_semantics"":""source posting date resolved by the JobRadar adapter"",""platform"":""vietnamworks"",""raw_payload_sha256"":""602629f64d59e289e93ad171c634451530da0726006024266c55b97b00bae8de"",""scraped_at"":""2026-07-18T20:30:21.290049+00:00"",""snapshot_cutoff"":""2026-07-19T04:36:28.244910+00:00"",""source_url"":""https://www.vietnamworks.com/user-acquisition-manager-mobile-app-global-thu-nhap-tu-25-40-trieu-2059898-jv"",""title_normalizer_revision"":""2f434fba22de3a14c1b199331c8ca18408dc72e702071bf4bbfe380daff40f58""}"
vietnamworks,2061147,2026-07-01,Senior SEO Specialist,Senior SEO Specialist,senior,Ho Chi Minh,3,,"[""Adobe Illustrator"",""B2B"",""Content Marketing"",""Funnel.io"",""Marketing"",""Microsoft Teams"",""Page.js"",""Seo"",""WordPress""]",42500000.00,55000000.00,information_technology,"{""company_name"":""Nakivo"",""dataset"":""jobradar/vietnamworks-operational-salary-snapshot"",""dataset_commit"":""first-seen-before:2026-07-19T04:36:28.244910+00:00"",""dataset_url"":""https://www.vietnamworks.com/senior-seo-specialist-2061147-jv"",""first_seen_at"":""2026-07-15T15:57:05.649982+00:00"",""first_seen_batch_id"":""3739f4fd-442d-44b8-aeb5-c13ac0d66b2e"",""license"":""NOASSERTION"",""location_normalizer_revision"":""2026-07-19.1"",""observation_semantics"":""source posting date resolved by the JobRadar adapter"",""platform"":""vietnamworks"",""raw_payload_sha256"":""4f81d68a8cb81085478cc6c0e7792df446043099059bc8832ebfb4b7476a9e99"",""scraped_at"":""2026-07-18T20:30:16.260775+00:00"",""snapshot_cutoff"":""2026-07-19T04:36:28.244910+00:00"",""source_url"":""https://www.vietnamworks.com/senior-seo-specialist-2061147-jv"",""title_normalizer_revision"":""2f434fba22de3a14c1b199331c8ca18408dc72e702071bf4bbfe380daff40f58""}"
vietnamworks,2061521,2026-07-03,International Sales Executive - US Desk (Basic Salary $700 - $1000),International Sales Executive - US Desk Basic Salary $700 - $1000 ,mid,Ho Chi Minh,,,"[""Adobe Target"",""B2B Sales"",""International Sales"",""Interpersonal skills"",""Market Research"",""Microsoft Teams"",""Sales""]",17500000.00,25000000.00,information_technology,"{""company_name"":""MISA Jointstock Company"",""dataset"":""jobradar/vietnamworks-operational-salary-snapshot"",""dataset_commit"":""first-seen-before:2026-07-19T04:36:28.244910+00:00"",""dataset_url"":""https://www.vietnamworks.com/international-sales-executive-us-desk-basic-salary-700-1000-2061521-jv"",""first_seen_at"":""2026-07-15T15:57:06.737951+00:00"",""first_seen_batch_id"":""3739f4fd-442d-44b8-aeb5-c13ac0d66b2e"",""license"":""NOASSERTION"",""location_normalizer_revision"":""2026-07-19.1"",""observation_semantics"":""source posting date resolved by the JobRadar adapter"",""platform"":""vietnamworks"",""raw_payload_sha256"":""eb015e7859b97035695b911f07327f0c7bc40dcf9eb40b8c1d4ecb445ee05bd5"",""scraped_at"":""2026-07-18T20:30:11.358280+00:00"",""snapshot_cutoff"":""2026-07-19T04:36:28.244910+00:00"",""source_url"":""https://www.vietnamworks.com/international-sales-executive-us-desk-basic-salary-700-1000-2061521-jv"",""title_normalizer_revision"":""2f434fba22de3a14c1b199331c8ca18408dc72e702071bf4bbfe380daff40f58""}"
vietnamworks,2063018,2026-07-06,Senior Application And Data Security Officer,Senior Application And Data Security Officer,senior,Ho Chi Minh,2,,"[""Application Security Assessment"",""TCP""]",20000000.00,27500000.00,information_technology,"{""company_name"":""Ngân Hàng TNHH Indovina – Hội Sở"",""dataset"":""jobradar/vietnamworks-operational-salary-snapshot"",""dataset_commit"":""first-seen-before:2026-07-19T04:36:28.244910+00:00"",""dataset_url"":""https://www.vietnamworks.com/senior-application-and-data-security-officer-2063018-jv"",""first_seen_at"":""2026-07-15T15:57:07.389722+00:00"",""first_seen_batch_id"":""3739f4fd-442d-44b8-aeb5-c13ac0d66b2e"",""license"":""NOASSERTION"",""location_normalizer_revision"":""2026-07-19.1"",""observation_semantics"":""source posting date resolved by the JobRadar adapter"",""platform"":""vietnamworks"",""raw_payload_sha256"":""27e6b39bd3501601bb77fabee4c407214ce234a8d0b39f780ae576fc43368e7a"",""scraped_at"":""2026-07-18T20:30:16.274578+00:00"",""snapshot_cutoff"":""2026-07-19T04:36:28.244910+00:00"",""source_url"":""https://www.vietnamworks.com/senior-application-and-data-security-officer-2063018-jv"",""title_normalizer_revision"":""2f434fba22de3a14c1b199331c8ca18408dc72e702071bf4bbfe380daff40f58""}"
vietnamworks,2063295,2026-07-06,"Chuyên Viên Digital Marketing (Facebook Ads, Google Ads)","Chuyên Viên Digital Marketing Facebook Ads, Google Ads ",mid,Ha Noi,1,,"[""Digital Marketing"",""Facebook Ads"",""Facebook Ads, Google Ads"",""Google Ads"",""SaaS & B2B Growth""]",15000000.00,30000000.00,information_technology,"{""company_name"":""MISA Jointstock Company"",""dataset"":""jobradar/vietnamworks-operational-salary-snapshot"",""dataset_commit"":""first-seen-before:2026-07-19T04:36:28.244910+00:00"",""dataset_url"":""https://www.vietnamworks.com/chuyen-vien-digital-marketing-facebook-ads-google-ads-2063295-jv"",""first_seen_at"":""2026-07-15T15:57:07.579495+00:00"",""first_seen_batch_id"":""3739f4fd-442d-44b8-aeb5-c13ac0d66b2e"",""license"":""NOASSERTION"",""location_normalizer_revision"":""2026-07-19.1"",""observation_semantics"":""source posting date resolved by the JobRadar adapter"",""platform"":""vietnamworks"",""raw_payload_sha256"":""1ba8415ec8807ca409c2bc1f9aa2fe5cb8c2bc11a3f4dbcaf1b96d7446ae0c83"",""scraped_at"":""2026-07-18T20:30:06.454128+00:00"",""snapshot_cutoff"":""2026-07-19T04:36:28.244910+00:00"",""source_url"":""https://www.vietnamworks.com/chuyen-vien-digital-marketing-facebook-ads-google-ads-2063295-jv"",""title_normalizer_revision"":""2f434fba22de3a14c1b199331c8ca18408dc72e702071bf4bbfe380daff40f58""}"
vietnamworks,2064052,2026-07-06,Technical Lead (Kotlin/ Java/ Spring Ecosystem) Upto $2000,Technical Lead Kotlin/ Java/ Spring Ecosystem Upto $2000,lead,Ha Noi,5,7,"[""GraphQL"",""GraphQL APIs"",""Java"",""Kotlin"",""Leadership"",""PostgreSQL"",""Spring Framework""]",37500000.00,50000000.00,information_technology,"{""company_name"":""CÔNG TY TNHH DỊCH VỤ CÔNG NGHỆ NANO TECHNOLOGIES VIỆT NAM"",""dataset"":""jobradar/vietnamworks-operational-salary-snapshot"",""dataset_commit"":""first-seen-before:2026-07-19T04:36:28.244910+00:00"",""dataset_url"":""https://www.vietnamworks.com/technical-lead-kotlin-java-spring-ecosystem-upto-2000-2064052-jv"",""first_seen_at"":""2026-07-15T15:57:07.293293+00:00"",""first_seen_batch_id"":""3739f4fd-442d-44b8-aeb5-c13ac0d66b2e"",""license"":""NOASSERTION"",""location_normalizer_revision"":""2026-07-19.1"",""observation_semantics"":""source posting date resolved by the JobRadar adapter"",""platform"":""vietnamworks"",""raw_payload_sha256"":""855ec46634ff71842f854437ce405a61405b3d37198ecb2333ea24bcb8206151"",""scraped_at"":""2026-07-18T20:30:31.937418+00:00"",""snapshot_cutoff"":""2026-07-19T04:36:28.244910+00:00"",""source_url"":""https://www.vietnamworks.com/technical-lead-kotlin-java-spring-ecosystem-upto-2000-2064052-jv"",""title_normalizer_revision"":""2f434fba22de3a14c1b199331c8ca18408dc72e702071bf4bbfe380daff40f58""}"
vietnamworks,2064251,2026-07-06,Backend Engineer (Middle+) (Thu Nhập 20-30 Triệu),Backend Developer,mid,Ha Noi,3,,"[""Adobe Illustrator"",""C#"",""Database management"",""Docker"",""Git"",""Go"",""Java"",""Linux"",""NestJS"",""Node.js"",""Node.js (Nestjs- Express)"",""PHP"",""Python"",""REST API"",""SQL"",""SolidJS"",""System Design"",""gRPC""]",20000000.00,30000000.00,information_technology,"{""company_name"":""K&M Holdings"",""dataset"":""jobradar/vietnamworks-operational-salary-snapshot"",""dataset_commit"":""first-seen-before:2026-07-19T04:36:28.244910+00:00"",""dataset_url"":""https://www.vietnamworks.com/backend-engineer-middle-thu-nhap-20-30-trieu-2064251-jv"",""first_seen_at"":""2026-07-15T15:57:08.353050+00:00"",""first_seen_batch_id"":""3739f4fd-442d-44b8-aeb5-c13ac0d66b2e"",""license"":""NOASSERTION"",""location_normalizer_revision"":""2026-07-19.1"",""observation_semantics"":""source posting date resolved by the JobRadar adapter"",""platform"":""vietnamworks"",""raw_payload_sha256"":""6de260ed866c93460a6c3a81dac4ad901b12b69292c5d95424d19d36450cecf5"",""scraped_at"":""2026-07-18T20:30:21.278922+00:00"",""snapshot_cutoff"":""2026-07-19T04:36:28.244910+00:00"",""source_url"":""https://www.vietnamworks.com/backend-engineer-middle-thu-nhap-20-30-trieu-2064251-jv"",""title_normalizer_revision"":""2f434fba22de3a14c1b199331c8ca18408dc72e702071bf4bbfe380daff40f58""}"
vietnamworks,2064255,2026-07-06,AI Engineer (Middle Level) (Thu Nhập 20-30 Triệu),AI Engineer,mid,Ha Noi,2,,"[""AI"",""Adobe Illustrator"",""Docker"",""FastAPI"",""Git"",""LangChain"",""LangGraph"",""Linux"",""Milvus Cloud"",""Neo4j"",""Python"",""Teamwork""]",20000000.00,35000000.00,information_technology,"{""company_name"":""K&M Holdings"",""dataset"":""jobradar/vietnamworks-operational-salary-snapshot"",""dataset_commit"":""first-seen-before:2026-07-19T04:36:28.244910+00:00"",""dataset_url"":""https://www.vietnamworks.com/ai-engineer-middle-level-thu-nhap-20-30-trieu-2064255-jv"",""first_seen_at"":""2026-07-15T15:57:07.367116+00:00"",""first_seen_batch_id"":""3739f4fd-442d-44b8-aeb5-c13ac0d66b2e"",""license"":""NOASSERTION"",""location_normalizer_revision"":""2026-07-19.1"",""observation_semantics"":""source posting date resolved by the JobRadar adapter"",""platform"":""vietnamworks"",""raw_payload_sha256"":""c23af1e36a8668ff32029706fc2104f7925f1936af398da91dd5eef0d8b90841"",""scraped_at"":""2026-07-18T20:30:16.275164+00:00"",""snapshot_cutoff"":""2026-07-19T04:36:28.244910+00:00"",""source_url"":""https://www.vietnamworks.com/ai-engineer-middle-level-thu-nhap-20-30-trieu-2064255-jv"",""title_normalizer_revision"":""2f434fba22de3a14c1b199331c8ca18408dc72e702071bf4bbfe380daff40f58""}"
vietnamworks,2065297,2026-07-10,Global Legal (Good English),Global Legal Good English ,mid,Ha Noi,4,,"[""Legal & Law"",""Legal Research""]",22500000.00,40000000.00,information_technology,"{""company_name"":""Công Ty TNHH Outcubator Việt Nam"",""dataset"":""jobradar/vietnamworks-operational-salary-snapshot"",""dataset_commit"":""first-seen-before:2026-07-19T04:36:28.244910+00:00"",""dataset_url"":""https://www.vietnamworks.com/global-legal-good-english-2065297-jv"",""first_seen_at"":""2026-07-15T15:57:08.614068+00:00"",""first_seen_batch_id"":""3739f4fd-442d-44b8-aeb5-c13ac0d66b2e"",""license"":""NOASSERTION"",""location_normalizer_revision"":""2026-07-19.1"",""observation_semantics"":""source posting date resolved by the JobRadar adapter"",""platform"":""vietnamworks"",""raw_payload_sha256"":""e211c89d7ad9b369f44535a15d27667fcab907c71e8491f89d5558a2ab0bfb40"",""scraped_at"":""2026-07-18T20:30:06.449012+00:00"",""snapshot_cutoff"":""2026-07-19T04:36:28.244910+00:00"",""source_url"":""https://www.vietnamworks.com/global-legal-good-english-2065297-jv"",""title_normalizer_revision"":""2f434fba22de3a14c1b199331c8ca18408dc72e702071bf4bbfe380daff40f58""}"
vietnamworks,2068265,2026-06-15,Nhân Sự Tổng Hợp (Senior Hr Generalist),Senior Nhân Sự Tổng Hợp Senior Hr Generalist ,senior,Ha Noi,5,,"[""C&B"",""Luật Lao Động"",""Quan Hệ Lao Động"",""Quản Lý Hiệu Suất"",""Quản Lý Hồ Sơ""]",,30000000.00,information_technology,"{""company_name"":""CÔNG TY TNHH SOFTROAD"",""dataset"":""jobradar/vietnamworks-operational-salary-snapshot"",""dataset_commit"":""first-seen-before:2026-07-19T04:36:28.244910+00:00"",""dataset_url"":""https://www.vietnamworks.com/nhan-su-tong-hop-senior-hr-generalist-2068265-jv"",""first_seen_at"":""2026-07-15T15:57:15.478097+00:00"",""first_seen_batch_id"":""3739f4fd-442d-44b8-aeb5-c13ac0d66b2e"",""license"":""NOASSERTION"",""location_normalizer_revision"":""2026-07-19.1"",""observation_semantics"":""source posting date resolved by the JobRadar adapter"",""platform"":""vietnamworks"",""raw_payload_sha256"":""bd0bb747a616f6c3dc05c19be166ecbfbbb017a20f252e13782c0ada89b345ac"",""scraped_at"":""2026-07-15T16:57:40.946855+00:00"",""snapshot_cutoff"":""2026-07-19T04:36:28.244910+00:00"",""source_url"":""https://www.vietnamworks.com/nhan-su-tong-hop-senior-hr-generalist-2068265-jv"",""title_normalizer_revision"":""2f434fba22de3a14c1b199331c8ca18408dc72e702071bf4bbfe380daff40f58""}"
vietnamworks,2068671,2026-06-15,Nhân Viên Kinh Doanh (Business Development Executive),Nhân Viên Kinh Doanh Business Development Executive ,mid,Ho Chi Minh,,,"[""B2B Sales"",""Client Management"",""English Communication"",""It Solutions"",""Presentation Skills""]",15000000.00,35000000.00,information_technology,"{""company_name"":""Dayone Software Technology"",""dataset"":""jobradar/vietnamworks-operational-salary-snapshot"",""dataset_commit"":""first-seen-before:2026-07-19T04:36:28.244910+00:00"",""dataset_url"":""https://www.vietnamworks.com/nhan-vien-kinh-doanh-business-development-executive-2068671-jv"",""first_seen_at"":""2026-07-15T15:57:13.004896+00:00"",""first_seen_batch_id"":""3739f4fd-442d-44b8-aeb5-c13ac0d66b2e"",""license"":""NOASSERTION"",""location_normalizer_revision"":""2026-07-19.1"",""observation_semantics"":""source posting date resolved by the JobRadar adapter"",""platform"":""vietnamworks"",""raw_payload_sha256"":""08792dcfe09f5422b31276f1851ad575b5c7dd1c96b99a53521bc78387e6eaf4"",""scraped_at"":""2026-07-15T16:57:31.017011+00:00"",""snapshot_cutoff"":""2026-07-19T04:36:28.244910+00:00"",""source_url"":""https://www.vietnamworks.com/nhan-vien-kinh-doanh-business-development-executive-2068671-jv"",""title_normalizer_revision"":""2f434fba22de3a14c1b199331c8ca18408dc72e702071bf4bbfe380daff40f58""}"
vietnamworks,2068954,2026-06-16,Middle/ Senior .NET Developer (Web & Mobile),Senior Backend Developer,senior,Ho Chi Minh,3,5,"["".NET"","".Net Core"",""ASP.NET Core"",""C#"",""Microservices"",""REST"",""Restful Apis"",""WMS""]",23000000.00,45000000.00,information_technology,"{""company_name"":""CELLPHONES - HỆ THỐNG BÁN LẺ ĐIỆN THOẠI DI ĐỘNG, LAPTOP VÀ CÁC SẢN PHẨM CÔNG NGHỆ TOÀN QUỐC"",""dataset"":""jobradar/vietnamworks-operational-salary-snapshot"",""dataset_commit"":""first-seen-before:2026-07-19T04:36:28.244910+00:00"",""dataset_url"":""https://www.vietnamworks.com/middle-senior-net-developer-web-mobile-2068954-jv"",""first_seen_at"":""2026-07-15T15:57:15.381219+00:00"",""first_seen_batch_id"":""3739f4fd-442d-44b8-aeb5-c13ac0d66b2e"",""license"":""NOASSERTION"",""location_normalizer_revision"":""2026-07-19.1"",""observation_semantics"":""source posting date resolved by the JobRadar adapter"",""platform"":""vietnamworks"",""raw_payload_sha256"":""87127941747f8b90b761ac02c3c0e4bb5c6ef3850a8b4cccc24f907fc15a981b"",""scraped_at"":""2026-07-15T16:57:40.943911+00:00"",""snapshot_cutoff"":""2026-07-19T04:36:28.244910+00:00"",""source_url"":""https://www.vietnamworks.com/middle-senior-net-developer-web-mobile-2068954-jv"",""title_normalizer_revision"":""2f434fba22de3a14c1b199331c8ca18408dc72e702071bf4bbfe380daff40f58""}"
vietnamworks,2069067,2026-06-16,Viettel Tuyển Dụng Senior Backend Developer,Senior Backend Developer,senior,Ha Noi,,,"[""IT"",""Khoa Học Máy Tính"",""Mobile Development"",""backend""]",,50000000.00,information_technology,"{""company_name"":""Tổng Công Ty Viễn Thông Viettel (Viettel Telecom)"",""dataset"":""jobradar/vietnamworks-operational-salary-snapshot"",""dataset_commit"":""first-seen-before:2026-07-19T04:36:28.244910+00:00"",""dataset_url"":""https://www.vietnamworks.com/viettel-tuyen-dung-senior-backend-developer-2069067-jv"",""first_seen_at"":""2026-07-15T15:57:08.998598+00:00"",""first_seen_batch_id"":""3739f4fd-442d-44b8-aeb5-c13ac0d66b2e"",""license"":""NOASSERTION"",""location_normalizer_revision"":""2026-07-19.1"",""observation_semantics"":""source posting date resolved by the JobRadar adapter"",""platform"":""vietnamworks"",""raw_payload_sha256"":""a592d1890827ad32649aaa1e3e4dbd0e9b9b5dec474d79913915a4de572259f2"",""scraped_at"":""2026-07-15T16:57:15.753347+00:00"",""snapshot_cutoff"":""2026-07-19T04:36:28.244910+00:00"",""source_url"":""https://www.vietnamworks.com/viettel-tuyen-dung-senior-backend-developer-2069067-jv"",""title_normalizer_revision"":""2f434fba22de3a14c1b199331c8ca18408dc72e702071bf4bbfe380daff40f58""}"
vietnamworks,2069108,2026-06-16,Chuyên Viên Kế Toán Tổng Hợp & Thuế Quốc Tế,Chuyên Viên Kế Toán Tổng Hợp & Thuế Quốc Tế,mid,Ha Noi,3,,"[""Accounting & Auditing"",""Accounting Payment"",""Audit Nội Bộ""]",17500000.00,25000000.00,information_technology,"{""company_name"":""Insights LTD."",""dataset"":""jobradar/vietnamworks-operational-salary-snapshot"",""dataset_commit"":""first-seen-before:2026-07-19T04:36:28.244910+00:00"",""dataset_url"":""https://www.vietnamworks.com/chuyen-vien-ke-toan-tong-hop-thue-quoc-te-2069108-jv"",""first_seen_at"":""2026-07-15T15:57:12.743701+00:00"",""first_seen_batch_id"":""3739f4fd-442d-44b8-aeb5-c13ac0d66b2e"",""license"":""NOASSERTION"",""location_normalizer_revision"":""2026-07-19.1"",""observation_semantics"":""source posting date resolved by the JobRadar adapter"",""platform"":""vietnamworks"",""raw_payload_sha256"":""45c34bb6ecc29cbccbe3a025a2f1cf890ad0a8190399d11f270c97947a18aed2"",""scraped_at"":""2026-07-15T16:57:31.012663+00:00"",""snapshot_cutoff"":""2026-07-19T04:36:28.244910+00:00"",""source_url"":""https://www.vietnamworks.com/chuyen-vien-ke-toan-tong-hop-thue-quoc-te-2069108-jv"",""title_normalizer_revision"":""2f434fba22de3a14c1b199331c8ca18408dc72e702071bf4bbfe380daff40f58""}"
vietnamworks,2069152,2026-06-16,Thư Ký Chủ Tịch Hội Đồng Quản Trị,Thư Ký Chủ Tịch Hội Đồng Quản Trị,mid,Ho Chi Minh,2,,"[""Nghiệp Vụ Thư Ký"",""Quản Lý Lịch Làm Việc"",""Soạn Thảo Văn Bản"",""Tin Học Văn Phòng"",""Tiếng Anh""]",25000000.00,35000000.00,information_technology,"{""company_name"":""CÔNG TY CỔ PHẦN TRUSTSOL TECH"",""dataset"":""jobradar/vietnamworks-operational-salary-snapshot"",""dataset_commit"":""first-seen-before:2026-07-19T04:36:28.244910+00:00"",""dataset_url"":""https://www.vietnamworks.com/thu-ky-chu-tich-hoi-ong-quan-tri-2069152-jv"",""first_seen_at"":""2026-07-15T15:57:09.672404+00:00"",""first_seen_batch_id"":""3739f4fd-442d-44b8-aeb5-c13ac0d66b2e"",""license"":""NOASSERTION"",""location_normalizer_revision"":""2026-07-19.1"",""observation_semantics"":""source posting date resolved by the JobRadar adapter"",""platform"":""vietnamworks"",""raw_payload_sha256"":""1f18429666dac87067ef473e797e9191e075b5b57597dbff7aef6116e1207fa2"",""scraped_at"":""2026-07-15T16:57:15.766099+00:00"",""snapshot_cutoff"":""2026-07-19T04:36:28.244910+00:00"",""source_url"":""https://www.vietnamworks.com/thu-ky-chu-tich-hoi-ong-quan-tri-2069152-jv"",""title_normalizer_revision"":""2f434fba22de3a14c1b199331c8ca18408dc72e702071bf4bbfe380daff40f58""}"
vietnamworks,2069214,2026-06-16,"ERP Integration Support (night shift, good English)","ERP Integration Support night shift, good English ",mid,Ho Chi Minh,2,,"[""Customer Service"",""ERP"",""English"",""NetSuite"",""SQL""]",20000000.00,25000000.00,information_technology,"{""company_name"":""Truecommerce Vietnam Company, Limited"",""dataset"":""jobradar/vietnamworks-operational-salary-snapshot"",""dataset_commit"":""first-seen-before:2026-07-19T04:36:28.244910+00:00"",""dataset_url"":""https://www.vietnamworks.com/erp-integration-support-night-shift-good-english-2069214-jv"",""first_seen_at"":""2026-07-15T15:57:09.384408+00:00"",""first_seen_batch_id"":""3739f4fd-442d-44b8-aeb5-c13ac0d66b2e"",""license"":""NOASSERTION"",""location_normalizer_revision"":""2026-07-19.1"",""observation_semantics"":""source posting date resolved by the JobRadar adapter"",""platform"":""vietnamworks"",""raw_payload_sha256"":""a33a61c2bce6096970752ae8e4171c7b2371eec203ecfabedc00c2681d409a65"",""scraped_at"":""2026-07-15T16:57:15.761476+00:00"",""snapshot_cutoff"":""2026-07-19T04:36:28.244910+00:00"",""source_url"":""https://www.vietnamworks.com/erp-integration-support-night-shift-good-english-2069214-jv"",""title_normalizer_revision"":""2f434fba22de3a14c1b199331c8ca18408dc72e702071bf4bbfe380daff40f58""}"
vietnamworks,2069290,2026-06-17,Excutive Assistant to CEO,Excutive Assistant to CEO,mid,Ha Noi,3,,"[""Giao Tiếp Xuất Sắc"",""Giải Quyết Vấn Đề"",""Lập Kế Hoạch"",""Phân Tích Dữ Liệu"",""Quản Lý Dự Án""]",17500000.00,27500000.00,information_technology,"{""company_name"":""Công ty Cổ phần An ninh Mạng Việt Nam(VSEC)"",""dataset"":""jobradar/vietnamworks-operational-salary-snapshot"",""dataset_commit"":""first-seen-before:2026-07-19T04:36:28.244910+00:00"",""dataset_url"":""https://www.vietnamworks.com/excutive-assistant-to-ceo-2069290-jv"",""first_seen_at"":""2026-07-15T15:57:15.334402+00:00"",""first_seen_batch_id"":""3739f4fd-442d-44b8-aeb5-c13ac0d66b2e"",""license"":""NOASSERTION"",""location_normalizer_revision"":""2026-07-19.1"",""observation_semantics"":""source posting date resolved by the JobRadar adapter"",""platform"":""vietnamworks"",""raw_payload_sha256"":""5fa2e0d98f8a9db454bf20bffff5515ff3a06099ba2d9f3bf60fdfb11ecf41ef"",""scraped_at"":""2026-07-17T15:31:40.655868+00:00"",""snapshot_cutoff"":""2026-07-19T04:36:28.244910+00:00"",""source_url"":""https://www.vietnamworks.com/excutive-assistant-to-ceo-2069290-jv"",""title_normalizer_revision"":""2f434fba22de3a14c1b199331c8ca18408dc72e702071bf4bbfe380daff40f58""}"
vietnamworks,2069334,2026-06-17,R&D Core Technology Engineer - Senior Computer Vision R&D Engineer,Senior R&D Core Technology Engineer - Senior Computer Vision R&D Engineer,senior,Ha Noi,,,"[""Adobe Illustrator"",""Android (Native)"",""C++"",""Camera System"",""Computer Vision"",""Lập Trình C++"",""OpenCV"",""Realtime Processing"",""Technical Documentation""]",15000000.00,35000000.00,information_technology,"{""company_name"":""Piontech Software"",""dataset"":""jobradar/vietnamworks-operational-salary-snapshot"",""dataset_commit"":""first-seen-before:2026-07-19T04:36:28.244910+00:00"",""dataset_url"":""https://www.vietnamworks.com/r-d-core-technology-engineer-senior-computer-vision-r-d-engineer-2069334-jv"",""first_seen_at"":""2026-07-15T15:57:12.417690+00:00"",""first_seen_batch_id"":""3739f4fd-442d-44b8-aeb5-c13ac0d66b2e"",""license"":""NOASSERTION"",""location_normalizer_revision"":""2026-07-19.1"",""observation_semantics"":""source posting date resolved by the JobRadar adapter"",""platform"":""vietnamworks"",""raw_payload_sha256"":""3d6363acd15ce9ac71dc6a583ae2057395c0cc31dd96d2729f8376b2138e927c"",""scraped_at"":""2026-07-17T15:31:30.723761+00:00"",""snapshot_cutoff"":""2026-07-19T04:36:28.244910+00:00"",""source_url"":""https://www.vietnamworks.com/r-d-core-technology-engineer-senior-computer-vision-r-d-engineer-2069334-jv"",""title_normalizer_revision"":""2f434fba22de3a14c1b199331c8ca18408dc72e702071bf4bbfe380daff40f58""}"
vietnamworks,2069335,2026-06-17,User Acquisition - Digital Marketing Executive,User Acquisition - Digital Marketing Executive,mid,Ha Noi,1,,"[""ASO"",""Monetization"",""Phân Tích Dữ Liệu"",""Phân Tích Thị Trường"",""User Acquisition""]",,35000000.00,information_technology,"{""company_name"":""Piontech Software"",""dataset"":""jobradar/vietnamworks-operational-salary-snapshot"",""dataset_commit"":""first-seen-before:2026-07-19T04:36:28.244910+00:00"",""dataset_url"":""https://www.vietnamworks.com/user-acquisition-digital-marketing-executive-2069335-jv"",""first_seen_at"":""2026-07-15T15:57:12.540731+00:00"",""first_seen_batch_id"":""3739f4fd-442d-44b8-aeb5-c13ac0d66b2e"",""license"":""NOASSERTION"",""location_normalizer_revision"":""2026-07-19.1"",""observation_semantics"":""source posting date resolved by the JobRadar adapter"",""platform"":""vietnamworks"",""raw_payload_sha256"":""66e8119bf0cc6ad4f47e68e88b729a692b1d88a9d3fc23f8ac782642d760c4da"",""scraped_at"":""2026-07-17T15:31:30.726069+00:00"",""snapshot_cutoff"":""2026-07-19T04:36:28.244910+00:00"",""source_url"":""https://www.vietnamworks.com/user-acquisition-digital-marketing-executive-2069335-jv"",""title_normalizer_revision"":""2f434fba22de3a14c1b199331c8ca18408dc72e702071bf4bbfe380daff40f58""}"
vietnamworks,2069348,2026-06-17,Customer Service (Night Shift),Customer Service Night Shift ,mid,Ho Chi Minh,1,4,"[""Communication"",""Customer Service"",""Customer Support"",""English"",""English Fluency""]",7500000.00,10500000.00,information_technology,"{""company_name"":""Redbus VIETNAM"",""dataset"":""jobradar/vietnamworks-operational-salary-snapshot"",""dataset_commit"":""first-seen-before:2026-07-19T04:36:28.244910+00:00"",""dataset_url"":""https://www.vietnamworks.com/customer-service-night-shift-2069348-jv"",""first_seen_at"":""2026-07-15T15:57:09.067742+00:00"",""first_seen_batch_id"":""3739f4fd-442d-44b8-aeb5-c13ac0d66b2e"",""license"":""NOASSERTION"",""location_normalizer_revision"":""2026-07-19.1"",""observation_semantics"":""source posting date resolved by the JobRadar adapter"",""platform"":""vietnamworks"",""raw_payload_sha256"":""cc9bebf64770edd427cad31d82f33f1a42e51a62cef5cf6cfd66088f81b1ab13"",""scraped_at"":""2026-07-17T15:31:15.661195+00:00"",""snapshot_cutoff"":""2026-07-19T04:36:28.244910+00:00"",""source_url"":""https://www.vietnamworks.com/customer-service-night-shift-2069348-jv"",""title_normalizer_revision"":""2f434fba22de3a14c1b199331c8ca18408dc72e702071bf4bbfe380daff40f58""}"
vietnamworks,2069473,2026-06-17,Kế Toán Thuế,Kế Toán Thuế,mid,Ha Noi,3,,"[""Kiểm Toán"",""Kế Toán"",""Luật Thuế"",""Thuế"",""Tài Chính""]",20000000.00,,information_technology,"{""company_name"":""CÔNG TY TNHH DELIVERY K VIETNAM"",""dataset"":""jobradar/vietnamworks-operational-salary-snapshot"",""dataset_commit"":""first-seen-before:2026-07-19T04:36:28.244910+00:00"",""dataset_url"":""https://www.vietnamworks.com/ke-toan-thue-2069473-jv"",""first_seen_at"":""2026-07-15T15:57:12.441684+00:00"",""first_seen_batch_id"":""3739f4fd-442d-44b8-aeb5-c13ac0d66b2e"",""license"":""NOASSERTION"",""location_normalizer_revision"":""2026-07-19.1"",""observation_semantics"":""source posting date resolved by the JobRadar adapter"",""platform"":""vietnamworks"",""raw_payload_sha256"":""09b959646b16414dd26e03be09dd73a9cb2b55b4a0308be3d1528ceebbcb88d4"",""scraped_at"":""2026-07-17T15:31:30.724275+00:00"",""snapshot_cutoff"":""2026-07-19T04:36:28.244910+00:00"",""source_url"":""https://www.vietnamworks.com/ke-toan-thue-2069473-jv"",""title_normalizer_revision"":""2f434fba22de3a14c1b199331c8ca18408dc72e702071bf4bbfe380daff40f58""}"
vietnamworks,2069485,2026-06-18,Finance Director — Finance Operations & Governance,Finance Director — Finance Operations & Governance,director,Ho Chi Minh,5,,"[""Accouting"",""English Proficiency"",""Financial Controlling"",""Financial Operations"",""Financial Reconciliation""]",25000000.00,37500000.00,information_technology,"{""company_name"":""SendingLabs"",""dataset"":""jobradar/vietnamworks-operational-salary-snapshot"",""dataset_commit"":""first-seen-before:2026-07-19T04:36:28.244910+00:00"",""dataset_url"":""https://www.vietnamworks.com/finance-director-finance-operations-governance-2069485-jv"",""first_seen_at"":""2026-07-15T15:57:15.185676+00:00"",""first_seen_batch_id"":""3739f4fd-442d-44b8-aeb5-c13ac0d66b2e"",""license"":""NOASSERTION"",""location_normalizer_revision"":""2026-07-19.1"",""observation_semantics"":""source posting date resolved by the JobRadar adapter"",""platform"":""vietnamworks"",""raw_payload_sha256"":""28c6ad9b68ba7197cf347726eb484f8c3320bb982e65644786a5a02d3e376f45"",""scraped_at"":""2026-07-18T15:18:21.125020+00:00"",""snapshot_cutoff"":""2026-07-19T04:36:28.244910+00:00"",""source_url"":""https://www.vietnamworks.com/finance-director-finance-operations-governance-2069485-jv"",""title_normalizer_revision"":""2f434fba22de3a14c1b199331c8ca18408dc72e702071bf4bbfe380daff40f58""}"
vietnamworks,2069633,2026-06-18,Business Development Manager,Business Development Manager,manager,Ho Chi Minh,2,4,"[""Business Development"",""Customer Insights"",""Google Drive"",""HRMS"",""Saas Experience"",""Sales Management"",""regex""]",17500000.00,25000000.00,information_technology,"{""company_name"":""Công Ty TNHH Flex Consultancy (Vietnam)"",""dataset"":""jobradar/vietnamworks-operational-salary-snapshot"",""dataset_commit"":""first-seen-before:2026-07-19T04:36:28.244910+00:00"",""dataset_url"":""https://www.vietnamworks.com/business-development-manager-2069633-jv"",""first_seen_at"":""2026-07-15T15:57:15.109640+00:00"",""first_seen_batch_id"":""3739f4fd-442d-44b8-aeb5-c13ac0d66b2e"",""license"":""NOASSERTION"",""location_normalizer_revision"":""2026-07-19.1"",""observation_semantics"":""source posting date resolved by the JobRadar adapter"",""platform"":""vietnamworks"",""raw_payload_sha256"":""cc89d401a1bab7790bde9b2b102237f8783d01fce58625459fca241beee50e05"",""scraped_at"":""2026-07-18T15:18:21.124226+00:00"",""snapshot_cutoff"":""2026-07-19T04:36:28.244910+00:00"",""source_url"":""https://www.vietnamworks.com/business-development-manager-2069633-jv"",""title_normalizer_revision"":""2f434fba22de3a14c1b199331c8ca18408dc72e702071bf4bbfe380daff40f58""}"
vietnamworks,2069657,2026-06-17,B2B Senior Sales Executive (Event Tech Services),Senior B2B Senior Sales Executive Event Tech Services ,senior,Ho Chi Minh,2,,"[""Business Developing"",""Customer Focus"",""Presentation Skills"",""Sales B2B"",""Sales Executive""]",12500000.00,50000000.00,information_technology,"{""company_name"":""Netnam Corp."",""dataset"":""jobradar/vietnamworks-operational-salary-snapshot"",""dataset_commit"":""first-seen-before:2026-07-19T04:36:28.244910+00:00"",""dataset_url"":""https://www.vietnamworks.com/b2b-senior-sales-executive-event-tech-services-2069657-jv"",""first_seen_at"":""2026-07-15T15:57:07.028104+00:00"",""first_seen_batch_id"":""3739f4fd-442d-44b8-aeb5-c13ac0d66b2e"",""license"":""NOASSERTION"",""location_normalizer_revision"":""2026-07-19.1"",""observation_semantics"":""source posting date resolved by the JobRadar adapter"",""platform"":""vietnamworks"",""raw_payload_sha256"":""3e9994270fe789a2e3924026930b3580cec029606067bf50dd71c2564cb029cd"",""scraped_at"":""2026-07-17T15:31:10.646547+00:00"",""snapshot_cutoff"":""2026-07-19T04:36:28.244910+00:00"",""source_url"":""https://www.vietnamworks.com/b2b-senior-sales-executive-event-tech-services-2069657-jv"",""title_normalizer_revision"":""2f434fba22de3a14c1b199331c8ca18408dc72e702071bf4bbfe380daff40f58""}"
vietnamworks,2069705,2026-06-17,Marketing Executive,Marketing Executive,mid,Ho Chi Minh,5,,"[""Adobe Illustrator"",""After Effects"",""After.js"",""Campaign Support"",""Content Writing"",""Octokit.net"",""SEO Optimization"",""SolidJS"",""Video Editing"",""toolz""]",8000000.00,,information_technology,"{""company_name"":""Marvy Co."",""dataset"":""jobradar/vietnamworks-operational-salary-snapshot"",""dataset_commit"":""first-seen-before:2026-07-19T04:36:28.244910+00:00"",""dataset_url"":""https://www.vietnamworks.com/marketing-executive-2069705-jv"",""first_seen_at"":""2026-07-15T15:57:15.311124+00:00"",""first_seen_batch_id"":""3739f4fd-442d-44b8-aeb5-c13ac0d66b2e"",""license"":""NOASSERTION"",""location_normalizer_revision"":""2026-07-19.1"",""observation_semantics"":""source posting date resolved by the JobRadar adapter"",""platform"":""vietnamworks"",""raw_payload_sha256"":""dbec9c6a080bc46d90c193cbc847744bff12eae52f786975f075d4cde5985433"",""scraped_at"":""2026-07-17T15:31:40.655530+00:00"",""snapshot_cutoff"":""2026-07-19T04:36:28.244910+00:00"",""source_url"":""https://www.vietnamworks.com/marketing-executive-2069705-jv"",""title_normalizer_revision"":""2f434fba22de3a14c1b199331c8ca18408dc72e702071bf4bbfe380daff40f58""}"
vietnamworks,2069781,2026-06-17,DevOps Engineer,DevOps Engineer,mid,Ho Chi Minh,3,,"[""AWS"",""Amazon EKS"",""Aws"",""Communication"",""Go"",""Kubernetes"",""Node.js"",""Nosql Databases"",""Python"",""sh"",""toolz""]",,30000000.00,information_technology,"{""company_name"":""ASSA ABLOY Vietnam"",""dataset"":""jobradar/vietnamworks-operational-salary-snapshot"",""dataset_commit"":""first-seen-before:2026-07-19T04:36:28.244910+00:00"",""dataset_url"":""https://www.vietnamworks.com/devops-engineer-2069781-jv"",""first_seen_at"":""2026-07-15T15:57:12.516422+00:00"",""first_seen_batch_id"":""3739f4fd-442d-44b8-aeb5-c13ac0d66b2e"",""license"":""NOASSERTION"",""location_normalizer_revision"":""2026-07-19.1"",""observation_semantics"":""source posting date resolved by the JobRadar adapter"",""platform"":""vietnamworks"",""raw_payload_sha256"":""f0724e0117de8b6ae98dc86eec8057a6ae0c119cabf6ad10ccf9fbe5e764049d"",""scraped_at"":""2026-07-17T15:31:30.725620+00:00"",""snapshot_cutoff"":""2026-07-19T04:36:28.244910+00:00"",""source_url"":""https://www.vietnamworks.com/devops-engineer-2069781-jv"",""title_normalizer_revision"":""2f434fba22de3a14c1b199331c8ca18408dc72e702071bf4bbfe380daff40f58""}"
vietnamworks,2069837,2026-06-17,Senior Data Engineer,Senior Data Engineer,senior,Ha Noi,3,,"[""Adobe Illustrator"",""Big Data Architecture"",""Communication Skills"",""Data Engineering"",""Databricks"",""Databricks for Retail"",""Nosql Databases"",""Power BI"",""SQL"",""Sql Databases"",""Transform"",""toolz""]",30000000.00,50000000.00,information_technology,"{""company_name"":""Công Ty TNHH Socotec Việt Nam"",""dataset"":""jobradar/vietnamworks-operational-salary-snapshot"",""dataset_commit"":""first-seen-before:2026-07-19T04:36:28.244910+00:00"",""dataset_url"":""https://www.vietnamworks.com/senior-data-engineer-2069837-jv"",""first_seen_at"":""2026-07-15T15:57:12.570616+00:00"",""first_seen_batch_id"":""3739f4fd-442d-44b8-aeb5-c13ac0d66b2e"",""license"":""NOASSERTION"",""location_normalizer_revision"":""2026-07-19.1"",""observation_semantics"":""source posting date resolved by the JobRadar adapter"",""platform"":""vietnamworks"",""raw_payload_sha256"":""c70f5b7bd83876197825006970fe312a8b89e5d28d0961ee55226cce1c3183ff"",""scraped_at"":""2026-07-15T16:57:25.812202+00:00"",""snapshot_cutoff"":""2026-07-19T04:36:28.244910+00:00"",""source_url"":""https://www.vietnamworks.com/senior-data-engineer-2069837-jv"",""title_normalizer_revision"":""2f434fba22de3a14c1b199331c8ca18408dc72e702071bf4bbfe380daff40f58""}"
vietnamworks,2069958,2026-06-18,Kế Toán Tổng Hợp - Lương Up to 20Tr,Kế Toán Tổng Hợp - Lương Up to 20Tr,mid,Ha Noi,3,5,"[""Báo Cáo"",""Chi"",""Kế Toán Thuế"",""Kế Toán Tổng Hợp"",""Phân Tích""]",14000000.00,20000000.00,information_technology,"{""company_name"":""VietSol Co .Ltd"",""dataset"":""jobradar/vietnamworks-operational-salary-snapshot"",""dataset_commit"":""first-seen-before:2026-07-19T04:36:28.244910+00:00"",""dataset_url"":""https://www.vietnamworks.com/ke-toan-tong-hop-luong-up-to-20tr-2069958-jv"",""first_seen_at"":""2026-07-15T15:57:06.617394+00:00"",""first_seen_batch_id"":""3739f4fd-442d-44b8-aeb5-c13ac0d66b2e"",""license"":""NOASSERTION"",""location_normalizer_revision"":""2026-07-19.1"",""observation_semantics"":""source posting date resolved by the JobRadar adapter"",""platform"":""vietnamworks"",""raw_payload_sha256"":""c01e39d02d0ff79760701837f2d560dfbff0f25bb8382bed3c1991a333d192bb"",""scraped_at"":""2026-07-18T15:17:50.932197+00:00"",""snapshot_cutoff"":""2026-07-19T04:36:28.244910+00:00"",""source_url"":""https://www.vietnamworks.com/ke-toan-tong-hop-luong-up-to-20tr-2069958-jv"",""title_normalizer_revision"":""2f434fba22de3a14c1b199331c8ca18408dc72e702071bf4bbfe380daff40f58""}"
vietnamworks,2069983,2026-06-18,Middle Software Developer (Lemp Stack),Software Engineer,mid,Ho Chi Minh,3,,"[""CSS"",""Communication"",""Docker"",""HTML"",""JavaScript"",""LEMP Stack"",""Laravel"",""Linux"",""MySQL"",""Nginx"",""PHP"",""Scrum""]",,25000000.00,information_technology,"{""company_name"":""CÔNG TY TNHH CRYSTAL CODE"",""dataset"":""jobradar/vietnamworks-operational-salary-snapshot"",""dataset_commit"":""first-seen-before:2026-07-19T04:36:28.244910+00:00"",""dataset_url"":""https://www.vietnamworks.com/middle-software-developer-lemp-stack-2069983-jv"",""first_seen_at"":""2026-07-15T15:57:08.788455+00:00"",""first_seen_batch_id"":""3739f4fd-442d-44b8-aeb5-c13ac0d66b2e"",""license"":""NOASSERTION"",""location_normalizer_revision"":""2026-07-19.1"",""observation_semantics"":""source posting date resolved by the JobRadar adapter"",""platform"":""vietnamworks"",""raw_payload_sha256"":""e643bda40d18c3ae4da962e7642a5dd66f3ccecf20c8c2ea9790af8504dbe0f6"",""scraped_at"":""2026-07-18T15:17:56.048387+00:00"",""snapshot_cutoff"":""2026-07-19T04:36:28.244910+00:00"",""source_url"":""https://www.vietnamworks.com/middle-software-developer-lemp-stack-2069983-jv"",""title_normalizer_revision"":""2f434fba22de3a14c1b199331c8ca18408dc72e702071bf4bbfe380daff40f58""}"
vietnamworks,2070041,2026-06-18,Chuyên Viên Phân Tích Nghiệp Vụ (ODOO),Business Analyst,mid,Ha Noi,,,"[""Giao Tiếp Tốt"",""Odoo"",""Phân Tích Nghiệp Vụ"",""Quản Lý Dự Án Scrum"",""Scrum"",""Sử Dụng Excel"",""Tư Duy Logic""]",25000000.00,35000000.00,information_technology,"{""company_name"":""Tập Đoàn Karofi Holding"",""dataset"":""jobradar/vietnamworks-operational-salary-snapshot"",""dataset_commit"":""first-seen-before:2026-07-19T04:36:28.244910+00:00"",""dataset_url"":""https://www.vietnamworks.com/chuyen-vien-phan-tich-nghiep-vu-odoo-2070041-jv"",""first_seen_at"":""2026-07-15T15:57:09.648160+00:00"",""first_seen_batch_id"":""3739f4fd-442d-44b8-aeb5-c13ac0d66b2e"",""license"":""NOASSERTION"",""location_normalizer_revision"":""2026-07-19.1"",""observation_semantics"":""source posting date resolved by the JobRadar adapter"",""platform"":""vietnamworks"",""raw_payload_sha256"":""ce1458a956d9e50271acbcc947162c2b0b1b848a6b9a7aa103eccd48410c9a3b"",""scraped_at"":""2026-07-15T16:57:15.765797+00:00"",""snapshot_cutoff"":""2026-07-19T04:36:28.244910+00:00"",""source_url"":""https://www.vietnamworks.com/chuyen-vien-phan-tich-nghiep-vu-odoo-2070041-jv"",""title_normalizer_revision"":""2f434fba22de3a14c1b199331c8ca18408dc72e702071bf4bbfe380daff40f58""}"
vietnamworks,2070099,2026-06-18,Chuyên Viên Quay Dựng Video (Video Creator / Editor),Chuyên Viên Quay Dựng Video Video Creator / Editor ,mid,Ha Noi,2,,"[""AWS SQS/SNS"",""Adobe Premiere Pro"",""After Effects"",""After.js"",""DigitalOcean"",""Kỹ Thuật Hậu Kỳ"",""Quay Dựng Video"",""Sản Xuất Nội Dung""]",15000000.00,21250000.00,information_technology,"{""company_name"":""Công Ty TNHH JTS Việt Nam"",""dataset"":""jobradar/vietnamworks-operational-salary-snapshot"",""dataset_commit"":""first-seen-before:2026-07-19T04:36:28.244910+00:00"",""dataset_url"":""https://www.vietnamworks.com/chuyen-vien-quay-dung-video-video-creator-editor-2070099-jv"",""first_seen_at"":""2026-07-15T15:57:12.067051+00:00"",""first_seen_batch_id"":""3739f4fd-442d-44b8-aeb5-c13ac0d66b2e"",""license"":""NOASSERTION"",""location_normalizer_revision"":""2026-07-19.1"",""observation_semantics"":""source posting date resolved by the JobRadar adapter"",""platform"":""vietnamworks"",""raw_payload_sha256"":""50ced43bfbb0fa69863ec6540031ede3c5313d47b8a7034c5793f38204e9e35b"",""scraped_at"":""2026-07-18T15:18:11.001896+00:00"",""snapshot_cutoff"":""2026-07-19T04:36:28.244910+00:00"",""source_url"":""https://www.vietnamworks.com/chuyen-vien-quay-dung-video-video-creator-editor-2070099-jv"",""title_normalizer_revision"":""2f434fba22de3a14c1b199331c8ca18408dc72e702071bf4bbfe380daff40f58""}"
vietnamworks,2070177,2026-06-18,Customer Support Ticketing/ Booker,Customer Support Ticketing/ Booker,mid,Ha Noi,1,10,"[""Customer Service"",""DigitalOcean"",""English Communication"",""Gds Systems"",""Ticketing""]",15000000.00,20000000.00,information_technology,"{""company_name"":""Leap Steam"",""dataset"":""jobradar/vietnamworks-operational-salary-snapshot"",""dataset_commit"":""first-seen-before:2026-07-19T04:36:28.244910+00:00"",""dataset_url"":""https://www.vietnamworks.com/customer-support-ticketing-booker-2070177-jv"",""first_seen_at"":""2026-07-15T15:57:15.136064+00:00"",""first_seen_batch_id"":""3739f4fd-442d-44b8-aeb5-c13ac0d66b2e"",""license"":""NOASSERTION"",""location_normalizer_revision"":""2026-07-19.1"",""observation_semantics"":""source posting date resolved by the JobRadar adapter"",""platform"":""vietnamworks"",""raw_payload_sha256"":""362241bb35084a6704b69432a963aec6581327706c040cb2630eea700f393717"",""scraped_at"":""2026-07-15T16:57:40.938876+00:00"",""snapshot_cutoff"":""2026-07-19T04:36:28.244910+00:00"",""source_url"":""https://www.vietnamworks.com/customer-support-ticketing-booker-2070177-jv"",""title_normalizer_revision"":""2f434fba22de3a14c1b199331c8ca18408dc72e702071bf4bbfe380daff40f58""}"
vietnamworks,2070379,2026-06-18,Inside Sales Representative (Technical B2B / Industrial Solutions - Relocation to Thailand Required),Inside Sales Representative Technical B2B / Industrial Solutions - Relocation to Thailand Required ,mid,International,,,"[""B2B Sales"",""Industrial Equipment"",""Inside Sales"",""Monday.com"",""Objection.js"",""Sales Planning"",""Technical Sales"",""hvac""]",32000000.00,36000000.00,information_technology,"{""company_name"":""Teleperformance"",""dataset"":""jobradar/vietnamworks-operational-salary-snapshot"",""dataset_commit"":""first-seen-before:2026-07-19T04:36:28.244910+00:00"",""dataset_url"":""https://www.vietnamworks.com/inside-sales-representative-technical-b2b-industrial-solutions-relocation-to-thailand-required-2070379-jv"",""first_seen_at"":""2026-07-15T15:57:05.678248+00:00"",""first_seen_batch_id"":""3739f4fd-442d-44b8-aeb5-c13ac0d66b2e"",""license"":""NOASSERTION"",""location_normalizer_revision"":""2026-07-19.1"",""observation_semantics"":""source posting date resolved by the JobRadar adapter"",""platform"":""vietnamworks"",""raw_payload_sha256"":""8ab2db44a21afb35082cb7622f7e731868ee026e978e28d2b0674fdc60015323"",""scraped_at"":""2026-07-18T15:17:50.920659+00:00"",""snapshot_cutoff"":""2026-07-19T04:36:28.244910+00:00"",""source_url"":""https://www.vietnamworks.com/inside-sales-representative-technical-b2b-industrial-solutions-relocation-to-thailand-required-2070379-jv"",""title_normalizer_revision"":""2f434fba22de3a14c1b199331c8ca18408dc72e702071bf4bbfe380daff40f58""}"
vietnamworks,2070395,2026-06-18,Middle Fullstack Developer,Fullstack Developer,mid,Ha Noi,3,,"["".NetCore"",""ASP.NET Core"",""Docker"",""Full Stack Development"",""MongoDB"",""MySQL"",""Node.JS"",""Node.js"",""PYTHON"",""Python"",""RESTful API""]",17000000.00,30000000.00,information_technology,"{""company_name"":""Công ty TNHH Phần mềm HICAS"",""dataset"":""jobradar/vietnamworks-operational-salary-snapshot"",""dataset_commit"":""first-seen-before:2026-07-19T04:36:28.244910+00:00"",""dataset_url"":""https://www.vietnamworks.com/middle-fullstack-developer-2070395-jv"",""first_seen_at"":""2026-07-15T15:57:05.599522+00:00"",""first_seen_batch_id"":""3739f4fd-442d-44b8-aeb5-c13ac0d66b2e"",""license"":""NOASSERTION"",""location_normalizer_revision"":""2026-07-19.1"",""observation_semantics"":""source posting date resolved by the JobRadar adapter"",""platform"":""vietnamworks"",""raw_payload_sha256"":""16cad751614f1ee850b78ed505c8e9d7e1200b2325b21d47efa26fcf86008e23"",""scraped_at"":""2026-07-18T15:17:50.918246+00:00"",""snapshot_cutoff"":""2026-07-19T04:36:28.244910+00:00"",""source_url"":""https://www.vietnamworks.com/middle-fullstack-developer-2070395-jv"",""title_normalizer_revision"":""2f434fba22de3a14c1b199331c8ca18408dc72e702071bf4bbfe380daff40f58""}"
vietnamworks,2070511,2026-06-19,AI Solution Architect,Solution Architect,mid,Ha Noi,5,,"[""API Design"",""AWS"",""Adobe Illustrator"",""AgentOrchestrator"",""Cloud AWS"",""Docker"",""LLM"",""Microservices"",""SolidJS"",""System Design""]",30000000.00,50000000.00,information_technology,"{""company_name"":""Công Ty Cổ Phần Sunteco"",""dataset"":""jobradar/vietnamworks-operational-salary-snapshot"",""dataset_commit"":""first-seen-before:2026-07-19T04:36:28.244910+00:00"",""dataset_url"":""https://www.vietnamworks.com/ai-solution-architect-2070511-jv"",""first_seen_at"":""2026-07-15T15:57:11.630282+00:00"",""first_seen_batch_id"":""3739f4fd-442d-44b8-aeb5-c13ac0d66b2e"",""license"":""NOASSERTION"",""location_normalizer_revision"":""2026-07-19.1"",""observation_semantics"":""source posting date resolved by the JobRadar adapter"",""platform"":""vietnamworks"",""raw_payload_sha256"":""e6df301f1e6ac8d72e5e39f15c77f74d3c281fde98ed39db026863227f3cc670"",""scraped_at"":""2026-07-18T20:30:36.335003+00:00"",""snapshot_cutoff"":""2026-07-19T04:36:28.244910+00:00"",""source_url"":""https://www.vietnamworks.com/ai-solution-architect-2070511-jv"",""title_normalizer_revision"":""2f434fba22de3a14c1b199331c8ca18408dc72e702071bf4bbfe380daff40f58""}"
vietnamworks,2070616,2026-06-19,"Thiết Kế Đồ Họa Website, Mobile (UX/UI Designer)","Thiết Kế Đồ Họa Website, Mobile UX/UI Designer ",mid,Ha Noi,2,,"[""Adobe Illustrator"",""Adobe Photoshop"",""Figma"",""Page.js"",""Thiết Kế Banner"",""Thiết Kế Website"",""Thiết kế Figma"",""UXUI Design"",""illustrator""]",12500000.00,25000000.00,information_technology,"{""company_name"":""Công Ty TNHH Hurasoft"",""dataset"":""jobradar/vietnamworks-operational-salary-snapshot"",""dataset_commit"":""first-seen-before:2026-07-19T04:36:28.244910+00:00"",""dataset_url"":""https://www.vietnamworks.com/thiet-ke-o-hoa-website-mobile-ux-ui-designer-2070616-jv"",""first_seen_at"":""2026-07-15T15:57:15.057547+00:00"",""first_seen_batch_id"":""3739f4fd-442d-44b8-aeb5-c13ac0d66b2e"",""license"":""NOASSERTION"",""location_normalizer_revision"":""2026-07-19.1"",""observation_semantics"":""source posting date resolved by the JobRadar adapter"",""platform"":""vietnamworks"",""raw_payload_sha256"":""841ad244facf86918e78a39c413ccb2f8aebdfcf50dedcc9fc20db6005141087"",""scraped_at"":""2026-07-18T20:30:41.370440+00:00"",""snapshot_cutoff"":""2026-07-19T04:36:28.244910+00:00"",""source_url"":""https://www.vietnamworks.com/thiet-ke-o-hoa-website-mobile-ux-ui-designer-2070616-jv"",""title_normalizer_revision"":""2f434fba22de3a14c1b199331c8ca18408dc72e702071bf4bbfe380daff40f58""}"
vietnamworks,2070723,2026-06-19,[Peru] IT Engineer (~$2000) - Quyền Lợi Hấp Dẫn, Peru IT Engineer ~$2000 - Quyền Lợi Hấp Dẫn,mid,International,,,"[""API Integration"",""Database Technology"",""Java"",""Microsoft SQL Server"",""Network"",""Oracle Database"",""Python"",""Python Programming"",""REST API"",""Security""]",25000000.00,50000000.00,information_technology,"{""company_name"":""Viettel Peru S.A"",""dataset"":""jobradar/vietnamworks-operational-salary-snapshot"",""dataset_commit"":""first-seen-before:2026-07-19T04:36:28.244910+00:00"",""dataset_url"":""https://www.vietnamworks.com/peru-it-engineer-2000-quyen-loi-hap-dan-2070723-jv"",""first_seen_at"":""2026-07-15T15:57:08.518895+00:00"",""first_seen_batch_id"":""3739f4fd-442d-44b8-aeb5-c13ac0d66b2e"",""license"":""NOASSERTION"",""location_normalizer_revision"":""2026-07-19.1"",""observation_semantics"":""source posting date resolved by the JobRadar adapter"",""platform"":""vietnamworks"",""raw_payload_sha256"":""7323b4c9aff3007228f4f4d15dde7b5b3d357f34ed62a0cdf9ae81bea7ca9d3d"",""scraped_at"":""2026-07-18T20:30:21.281065+00:00"",""snapshot_cutoff"":""2026-07-19T04:36:28.244910+00:00"",""source_url"":""https://www.vietnamworks.com/peru-it-engineer-2000-quyen-loi-hap-dan-2070723-jv"",""title_normalizer_revision"":""2f434fba22de3a14c1b199331c8ca18408dc72e702071bf4bbfe380daff40f58""}"
vietnamworks,2070763,2026-06-19,"Head of Security Service (Pentester, Redteam, Cloudsecurity)",Security Engineer,manager,Ha Noi,5,,"[""An Ninh Mạng"",""Kỹ Thuật Thi Công"",""Lãnh Đạo"",""Quản Lý Dự Án"",""Tiếng Anh""]",70000000.00,87500000.00,information_technology,"{""company_name"":""Công ty Cổ phần An ninh Mạng Việt Nam(VSEC)"",""dataset"":""jobradar/vietnamworks-operational-salary-snapshot"",""dataset_commit"":""first-seen-before:2026-07-19T04:36:28.244910+00:00"",""dataset_url"":""https://www.vietnamworks.com/head-of-security-service-pentester-redteam-cloudsecurity-2070763-jv"",""first_seen_at"":""2026-07-15T15:57:11.507572+00:00"",""first_seen_batch_id"":""3739f4fd-442d-44b8-aeb5-c13ac0d66b2e"",""license"":""NOASSERTION"",""location_normalizer_revision"":""2026-07-19.1"",""observation_semantics"":""source posting date resolved by the JobRadar adapter"",""platform"":""vietnamworks"",""raw_payload_sha256"":""40c71c8b99954f9fe8c1995e461c3fc4a0b0119431c66f9b767b5daaafb74de4"",""scraped_at"":""2026-07-18T20:30:31.949538+00:00"",""snapshot_cutoff"":""2026-07-19T04:36:28.244910+00:00"",""source_url"":""https://www.vietnamworks.com/head-of-security-service-pentester-redteam-cloudsecurity-2070763-jv"",""title_normalizer_revision"":""2f434fba22de3a14c1b199331c8ca18408dc72e702071bf4bbfe380daff40f58""}"
vietnamworks,2070797,2026-06-19,Senior Accountant (Systems & Internal Control Focus),Senior Accountant Systems & Internal Control Focus ,senior,Ha Noi,5,,"[""Chi"",""Cost Management"",""Finance"",""Financial Accounting"",""Kế Hoạch Chi Phí"",""Tax Accounting""]",25000000.00,125000000.00,information_technology,"{""company_name"":""Crossian Việt Nam"",""dataset"":""jobradar/vietnamworks-operational-salary-snapshot"",""dataset_commit"":""first-seen-before:2026-07-19T04:36:28.244910+00:00"",""dataset_url"":""https://www.vietnamworks.com/senior-accountant-systems-internal-control-focus-2070797-jv"",""first_seen_at"":""2026-07-15T15:57:08.301235+00:00"",""first_seen_batch_id"":""3739f4fd-442d-44b8-aeb5-c13ac0d66b2e"",""license"":""NOASSERTION"",""location_normalizer_revision"":""2026-07-19.1"",""observation_semantics"":""source posting date resolved by the JobRadar adapter"",""platform"":""vietnamworks"",""raw_payload_sha256"":""f75ea297d56e2f6c590d5bd2cb91aaec9f5af054d30dacb1215eab833370bd48"",""scraped_at"":""2026-07-18T20:30:16.285301+00:00"",""snapshot_cutoff"":""2026-07-19T04:36:28.244910+00:00"",""source_url"":""https://www.vietnamworks.com/senior-accountant-systems-internal-control-focus-2070797-jv"",""title_normalizer_revision"":""2f434fba22de3a14c1b199331c8ca18408dc72e702071bf4bbfe380daff40f58""}"
vietnamworks,2070865,2026-06-19,Quản Lý Dự Án (Thu Nhập Lên Tới 30 Triệu/ Tháng),Project Manager,manager,Ha Noi,1,,"[""Giám Sát Tiến Độ"",""Kiểm Soát Chất Lượng"",""Project Management"",""Quản Lý Dự Án"",""Thiết Kế Phương Án Thi Công"",""Tower""]",18000000.00,30000000.00,information_technology,"{""company_name"":""Công Ty Cổ Phần Đầu Tư Thương Mại Và Phát Triển Công Nghệ FSI"",""dataset"":""jobradar/vietnamworks-operational-salary-snapshot"",""dataset_commit"":""first-seen-before:2026-07-19T04:36:28.244910+00:00"",""dataset_url"":""https://www.vietnamworks.com/quan-ly-du-an-thu-nhap-len-toi-30-trieu-thang-2070865-jv"",""first_seen_at"":""2026-07-15T15:57:11.534617+00:00"",""first_seen_batch_id"":""3739f4fd-442d-44b8-aeb5-c13ac0d66b2e"",""license"":""NOASSERTION"",""location_normalizer_revision"":""2026-07-19.1"",""observation_semantics"":""source posting date resolved by the JobRadar adapter"",""platform"":""vietnamworks"",""raw_payload_sha256"":""41e79fb6c28c44d5927590e616bbf04ca7627f52d7b52b98fa918043fb903dd9"",""scraped_at"":""2026-07-18T20:30:31.950488+00:00"",""snapshot_cutoff"":""2026-07-19T04:36:28.244910+00:00"",""source_url"":""https://www.vietnamworks.com/quan-ly-du-an-thu-nhap-len-toi-30-trieu-thang-2070865-jv"",""title_normalizer_revision"":""2f434fba22de3a14c1b199331c8ca18408dc72e702071bf4bbfe380daff40f58""}"
vietnamworks,2070896,2026-06-19,SAP Consultant,SAP Consultant,mid,Ha Noi,2,5,"[""AMS"",""Business Analysis"",""ERP"",""Phân Tích Nghiệp Vụ"",""SAP Functional""]",,50000000.00,information_technology,"{""company_name"":""Công Ty Cổ Phần Tư Vấn Công Nghệ Ngs (Ngsc)"",""dataset"":""jobradar/vietnamworks-operational-salary-snapshot"",""dataset_commit"":""first-seen-before:2026-07-19T04:36:28.244910+00:00"",""dataset_url"":""https://www.vietnamworks.com/sap-consultant-2070896-jv"",""first_seen_at"":""2026-07-15T15:57:07.749067+00:00"",""first_seen_batch_id"":""3739f4fd-442d-44b8-aeb5-c13ac0d66b2e"",""license"":""NOASSERTION"",""location_normalizer_revision"":""2026-07-19.1"",""observation_semantics"":""source posting date resolved by the JobRadar adapter"",""platform"":""vietnamworks"",""raw_payload_sha256"":""1bbdf7611eb064d4aa6c4a19dd564a1844496027643cd173a5e20df19ccbe152"",""scraped_at"":""2026-07-18T20:30:11.360898+00:00"",""snapshot_cutoff"":""2026-07-19T04:36:28.244910+00:00"",""source_url"":""https://www.vietnamworks.com/sap-consultant-2070896-jv"",""title_normalizer_revision"":""2f434fba22de3a14c1b199331c8ca18408dc72e702071bf4bbfe380daff40f58""}"
vietnamworks,2070940,2026-06-19,IT Support Engineer (Open for IT Fresher - Basic English - Community),IT Support,fresher,Ho Chi Minh,,,"[""Customer Service"",""English"",""GitHub"",""Microsoft Azure"",""Support Engineer"",""Technical Support""]",15000000.00,,information_technology,"{""company_name"":""ITECHWX COMPANY LIMITED"",""dataset"":""jobradar/vietnamworks-operational-salary-snapshot"",""dataset_commit"":""first-seen-before:2026-07-19T04:36:28.244910+00:00"",""dataset_url"":""https://www.vietnamworks.com/it-support-engineer-open-for-it-fresher-basic-english-community-2070940-jv"",""first_seen_at"":""2026-07-15T15:57:09.599217+00:00"",""first_seen_batch_id"":""3739f4fd-442d-44b8-aeb5-c13ac0d66b2e"",""license"":""NOASSERTION"",""location_normalizer_revision"":""2026-07-19.1"",""observation_semantics"":""source posting date resolved by the JobRadar adapter"",""platform"":""vietnamworks"",""raw_payload_sha256"":""e585597263c79d8b4ab5c9e18187e7ddc8bcc8546663a24f4f38bf6595c2bdaf"",""scraped_at"":""2026-07-18T20:30:21.292605+00:00"",""snapshot_cutoff"":""2026-07-19T04:36:28.244910+00:00"",""source_url"":""https://www.vietnamworks.com/it-support-engineer-open-for-it-fresher-basic-english-community-2070940-jv"",""title_normalizer_revision"":""2f434fba22de3a14c1b199331c8ca18408dc72e702071bf4bbfe380daff40f58""}"
vietnamworks,2070974,2026-06-22,"(Đống Đa, HN) Nhân Viên Tiếng Nhật"," Đống Đa, HN Nhân Viên Tiếng Nhật",mid,Ha Noi,,,"[""Attention To Detail"",""Data Entry Skills"",""Leadership"",""Team Leader"",""Tiếng Nhật N2""]",12000000.00,18000000.00,information_technology,"{""company_name"":""Neos Vietnam International Co., Ltd"",""dataset"":""jobradar/vietnamworks-operational-salary-snapshot"",""dataset_commit"":""first-seen-before:2026-07-19T04:36:28.244910+00:00"",""dataset_url"":""https://www.vietnamworks.com/ong-a-hn-nhan-vien-tieng-nhat-2070974-jv"",""first_seen_at"":""2026-07-15T15:57:08.105709+00:00"",""first_seen_batch_id"":""3739f4fd-442d-44b8-aeb5-c13ac0d66b2e"",""license"":""NOASSERTION"",""location_normalizer_revision"":""2026-07-19.1"",""observation_semantics"":""source posting date resolved by the JobRadar adapter"",""platform"":""vietnamworks"",""raw_payload_sha256"":""febca0794c7e3327c97916a1238b7ebe824264877c64b136987fb81d050e3cde"",""scraped_at"":""2026-07-18T20:30:16.282834+00:00"",""snapshot_cutoff"":""2026-07-19T04:36:28.244910+00:00"",""source_url"":""https://www.vietnamworks.com/ong-a-hn-nhan-vien-tieng-nhat-2070974-jv"",""title_normalizer_revision"":""2f434fba22de3a14c1b199331c8ca18408dc72e702071bf4bbfe380daff40f58""}"
vietnamworks,2071141,2026-06-20,Trưởng Nhóm Nghiệp Vụ Ứng Dụng (ERP) (Upto 60M),Trưởng Nhóm Nghiệp Vụ Ứng Dụng ERP Upto 60M ,lead,Ha Noi,3,,"[""Giao Tiếp Tốt"",""Phân Tích Hệ Thống"",""Quản Lý Hệ Thống Erp"",""Quản Lý Nhóm"",""Xử Lý Vấn Đề""]",45000000.00,60000000.00,information_technology,"{""company_name"":""Thời Trang Adidas - Công Ty Cổ Phần Đầu Tư Thương Mại Phượng Hoàng"",""dataset"":""jobradar/vietnamworks-operational-salary-snapshot"",""dataset_commit"":""first-seen-before:2026-07-19T04:36:28.244910+00:00"",""dataset_url"":""https://www.vietnamworks.com/truong-nhom-nghiep-vu-ung-dung-erp-upto-60m-2071141-jv"",""first_seen_at"":""2026-07-15T15:57:14.959231+00:00"",""first_seen_batch_id"":""3739f4fd-442d-44b8-aeb5-c13ac0d66b2e"",""license"":""NOASSERTION"",""location_normalizer_revision"":""2026-07-19.1"",""observation_semantics"":""source posting date resolved by the JobRadar adapter"",""platform"":""vietnamworks"",""raw_payload_sha256"":""233cdb9783ed3b4ff5733bcbea83d4a9cff20d95d012d321dcb969df8688c2cb"",""scraped_at"":""2026-07-18T20:30:41.369019+00:00"",""snapshot_cutoff"":""2026-07-19T04:36:28.244910+00:00"",""source_url"":""https://www.vietnamworks.com/truong-nhom-nghiep-vu-ung-dung-erp-upto-60m-2071141-jv"",""title_normalizer_revision"":""2f434fba22de3a14c1b199331c8ca18408dc72e702071bf4bbfe380daff40f58""}"
vietnamworks,2071411,2026-06-22,"Technical Support Engineer (Nighshift, Open for Fresher)","Technical Support Engineer Nighshift, Open for Fresher ",fresher,Ho Chi Minh,,,"[""Customer Service Mindset"",""English proficiency"",""Night Shift Availability"",""Technical Support"",""Telesales System"",""toolz""]",25000000.00,33000000.00,information_technology,"{""company_name"":""ITECHWX COMPANY LIMITED"",""dataset"":""jobradar/vietnamworks-operational-salary-snapshot"",""dataset_commit"":""first-seen-before:2026-07-19T04:36:28.244910+00:00"",""dataset_url"":""https://www.vietnamworks.com/technical-support-engineer-nighshift-open-for-fresher-2071411-jv"",""first_seen_at"":""2026-07-15T15:57:09.574108+00:00"",""first_seen_batch_id"":""3739f4fd-442d-44b8-aeb5-c13ac0d66b2e"",""license"":""NOASSERTION"",""location_normalizer_revision"":""2026-07-19.1"",""observation_semantics"":""source posting date resolved by the JobRadar adapter"",""platform"":""vietnamworks"",""raw_payload_sha256"":""08e20c501a3d2d0f17eba4532e135b389f26bc883c48f0276db302080abba3dc"",""scraped_at"":""2026-07-18T20:30:21.291925+00:00"",""snapshot_cutoff"":""2026-07-19T04:36:28.244910+00:00"",""source_url"":""https://www.vietnamworks.com/technical-support-engineer-nighshift-open-for-fresher-2071411-jv"",""title_normalizer_revision"":""2f434fba22de3a14c1b199331c8ca18408dc72e702071bf4bbfe380daff40f58""}"
vietnamworks,2071493,2026-06-22,Customer Service (Night Shift - English),Customer Service Night Shift - English ,mid,Ho Chi Minh,,,"[""Customer Service"",""Customer Support"",""English"",""IT Software"",""Microsoft Teams"",""SQL""]",10000000.00,20000000.00,information_technology,"{""company_name"":""Công Ty TNHH Idsvietnam"",""dataset"":""jobradar/vietnamworks-operational-salary-snapshot"",""dataset_commit"":""first-seen-before:2026-07-19T04:36:28.244910+00:00"",""dataset_url"":""https://www.vietnamworks.com/customer-service-night-shift-english-2071493-jv"",""first_seen_at"":""2026-07-15T15:57:07.675598+00:00"",""first_seen_batch_id"":""3739f4fd-442d-44b8-aeb5-c13ac0d66b2e"",""license"":""NOASSERTION"",""location_normalizer_revision"":""2026-07-19.1"",""observation_semantics"":""source posting date resolved by the JobRadar adapter"",""platform"":""vietnamworks"",""raw_payload_sha256"":""957237858e893928dd139d2e1a33c6fad926c13c83a4841225fe0abd3cd2ed4d"",""scraped_at"":""2026-07-18T20:30:16.277037+00:00"",""snapshot_cutoff"":""2026-07-19T04:36:28.244910+00:00"",""source_url"":""https://www.vietnamworks.com/customer-service-night-shift-english-2071493-jv"",""title_normalizer_revision"":""2f434fba22de3a14c1b199331c8ca18408dc72e702071bf4bbfe380daff40f58""}"
vietnamworks,2071551,2026-06-25,Phó Phòng IT,Phó Phòng IT,manager,Hung Yen,5,,"[""Công Nghệ Thông Tin"",""Giao Tiếp Tiếng Nhật"",""Khắc Phục Sự Cố Mạng"",""Quản Lý Hệ Thống Server"",""Quản Lý Nhân Sự""]",17000000.00,25000000.00,information_technology,"{""company_name"":""Công ty TNHH Astemo Hưng Yên"",""dataset"":""jobradar/vietnamworks-operational-salary-snapshot"",""dataset_commit"":""first-seen-before:2026-07-19T04:36:28.244910+00:00"",""dataset_url"":""https://www.vietnamworks.com/pho-phong-it-2071551-jv"",""first_seen_at"":""2026-07-15T15:57:13.463955+00:00"",""first_seen_batch_id"":""3739f4fd-442d-44b8-aeb5-c13ac0d66b2e"",""license"":""NOASSERTION"",""location_normalizer_revision"":""2026-07-19.1"",""observation_semantics"":""source posting date resolved by the JobRadar adapter"",""platform"":""vietnamworks"",""raw_payload_sha256"":""0e76db3fbdf8813ffb83c353444f98668d51437aa7fbc41cb51b950a7abdc055"",""scraped_at"":""2026-07-18T20:30:26.295565+00:00"",""snapshot_cutoff"":""2026-07-19T04:36:28.244910+00:00"",""source_url"":""https://www.vietnamworks.com/pho-phong-it-2071551-jv"",""title_normalizer_revision"":""2f434fba22de3a14c1b199331c8ca18408dc72e702071bf4bbfe380daff40f58""}"
vietnamworks,2071628,2026-06-22,Nhân Viên Tổng Vụ Nhân Sự Tiếng Nhật,Nhân Viên Tổng Vụ Nhân Sự Tiếng Nhật,mid,Ho Chi Minh,,,"[""Hành Chính Nhân Sự"",""Nhân Sự"",""Tiếng Nhật"",""Tiếng Nhật N3"",""Tổng Vụ""]",17125000.00,,information_technology,"{""company_name"":""Công Ty TNHH Công Nghệ Reflex Việt Nam"",""dataset"":""jobradar/vietnamworks-operational-salary-snapshot"",""dataset_commit"":""first-seen-before:2026-07-19T04:36:28.244910+00:00"",""dataset_url"":""https://www.vietnamworks.com/nhan-vien-tong-vu-nhan-su-tieng-nhat-2071628-jv"",""first_seen_at"":""2026-07-15T15:57:11.185760+00:00"",""first_seen_batch_id"":""3739f4fd-442d-44b8-aeb5-c13ac0d66b2e"",""license"":""NOASSERTION"",""location_normalizer_revision"":""2026-07-19.1"",""observation_semantics"":""source posting date resolved by the JobRadar adapter"",""platform"":""vietnamworks"",""raw_payload_sha256"":""1fb80c48d95ce37cf899e44aaa6cde8e5c33b407fe68fe707575c20145f93b84"",""scraped_at"":""2026-07-18T20:30:31.943747+00:00"",""snapshot_cutoff"":""2026-07-19T04:36:28.244910+00:00"",""source_url"":""https://www.vietnamworks.com/nhan-vien-tong-vu-nhan-su-tieng-nhat-2071628-jv"",""title_normalizer_revision"":""2f434fba22de3a14c1b199331c8ca18408dc72e702071bf4bbfe380daff40f58""}"
vietnamworks,2071649,2026-06-22,Senior Software Developer (Lemp Stack),Senior Software Engineer,senior,Ho Chi Minh,5,,"[""Bootstrap"",""CSS"",""Communication"",""Docker"",""HTML"",""JavaScript"",""LEMP Stack"",""Laravel"",""Less"",""Linux"",""MySQL"",""Nginx"",""PHP"",""Sass"",""Scrum"",""SolidJS"",""jquery""]",,40000000.00,information_technology,"{""company_name"":""CÔNG TY TNHH CRYSTAL CODE"",""dataset"":""jobradar/vietnamworks-operational-salary-snapshot"",""dataset_commit"":""first-seen-before:2026-07-19T04:36:28.244910+00:00"",""dataset_url"":""https://www.vietnamworks.com/senior-software-developer-lemp-stack-2071649-jv"",""first_seen_at"":""2026-07-15T15:57:07.626968+00:00"",""first_seen_batch_id"":""3739f4fd-442d-44b8-aeb5-c13ac0d66b2e"",""license"":""NOASSERTION"",""location_normalizer_revision"":""2026-07-19.1"",""observation_semantics"":""source posting date resolved by the JobRadar adapter"",""platform"":""vietnamworks"",""raw_payload_sha256"":""ec05fe2cf22dd1105db56789cbd999587f763969a761bd39ae35a39f51151c94"",""scraped_at"":""2026-07-18T20:30:16.276089+00:00"",""snapshot_cutoff"":""2026-07-19T04:36:28.244910+00:00"",""source_url"":""https://www.vietnamworks.com/senior-software-developer-lemp-stack-2071649-jv"",""title_normalizer_revision"":""2f434fba22de3a14c1b199331c8ca18408dc72e702071bf4bbfe380daff40f58""}"
vietnamworks,2071715,2026-06-22,Network Security Engineer (Hà Nội),Security Engineer,mid,Ha Noi,1,3,"[""DNS"",""English Communication"",""Fortinet"",""Network Administration"",""Network Security"",""Palo Alto Networks"",""TCP"",""Tcp/Ip"",""Vpn""]",,25000000.00,information_technology,"{""company_name"":""Navigos Search's Client"",""dataset"":""jobradar/vietnamworks-operational-salary-snapshot"",""dataset_commit"":""first-seen-before:2026-07-19T04:36:28.244910+00:00"",""dataset_url"":""https://www.vietnamworks.com/network-security-engineer-ha-noi-2071715-jv"",""first_seen_at"":""2026-07-15T15:57:14.812048+00:00"",""first_seen_batch_id"":""3739f4fd-442d-44b8-aeb5-c13ac0d66b2e"",""license"":""NOASSERTION"",""location_normalizer_revision"":""2026-07-19.1"",""observation_semantics"":""source posting date resolved by the JobRadar adapter"",""platform"":""vietnamworks"",""raw_payload_sha256"":""d632a372a36dd7f13a05057e93072953da14e6ff75e84a5769b9befb60dfdd86"",""scraped_at"":""2026-07-18T20:30:41.366641+00:00"",""snapshot_cutoff"":""2026-07-19T04:36:28.244910+00:00"",""source_url"":""https://www.vietnamworks.com/network-security-engineer-ha-noi-2071715-jv"",""title_normalizer_revision"":""2f434fba22de3a14c1b199331c8ca18408dc72e702071bf4bbfe380daff40f58""}"
vietnamworks,2071721,2026-06-22,System Engineer (Hà Nội),System Engineer,mid,Ha Noi,1,3,"[""English Communication"",""Linux"",""System Admin"",""System Administration"",""System Engineer"",""toolz""]",,25000000.00,information_technology,"{""company_name"":""Navigos Search's Client"",""dataset"":""jobradar/vietnamworks-operational-salary-snapshot"",""dataset_commit"":""first-seen-before:2026-07-19T04:36:28.244910+00:00"",""dataset_url"":""https://www.vietnamworks.com/system-engineer-ha-noi-2071721-jv"",""first_seen_at"":""2026-07-15T15:57:14.784808+00:00"",""first_seen_batch_id"":""3739f4fd-442d-44b8-aeb5-c13ac0d66b2e"",""license"":""NOASSERTION"",""location_normalizer_revision"":""2026-07-19.1"",""observation_semantics"":""source posting date resolved by the JobRadar adapter"",""platform"":""vietnamworks"",""raw_payload_sha256"":""cc2dd34915a899b64c95f817de0fde2c6665e46185692e9931e57bae8e92ed5d"",""scraped_at"":""2026-07-18T20:30:41.366146+00:00"",""snapshot_cutoff"":""2026-07-19T04:36:28.244910+00:00"",""source_url"":""https://www.vietnamworks.com/system-engineer-ha-noi-2071721-jv"",""title_normalizer_revision"":""2f434fba22de3a14c1b199331c8ca18408dc72e702071bf4bbfe380daff40f58""}"
vietnamworks,2071727,2026-06-22,Pentest Engineer (Hà Nội),Pentest Engineer Hà Nội ,mid,Ha Noi,1,3,"[""Adobe Illustrator"",""English Communication"",""Linux"",""System Admin"",""System Administration"",""System Engineer"",""TCP""]",,25000000.00,information_technology,"{""company_name"":""Navigos Search's Client"",""dataset"":""jobradar/vietnamworks-operational-salary-snapshot"",""dataset_commit"":""first-seen-before:2026-07-19T04:36:28.244910+00:00"",""dataset_url"":""https://www.vietnamworks.com/pentest-engineer-ha-noi-2071727-jv"",""first_seen_at"":""2026-07-15T15:57:14.754574+00:00"",""first_seen_batch_id"":""3739f4fd-442d-44b8-aeb5-c13ac0d66b2e"",""license"":""NOASSERTION"",""location_normalizer_revision"":""2026-07-19.1"",""observation_semantics"":""source posting date resolved by the JobRadar adapter"",""platform"":""vietnamworks"",""raw_payload_sha256"":""8951de9ce93e0f44297e403e675aaf8ddf097c69360c9d2a4362a82c1b9e4d96"",""scraped_at"":""2026-07-18T20:30:41.365725+00:00"",""snapshot_cutoff"":""2026-07-19T04:36:28.244910+00:00"",""source_url"":""https://www.vietnamworks.com/pentest-engineer-ha-noi-2071727-jv"",""title_normalizer_revision"":""2f434fba22de3a14c1b199331c8ca18408dc72e702071bf4bbfe380daff40f58""}"
vietnamworks,2072125,2026-06-23,Quản Lý Dự Án (Project Manager Pm),Project Manager,manager,Ha Noi,3,5,"[""Jira"",""Product Development & Design"",""Project Management"",""Redmine"",""Trello""]",,35000000.00,information_technology,"{""company_name"":""CÔNG TY CỔ PHẦN CÔNG NGHỆ PAVANA"",""dataset"":""jobradar/vietnamworks-operational-salary-snapshot"",""dataset_commit"":""first-seen-before:2026-07-19T04:36:28.244910+00:00"",""dataset_url"":""https://www.vietnamworks.com/quan-ly-du-an-project-manager-pm-2072125-jv"",""first_seen_at"":""2026-07-15T15:57:10.594585+00:00"",""first_seen_batch_id"":""3739f4fd-442d-44b8-aeb5-c13ac0d66b2e"",""license"":""NOASSERTION"",""location_normalizer_revision"":""2026-07-19.1"",""observation_semantics"":""source posting date resolved by the JobRadar adapter"",""platform"":""vietnamworks"",""raw_payload_sha256"":""447dda678a7dbacf26131670588a5090f1d361c9643306248c34c3ee2527a474"",""scraped_at"":""2026-07-18T20:30:31.931590+00:00"",""snapshot_cutoff"":""2026-07-19T04:36:28.244910+00:00"",""source_url"":""https://www.vietnamworks.com/quan-ly-du-an-project-manager-pm-2072125-jv"",""title_normalizer_revision"":""2f434fba22de3a14c1b199331c8ca18408dc72e702071bf4bbfe380daff40f58""}"
vietnamworks,2072128,2026-06-23,Kỹ Sư Hardware,Kỹ Sư Hardware,mid,Ha Noi,5,,"[""Hardware Engineering"",""Phân Tích Mạch Điện"",""Thiết Kế Mạch Điện Tử"",""Thiết Kế Nguồn Dc-Dc"",""Điện Tử Viễn Thông""]",,30000000.00,information_technology,"{""company_name"":""CÔNG TY CỔ PHẦN CÔNG NGHỆ PAVANA"",""dataset"":""jobradar/vietnamworks-operational-salary-snapshot"",""dataset_commit"":""first-seen-before:2026-07-19T04:36:28.244910+00:00"",""dataset_url"":""https://www.vietnamworks.com/ky-su-hardware-2072128-jv"",""first_seen_at"":""2026-07-15T15:57:10.195775+00:00"",""first_seen_batch_id"":""3739f4fd-442d-44b8-aeb5-c13ac0d66b2e"",""license"":""NOASSERTION"",""location_normalizer_revision"":""2026-07-19.1"",""observation_semantics"":""source posting date resolved by the JobRadar adapter"",""platform"":""vietnamworks"",""raw_payload_sha256"":""d3054be4e878af4ae089b478dd4e6872928ccdb74ac89c5941505f1a12d05eb7"",""scraped_at"":""2026-07-18T20:30:26.318568+00:00"",""snapshot_cutoff"":""2026-07-19T04:36:28.244910+00:00"",""source_url"":""https://www.vietnamworks.com/ky-su-hardware-2072128-jv"",""title_normalizer_revision"":""2f434fba22de3a14c1b199331c8ca18408dc72e702071bf4bbfe380daff40f58""}"
vietnamworks,2072210,2026-06-23,Account Manager,Account Manager,manager,Ha Noi,4,,"[""AI"",""Adobe Illustrator"",""Business Development"",""Cloud"",""Sales B2B""]",25000000.00,75000000.00,information_technology,"{""company_name"":""Công Ty TNHH FPT Smart Cloud"",""dataset"":""jobradar/vietnamworks-operational-salary-snapshot"",""dataset_commit"":""first-seen-before:2026-07-19T04:36:28.244910+00:00"",""dataset_url"":""https://www.vietnamworks.com/account-manager-2072210-jv"",""first_seen_at"":""2026-07-15T15:57:09.551349+00:00"",""first_seen_batch_id"":""3739f4fd-442d-44b8-aeb5-c13ac0d66b2e"",""license"":""NOASSERTION"",""location_normalizer_revision"":""2026-07-19.1"",""observation_semantics"":""source posting date resolved by the JobRadar adapter"",""platform"":""vietnamworks"",""raw_payload_sha256"":""c93c6e922e8195d51b3184c6e2271b28c4e973885766226956dff890b9ace46b"",""scraped_at"":""2026-07-18T20:30:21.291524+00:00"",""snapshot_cutoff"":""2026-07-19T04:36:28.244910+00:00"",""source_url"":""https://www.vietnamworks.com/account-manager-2072210-jv"",""title_normalizer_revision"":""2f434fba22de3a14c1b199331c8ca18408dc72e702071bf4bbfe380daff40f58""}"
vietnamworks,2072243,2026-06-23,"Implementation Consultant (English, business acumen, logic)","Implementation Consultant English, business acumen, logic ",mid,Ho Chi Minh,,,"[""Adobe Illustrator"",""Business"",""English"",""Fit-Gap Analysis"",""Monday.com"",""Swing"",""toolz""]",14000000.00,16000000.00,information_technology,"{""company_name"":""Truecommerce Vietnam Company, Limited"",""dataset"":""jobradar/vietnamworks-operational-salary-snapshot"",""dataset_commit"":""first-seen-before:2026-07-19T04:36:28.244910+00:00"",""dataset_url"":""https://www.vietnamworks.com/implementation-consultant-english-business-acumen-logic-2072243-jv"",""first_seen_at"":""2026-07-15T15:57:08.081887+00:00"",""first_seen_batch_id"":""3739f4fd-442d-44b8-aeb5-c13ac0d66b2e"",""license"":""NOASSERTION"",""location_normalizer_revision"":""2026-07-19.1"",""observation_semantics"":""source posting date resolved by the JobRadar adapter"",""platform"":""vietnamworks"",""raw_payload_sha256"":""230283f1b511b2c88724c56ea521cd993de70ab64b6d0122450fe54dcc138ebc"",""scraped_at"":""2026-07-18T20:30:16.282412+00:00"",""snapshot_cutoff"":""2026-07-19T04:36:28.244910+00:00"",""source_url"":""https://www.vietnamworks.com/implementation-consultant-english-business-acumen-logic-2072243-jv"",""title_normalizer_revision"":""2f434fba22de3a14c1b199331c8ca18408dc72e702071bf4bbfe380daff40f58""}"
vietnamworks,2072266,2026-06-23,SAP Consultant (FICO/PP/SD/MM/EWM),SAP Consultant FICO/PP/SD/MM/EWM ,mid,Ho Chi Minh,2,,"[""IT Solution Consulting"",""Manage ERP Software"",""Oracle Database"",""SAP CO"",""SAP FI"",""SAP S/4HANA""]",,75000000.00,information_technology,"{""company_name"":""Citek Technology Joint-Stock Company"",""dataset"":""jobradar/vietnamworks-operational-salary-snapshot"",""dataset_commit"":""first-seen-before:2026-07-19T04:36:28.244910+00:00"",""dataset_url"":""https://www.vietnamworks.com/sap-consultant-fico-pp-sd-mm-ewm-2072266-jv"",""first_seen_at"":""2026-07-15T15:47:04.781472+00:00"",""first_seen_batch_id"":""e832c761-bc2b-4f11-b236-30bef4dcd3f0"",""license"":""NOASSERTION"",""location_normalizer_revision"":""2026-07-19.1"",""observation_semantics"":""source posting date resolved by the JobRadar adapter"",""platform"":""vietnamworks"",""raw_payload_sha256"":""c48be0717f769eaaa81d79bbaf255c59ab2e9aff59cafa33d2a5cff2172a6e0e"",""scraped_at"":""2026-07-18T20:30:06.441058+00:00"",""snapshot_cutoff"":""2026-07-19T04:36:28.244910+00:00"",""source_url"":""https://www.vietnamworks.com/sap-consultant-fico-pp-sd-mm-ewm-2072266-jv"",""title_normalizer_revision"":""2f434fba22de3a14c1b199331c8ca18408dc72e702071bf4bbfe380daff40f58""}"
vietnamworks,2072303,2026-06-23,IT Manager,IT Manager,manager,Ho Chi Minh,3,,"[""Data Management"",""Digitalization"",""IT Systems Knowledge"",""Oracle CRM"",""Oracle Database"",""Systemic Thinking""]",35000000.00,40000000.00,information_technology,"{""company_name"":""Công Ty CP Tập Đoàn Việt Hồng"",""dataset"":""jobradar/vietnamworks-operational-salary-snapshot"",""dataset_commit"":""first-seen-before:2026-07-19T04:36:28.244910+00:00"",""dataset_url"":""https://www.vietnamworks.com/it-manager-2072303-jv"",""first_seen_at"":""2026-07-15T15:57:14.705190+00:00"",""first_seen_batch_id"":""3739f4fd-442d-44b8-aeb5-c13ac0d66b2e"",""license"":""NOASSERTION"",""location_normalizer_revision"":""2026-07-19.1"",""observation_semantics"":""source posting date resolved by the JobRadar adapter"",""platform"":""vietnamworks"",""raw_payload_sha256"":""eb3255927c717f5aaaf4caa2ff79f07b613ccb73b2eca542d311e43b8db3e5b8"",""scraped_at"":""2026-07-18T20:30:41.364832+00:00"",""snapshot_cutoff"":""2026-07-19T04:36:28.244910+00:00"",""source_url"":""https://www.vietnamworks.com/it-manager-2072303-jv"",""title_normalizer_revision"":""2f434fba22de3a14c1b199331c8ca18408dc72e702071bf4bbfe380daff40f58""}"
vietnamworks,2072695,2026-06-24,SAP Basis Consultant,SAP Basis Consultant,mid,Ho Chi Minh,0,3,"[""Consultant"",""IT Solution Consulting"",""SAP Basis"",""SAP HANA"",""SAP S/4HANA"",""requests""]",,25000000.00,information_technology,"{""company_name"":""Citek Technology Joint-Stock Company"",""dataset"":""jobradar/vietnamworks-operational-salary-snapshot"",""dataset_commit"":""first-seen-before:2026-07-19T04:36:28.244910+00:00"",""dataset_url"":""https://www.vietnamworks.com/sap-basis-consultant-2072695-jv"",""first_seen_at"":""2026-07-15T15:47:04.825279+00:00"",""first_seen_batch_id"":""e832c761-bc2b-4f11-b236-30bef4dcd3f0"",""license"":""NOASSERTION"",""location_normalizer_revision"":""2026-07-19.1"",""observation_semantics"":""source posting date resolved by the JobRadar adapter"",""platform"":""vietnamworks"",""raw_payload_sha256"":""e32de5c3e95224c5f10b27d67899fc0f34e36e55fe7868bcc5ae113c5d8eca29"",""scraped_at"":""2026-07-18T20:30:06.444658+00:00"",""snapshot_cutoff"":""2026-07-19T04:36:28.244910+00:00"",""source_url"":""https://www.vietnamworks.com/sap-basis-consultant-2072695-jv"",""title_normalizer_revision"":""2f434fba22de3a14c1b199331c8ca18408dc72e702071bf4bbfe380daff40f58""}"
vietnamworks,2072945,2026-06-24,Nhân Viên Kinh Doanh B2B,Nhân Viên Kinh Doanh B2B,mid,Ha Noi,5,,"[""B2B Sales"",""Bán Hàng"",""Chăm Sóc Khách Hàng"",""Kinh Doanh"",""Tìm Kiếm Khách Hàng""]",25000000.00,30000000.00,information_technology,"{""company_name"":""Công Ty Cổ Phần NTT E-Moi"",""dataset"":""jobradar/vietnamworks-operational-salary-snapshot"",""dataset_commit"":""first-seen-before:2026-07-19T04:36:28.244910+00:00"",""dataset_url"":""https://www.vietnamworks.com/nhan-vien-kinh-doanh-b2b-2072945-jv"",""first_seen_at"":""2026-07-15T15:57:13.750688+00:00"",""first_seen_batch_id"":""3739f4fd-442d-44b8-aeb5-c13ac0d66b2e"",""license"":""NOASSERTION"",""location_normalizer_revision"":""2026-07-19.1"",""observation_semantics"":""source posting date resolved by the JobRadar adapter"",""platform"":""vietnamworks"",""raw_payload_sha256"":""0cd894c8adba813c8714ea63a6f27537b5d2944c338877a30652b212eeb32e81"",""scraped_at"":""2026-07-18T20:30:26.307268+00:00"",""snapshot_cutoff"":""2026-07-19T04:36:28.244910+00:00"",""source_url"":""https://www.vietnamworks.com/nhan-vien-kinh-doanh-b2b-2072945-jv"",""title_normalizer_revision"":""2f434fba22de3a14c1b199331c8ca18408dc72e702071bf4bbfe380daff40f58""}"
vietnamworks,2072976,2026-06-24,Lập Trình Viên IOS,Mobile Developer,mid,Ha Noi,2,,"[""Ios Native Development"",""Postman"",""REST"",""REST API"",""RestFul"",""Swagger/OpenAPI"",""Swift"",""WebSocket"",""Xcode"",""iOS (Native)""]",,27000000.00,information_technology,"{""company_name"":""CÔNG TY CỔ PHẦN GIẢI PHÁP CÔNG NGHỆ CODEE"",""dataset"":""jobradar/vietnamworks-operational-salary-snapshot"",""dataset_commit"":""first-seen-before:2026-07-19T04:36:28.244910+00:00"",""dataset_url"":""https://www.vietnamworks.com/lap-trinh-vien-ios-2072976-jv"",""first_seen_at"":""2026-07-14T15:17:39.576188+00:00"",""first_seen_batch_id"":""ffd63596-4e95-44d9-9b29-e7ece4542f40"",""license"":""NOASSERTION"",""location_normalizer_revision"":""2026-07-19.1"",""observation_semantics"":""source posting date resolved by the JobRadar adapter"",""platform"":""vietnamworks"",""raw_payload_sha256"":""3d8ce662b12f1e4bb49f68185af094603e920de8b38a797019d14cbde195684c"",""scraped_at"":""2026-07-18T20:30:26.309691+00:00"",""snapshot_cutoff"":""2026-07-19T04:36:28.244910+00:00"",""source_url"":""https://www.vietnamworks.com/lap-trinh-vien-ios-2072976-jv"",""title_normalizer_revision"":""2f434fba22de3a14c1b199331c8ca18408dc72e702071bf4bbfe380daff40f58""}"
vietnamworks,2072979,2026-06-24,Lập Trình Viên Android,Mobile Developer,mid,Ha Noi,2,,"[""Android (Native)"",""Android Development"",""Java"",""Kotlin"",""REST API"",""Web Service"",""WebSocket""]",,27000000.00,information_technology,"{""company_name"":""CÔNG TY CỔ PHẦN GIẢI PHÁP CÔNG NGHỆ CODEE"",""dataset"":""jobradar/vietnamworks-operational-salary-snapshot"",""dataset_commit"":""first-seen-before:2026-07-19T04:36:28.244910+00:00"",""dataset_url"":""https://www.vietnamworks.com/lap-trinh-vien-android-2072979-jv"",""first_seen_at"":""2026-07-14T15:17:39.582157+00:00"",""first_seen_batch_id"":""ffd63596-4e95-44d9-9b29-e7ece4542f40"",""license"":""NOASSERTION"",""location_normalizer_revision"":""2026-07-19.1"",""observation_semantics"":""source posting date resolved by the JobRadar adapter"",""platform"":""vietnamworks"",""raw_payload_sha256"":""80960d9cdf639feb972446c188888c90f229e1fe6527f3f991a9b7f863fb2e9b"",""scraped_at"":""2026-07-18T20:30:26.309263+00:00"",""snapshot_cutoff"":""2026-07-19T04:36:28.244910+00:00"",""source_url"":""https://www.vietnamworks.com/lap-trinh-vien-android-2072979-jv"",""title_normalizer_revision"":""2f434fba22de3a14c1b199331c8ca18408dc72e702071bf4bbfe380daff40f58""}"
vietnamworks,2072981,2026-06-24,Lập Trình Viên Java,Backend Developer,mid,Ha Noi,2,,"[""Agile"",""Java"",""Oracle Database"",""PostgreSQL"",""REST API"",""RESTful API"",""SQL"",""Spring Boot"",""Spring Framework"",""Validator"",""jsonwebtoken""]",,20000000.00,information_technology,"{""company_name"":""CÔNG TY CỔ PHẦN GIẢI PHÁP CÔNG NGHỆ CODEE"",""dataset"":""jobradar/vietnamworks-operational-salary-snapshot"",""dataset_commit"":""first-seen-before:2026-07-19T04:36:28.244910+00:00"",""dataset_url"":""https://www.vietnamworks.com/lap-trinh-vien-java-2072981-jv"",""first_seen_at"":""2026-07-15T15:57:09.801342+00:00"",""first_seen_batch_id"":""3739f4fd-442d-44b8-aeb5-c13ac0d66b2e"",""license"":""NOASSERTION"",""location_normalizer_revision"":""2026-07-19.1"",""observation_semantics"":""source posting date resolved by the JobRadar adapter"",""platform"":""vietnamworks"",""raw_payload_sha256"":""00d387123a0e0d1eff2b4ea9bd434ebc6e9f3864b8d23ed8c0de72c7567dddbc"",""scraped_at"":""2026-07-18T20:30:26.312463+00:00"",""snapshot_cutoff"":""2026-07-19T04:36:28.244910+00:00"",""source_url"":""https://www.vietnamworks.com/lap-trinh-vien-java-2072981-jv"",""title_normalizer_revision"":""2f434fba22de3a14c1b199331c8ca18408dc72e702071bf4bbfe380daff40f58""}"
vietnamworks,2073240,2026-06-25,Payroll Accountant (Nhân viên kế toán tiền lương),Payroll Accountant Nhân viên kế toán tiền lương ,mid,Ha Noi,1,,"[""Cost Accounting"",""Google Meet"",""Hạch Toán"",""Kế Toán"",""Payroll"",""Scale AI"",""Tài Chính Kế Toán"",""toolz""]",15000000.00,18000000.00,information_technology,"{""company_name"":""Pixelz Company Limited"",""dataset"":""jobradar/vietnamworks-operational-salary-snapshot"",""dataset_commit"":""first-seen-before:2026-07-19T04:36:28.244910+00:00"",""dataset_url"":""https://www.vietnamworks.com/payroll-accountant-nhan-vien-ke-toan-tien-luong-2073240-jv"",""first_seen_at"":""2026-07-15T15:57:12.368530+00:00"",""first_seen_batch_id"":""3739f4fd-442d-44b8-aeb5-c13ac0d66b2e"",""license"":""NOASSERTION"",""location_normalizer_revision"":""2026-07-19.1"",""observation_semantics"":""source posting date resolved by the JobRadar adapter"",""platform"":""vietnamworks"",""raw_payload_sha256"":""81c5236d03c936fa8dc9213c6cf5c212afb7d478d206a4a53b60cbeff3e93fe2"",""scraped_at"":""2026-07-18T20:30:26.306606+00:00"",""snapshot_cutoff"":""2026-07-19T04:36:28.244910+00:00"",""source_url"":""https://www.vietnamworks.com/payroll-accountant-nhan-vien-ke-toan-tien-luong-2073240-jv"",""title_normalizer_revision"":""2f434fba22de3a14c1b199331c8ca18408dc72e702071bf4bbfe380daff40f58""}"
vietnamworks,2073366,2026-06-25,Nhân Viên Quản Lý Chất Lượng,Nhân Viên Quản Lý Chất Lượng,manager,Ha Noi,2,,"[""Communication Skills"",""Iso 27001:2022 Knowledge"",""Planning And Monitoring"",""Qc/Auditor Experience"",""Quality Management Tools"",""SQL"",""toolz""]",15000000.00,20000000.00,information_technology,"{""company_name"":""Công ty TNHH Interspace Việt Nam"",""dataset"":""jobradar/vietnamworks-operational-salary-snapshot"",""dataset_commit"":""first-seen-before:2026-07-19T04:36:28.244910+00:00"",""dataset_url"":""https://www.vietnamworks.com/nhan-vien-quan-ly-chat-luong-2073366-jv"",""first_seen_at"":""2026-07-15T15:57:13.488387+00:00"",""first_seen_batch_id"":""3739f4fd-442d-44b8-aeb5-c13ac0d66b2e"",""license"":""NOASSERTION"",""location_normalizer_revision"":""2026-07-19.1"",""observation_semantics"":""source posting date resolved by the JobRadar adapter"",""platform"":""vietnamworks"",""raw_payload_sha256"":""c26fb085caf69c1f1932db047a9f67ff48c3596a7978a69cba6d1efde23606df"",""scraped_at"":""2026-07-18T20:30:26.297389+00:00"",""snapshot_cutoff"":""2026-07-19T04:36:28.244910+00:00"",""source_url"":""https://www.vietnamworks.com/nhan-vien-quan-ly-chat-luong-2073366-jv"",""title_normalizer_revision"":""2f434fba22de3a14c1b199331c8ca18408dc72e702071bf4bbfe380daff40f58""}"
vietnamworks,2073462,2026-06-26,TRƯỞNG NHÓM LẬP TRÌNH ỨNG DỤNG (ERP) - UP TO 65M,TRƯỞNG NHÓM LẬP TRÌNH ỨNG DỤNG ERP - UP TO 65M,lead,Ha Noi,5,,"["".NET"","".Net/.Net Core"",""ASP.NET Core"",""Api"",""C#"",""Microsoft SQL Server"",""React"",""Reactjs"",""Sql Server"",""Team Management""]",55000000.00,65000000.00,information_technology,"{""company_name"":""Thời Trang Adidas - Công Ty Cổ Phần Đầu Tư Thương Mại Phượng Hoàng"",""dataset"":""jobradar/vietnamworks-operational-salary-snapshot"",""dataset_commit"":""first-seen-before:2026-07-19T04:36:28.244910+00:00"",""dataset_url"":""https://www.vietnamworks.com/truong-nhom-lap-trinh-ung-dung-erp-up-to-65m-2073462-jv"",""first_seen_at"":""2026-07-15T15:57:14.501106+00:00"",""first_seen_batch_id"":""3739f4fd-442d-44b8-aeb5-c13ac0d66b2e"",""license"":""NOASSERTION"",""location_normalizer_revision"":""2026-07-19.1"",""observation_semantics"":""source posting date resolved by the JobRadar adapter"",""platform"":""vietnamworks"",""raw_payload_sha256"":""c67efab92eaaaf622489e5c7f6596df7abe483c67429a925ece3344827b0fe18"",""scraped_at"":""2026-07-18T20:30:41.362204+00:00"",""snapshot_cutoff"":""2026-07-19T04:36:28.244910+00:00"",""source_url"":""https://www.vietnamworks.com/truong-nhom-lap-trinh-ung-dung-erp-up-to-65m-2073462-jv"",""title_normalizer_revision"":""2f434fba22de3a14c1b199331c8ca18408dc72e702071bf4bbfe380daff40f58""}"
vietnamworks,2073495,2026-06-25,Business Strategy & Operations Leader - Japanese N2 (Hồ Chí Minh),Business Strategy & Operations Leader - Japanese N2 Hồ Chí Minh ,lead,Ho Chi Minh,,,"[""HR Management"",""JLPT N2"",""Kinh Doanh"",""Phát triển khách hàng mới"",""Quản Lý Dự Án""]",,50000000.00,information_technology,"{""company_name"":""CÔNG TY TNHH THANKSLAB VIỆT NAM"",""dataset"":""jobradar/vietnamworks-operational-salary-snapshot"",""dataset_commit"":""first-seen-before:2026-07-19T04:36:28.244910+00:00"",""dataset_url"":""https://www.vietnamworks.com/business-strategy-operations-leader-japanese-n2-ho-chi-minh-2073495-jv"",""first_seen_at"":""2026-07-15T15:57:08.637987+00:00"",""first_seen_batch_id"":""3739f4fd-442d-44b8-aeb5-c13ac0d66b2e"",""license"":""NOASSERTION"",""location_normalizer_revision"":""2026-07-19.1"",""observation_semantics"":""source posting date resolved by the JobRadar adapter"",""platform"":""vietnamworks"",""raw_payload_sha256"":""f3dfe7ab5447bf1c9eaf19956703b24f29edf61ebdf8677de57639bc40a5ad20"",""scraped_at"":""2026-07-18T20:30:11.353948+00:00"",""snapshot_cutoff"":""2026-07-19T04:36:28.244910+00:00"",""source_url"":""https://www.vietnamworks.com/business-strategy-operations-leader-japanese-n2-ho-chi-minh-2073495-jv"",""title_normalizer_revision"":""2f434fba22de3a14c1b199331c8ca18408dc72e702071bf4bbfe380daff40f58""}"
vietnamworks,2073564,2026-06-29,Software Engineer – AI Coding Evaluation Project,Software Engineer,mid,Ha Noi,3,,"[""Adobe Illustrator"",""C++"",""Coding"",""Google Meet"",""Java"",""Machine Learning"",""Microsoft Teams"",""Python"",""Software Development"",""Software Engineering"",""Validator""]",60000000.00,80000000.00,information_technology,"{""company_name"":""Ebit"",""dataset"":""jobradar/vietnamworks-operational-salary-snapshot"",""dataset_commit"":""first-seen-before:2026-07-19T04:36:28.244910+00:00"",""dataset_url"":""https://www.vietnamworks.com/software-engineer-ai-coding-evaluation-project-2073564-jv"",""first_seen_at"":""2026-07-15T15:57:09.431687+00:00"",""first_seen_batch_id"":""3739f4fd-442d-44b8-aeb5-c13ac0d66b2e"",""license"":""NOASSERTION"",""location_normalizer_revision"":""2026-07-19.1"",""observation_semantics"":""source posting date resolved by the JobRadar adapter"",""platform"":""vietnamworks"",""raw_payload_sha256"":""62fc1e319b55912b47270d489d3f4ab669b0c53e70ba87bd4e7d61f7158aa075"",""scraped_at"":""2026-07-18T20:30:21.289703+00:00"",""snapshot_cutoff"":""2026-07-19T04:36:28.244910+00:00"",""source_url"":""https://www.vietnamworks.com/software-engineer-ai-coding-evaluation-project-2073564-jv"",""title_normalizer_revision"":""2f434fba22de3a14c1b199331c8ca18408dc72e702071bf4bbfe380daff40f58""}"
vietnamworks,2073646,2026-06-26,Kỹ Sư Bán Hàng Dự Án Thu Nhập Từ 20 - 70 Triệu,Kỹ Sư Bán Hàng Dự Án Thu Nhập Từ 20 - 70 Triệu,mid,Ha Noi,2,3,"[""Kinh Doanh Dự Án"",""Kỹ Thuật Điện"",""Lắp Đặt Thiết Bị"",""Relay"",""Tự Động Hóa"",""Đề Xuất Giải Pháp""]",20000000.00,70000000.00,information_technology,"{""company_name"":""Công Ty Cổ Phần Đầu Tư Thương Mại Và Kỹ Thuật Lương Gia"",""dataset"":""jobradar/vietnamworks-operational-salary-snapshot"",""dataset_commit"":""first-seen-before:2026-07-19T04:36:28.244910+00:00"",""dataset_url"":""https://www.vietnamworks.com/ky-su-ban-hang-du-an-thu-nhap-tu-20-70-trieu-2073646-jv"",""first_seen_at"":""2026-07-15T15:57:13.389539+00:00"",""first_seen_batch_id"":""3739f4fd-442d-44b8-aeb5-c13ac0d66b2e"",""license"":""NOASSERTION"",""location_normalizer_revision"":""2026-07-19.1"",""observation_semantics"":""source posting date resolved by the JobRadar adapter"",""platform"":""vietnamworks"",""raw_payload_sha256"":""aacd0a53b92ddb3293a88cc33708ca78082cb33b571513250bbfd7e9afca87b8"",""scraped_at"":""2026-07-18T20:30:21.293931+00:00"",""snapshot_cutoff"":""2026-07-19T04:36:28.244910+00:00"",""source_url"":""https://www.vietnamworks.com/ky-su-ban-hang-du-an-thu-nhap-tu-20-70-trieu-2073646-jv"",""title_normalizer_revision"":""2f434fba22de3a14c1b199331c8ca18408dc72e702071bf4bbfe380daff40f58""}"
vietnamworks,2073702,2026-06-26,Product Owner,Product Owner,mid,Ha Noi,3,,"[""B2B"",""Công Nghệ Thông Tin"",""Marketing Development"",""Owner"",""PM"",""Quản Trị Kinh Doanh""]",20000000.00,35000000.00,information_technology,"{""company_name"":""Công Ty Cổ Phần Viễn Thông Di Động Đông Dương"",""dataset"":""jobradar/vietnamworks-operational-salary-snapshot"",""dataset_commit"":""first-seen-before:2026-07-19T04:36:28.244910+00:00"",""dataset_url"":""https://www.vietnamworks.com/product-owner-2073702-jv"",""first_seen_at"":""2026-07-15T15:57:13.414493+00:00"",""first_seen_batch_id"":""3739f4fd-442d-44b8-aeb5-c13ac0d66b2e"",""license"":""NOASSERTION"",""location_normalizer_revision"":""2026-07-19.1"",""observation_semantics"":""source posting date resolved by the JobRadar adapter"",""platform"":""vietnamworks"",""raw_payload_sha256"":""c6178092f8823e621e68ffd8cb1642fc75fc7568f538c36cb501706e84477fef"",""scraped_at"":""2026-07-18T20:30:21.294325+00:00"",""snapshot_cutoff"":""2026-07-19T04:36:28.244910+00:00"",""source_url"":""https://www.vietnamworks.com/product-owner-2073702-jv"",""title_normalizer_revision"":""2f434fba22de3a14c1b199331c8ca18408dc72e702071bf4bbfe380daff40f58""}"
vietnamworks,2073758,2026-06-30,Senior Software Engineer,Senior Software Engineer,senior,Ha Noi,4,,"[""Docker"",""Humanity"",""Java"",""Kafka"",""Kubernetes"",""Microservices"",""MongoDB"",""MySQL"",""NoSQL"",""PostgreSQL"",""REST"",""Redis"",""SQL"",""Spring Boot"",""Spring Framework""]",,62500000.00,information_technology,"{""company_name"":""One Mount"",""dataset"":""jobradar/vietnamworks-operational-salary-snapshot"",""dataset_commit"":""first-seen-before:2026-07-19T04:36:28.244910+00:00"",""dataset_url"":""https://www.vietnamworks.com/senior-software-engineer-2073758-jv"",""first_seen_at"":""2026-07-15T15:57:05.317369+00:00"",""first_seen_batch_id"":""3739f4fd-442d-44b8-aeb5-c13ac0d66b2e"",""license"":""NOASSERTION"",""location_normalizer_revision"":""2026-07-19.1"",""observation_semantics"":""source posting date resolved by the JobRadar adapter"",""platform"":""vietnamworks"",""raw_payload_sha256"":""7bf0022d7f08c6d6012e376e8ee866f33da41fbb84cb248dc86cc74863a4a942"",""scraped_at"":""2026-07-18T20:30:06.434820+00:00"",""snapshot_cutoff"":""2026-07-19T04:36:28.244910+00:00"",""source_url"":""https://www.vietnamworks.com/senior-software-engineer-2073758-jv"",""title_normalizer_revision"":""2f434fba22de3a14c1b199331c8ca18408dc72e702071bf4bbfe380daff40f58""}"
vietnamworks,2073861,2026-06-26,ICUETest Engineer,ICUETest Engineer,mid,Ho Chi Minh,,,"[""Communication Skills"",""Google Meet"",""QA processes"",""SolidJS"",""Test Plan Creation"",""Troubleshooting"",""Validation Testing""]",10000000.00,12000000.00,information_technology,"{""company_name"":""Công Ty TNHH Thiết Kế Hệ Thống Corsair"",""dataset"":""jobradar/vietnamworks-operational-salary-snapshot"",""dataset_commit"":""first-seen-before:2026-07-19T04:36:28.244910+00:00"",""dataset_url"":""https://www.vietnamworks.com/icuetest-engineer-2073861-jv"",""first_seen_at"":""2026-07-15T15:57:07.172726+00:00"",""first_seen_batch_id"":""3739f4fd-442d-44b8-aeb5-c13ac0d66b2e"",""license"":""NOASSERTION"",""location_normalizer_revision"":""2026-07-19.1"",""observation_semantics"":""source posting date resolved by the JobRadar adapter"",""platform"":""vietnamworks"",""raw_payload_sha256"":""6bcc7610d2b6329a79812eb2f0905b12887aea6fc8ace0fdb8c9b9cb3a633474"",""scraped_at"":""2026-07-18T20:30:11.350898+00:00"",""snapshot_cutoff"":""2026-07-19T04:36:28.244910+00:00"",""source_url"":""https://www.vietnamworks.com/icuetest-engineer-2073861-jv"",""title_normalizer_revision"":""2f434fba22de3a14c1b199331c8ca18408dc72e702071bf4bbfe380daff40f58""}"
vietnamworks,2074056,2026-06-26,Chuyên Viên Phát Triển Dự Án CNTT (Khối Chính Phủ) - Business Development Executive Government IT,Chuyên Viên Phát Triển Dự Án CNTT Khối Chính Phủ - Business Development Executive Government IT,mid,Ha Noi,2,,"[""IT Administration"",""IT Management"",""IT Operations"",""Project Development"",""Project Management""]",,30000000.00,information_technology,"{""company_name"":""CÔNG TY CỔ PHẦN PHẦN MỀM DTH"",""dataset"":""jobradar/vietnamworks-operational-salary-snapshot"",""dataset_commit"":""first-seen-before:2026-07-19T04:36:28.244910+00:00"",""dataset_url"":""https://www.vietnamworks.com/chuyen-vien-phat-trien-du-an-cntt-khoi-chinh-phu-business-development-executive-government-it-2074056-jv"",""first_seen_at"":""2026-07-15T15:57:14.403957+00:00"",""first_seen_batch_id"":""3739f4fd-442d-44b8-aeb5-c13ac0d66b2e"",""license"":""NOASSERTION"",""location_normalizer_revision"":""2026-07-19.1"",""observation_semantics"":""source posting date resolved by the JobRadar adapter"",""platform"":""vietnamworks"",""raw_payload_sha256"":""6dbee83f1ebf23bc56555a221b4066376b09b502231989e908304d2587570f75"",""scraped_at"":""2026-07-18T20:30:41.360476+00:00"",""snapshot_cutoff"":""2026-07-19T04:36:28.244910+00:00"",""source_url"":""https://www.vietnamworks.com/chuyen-vien-phat-trien-du-an-cntt-khoi-chinh-phu-business-development-executive-government-it-2074056-jv"",""title_normalizer_revision"":""2f434fba22de3a14c1b199331c8ca18408dc72e702071bf4bbfe380daff40f58""}"
vietnamworks,2074435,2026-06-29,"Back-end Developer (Java, SQL, Spring, English,chinese)",Backend Developer,mid,Ho Chi Minh,1,3,"[""API"",""Git"",""HTTP"",""Java"",""MySQL"",""REST API"",""SQL"",""Spring Boot"",""Spring Framework"",""TCP"",""UDP""]",12500000.00,37500000.00,information_technology,"{""company_name"":""Công Ty TNHH Clever Creations Tech"",""dataset"":""jobradar/vietnamworks-operational-salary-snapshot"",""dataset_commit"":""first-seen-before:2026-07-19T04:36:28.244910+00:00"",""dataset_url"":""https://www.vietnamworks.com/back-end-developer-java-sql-spring-english-chinese-2074435-jv"",""first_seen_at"":""2026-07-15T15:57:11.347144+00:00"",""first_seen_batch_id"":""3739f4fd-442d-44b8-aeb5-c13ac0d66b2e"",""license"":""NOASSERTION"",""location_normalizer_revision"":""2026-07-19.1"",""observation_semantics"":""source posting date resolved by the JobRadar adapter"",""platform"":""vietnamworks"",""raw_payload_sha256"":""879de1914078ffed7d61c8bfc30cb99df45d819a6fdf86b44e8ee3cb73ca0bc0"",""scraped_at"":""2026-07-18T20:30:31.946724+00:00"",""snapshot_cutoff"":""2026-07-19T04:36:28.244910+00:00"",""source_url"":""https://www.vietnamworks.com/back-end-developer-java-sql-spring-english-chinese-2074435-jv"",""title_normalizer_revision"":""2f434fba22de3a14c1b199331c8ca18408dc72e702071bf4bbfe380daff40f58""}"
vietnamworks,2074720,2026-06-29,Data Scientist,Data Scientist,mid,Ha Noi,0,,"[""Experiment Design"",""Feature Engineering"",""Ml Modeling"",""Python"",""Python Programming"",""SQL""]",,22000000.00,information_technology,"{""company_name"":""Sonat Game"",""dataset"":""jobradar/vietnamworks-operational-salary-snapshot"",""dataset_commit"":""first-seen-before:2026-07-19T04:36:28.244910+00:00"",""dataset_url"":""https://www.vietnamworks.com/data-scientist-2074720-jv"",""first_seen_at"":""2026-07-15T15:57:13.168828+00:00"",""first_seen_batch_id"":""3739f4fd-442d-44b8-aeb5-c13ac0d66b2e"",""license"":""NOASSERTION"",""location_normalizer_revision"":""2026-07-19.1"",""observation_semantics"":""source posting date resolved by the JobRadar adapter"",""platform"":""vietnamworks"",""raw_payload_sha256"":""83a9315ac774bf3fc45085b97b875bd43367dd7f2c65cea6f5dee2311ede52b0"",""scraped_at"":""2026-07-18T20:30:36.349349+00:00"",""snapshot_cutoff"":""2026-07-19T04:36:28.244910+00:00"",""source_url"":""https://www.vietnamworks.com/data-scientist-2074720-jv"",""title_normalizer_revision"":""2f434fba22de3a14c1b199331c8ca18408dc72e702071bf4bbfe380daff40f58""}"
vietnamworks,2074747,2026-06-29,Chuyên Viên Marketing,Chuyên Viên Marketing,mid,Ha Noi,1,2,"[""Canva Design"",""Content Management"",""Creative Writing"",""Marketing Strategy"",""Teamwork""]",,12000000.00,information_technology,"{""company_name"":""CÔNG TY TNHH EZ TECH VIỆT NAM"",""dataset"":""jobradar/vietnamworks-operational-salary-snapshot"",""dataset_commit"":""first-seen-before:2026-07-19T04:36:28.244910+00:00"",""dataset_url"":""https://www.vietnamworks.com/chuyen-vien-marketing-2074747-jv"",""first_seen_at"":""2026-07-15T15:57:13.074545+00:00"",""first_seen_batch_id"":""3739f4fd-442d-44b8-aeb5-c13ac0d66b2e"",""license"":""NOASSERTION"",""location_normalizer_revision"":""2026-07-19.1"",""observation_semantics"":""source posting date resolved by the JobRadar adapter"",""platform"":""vietnamworks"",""raw_payload_sha256"":""b605ba0cb11d8191f898004f23412d226f13638e9a936af8a10b0023504b4f0e"",""scraped_at"":""2026-07-18T20:30:36.347646+00:00"",""snapshot_cutoff"":""2026-07-19T04:36:28.244910+00:00"",""source_url"":""https://www.vietnamworks.com/chuyen-vien-marketing-2074747-jv"",""title_normalizer_revision"":""2f434fba22de3a14c1b199331c8ca18408dc72e702071bf4bbfe380daff40f58""}"
vietnamworks,2074758,2026-06-29,Operations Executive (Nhân Viên Quản Lý Văn Phòng Tổng Hợp),Operations Executive Nhân Viên Quản Lý Văn Phòng Tổng Hợp ,manager,Ho Chi Minh,0,1,"[""Kỹ Thuật"",""Logistics"",""Nhân Sự"",""Quản Trị Văn Phòng"",""Tin Học Văn Phòng""]",8000000.00,11000000.00,information_technology,"{""company_name"":""Công Ty TNHH Giải Pháp Onemind"",""dataset"":""jobradar/vietnamworks-operational-salary-snapshot"",""dataset_commit"":""first-seen-before:2026-07-19T04:36:28.244910+00:00"",""dataset_url"":""https://www.vietnamworks.com/operations-executive-nhan-vien-quan-ly-van-phong-tong-hop-2074758-jv"",""first_seen_at"":""2026-07-15T15:57:11.113798+00:00"",""first_seen_batch_id"":""3739f4fd-442d-44b8-aeb5-c13ac0d66b2e"",""license"":""NOASSERTION"",""location_normalizer_revision"":""2026-07-19.1"",""observation_semantics"":""source posting date resolved by the JobRadar adapter"",""platform"":""vietnamworks"",""raw_payload_sha256"":""968e0933464a8d24007f389da9f6459c4276f667c220356b9bc0cfc11d1d980c"",""scraped_at"":""2026-07-18T20:30:31.942584+00:00"",""snapshot_cutoff"":""2026-07-19T04:36:28.244910+00:00"",""source_url"":""https://www.vietnamworks.com/operations-executive-nhan-vien-quan-ly-van-phong-tong-hop-2074758-jv"",""title_normalizer_revision"":""2f434fba22de3a14c1b199331c8ca18408dc72e702071bf4bbfe380daff40f58""}"
vietnamworks,2074981,2026-06-30,Business Development Executive (15-25M Monthly Income) (Sales B2B),Business Development Executive 15-25M Monthly Income Sales B2B ,mid,Ho Chi Minh,1,,"[""B2B Sales"",""CRM"",""Kinh Doanh"",""Offline.js"",""Relationship Building"",""Saas""]",15000000.00,25000000.00,information_technology,"{""company_name"":""Eeo Việt Nam (Classin)"",""dataset"":""jobradar/vietnamworks-operational-salary-snapshot"",""dataset_commit"":""first-seen-before:2026-07-19T04:36:28.244910+00:00"",""dataset_url"":""https://www.vietnamworks.com/business-development-executive-15-25m-monthly-income-sales-b2b-2074981-jv"",""first_seen_at"":""2026-07-15T15:57:11.060761+00:00"",""first_seen_batch_id"":""3739f4fd-442d-44b8-aeb5-c13ac0d66b2e"",""license"":""NOASSERTION"",""location_normalizer_revision"":""2026-07-19.1"",""observation_semantics"":""source posting date resolved by the JobRadar adapter"",""platform"":""vietnamworks"",""raw_payload_sha256"":""3815f0479ae175691779fd8d4f4a1ad090ba849d240e4b28338257b460402fdc"",""scraped_at"":""2026-07-18T20:30:31.941123+00:00"",""snapshot_cutoff"":""2026-07-19T04:36:28.244910+00:00"",""source_url"":""https://www.vietnamworks.com/business-development-executive-15-25m-monthly-income-sales-b2b-2074981-jv"",""title_normalizer_revision"":""2f434fba22de3a14c1b199331c8ca18408dc72e702071bf4bbfe380daff40f58""}"
vietnamworks,2075210,2026-06-30,Business Analyst,Business Analyst,mid,Ha Noi,3,,"[""Account"",""Bussiness Analyst"",""Development"",""Google Drive""]",17000000.00,35000000.00,information_technology,"{""company_name"":""Tasco Joint Stock Company"",""dataset"":""jobradar/vietnamworks-operational-salary-snapshot"",""dataset_commit"":""first-seen-before:2026-07-19T04:36:28.244910+00:00"",""dataset_url"":""https://www.vietnamworks.com/business-analyst-2075210-jv"",""first_seen_at"":""2026-07-15T15:57:14.136292+00:00"",""first_seen_batch_id"":""3739f4fd-442d-44b8-aeb5-c13ac0d66b2e"",""license"":""NOASSERTION"",""location_normalizer_revision"":""2026-07-19.1"",""observation_semantics"":""source posting date resolved by the JobRadar adapter"",""platform"":""vietnamworks"",""raw_payload_sha256"":""e10fada27a792b21841a7f91f28b91eebfef9dd1dc6dd18a01b85d27a8ac9916"",""scraped_at"":""2026-07-18T20:30:41.355473+00:00"",""snapshot_cutoff"":""2026-07-19T04:36:28.244910+00:00"",""source_url"":""https://www.vietnamworks.com/business-analyst-2075210-jv"",""title_normalizer_revision"":""2f434fba22de3a14c1b199331c8ca18408dc72e702071bf4bbfe380daff40f58""}"
vietnamworks,2075292,2026-06-30,Trưởng Phòng Phát Triển Dịch Vụ Khách Hàng (Base Công Nghệ),Trưởng Phòng Phát Triển Dịch Vụ Khách Hàng Base Công Nghệ ,manager,Ha Noi,,,"[""Business Analysis"",""Chăm Sóc Khách Hàng"",""Dịch Vụ Khách Hàng"",""Project Management"",""Service Delivery Management""]",40000000.00,50000000.00,information_technology,"{""company_name"":""CÔNG TY TNHH PHÁT TRIỂN CÔNG NGHỆ ĐIỆN TỬ BÌNH ANH"",""dataset"":""jobradar/vietnamworks-operational-salary-snapshot"",""dataset_commit"":""first-seen-before:2026-07-19T04:36:28.244910+00:00"",""dataset_url"":""https://www.vietnamworks.com/truong-phong-phat-trien-dich-vu-khach-hang-base-cong-nghe-2075292-jv"",""first_seen_at"":""2026-07-15T15:57:10.642339+00:00"",""first_seen_batch_id"":""3739f4fd-442d-44b8-aeb5-c13ac0d66b2e"",""license"":""NOASSERTION"",""location_normalizer_revision"":""2026-07-19.1"",""observation_semantics"":""source posting date resolved by the JobRadar adapter"",""platform"":""vietnamworks"",""raw_payload_sha256"":""65fd93d37277a96b3ceade0fe6716fdd0195e304e068dd9cc8e2c8b60972d2e1"",""scraped_at"":""2026-07-18T20:30:31.933016+00:00"",""snapshot_cutoff"":""2026-07-19T04:36:28.244910+00:00"",""source_url"":""https://www.vietnamworks.com/truong-phong-phat-trien-dich-vu-khach-hang-base-cong-nghe-2075292-jv"",""title_normalizer_revision"":""2f434fba22de3a14c1b199331c8ca18408dc72e702071bf4bbfe380daff40f58""}"
vietnamworks,2075405,2026-06-30,Game UI/UX Designer,Game UI/UX Designer,mid,Ho Chi Minh,2,,"[""Balsamiq"",""Figma"",""Mobile Game"",""Play Framework"",""UI Design"",""UX Design""]",15000000.00,30000000.00,information_technology,"{""company_name"":""Công Ty TNHH Spirit Bomb"",""dataset"":""jobradar/vietnamworks-operational-salary-snapshot"",""dataset_commit"":""first-seen-before:2026-07-19T04:36:28.244910+00:00"",""dataset_url"":""https://www.vietnamworks.com/game-ui-ux-designer-2075405-jv"",""first_seen_at"":""2026-07-15T15:57:14.064931+00:00"",""first_seen_batch_id"":""3739f4fd-442d-44b8-aeb5-c13ac0d66b2e"",""license"":""NOASSERTION"",""location_normalizer_revision"":""2026-07-19.1"",""observation_semantics"":""source posting date resolved by the JobRadar adapter"",""platform"":""vietnamworks"",""raw_payload_sha256"":""984615a744b1e1b723bc7580a3f29bcba5997827326f6b2febd123a7fc8550ba"",""scraped_at"":""2026-07-18T20:30:41.353940+00:00"",""snapshot_cutoff"":""2026-07-19T04:36:28.244910+00:00"",""source_url"":""https://www.vietnamworks.com/game-ui-ux-designer-2075405-jv"",""title_normalizer_revision"":""2f434fba22de3a14c1b199331c8ca18408dc72e702071bf4bbfe380daff40f58""}"
vietnamworks,2075435,2026-07-02,Trưởng Phòng Kinh Doanh Phần Mềm - Mô Hình SaaS và Chuyển Đổi Số,Trưởng Phòng Kinh Doanh Phần Mềm - Mô Hình SaaS và Chuyển Đổi Số,manager,Ho Chi Minh,3,,"[""CRM"",""Ecosystem"",""Giải Pháp Chuyển Đổi Số"",""Kinh Doanh Phần Mềm"",""Saas"",""Scheme""]",20000000.00,40000000.00,information_technology,"{""company_name"":""Công Ty TNHH Đầu Tư Công Nghệ Redsun"",""dataset"":""jobradar/vietnamworks-operational-salary-snapshot"",""dataset_commit"":""first-seen-before:2026-07-19T04:36:28.244910+00:00"",""dataset_url"":""https://www.vietnamworks.com/truong-phong-kinh-doanh-phan-mem-mo-hinh-saas-va-chuyen-oi-so-2075435-jv"",""first_seen_at"":""2026-07-15T15:57:13.849995+00:00"",""first_seen_batch_id"":""3739f4fd-442d-44b8-aeb5-c13ac0d66b2e"",""license"":""NOASSERTION"",""location_normalizer_revision"":""2026-07-19.1"",""observation_semantics"":""source posting date resolved by the JobRadar adapter"",""platform"":""vietnamworks"",""raw_payload_sha256"":""9172b3607705bb60f6f5effd3f85a97ada6d55e938eebc9b43f515ef5a0d76f1"",""scraped_at"":""2026-07-18T20:30:41.348110+00:00"",""snapshot_cutoff"":""2026-07-19T04:36:28.244910+00:00"",""source_url"":""https://www.vietnamworks.com/truong-phong-kinh-doanh-phan-mem-mo-hinh-saas-va-chuyen-oi-so-2075435-jv"",""title_normalizer_revision"":""2f434fba22de3a14c1b199331c8ca18408dc72e702071bf4bbfe380daff40f58""}"
vietnamworks,2076010,2026-07-01,Legal Executive,Legal Executive,mid,Ho Chi Minh,3,,"[""Legal Management"",""Luật"",""Luật Doanh Nghiệp"",""Luật Thương Mại"",""Luật Tài Chính""]",,23000000.00,information_technology,"{""company_name"":""ITECHWX COMPANY LIMITED"",""dataset"":""jobradar/vietnamworks-operational-salary-snapshot"",""dataset_commit"":""first-seen-before:2026-07-19T04:36:28.244910+00:00"",""dataset_url"":""https://www.vietnamworks.com/legal-executive-2076010-jv"",""first_seen_at"":""2026-07-15T15:57:09.360598+00:00"",""first_seen_batch_id"":""3739f4fd-442d-44b8-aeb5-c13ac0d66b2e"",""license"":""NOASSERTION"",""location_normalizer_revision"":""2026-07-19.1"",""observation_semantics"":""source posting date resolved by the JobRadar adapter"",""platform"":""vietnamworks"",""raw_payload_sha256"":""25cdbe9b8f59e5c14eeee11d0cf5073e4bb8e56007aa8b7d8a21362e7eb861fc"",""scraped_at"":""2026-07-18T20:30:21.288798+00:00"",""snapshot_cutoff"":""2026-07-19T04:36:28.244910+00:00"",""source_url"":""https://www.vietnamworks.com/legal-executive-2076010-jv"",""title_normalizer_revision"":""2f434fba22de3a14c1b199331c8ca18408dc72e702071bf4bbfe380daff40f58""}"
vietnamworks,2076073,2026-07-01,Sale B2B Giải Pháp Công Nghệ & AI,Sale B2B Giải Pháp Công Nghệ & AI,mid,Ha Noi,1,,"[""AI Solutions"",""Adobe Illustrator"",""B2B Sales"",""Business Development"",""Communication"",""Negotiation Skills""]",12000000.00,30000000.00,information_technology,"{""company_name"":""CÔNG TY CỔ PHẦN OKHUB VIỆT NAM"",""dataset"":""jobradar/vietnamworks-operational-salary-snapshot"",""dataset_commit"":""first-seen-before:2026-07-19T04:36:28.244910+00:00"",""dataset_url"":""https://www.vietnamworks.com/sale-b2b-giai-phap-cong-nghe-ai-2076073-jv"",""first_seen_at"":""2026-07-15T15:57:05.822508+00:00"",""first_seen_batch_id"":""3739f4fd-442d-44b8-aeb5-c13ac0d66b2e"",""license"":""NOASSERTION"",""location_normalizer_revision"":""2026-07-19.1"",""observation_semantics"":""source posting date resolved by the JobRadar adapter"",""platform"":""vietnamworks"",""raw_payload_sha256"":""ae5db853a387d094bf76dbb0f7dffa10ead78dd28761fef4145926a7a94eee90"",""scraped_at"":""2026-07-18T20:30:16.263880+00:00"",""snapshot_cutoff"":""2026-07-19T04:36:28.244910+00:00"",""source_url"":""https://www.vietnamworks.com/sale-b2b-giai-phap-cong-nghe-ai-2076073-jv"",""title_normalizer_revision"":""2f434fba22de3a14c1b199331c8ca18408dc72e702071bf4bbfe380daff40f58""}"
vietnamworks,2076180,2026-07-01,Chuyên Viên Đánh Giá ATTT (Pentest),Chuyên Viên Đánh Giá ATTT Pentest ,mid,Ha Noi,3,,"[""Analytical Thinking"",""Application Security"",""Pentest"",""Secure Coding"",""Vulnerability Scanning""]",37500000.00,,information_technology,"{""company_name"":""Công ty TNHH Thu Phí Tự Động VETC"",""dataset"":""jobradar/vietnamworks-operational-salary-snapshot"",""dataset_commit"":""first-seen-before:2026-07-19T04:36:28.244910+00:00"",""dataset_url"":""https://www.vietnamworks.com/chuyen-vien-anh-gia-attt-pentest-2076180-jv"",""first_seen_at"":""2026-07-15T15:57:12.466717+00:00"",""first_seen_batch_id"":""3739f4fd-442d-44b8-aeb5-c13ac0d66b2e"",""license"":""NOASSERTION"",""location_normalizer_revision"":""2026-07-19.1"",""observation_semantics"":""source posting date resolved by the JobRadar adapter"",""platform"":""vietnamworks"",""raw_payload_sha256"":""e316b20677827b822b2ea4efc4309a9e5f0d811e5b91651e9dffbab6a0584efc"",""scraped_at"":""2026-07-18T20:30:36.342203+00:00"",""snapshot_cutoff"":""2026-07-19T04:36:28.244910+00:00"",""source_url"":""https://www.vietnamworks.com/chuyen-vien-anh-gia-attt-pentest-2076180-jv"",""title_normalizer_revision"":""2f434fba22de3a14c1b199331c8ca18408dc72e702071bf4bbfe380daff40f58""}"
vietnamworks,2076185,2026-07-01,Chuyên Viên Phân Tích Nghiệp Vụ | Business Analyst,Business Analyst,mid,Ha Noi,3,,"[""Chi"",""Giao Tiếp"",""Kiểm Thử Phần Mềm"",""Làm Việc Nhóm"",""Phân Tích Nghiệp Vụ"",""Thiết Kế Phần Mềm""]",,37500000.00,information_technology,"{""company_name"":""Công ty TNHH Thu Phí Tự Động VETC"",""dataset"":""jobradar/vietnamworks-operational-salary-snapshot"",""dataset_commit"":""first-seen-before:2026-07-19T04:36:28.244910+00:00"",""dataset_url"":""https://www.vietnamworks.com/chuyen-vien-phan-tich-nghiep-vu-business-analyst-2076185-jv"",""first_seen_at"":""2026-07-15T15:57:08.151839+00:00"",""first_seen_batch_id"":""3739f4fd-442d-44b8-aeb5-c13ac0d66b2e"",""license"":""NOASSERTION"",""location_normalizer_revision"":""2026-07-19.1"",""observation_semantics"":""source posting date resolved by the JobRadar adapter"",""platform"":""vietnamworks"",""raw_payload_sha256"":""a23113f13fa1334337d7b213319c1920b526ecd1cafff962da1ebd518b429fad"",""scraped_at"":""2026-07-18T20:30:16.283149+00:00"",""snapshot_cutoff"":""2026-07-19T04:36:28.244910+00:00"",""source_url"":""https://www.vietnamworks.com/chuyen-vien-phan-tich-nghiep-vu-business-analyst-2076185-jv"",""title_normalizer_revision"":""2f434fba22de3a14c1b199331c8ca18408dc72e702071bf4bbfe380daff40f58""}"
vietnamworks,2076224,2026-07-01,Data Engineer - Up to $2000,Data Engineer,mid,Ho Chi Minh,4,5,"[""AWS"",""Amazon Neptune"",""Data Management"",""ETL"",""Gremlin"",""Java"",""Microservices"",""Python"",""RDF"",""SPARQL"",""Spring Boot"",""Workplace from Meta""]",,50000000.00,information_technology,"{""company_name"":""FPT Software"",""dataset"":""jobradar/vietnamworks-operational-salary-snapshot"",""dataset_commit"":""first-seen-before:2026-07-19T04:36:28.244910+00:00"",""dataset_url"":""https://www.vietnamworks.com/data-engineer-up-to-2000-2076224-jv"",""first_seen_at"":""2026-07-15T15:57:05.553693+00:00"",""first_seen_batch_id"":""3739f4fd-442d-44b8-aeb5-c13ac0d66b2e"",""license"":""NOASSERTION"",""location_normalizer_revision"":""2026-07-19.1"",""observation_semantics"":""source posting date resolved by the JobRadar adapter"",""platform"":""vietnamworks"",""raw_payload_sha256"":""15d649278ecabe8858c5c77021b00128238d61ae90e5969de30ebdd129296b9d"",""scraped_at"":""2026-07-18T20:30:16.260013+00:00"",""snapshot_cutoff"":""2026-07-19T04:36:28.244910+00:00"",""source_url"":""https://www.vietnamworks.com/data-engineer-up-to-2000-2076224-jv"",""title_normalizer_revision"":""2f434fba22de3a14c1b199331c8ca18408dc72e702071bf4bbfe380daff40f58""}"
vietnamworks,2076225,2026-07-01,Senior Python Developer - Signing Bonus Up to 30M,Senior Backend Developer,senior,Ho Chi Minh,3,5,"[""AWS"",""AWS ECS"",""Adobe Illustrator"",""LLM"",""LangChain"",""LangGraph"",""PostgreSQL"",""Python"",""REST"",""RestAPI"",""SolidJS"",""Workplace from Meta"",""backend""]",,30000000.00,information_technology,"{""company_name"":""FPT Software"",""dataset"":""jobradar/vietnamworks-operational-salary-snapshot"",""dataset_commit"":""first-seen-before:2026-07-19T04:36:28.244910+00:00"",""dataset_url"":""https://www.vietnamworks.com/senior-python-developer-signing-bonus-up-to-30m-2076225-jv"",""first_seen_at"":""2026-07-15T15:57:05.625353+00:00"",""first_seen_batch_id"":""3739f4fd-442d-44b8-aeb5-c13ac0d66b2e"",""license"":""NOASSERTION"",""location_normalizer_revision"":""2026-07-19.1"",""observation_semantics"":""source posting date resolved by the JobRadar adapter"",""platform"":""vietnamworks"",""raw_payload_sha256"":""290adb7fd550b28ebc0175162fa4255b954c1f2cce071683c51102a1120cfe93"",""scraped_at"":""2026-07-18T20:30:16.261452+00:00"",""snapshot_cutoff"":""2026-07-19T04:36:28.244910+00:00"",""source_url"":""https://www.vietnamworks.com/senior-python-developer-signing-bonus-up-to-30m-2076225-jv"",""title_normalizer_revision"":""2f434fba22de3a14c1b199331c8ca18408dc72e702071bf4bbfe380daff40f58""}"
vietnamworks,2076309,2026-07-02,Chuyên Viên Phân Tích Nghiệp Vụ - Business Analyst (BA),Business Analyst,mid,Ha Noi,,,"[""IT Business Analyst"",""Phát Triển Phần Mềm Agile"",""Phân Tích Nghiệp Vụ"",""System Analyst"",""busines analysis""]",17500000.00,37500000.00,information_technology,"{""company_name"":""Công Ty TNHH Viettel - CHT (Viettel Idc)"",""dataset"":""jobradar/vietnamworks-operational-salary-snapshot"",""dataset_commit"":""first-seen-before:2026-07-19T04:36:28.244910+00:00"",""dataset_url"":""https://www.vietnamworks.com/chuyen-vien-phan-tich-nghiep-vu-business-analyst-ba-2076309-jv"",""first_seen_at"":""2026-07-15T15:57:13.899182+00:00"",""first_seen_batch_id"":""3739f4fd-442d-44b8-aeb5-c13ac0d66b2e"",""license"":""NOASSERTION"",""location_normalizer_revision"":""2026-07-19.1"",""observation_semantics"":""source posting date resolved by the JobRadar adapter"",""platform"":""vietnamworks"",""raw_payload_sha256"":""b36633b1d4129842acb27752e63ba97b4c46fc078149a3dd0d5a2e2b18d3a3a5"",""scraped_at"":""2026-07-18T20:30:41.349381+00:00"",""snapshot_cutoff"":""2026-07-19T04:36:28.244910+00:00"",""source_url"":""https://www.vietnamworks.com/chuyen-vien-phan-tich-nghiep-vu-business-analyst-ba-2076309-jv"",""title_normalizer_revision"":""2f434fba22de3a14c1b199331c8ca18408dc72e702071bf4bbfe380daff40f58""}"
vietnamworks,2076563,2026-07-02,Trợ Lý Tư Vấn ERP (Yêu Cầu Tiếng Trung),Trợ Lý Tư Vấn ERP Yêu Cầu Tiếng Trung ,mid,Ho Chi Minh,,,"[""Accounting"",""Chinese"",""ERP Systems"",""Oracle Database"",""SQL"",""Triển Khai ERP""]",15000000.00,25000000.00,information_technology,"{""company_name"":""Yonyou Network Technology Co., Ltd"",""dataset"":""jobradar/vietnamworks-operational-salary-snapshot"",""dataset_commit"":""first-seen-before:2026-07-19T04:36:28.244910+00:00"",""dataset_url"":""https://www.vietnamworks.com/tro-ly-tu-van-erp-yeu-cau-tieng-trung-2076563-jv"",""first_seen_at"":""2026-07-15T15:57:13.677990+00:00"",""first_seen_batch_id"":""3739f4fd-442d-44b8-aeb5-c13ac0d66b2e"",""license"":""NOASSERTION"",""location_normalizer_revision"":""2026-07-19.1"",""observation_semantics"":""source posting date resolved by the JobRadar adapter"",""platform"":""vietnamworks"",""raw_payload_sha256"":""346799dbb70460ee8273e6615d1be0c8524f67bf65d7f2362231bc8ecfd86d49"",""scraped_at"":""2026-07-18T20:30:36.355347+00:00"",""snapshot_cutoff"":""2026-07-19T04:36:28.244910+00:00"",""source_url"":""https://www.vietnamworks.com/tro-ly-tu-van-erp-yeu-cau-tieng-trung-2076563-jv"",""title_normalizer_revision"":""2f434fba22de3a14c1b199331c8ca18408dc72e702071bf4bbfe380daff40f58""}"
vietnamworks,2076589,2026-07-02,Kế Toán Tổng Hợp - Lĩnh Vực Công Nghệ - Upto 20M++,Kế Toán Tổng Hợp - Lĩnh Vực Công Nghệ - Upto 20M++,mid,Ha Noi,,,"[""Chi"",""Finance"",""Finance Management"",""Phân Tích Tài Chính""]",15000000.00,20000000.00,information_technology,"{""company_name"":""Công ty Cổ phần Giải pháp công nghệ Iris"",""dataset"":""jobradar/vietnamworks-operational-salary-snapshot"",""dataset_commit"":""first-seen-before:2026-07-19T04:36:28.244910+00:00"",""dataset_url"":""https://www.vietnamworks.com/ke-toan-tong-hop-linh-vuc-cong-nghe-upto-20m-2076589-jv"",""first_seen_at"":""2026-07-15T15:57:09.335701+00:00"",""first_seen_batch_id"":""3739f4fd-442d-44b8-aeb5-c13ac0d66b2e"",""license"":""NOASSERTION"",""location_normalizer_revision"":""2026-07-19.1"",""observation_semantics"":""source posting date resolved by the JobRadar adapter"",""platform"":""vietnamworks"",""raw_payload_sha256"":""2fed6567d6650b40ed6601ac97509fe54a507e46375ede51bba865d555e52d53"",""scraped_at"":""2026-07-18T20:30:36.354847+00:00"",""snapshot_cutoff"":""2026-07-19T04:36:28.244910+00:00"",""source_url"":""https://www.vietnamworks.com/ke-toan-tong-hop-linh-vuc-cong-nghe-upto-20m-2076589-jv"",""title_normalizer_revision"":""2f434fba22de3a14c1b199331c8ca18408dc72e702071bf4bbfe380daff40f58""}"
vietnamworks,2076954,2026-07-03,Quản Lý Dự Án & Đào Tạo Nội Bộ (Tiếng Nhật N2) | Được Đào Tạo Từ Đầu-Không Yêu Cầu Kinh Nghiệm,Project Manager,manager,Ho Chi Minh,,,"[""Chủ Động Học Hỏi"",""Kỹ Năng Truyền Đạt Tốt"",""Sáng Tạo Ý Tưởng"",""Tiếng Nhật N2"",""Tư Duy Logics""]",8000000.00,10000000.00,information_technology,"{""company_name"":""Công ty Phát triển phần mềm xây dựng Aureole (Aureole CSD)"",""dataset"":""jobradar/vietnamworks-operational-salary-snapshot"",""dataset_commit"":""first-seen-before:2026-07-19T04:36:28.244910+00:00"",""dataset_url"":""https://www.vietnamworks.com/quan-ly-du-an-ao-tao-noi-bo-tieng-nhat-n2-uoc-ao-tao-tu-au-khong-yeu-cau-kinh-nghiem-2076954-jv"",""first_seen_at"":""2026-07-15T15:57:08.253020+00:00"",""first_seen_batch_id"":""3739f4fd-442d-44b8-aeb5-c13ac0d66b2e"",""license"":""NOASSERTION"",""location_normalizer_revision"":""2026-07-19.1"",""observation_semantics"":""source posting date resolved by the JobRadar adapter"",""platform"":""vietnamworks"",""raw_payload_sha256"":""738af506db75e84a559ba39b23d951728ccedbd2b096eb948fde452f2f67bc4f"",""scraped_at"":""2026-07-18T20:30:11.352655+00:00"",""snapshot_cutoff"":""2026-07-19T04:36:28.244910+00:00"",""source_url"":""https://www.vietnamworks.com/quan-ly-du-an-ao-tao-noi-bo-tieng-nhat-n2-uoc-ao-tao-tu-au-khong-yeu-cau-kinh-nghiem-2076954-jv"",""title_normalizer_revision"":""2f434fba22de3a14c1b199331c8ca18408dc72e702071bf4bbfe380daff40f58""}"
vietnamworks,2077038,2026-07-03,Solution Architect (Finance),Solution Architect,mid,Ha Noi,7,,"[""Google Cloud Platform"",""Humanity"",""Java"",""Java Spring"",""Microservices"",""SolidJS"",""Solution Architect"",""Spring Boot"",""Spring Framework""]",37500000.00,62500000.00,information_technology,"{""company_name"":""One Mount"",""dataset"":""jobradar/vietnamworks-operational-salary-snapshot"",""dataset_commit"":""first-seen-before:2026-07-19T04:36:28.244910+00:00"",""dataset_url"":""https://www.vietnamworks.com/solution-architect-finance-2077038-jv"",""first_seen_at"":""2026-07-15T15:57:06.217514+00:00"",""first_seen_batch_id"":""3739f4fd-442d-44b8-aeb5-c13ac0d66b2e"",""license"":""NOASSERTION"",""location_normalizer_revision"":""2026-07-19.1"",""observation_semantics"":""source posting date resolved by the JobRadar adapter"",""platform"":""vietnamworks"",""raw_payload_sha256"":""c25339a58b4ca5e2c6fb8e0b17d3f2d18884092a397f8d58b8c806aa9408751d"",""scraped_at"":""2026-07-18T20:30:06.445098+00:00"",""snapshot_cutoff"":""2026-07-19T04:36:28.244910+00:00"",""source_url"":""https://www.vietnamworks.com/solution-architect-finance-2077038-jv"",""title_normalizer_revision"":""2f434fba22de3a14c1b199331c8ca18408dc72e702071bf4bbfe380daff40f58""}"
vietnamworks,2077187,2026-07-03,Webinar Manager (Virtual Event),Webinar Manager Virtual Event ,manager,Ho Chi Minh,2,,"[""Attention To Detail"",""Communication Skills"",""Marketing Management"",""Organizational skills"",""Quick"",""Webinar Technology"",""emails"",""schedule""]",22875000.00,28600000.00,information_technology,"{""company_name"":""Nakivo"",""dataset"":""jobradar/vietnamworks-operational-salary-snapshot"",""dataset_commit"":""first-seen-before:2026-07-19T04:36:28.244910+00:00"",""dataset_url"":""https://www.vietnamworks.com/webinar-manager-virtual-event-2077187-jv"",""first_seen_at"":""2026-07-15T15:57:08.204848+00:00"",""first_seen_batch_id"":""3739f4fd-442d-44b8-aeb5-c13ac0d66b2e"",""license"":""NOASSERTION"",""location_normalizer_revision"":""2026-07-19.1"",""observation_semantics"":""source posting date resolved by the JobRadar adapter"",""platform"":""vietnamworks"",""raw_payload_sha256"":""827ca1ec808b997e770c2646c41c3d91d765f5fe3683bf64c758e525153fd2ac"",""scraped_at"":""2026-07-18T20:30:06.454786+00:00"",""snapshot_cutoff"":""2026-07-19T04:36:28.244910+00:00"",""source_url"":""https://www.vietnamworks.com/webinar-manager-virtual-event-2077187-jv"",""title_normalizer_revision"":""2f434fba22de3a14c1b199331c8ca18408dc72e702071bf4bbfe380daff40f58""}"
vietnamworks,2077234,2026-07-03,[Tuyển Gấp] Chuyên Viên Tuyển Dụng - Thu Nhập Upto 20M, Tuyển Gấp Chuyên Viên Tuyển Dụng - Thu Nhập Upto 20M,mid,Ha Noi,2,3,"[""Employer Branding"",""Phỏng Vấn Tuyển Dụng"",""Quản Lý Tiến Độ"",""Xây Dựng Chiến Lược"",""Xây Dựng Mối Quan Hệ""]",15000000.00,20000000.00,information_technology,"{""company_name"":""Công Ty Cổ Phần Edulive Toàn Cầu"",""dataset"":""jobradar/vietnamworks-operational-salary-snapshot"",""dataset_commit"":""first-seen-before:2026-07-19T04:36:28.244910+00:00"",""dataset_url"":""https://www.vietnamworks.com/tuyen-gap-chuyen-vien-tuyen-dung-thu-nhap-upto-20m-2077234-jv"",""first_seen_at"":""2026-07-15T15:57:11.559031+00:00"",""first_seen_batch_id"":""3739f4fd-442d-44b8-aeb5-c13ac0d66b2e"",""license"":""NOASSERTION"",""location_normalizer_revision"":""2026-07-19.1"",""observation_semantics"":""source posting date resolved by the JobRadar adapter"",""platform"":""vietnamworks"",""raw_payload_sha256"":""0dbe1d4a9e7013d06e57db0fb3010611e1a54e670324024d86bb2038d1164975"",""scraped_at"":""2026-07-18T20:30:31.949921+00:00"",""snapshot_cutoff"":""2026-07-19T04:36:28.244910+00:00"",""source_url"":""https://www.vietnamworks.com/tuyen-gap-chuyen-vien-tuyen-dung-thu-nhap-upto-20m-2077234-jv"",""title_normalizer_revision"":""2f434fba22de3a14c1b199331c8ca18408dc72e702071bf4bbfe380daff40f58""}"
vietnamworks,2077272,2026-07-03,Senior Project Manager (Japanese),Senior Project Manager,senior,Da Nang,8,,"[""Agile"",""Japanese N1"",""Microsoft Teams"",""Owner"",""Project Management"",""Stakeholders Engagement""]",62500000.00,87500000.00,information_technology,"{""company_name"":""SmartOSC"",""dataset"":""jobradar/vietnamworks-operational-salary-snapshot"",""dataset_commit"":""first-seen-before:2026-07-19T04:36:28.244910+00:00"",""dataset_url"":""https://www.vietnamworks.com/senior-project-manager-japanese-2077272-jv"",""first_seen_at"":""2026-07-15T15:57:08.275601+00:00"",""first_seen_batch_id"":""3739f4fd-442d-44b8-aeb5-c13ac0d66b2e"",""license"":""NOASSERTION"",""location_normalizer_revision"":""2026-07-19.1"",""observation_semantics"":""source posting date resolved by the JobRadar adapter"",""platform"":""vietnamworks"",""raw_payload_sha256"":""f7732790e75b13c7bf3626e772ff8c94dafae91b876366c26ad92a35ceb86ff1"",""scraped_at"":""2026-07-18T20:30:06.455202+00:00"",""snapshot_cutoff"":""2026-07-19T04:36:28.244910+00:00"",""source_url"":""https://www.vietnamworks.com/senior-project-manager-japanese-2077272-jv"",""title_normalizer_revision"":""2f434fba22de3a14c1b199331c8ca18408dc72e702071bf4bbfe380daff40f58""}"
vietnamworks,2077450,2026-07-06,"Chuyên Viên Kinh Doanh B2B, Thu Nhập 20-30 Triệu","Chuyên Viên Kinh Doanh B2B, Thu Nhập 20-30 Triệu",mid,Ha Noi,1,,"[""Bán Hàng B2B"",""Kinh Doanh"",""Kinh Doanh Dự Án Phần Mềm"",""Kinh Doanh Phần Mềm"",""sale IT""]",25000000.00,37500000.00,information_technology,"{""company_name"":""Tập Đoàn Apec (Apec Group)"",""dataset"":""jobradar/vietnamworks-operational-salary-snapshot"",""dataset_commit"":""first-seen-before:2026-07-19T04:36:28.244910+00:00"",""dataset_url"":""https://www.vietnamworks.com/chuyen-vien-kinh-doanh-b2b-thu-nhap-20-30-trieu-2077450-jv"",""first_seen_at"":""2026-07-15T15:57:10.964277+00:00"",""first_seen_batch_id"":""3739f4fd-442d-44b8-aeb5-c13ac0d66b2e"",""license"":""NOASSERTION"",""location_normalizer_revision"":""2026-07-19.1"",""observation_semantics"":""source posting date resolved by the JobRadar adapter"",""platform"":""vietnamworks"",""raw_payload_sha256"":""ba433f48b6c28afe48ea36de8851119253bcad5bf7acc0d4798c5d75602752f4"",""scraped_at"":""2026-07-18T20:30:31.939235+00:00"",""snapshot_cutoff"":""2026-07-19T04:36:28.244910+00:00"",""source_url"":""https://www.vietnamworks.com/chuyen-vien-kinh-doanh-b2b-thu-nhap-20-30-trieu-2077450-jv"",""title_normalizer_revision"":""2f434fba22de3a14c1b199331c8ca18408dc72e702071bf4bbfe380daff40f58""}"
vietnamworks,2077528,2026-07-06,Cloud/System Engineer,System Engineer,mid,Ho Chi Minh,,,"[""Agile Development"",""Cloud Vmware"",""Container (Docker, Kubernetes)"",""English Communication"",""Intern"",""Kubernetes"",""Linux"",""Microservices""]",25000000.00,62500000.00,information_technology,"{""company_name"":""Công Ty TNHH Viettel - CHT (Viettel Idc)"",""dataset"":""jobradar/vietnamworks-operational-salary-snapshot"",""dataset_commit"":""first-seen-before:2026-07-19T04:36:28.244910+00:00"",""dataset_url"":""https://www.vietnamworks.com/cloud-system-engineer-2077528-jv"",""first_seen_at"":""2026-07-15T15:57:11.416071+00:00"",""first_seen_batch_id"":""3739f4fd-442d-44b8-aeb5-c13ac0d66b2e"",""license"":""NOASSERTION"",""location_normalizer_revision"":""2026-07-19.1"",""observation_semantics"":""source posting date resolved by the JobRadar adapter"",""platform"":""vietnamworks"",""raw_payload_sha256"":""5236ee444e06f2d2d5fb07d09b504c8f418de7bce8dc5bcc603acd7843fdbed7"",""scraped_at"":""2026-07-18T20:30:31.947873+00:00"",""snapshot_cutoff"":""2026-07-19T04:36:28.244910+00:00"",""source_url"":""https://www.vietnamworks.com/cloud-system-engineer-2077528-jv"",""title_normalizer_revision"":""2f434fba22de3a14c1b199331c8ca18408dc72e702071bf4bbfe380daff40f58""}"
vietnamworks,2077553,2026-07-06,Growth Lead / Growth Engineering Lead,Growth Lead / Growth Engineering Lead,lead,Ho Chi Minh,,,"[""Adobe Illustrator"",""Chi"",""Communication"",""Financial Modeling"",""Investment Analysis"",""Negotiation Skills"",""Stakeholder Management"",""visual studio""]",50000000.00,75000000.00,information_technology,"{""company_name"":""Renn Labs"",""dataset"":""jobradar/vietnamworks-operational-salary-snapshot"",""dataset_commit"":""first-seen-before:2026-07-19T04:36:28.244910+00:00"",""dataset_url"":""https://www.vietnamworks.com/growth-lead-growth-engineering-lead-2077553-jv"",""first_seen_at"":""2026-07-15T15:57:10.989746+00:00"",""first_seen_batch_id"":""3739f4fd-442d-44b8-aeb5-c13ac0d66b2e"",""license"":""NOASSERTION"",""location_normalizer_revision"":""2026-07-19.1"",""observation_semantics"":""source posting date resolved by the JobRadar adapter"",""platform"":""vietnamworks"",""raw_payload_sha256"":""2cbd95b410178a107ec77bf1b1a60046282ef0488d550f6dbd028ddeaba58c9b"",""scraped_at"":""2026-07-18T20:30:31.939632+00:00"",""snapshot_cutoff"":""2026-07-19T04:36:28.244910+00:00"",""source_url"":""https://www.vietnamworks.com/growth-lead-growth-engineering-lead-2077553-jv"",""title_normalizer_revision"":""2f434fba22de3a14c1b199331c8ca18408dc72e702071bf4bbfe380daff40f58""}"
vietnamworks,2077570,2026-07-06,Kế Toán Tổng Hợp (General Accountant),Kế Toán Tổng Hợp General Accountant ,mid,Ho Chi Minh,2,4,"[""Chi"",""Cost Management"",""Finance"",""Kiểm Soát Chi Phí"",""Kế Toán Tổng Hợp"",""Quản Lý Công Nợ""]",15000000.00,22000000.00,information_technology,"{""company_name"":""Antsomi Vietnam"",""dataset"":""jobradar/vietnamworks-operational-salary-snapshot"",""dataset_commit"":""first-seen-before:2026-07-19T04:36:28.244910+00:00"",""dataset_url"":""https://www.vietnamworks.com/ke-toan-tong-hop-general-accountant-2077570-jv"",""first_seen_at"":""2026-07-15T15:57:13.336236+00:00"",""first_seen_batch_id"":""3739f4fd-442d-44b8-aeb5-c13ac0d66b2e"",""license"":""NOASSERTION"",""location_normalizer_revision"":""2026-07-19.1"",""observation_semantics"":""source posting date resolved by the JobRadar adapter"",""platform"":""vietnamworks"",""raw_payload_sha256"":""d87873f4d0b032243bd088c554a5196f841321b99aa16af8cfdfa82c67dbe1c1"",""scraped_at"":""2026-07-18T20:30:36.352105+00:00"",""snapshot_cutoff"":""2026-07-19T04:36:28.244910+00:00"",""source_url"":""https://www.vietnamworks.com/ke-toan-tong-hop-general-accountant-2077570-jv"",""title_normalizer_revision"":""2f434fba22de3a14c1b199331c8ca18408dc72e702071bf4bbfe380daff40f58""}"
vietnamworks,2077593,2026-07-06,Phó Phòng Phân Tích Nghiệp Vụ và Kiểm Thử,Business Analyst,manager,Ha Noi,,,"[""Agile"",""BRD"",""Business Analyst Skills"",""SCRUM method"",""Scrum""]",75000000.00,87500000.00,information_technology,"{""company_name"":""Ngân Hàng TMCP Đại Chúng Việt Nam"",""dataset"":""jobradar/vietnamworks-operational-salary-snapshot"",""dataset_commit"":""first-seen-before:2026-07-19T04:36:28.244910+00:00"",""dataset_url"":""https://www.vietnamworks.com/pho-phong-phan-tich-nghiep-vu-va-kiem-thu-2077593-jv"",""first_seen_at"":""2026-07-15T15:57:06.381271+00:00"",""first_seen_batch_id"":""3739f4fd-442d-44b8-aeb5-c13ac0d66b2e"",""license"":""NOASSERTION"",""location_normalizer_revision"":""2026-07-19.1"",""observation_semantics"":""source posting date resolved by the JobRadar adapter"",""platform"":""vietnamworks"",""raw_payload_sha256"":""7a365aa21d4a056c32de03c6729f17703f34eabb6236a9c654b3635523636459"",""scraped_at"":""2026-07-18T20:30:06.447120+00:00"",""snapshot_cutoff"":""2026-07-19T04:36:28.244910+00:00"",""source_url"":""https://www.vietnamworks.com/pho-phong-phan-tich-nghiep-vu-va-kiem-thu-2077593-jv"",""title_normalizer_revision"":""2f434fba22de3a14c1b199331c8ca18408dc72e702071bf4bbfe380daff40f58""}"
vietnamworks,2077710,2026-07-08,Head Of Engineering (AI-native),Head Of Engineering AI-native ,manager,Ho Chi Minh,,,"[""Adobe Illustrator"",""Anthropic Claude"",""Owner"",""PostgreSQL"",""Python""]",37500000.00,,information_technology,"{""company_name"":""Công ty TNHH Sapawoo"",""dataset"":""jobradar/vietnamworks-operational-salary-snapshot"",""dataset_commit"":""first-seen-before:2026-07-19T04:36:28.244910+00:00"",""dataset_url"":""https://www.vietnamworks.com/head-of-engineering-ai-native-2077710-jv"",""first_seen_at"":""2026-07-15T15:57:08.907965+00:00"",""first_seen_batch_id"":""3739f4fd-442d-44b8-aeb5-c13ac0d66b2e"",""license"":""NOASSERTION"",""location_normalizer_revision"":""2026-07-19.1"",""observation_semantics"":""source posting date resolved by the JobRadar adapter"",""platform"":""vietnamworks"",""raw_payload_sha256"":""44111b8a093a5ea6bc1cb9e2dae65fff1078b915d9adcba5315395747082ec87"",""scraped_at"":""2026-07-18T20:30:21.284630+00:00"",""snapshot_cutoff"":""2026-07-19T04:36:28.244910+00:00"",""source_url"":""https://www.vietnamworks.com/head-of-engineering-ai-native-2077710-jv"",""title_normalizer_revision"":""2f434fba22de3a14c1b199331c8ca18408dc72e702071bf4bbfe380daff40f58""}"
vietnamworks,2077819,2026-07-06,Senior Data Engineer,Senior Data Engineer,senior,Ho Chi Minh,3,,"[""Airflow"",""Apache Spark Streaming"",""Data Engineering"",""Etl/Elt Pipelines"",""Oracle Database"",""Python"",""SQL"",""SolidJS"",""Spark"",""Sql"",""Team Mentoring"",""Transform"",""dbt""]",25000000.00,50000000.00,information_technology,"{""company_name"":""Mirae Asset Finance Company (Viet Nam) Ltd."",""dataset"":""jobradar/vietnamworks-operational-salary-snapshot"",""dataset_commit"":""first-seen-before:2026-07-19T04:36:28.244910+00:00"",""dataset_url"":""https://www.vietnamworks.com/senior-data-engineer-2077819-jv"",""first_seen_at"":""2026-07-15T15:57:13.288717+00:00"",""first_seen_batch_id"":""3739f4fd-442d-44b8-aeb5-c13ac0d66b2e"",""license"":""NOASSERTION"",""location_normalizer_revision"":""2026-07-19.1"",""observation_semantics"":""source posting date resolved by the JobRadar adapter"",""platform"":""vietnamworks"",""raw_payload_sha256"":""2ccdef894cf6e85b9663080d2a1df32a5aa342422af6687d1d7a9d58407d3821"",""scraped_at"":""2026-07-18T20:30:36.351260+00:00"",""snapshot_cutoff"":""2026-07-19T04:36:28.244910+00:00"",""source_url"":""https://www.vietnamworks.com/senior-data-engineer-2077819-jv"",""title_normalizer_revision"":""2f434fba22de3a14c1b199331c8ca18408dc72e702071bf4bbfe380daff40f58""}"
vietnamworks,2077820,2026-07-06,Trưởng Phòng Kinh Doanh (Viễn Thông/CNTT),Trưởng Phòng Kinh Doanh Viễn Thông/CNTT ,manager,Ha Noi,3,,"[""Cntt"",""Kinh Doanh B2B"",""Kỹ Năng Lãnh Đạo"",""Quản Lý Đội Nhóm"",""Viễn Thông""]",,25000000.00,information_technology,"{""company_name"":""Công Ty Cổ Phần HTC Viễn Thông Quốc Tế"",""dataset"":""jobradar/vietnamworks-operational-salary-snapshot"",""dataset_commit"":""first-seen-before:2026-07-19T04:36:28.244910+00:00"",""dataset_url"":""https://www.vietnamworks.com/truong-phong-kinh-doanh-vien-thong-cntt-2077820-jv"",""first_seen_at"":""2026-07-15T15:57:07.316585+00:00"",""first_seen_batch_id"":""3739f4fd-442d-44b8-aeb5-c13ac0d66b2e"",""license"":""NOASSERTION"",""location_normalizer_revision"":""2026-07-19.1"",""observation_semantics"":""source posting date resolved by the JobRadar adapter"",""platform"":""vietnamworks"",""raw_payload_sha256"":""20f851e393fd87deb2daba3dd454a4f5f82bf972c9b5c17b9a1e9c870a62409f"",""scraped_at"":""2026-07-18T20:30:16.273505+00:00"",""snapshot_cutoff"":""2026-07-19T04:36:28.244910+00:00"",""source_url"":""https://www.vietnamworks.com/truong-phong-kinh-doanh-vien-thong-cntt-2077820-jv"",""title_normalizer_revision"":""2f434fba22de3a14c1b199331c8ca18408dc72e702071bf4bbfe380daff40f58""}"
vietnamworks,2077832,2026-07-06,Product Sales Manager,Product Sales Manager,manager,Ha Noi,,,"[""Business Development"",""Chi"",""English"",""Negotiation Skills"",""Presales"",""Product Management""]",37500000.00,50000000.00,information_technology,"{""company_name"":""Navigos Search's Client"",""dataset"":""jobradar/vietnamworks-operational-salary-snapshot"",""dataset_commit"":""first-seen-before:2026-07-19T04:36:28.244910+00:00"",""dataset_url"":""https://www.vietnamworks.com/product-sales-manager-2077832-jv"",""first_seen_at"":""2026-07-15T15:57:13.264908+00:00"",""first_seen_batch_id"":""3739f4fd-442d-44b8-aeb5-c13ac0d66b2e"",""license"":""NOASSERTION"",""location_normalizer_revision"":""2026-07-19.1"",""observation_semantics"":""source posting date resolved by the JobRadar adapter"",""platform"":""vietnamworks"",""raw_payload_sha256"":""e5e27e7a111b2355df8571a33b1bbb5be0b557d21d99629078111e6693933c64"",""scraped_at"":""2026-07-18T20:30:36.350873+00:00"",""snapshot_cutoff"":""2026-07-19T04:36:28.244910+00:00"",""source_url"":""https://www.vietnamworks.com/product-sales-manager-2077832-jv"",""title_normalizer_revision"":""2f434fba22de3a14c1b199331c8ca18408dc72e702071bf4bbfe380daff40f58""}"
vietnamworks,2077837,2026-07-06,Chuyên Viên Kinh Doanh B2B (Data Sẵn) - Lương Upto 30Tr/tháng,Chuyên Viên Kinh Doanh B2B Data Sẵn - Lương Upto 30Tr/tháng,mid,Ha Noi,,,"[""Adobe Illustrator"",""B2B Sales"",""Customer Service"",""Giao Tiếp Thuyết Phục"",""Kinh doanh giải pháp phần mềm"",""Software Sales""]",10000000.00,30000000.00,information_technology,"{""company_name"":""CÔNG TY TNHH HÓA ĐƠN ĐIỆN TỬ M-INVOICE"",""dataset"":""jobradar/vietnamworks-operational-salary-snapshot"",""dataset_commit"":""first-seen-before:2026-07-19T04:36:28.244910+00:00"",""dataset_url"":""https://www.vietnamworks.com/chuyen-vien-kinh-doanh-b2b-data-san-luong-upto-30tr-thang-2077837-jv"",""first_seen_at"":""2026-07-15T15:57:10.814226+00:00"",""first_seen_batch_id"":""3739f4fd-442d-44b8-aeb5-c13ac0d66b2e"",""license"":""NOASSERTION"",""location_normalizer_revision"":""2026-07-19.1"",""observation_semantics"":""source posting date resolved by the JobRadar adapter"",""platform"":""vietnamworks"",""raw_payload_sha256"":""c593367aef3eaed8e4e8bb5d3eaf258b1493b61500c964362060d4489a3ab8d8"",""scraped_at"":""2026-07-18T20:30:31.936391+00:00"",""snapshot_cutoff"":""2026-07-19T04:36:28.244910+00:00"",""source_url"":""https://www.vietnamworks.com/chuyen-vien-kinh-doanh-b2b-data-san-luong-upto-30tr-thang-2077837-jv"",""title_normalizer_revision"":""2f434fba22de3a14c1b199331c8ca18408dc72e702071bf4bbfe380daff40f58""}"
vietnamworks,2077855,2026-07-06,Sales Manager (IT Software/Solutions),Sales Manager IT Software/Solutions ,manager,Ha Noi,5,,"[""Account Management"",""BD & Account Management"",""Diligent"",""Excellent Negotiation"",""Google Meet"",""IT Phần Mềm"",""Microsoft Teams"",""Strong Sales Skills""]",37500000.00,50000000.00,information_technology,"{""company_name"":""Navigos Search's Client"",""dataset"":""jobradar/vietnamworks-operational-salary-snapshot"",""dataset_commit"":""first-seen-before:2026-07-19T04:36:28.244910+00:00"",""dataset_url"":""https://www.vietnamworks.com/sales-manager-it-software-solutions-2077855-jv"",""first_seen_at"":""2026-07-15T15:57:13.242946+00:00"",""first_seen_batch_id"":""3739f4fd-442d-44b8-aeb5-c13ac0d66b2e"",""license"":""NOASSERTION"",""location_normalizer_revision"":""2026-07-19.1"",""observation_semantics"":""source posting date resolved by the JobRadar adapter"",""platform"":""vietnamworks"",""raw_payload_sha256"":""b3a918b7f7f04a95cc48e3dd01d010a5c971e16e7d3d316c40ef1d25007c27e4"",""scraped_at"":""2026-07-18T20:30:36.350594+00:00"",""snapshot_cutoff"":""2026-07-19T04:36:28.244910+00:00"",""source_url"":""https://www.vietnamworks.com/sales-manager-it-software-solutions-2077855-jv"",""title_normalizer_revision"":""2f434fba22de3a14c1b199331c8ca18408dc72e702071bf4bbfe380daff40f58""}"
vietnamworks,2078035,2026-07-07,Middle Tester,QA Engineer,mid,Ha Noi,2,4,"[""API Testing"",""Adobe Illustrator"",""Agile/Scrum"",""Problem Analysis"",""SQL"",""Scrum"",""Software Testing""]",18000000.00,25000000.00,information_technology,"{""company_name"":""K&M Holdings"",""dataset"":""jobradar/vietnamworks-operational-salary-snapshot"",""dataset_commit"":""first-seen-before:2026-07-19T04:36:28.244910+00:00"",""dataset_url"":""https://www.vietnamworks.com/middle-tester-2078035-jv"",""first_seen_at"":""2026-07-15T15:57:10.245352+00:00"",""first_seen_batch_id"":""3739f4fd-442d-44b8-aeb5-c13ac0d66b2e"",""license"":""NOASSERTION"",""location_normalizer_revision"":""2026-07-19.1"",""observation_semantics"":""source posting date resolved by the JobRadar adapter"",""platform"":""vietnamworks"",""raw_payload_sha256"":""ece05939a78efe173e7905faab10d21320a649e278047ea84d5b13a12dd416ce"",""scraped_at"":""2026-07-18T20:30:26.318890+00:00"",""snapshot_cutoff"":""2026-07-19T04:36:28.244910+00:00"",""source_url"":""https://www.vietnamworks.com/middle-tester-2078035-jv"",""title_normalizer_revision"":""2f434fba22de3a14c1b199331c8ca18408dc72e702071bf4bbfe380daff40f58""}"
vietnamworks,2078069,2026-07-07,Giám Đốc Kinh Doanh Khu Vực Phía Bắc,Giám Đốc Kinh Doanh Khu Vực Phía Bắc,director,Ha Noi,5,,"[""Business Development"",""Kinh Doanh B2B"",""Kinh Doanh Dự Án"",""Phát Triển Kinh Doanh"",""Quản Lý Tài Chính""]",25000000.00,62500000.00,information_technology,"{""company_name"":""VnResource Software Solutions"",""dataset"":""jobradar/vietnamworks-operational-salary-snapshot"",""dataset_commit"":""first-seen-before:2026-07-19T04:36:28.244910+00:00"",""dataset_url"":""https://www.vietnamworks.com/giam-oc-kinh-doanh-khu-vuc-phia-bac-2078069-jv"",""first_seen_at"":""2026-07-15T15:57:06.883065+00:00"",""first_seen_batch_id"":""3739f4fd-442d-44b8-aeb5-c13ac0d66b2e"",""license"":""NOASSERTION"",""location_normalizer_revision"":""2026-07-19.1"",""observation_semantics"":""source posting date resolved by the JobRadar adapter"",""platform"":""vietnamworks"",""raw_payload_sha256"":""37f0b34cd59d88f3241de37d66a2cb46cd860525c9dc0337374c8f4e82068c3b"",""scraped_at"":""2026-07-18T20:30:16.271807+00:00"",""snapshot_cutoff"":""2026-07-19T04:36:28.244910+00:00"",""source_url"":""https://www.vietnamworks.com/giam-oc-kinh-doanh-khu-vuc-phia-bac-2078069-jv"",""title_normalizer_revision"":""2f434fba22de3a14c1b199331c8ca18408dc72e702071bf4bbfe380daff40f58""}"
vietnamworks,2078163,2026-07-07,Chuyên Viên Phát Triển Khách Hàng Đối Tác - Account Development Executive / Tuyển Gấp,Chuyên Viên Phát Triển Khách Hàng Đối Tác - Account Development Executive / Tuyển Gấp,mid,Ho Chi Minh,,,"[""ERP"",""Kế Toán Tài Chính"",""Phần mềm CRM"",""Sales B2B"",""Tài Chính Ngân Hàng""]",20000000.00,30000000.00,information_technology,"{""company_name"":""MISA Jointstock Company"",""dataset"":""jobradar/vietnamworks-operational-salary-snapshot"",""dataset_commit"":""first-seen-before:2026-07-19T04:36:28.244910+00:00"",""dataset_url"":""https://www.vietnamworks.com/chuyen-vien-phat-trien-khach-hang-oi-tac-account-development-executive-tuyen-gap-2078163-jv"",""first_seen_at"":""2026-07-15T15:57:06.641054+00:00"",""first_seen_batch_id"":""3739f4fd-442d-44b8-aeb5-c13ac0d66b2e"",""license"":""NOASSERTION"",""location_normalizer_revision"":""2026-07-19.1"",""observation_semantics"":""source posting date resolved by the JobRadar adapter"",""platform"":""vietnamworks"",""raw_payload_sha256"":""a830661afd7161f65c6db51c803757c6dd2fc341f8fdf48a1319764dddc26787"",""scraped_at"":""2026-07-18T20:30:11.356027+00:00"",""snapshot_cutoff"":""2026-07-19T04:36:28.244910+00:00"",""source_url"":""https://www.vietnamworks.com/chuyen-vien-phat-trien-khach-hang-oi-tac-account-development-executive-tuyen-gap-2078163-jv"",""title_normalizer_revision"":""2f434fba22de3a14c1b199331c8ca18408dc72e702071bf4bbfe380daff40f58""}"
vietnamworks,2078177,2026-07-07,AI Engineer (Middle Level),AI Engineer,mid,Ha Noi,2,3,"[""Adobe Illustrator"",""Hugging Face"",""LangChain"",""LangGraph"",""NLP"",""NumPy"",""Pandas"",""PyTorch"",""Python"",""TensorFlow"",""scikit-learn""]",23000000.00,35000000.00,information_technology,"{""company_name"":""K&M Holdings"",""dataset"":""jobradar/vietnamworks-operational-salary-snapshot"",""dataset_commit"":""first-seen-before:2026-07-19T04:36:28.244910+00:00"",""dataset_url"":""https://www.vietnamworks.com/ai-engineer-middle-level-2078177-jv"",""first_seen_at"":""2026-07-15T15:57:10.296054+00:00"",""first_seen_batch_id"":""3739f4fd-442d-44b8-aeb5-c13ac0d66b2e"",""license"":""NOASSERTION"",""location_normalizer_revision"":""2026-07-19.1"",""observation_semantics"":""source posting date resolved by the JobRadar adapter"",""platform"":""vietnamworks"",""raw_payload_sha256"":""fd0bf0b38cf850bfa2392c424a19fe66f651f518554c0cce571b4021507d552e"",""scraped_at"":""2026-07-18T20:30:26.319320+00:00"",""snapshot_cutoff"":""2026-07-19T04:36:28.244910+00:00"",""source_url"":""https://www.vietnamworks.com/ai-engineer-middle-level-2078177-jv"",""title_normalizer_revision"":""2f434fba22de3a14c1b199331c8ca18408dc72e702071bf4bbfe380daff40f58""}"
vietnamworks,2078253,2026-07-07,Tổng Đài Viên Chăm Sóc Khách Hàng Vietjet Air (Customer Service Agent) - Call Center - Không Yêu Cầu Kinh Nghiệm - Tiếng Anh Giao Tiếp,Tổng Đài Viên Chăm Sóc Khách Hàng Vietjet Air Customer Service Agent - Call Center - Không Yêu Cầu Kinh Nghiệm - Tiếng Anh Giao Tiếp,mid,Ho Chi Minh,0,0,"[""Call Center"",""Chăm Sóc Khách Hàng"",""Contact Center"",""Customer Service"",""Tổng Đài Viên""]",7500000.00,12500000.00,information_technology,"{""company_name"":""Galaxy Digital Holdings Co., Ltd (GH)"",""dataset"":""jobradar/vietnamworks-operational-salary-snapshot"",""dataset_commit"":""first-seen-before:2026-07-19T04:36:28.244910+00:00"",""dataset_url"":""https://www.vietnamworks.com/tong-ai-vien-cham-soc-khach-hang-vietjet-air-customer-service-agent-call-center-khong-yeu-cau-kinh-nghiem-tieng-anh-giao-tiep-2078253-jv"",""first_seen_at"":""2026-07-15T15:57:10.222098+00:00"",""first_seen_batch_id"":""3739f4fd-442d-44b8-aeb5-c13ac0d66b2e"",""license"":""NOASSERTION"",""location_normalizer_revision"":""2026-07-19.1"",""observation_semantics"":""source posting date resolved by the JobRadar adapter"",""platform"":""vietnamworks"",""raw_payload_sha256"":""076938ce3061d58a9b94910a4a775edcdfd764e06108c171b9b1928b2a6ce6ad"",""scraped_at"":""2026-07-18T20:30:26.304032+00:00"",""snapshot_cutoff"":""2026-07-19T04:36:28.244910+00:00"",""source_url"":""https://www.vietnamworks.com/tong-ai-vien-cham-soc-khach-hang-vietjet-air-customer-service-agent-call-center-khong-yeu-cau-kinh-nghiem-tieng-anh-giao-tiep-2078253-jv"",""title_normalizer_revision"":""2f434fba22de3a14c1b199331c8ca18408dc72e702071bf4bbfe380daff40f58""}"
vietnamworks,2078254,2026-07-07,BD SaaS,BD SaaS,mid,Ha Noi,1,,"[""Chăm Sóc Khách Hàng"",""Kinh Doanh B2B"",""Tìm Kiếm Khách Hàng"",""Tư Vấn Sản Phẩm"",""Xây Dựng Mối Quan Hệ""]",8000000.00,10000000.00,information_technology,"{""company_name"":""Công ty cổ phần Khoa học Dữ liệu"",""dataset"":""jobradar/vietnamworks-operational-salary-snapshot"",""dataset_commit"":""first-seen-before:2026-07-19T04:36:28.244910+00:00"",""dataset_url"":""https://www.vietnamworks.com/bd-saas-2078254-jv"",""first_seen_at"":""2026-07-15T15:57:06.524002+00:00"",""first_seen_batch_id"":""3739f4fd-442d-44b8-aeb5-c13ac0d66b2e"",""license"":""NOASSERTION"",""location_normalizer_revision"":""2026-07-19.1"",""observation_semantics"":""source posting date resolved by the JobRadar adapter"",""platform"":""vietnamworks"",""raw_payload_sha256"":""03cf703d29dcb2b5dc18172fed99e26b380a42ea71542198f060d5941a639078"",""scraped_at"":""2026-07-18T20:30:16.269033+00:00"",""snapshot_cutoff"":""2026-07-19T04:36:28.244910+00:00"",""source_url"":""https://www.vietnamworks.com/bd-saas-2078254-jv"",""title_normalizer_revision"":""2f434fba22de3a14c1b199331c8ca18408dc72e702071bf4bbfe380daff40f58""}"
vietnamworks,2078470,2026-07-07,Nhân Viên Sales Admin / Sales Assistant tại Hà Nội - 13tr-17tr VND/tháng,Nhân Viên Sales Admin / Sales Assistant tại Hà Nội - 13tr-17tr VND/tháng,mid,Ha Noi,1,,"[""Chứng Từ Xuất Nhập Khẩu"",""Sale Operation"",""Sales Admin"",""Sales Support"",""Theo Dõi Tiến Độ""]",13000000.00,17000000.00,information_technology,"{""company_name"":""CÔNG TY TNHH CÔNG NGHỆ ZKTECO VIỆT NAM"",""dataset"":""jobradar/vietnamworks-operational-salary-snapshot"",""dataset_commit"":""first-seen-before:2026-07-19T04:36:28.244910+00:00"",""dataset_url"":""https://www.vietnamworks.com/nhan-vien-sales-admin-sales-assistant-tai-ha-noi-13tr-17tr-vnd-thang-2078470-jv"",""first_seen_at"":""2026-07-15T15:57:10.519407+00:00"",""first_seen_batch_id"":""3739f4fd-442d-44b8-aeb5-c13ac0d66b2e"",""license"":""NOASSERTION"",""location_normalizer_revision"":""2026-07-19.1"",""observation_semantics"":""source posting date resolved by the JobRadar adapter"",""platform"":""vietnamworks"",""raw_payload_sha256"":""eaaae22b13e4c0964029f41b83580a6d3ea03217256678c534f18728fbd32d82"",""scraped_at"":""2026-07-18T20:30:31.930313+00:00"",""snapshot_cutoff"":""2026-07-19T04:36:28.244910+00:00"",""source_url"":""https://www.vietnamworks.com/nhan-vien-sales-admin-sales-assistant-tai-ha-noi-13tr-17tr-vnd-thang-2078470-jv"",""title_normalizer_revision"":""2f434fba22de3a14c1b199331c8ca18408dc72e702071bf4bbfe380daff40f58""}"
vietnamworks,2078491,2026-07-08,Sales Executive,Sales Executive,mid,Ho Chi Minh,,,"[""Adobe Illustrator"",""Business Development"",""Communication"",""Consulting"",""It Sales"",""Microsoft Teams"",""Sales""]",10000000.00,20000000.00,information_technology,"{""company_name"":""CÔNG TY TNHH AI POWER"",""dataset"":""jobradar/vietnamworks-operational-salary-snapshot"",""dataset_commit"":""first-seen-before:2026-07-19T04:36:28.244910+00:00"",""dataset_url"":""https://www.vietnamworks.com/sales-executive-2078491-jv"",""first_seen_at"":""2026-07-15T15:57:12.720051+00:00"",""first_seen_batch_id"":""3739f4fd-442d-44b8-aeb5-c13ac0d66b2e"",""license"":""NOASSERTION"",""location_normalizer_revision"":""2026-07-19.1"",""observation_semantics"":""source posting date resolved by the JobRadar adapter"",""platform"":""vietnamworks"",""raw_payload_sha256"":""99d837c1cd0fc249ad09db3a99cd81dacb82a3e057de16e0acb37c925bdc375e"",""scraped_at"":""2026-07-18T20:30:26.310115+00:00"",""snapshot_cutoff"":""2026-07-19T04:36:28.244910+00:00"",""source_url"":""https://www.vietnamworks.com/sales-executive-2078491-jv"",""title_normalizer_revision"":""2f434fba22de3a14c1b199331c8ca18408dc72e702071bf4bbfe380daff40f58""}"
vietnamworks,2078586,2026-07-08,Business Development Manager,Business Development Manager,manager,Ho Chi Minh,3,,"[""Chiến Lược Bán Hàng"",""Giao Tiếp"",""Nghiên Cứu Thị Trường"",""Phát Triển Khách Hàng"",""Quản Lý Hợp Đồng""]",12500000.00,62500000.00,information_technology,"{""company_name"":""Công ty TNHH DMSpro"",""dataset"":""jobradar/vietnamworks-operational-salary-snapshot"",""dataset_commit"":""first-seen-before:2026-07-19T04:36:28.244910+00:00"",""dataset_url"":""https://www.vietnamworks.com/business-development-manager-2078586-jv"",""first_seen_at"":""2026-07-15T15:57:06.761179+00:00"",""first_seen_batch_id"":""3739f4fd-442d-44b8-aeb5-c13ac0d66b2e"",""license"":""NOASSERTION"",""location_normalizer_revision"":""2026-07-19.1"",""observation_semantics"":""source posting date resolved by the JobRadar adapter"",""platform"":""vietnamworks"",""raw_payload_sha256"":""4b604e591e4edc35d570ace3201450842ababae4ec0c801dffe8edf3b50b72d2"",""scraped_at"":""2026-07-18T20:30:16.269948+00:00"",""snapshot_cutoff"":""2026-07-19T04:36:28.244910+00:00"",""source_url"":""https://www.vietnamworks.com/business-development-manager-2078586-jv"",""title_normalizer_revision"":""2f434fba22de3a14c1b199331c8ca18408dc72e702071bf4bbfe380daff40f58""}"
vietnamworks,2078617,2026-07-08,Firmware Engineer(C/C++),Embedded Engineer,mid,Hai Phong,0,2,"[""Bootstrap"",""C++"",""C/C++ Programming"",""Debugging Skills"",""Embedded Systems"",""Google Drive"",""MCU"",""Microsoft Teams"",""System-On-Chip Concepts""]",12500000.00,37500000.00,information_technology,"{""company_name"":""Wicresoft"",""dataset"":""jobradar/vietnamworks-operational-salary-snapshot"",""dataset_commit"":""first-seen-before:2026-07-19T04:36:28.244910+00:00"",""dataset_url"":""https://www.vietnamworks.com/firmware-engineer-c-c-2078617-jv"",""first_seen_at"":""2026-07-15T15:47:04.832164+00:00"",""first_seen_batch_id"":""e832c761-bc2b-4f11-b236-30bef4dcd3f0"",""license"":""NOASSERTION"",""location_normalizer_revision"":""2026-07-19.1"",""observation_semantics"":""source posting date resolved by the JobRadar adapter"",""platform"":""vietnamworks"",""raw_payload_sha256"":""57e32402d4c46a5a29d78b73d995cca1b680f3544afe52a63f4a28b25171e5d3"",""scraped_at"":""2026-07-18T20:30:16.268213+00:00"",""snapshot_cutoff"":""2026-07-19T04:36:28.244910+00:00"",""source_url"":""https://www.vietnamworks.com/firmware-engineer-c-c-2078617-jv"",""title_normalizer_revision"":""2f434fba22de3a14c1b199331c8ca18408dc72e702071bf4bbfe380daff40f58""}"
vietnamworks,2078636,2026-07-08,Chuyên Viên Quản Trị Hệ Thống | System Administration (SA),System Engineer,mid,Ha Noi,3,,"[""Ad"",""DNS"",""Dns"",""IBM Cloud"",""Linux"",""Linux/Windows Server"",""SQLAlchemy"",""Tư Duy Phân Tích"",""Vmware/Hyper-V""]",25000000.00,35000000.00,information_technology,"{""company_name"":""Công ty TNHH Thu Phí Tự Động VETC"",""dataset"":""jobradar/vietnamworks-operational-salary-snapshot"",""dataset_commit"":""first-seen-before:2026-07-19T04:36:28.244910+00:00"",""dataset_url"":""https://www.vietnamworks.com/chuyen-vien-quan-tri-he-thong-system-administration-sa-2078636-jv"",""first_seen_at"":""2026-07-15T15:57:08.178815+00:00"",""first_seen_batch_id"":""3739f4fd-442d-44b8-aeb5-c13ac0d66b2e"",""license"":""NOASSERTION"",""location_normalizer_revision"":""2026-07-19.1"",""observation_semantics"":""source posting date resolved by the JobRadar adapter"",""platform"":""vietnamworks"",""raw_payload_sha256"":""78273e00533ae7daa0a892bb4296c91f44a0d33c44b93c9a84e796b3091b4b1f"",""scraped_at"":""2026-07-18T20:30:16.283520+00:00"",""snapshot_cutoff"":""2026-07-19T04:36:28.244910+00:00"",""source_url"":""https://www.vietnamworks.com/chuyen-vien-quan-tri-he-thong-system-administration-sa-2078636-jv"",""title_normalizer_revision"":""2f434fba22de3a14c1b199331c8ca18408dc72e702071bf4bbfe380daff40f58""}"
vietnamworks,2078643,2026-07-08,Pre-Sales Engineer,Pre-Sales Engineer,mid,Ho Chi Minh,5,,"[""Communication Skills"",""Fluent English"",""Google Drive"",""Pre-Sales Experience"",""Technical Background In It"",""Validator"",""Virtualization Platforms""]",35000000.00,42500000.00,information_technology,"{""company_name"":""Nakivo"",""dataset"":""jobradar/vietnamworks-operational-salary-snapshot"",""dataset_commit"":""first-seen-before:2026-07-19T04:36:28.244910+00:00"",""dataset_url"":""https://www.vietnamworks.com/pre-sales-engineer-2078643-jv"",""first_seen_at"":""2026-07-15T15:57:06.450169+00:00"",""first_seen_batch_id"":""3739f4fd-442d-44b8-aeb5-c13ac0d66b2e"",""license"":""NOASSERTION"",""location_normalizer_revision"":""2026-07-19.1"",""observation_semantics"":""source posting date resolved by the JobRadar adapter"",""platform"":""vietnamworks"",""raw_payload_sha256"":""a240cc9d8526e172816eb680069a8ce584acac3103e5768db91d1b88b6a1014c"",""scraped_at"":""2026-07-18T20:30:11.363977+00:00"",""snapshot_cutoff"":""2026-07-19T04:36:28.244910+00:00"",""source_url"":""https://www.vietnamworks.com/pre-sales-engineer-2078643-jv"",""title_normalizer_revision"":""2f434fba22de3a14c1b199331c8ca18408dc72e702071bf4bbfe380daff40f58""}"
vietnamworks,2078813,2026-07-08,Operation Lead(Human Resource Lead),Operation Lead Human Resource Lead ,lead,Hai Phong,2,,"[""Human resource"",""Labor Law"",""Operation"",""communication""]",25000000.00,50000000.00,information_technology,"{""company_name"":""Wicresoft"",""dataset"":""jobradar/vietnamworks-operational-salary-snapshot"",""dataset_commit"":""first-seen-before:2026-07-19T04:36:28.244910+00:00"",""dataset_url"":""https://www.vietnamworks.com/operation-lead-human-resource-lead-2078813-jv"",""first_seen_at"":""2026-07-15T15:47:04.817466+00:00"",""first_seen_batch_id"":""e832c761-bc2b-4f11-b236-30bef4dcd3f0"",""license"":""NOASSERTION"",""location_normalizer_revision"":""2026-07-19.1"",""observation_semantics"":""source posting date resolved by the JobRadar adapter"",""platform"":""vietnamworks"",""raw_payload_sha256"":""e07a606f614a683d1fc69e0965d1d6c1248effea228ab3e04bd3eba4574e326b"",""scraped_at"":""2026-07-18T20:30:16.264930+00:00"",""snapshot_cutoff"":""2026-07-19T04:36:28.244910+00:00"",""source_url"":""https://www.vietnamworks.com/operation-lead-human-resource-lead-2078813-jv"",""title_normalizer_revision"":""2f434fba22de3a14c1b199331c8ca18408dc72e702071bf4bbfe380daff40f58""}"
vietnamworks,2078836,2026-07-10,CEO Executive Assistant (Trợ Lý Điều Hành CEO) | Tiếng Trung | Lương Từ 25 Triệu+,CEO Executive Assistant Trợ Lý Điều Hành CEO | Tiếng Trung | Lương Từ 25 Triệu+,mid,Ho Chi Minh,,,"[""Admin"",""Adminstration"",""Adobe Illustrator"",""ChatGPT.js"",""Google Work Space"",""Notion"",""Trợ Lý""]",25000000.00,,information_technology,"{""company_name"":""CÔNG TY TNHH STACK TECH"",""dataset"":""jobradar/vietnamworks-operational-salary-snapshot"",""dataset_commit"":""first-seen-before:2026-07-19T04:36:28.244910+00:00"",""dataset_url"":""https://www.vietnamworks.com/ceo-executive-assistant-tro-ly-ieu-hanh-ceo-tieng-trung-luong-tu-25-trieu-2078836-jv"",""first_seen_at"":""2026-07-15T15:57:11.992492+00:00"",""first_seen_batch_id"":""3739f4fd-442d-44b8-aeb5-c13ac0d66b2e"",""license"":""NOASSERTION"",""location_normalizer_revision"":""2026-07-19.1"",""observation_semantics"":""source posting date resolved by the JobRadar adapter"",""platform"":""vietnamworks"",""raw_payload_sha256"":""78ab3542bada7be985a570695803b361210ab343915ac9169c29ae91845701a2"",""scraped_at"":""2026-07-18T20:30:21.303214+00:00"",""snapshot_cutoff"":""2026-07-19T04:36:28.244910+00:00"",""source_url"":""https://www.vietnamworks.com/ceo-executive-assistant-tro-ly-ieu-hanh-ceo-tieng-trung-luong-tu-25-trieu-2078836-jv"",""title_normalizer_revision"":""2f434fba22de3a14c1b199331c8ca18408dc72e702071bf4bbfe380daff40f58""}"
vietnamworks,2078860,2026-07-08,Learning and Development Trainer,Learning and Development Trainer,mid,Ha Noi,,,"[""Teaching"",""Training"",""Welcome/NewsCred""]",,25000000.00,information_technology,"{""company_name"":""Bluesky HR Consultancy Inc."",""dataset"":""jobradar/vietnamworks-operational-salary-snapshot"",""dataset_commit"":""first-seen-before:2026-07-19T04:36:28.244910+00:00"",""dataset_url"":""https://www.vietnamworks.com/learning-and-development-trainer-2078860-jv"",""first_seen_at"":""2026-07-15T15:57:12.670204+00:00"",""first_seen_batch_id"":""3739f4fd-442d-44b8-aeb5-c13ac0d66b2e"",""license"":""NOASSERTION"",""location_normalizer_revision"":""2026-07-19.1"",""observation_semantics"":""source posting date resolved by the JobRadar adapter"",""platform"":""vietnamworks"",""raw_payload_sha256"":""45c5ca99f06074754b444c16890671758abf3717d1cd5fc06e571bda81914bb4"",""scraped_at"":""2026-07-18T20:30:26.307847+00:00"",""snapshot_cutoff"":""2026-07-19T04:36:28.244910+00:00"",""source_url"":""https://www.vietnamworks.com/learning-and-development-trainer-2078860-jv"",""title_normalizer_revision"":""2f434fba22de3a14c1b199331c8ca18408dc72e702071bf4bbfe380daff40f58""}"
vietnamworks,2078884,2026-07-08,Customer Success Executive,Customer Success Executive,mid,Ho Chi Minh,2,,"[""Account Manager""]",12500000.00,37500000.00,information_technology,"{""company_name"":""Công ty TNHH DMSpro"",""dataset"":""jobradar/vietnamworks-operational-salary-snapshot"",""dataset_commit"":""first-seen-before:2026-07-19T04:36:28.244910+00:00"",""dataset_url"":""https://www.vietnamworks.com/customer-success-executive-2078884-jv"",""first_seen_at"":""2026-07-15T15:57:05.990102+00:00"",""first_seen_batch_id"":""3739f4fd-442d-44b8-aeb5-c13ac0d66b2e"",""license"":""NOASSERTION"",""location_normalizer_revision"":""2026-07-19.1"",""observation_semantics"":""source posting date resolved by the JobRadar adapter"",""platform"":""vietnamworks"",""raw_payload_sha256"":""2ad46db8210fff1e844b5e29948404a9e41d72b7e707af320813ac33420d03ea"",""scraped_at"":""2026-07-18T20:30:16.265880+00:00"",""snapshot_cutoff"":""2026-07-19T04:36:28.244910+00:00"",""source_url"":""https://www.vietnamworks.com/customer-success-executive-2078884-jv"",""title_normalizer_revision"":""2f434fba22de3a14c1b199331c8ca18408dc72e702071bf4bbfe380daff40f58""}"
vietnamworks,2078923,2026-07-08,Project Assistant,Project Assistant,mid,Ha Noi,3,,"[""Administrative Support"",""Data Analysis"",""English"",""Office Software"",""Project Management"",""Workplace from Meta""]",16000000.00,,information_technology,"{""company_name"":""CÔNG TY TNHH APPEN DATA TECHNOLOGY VIỆT NAM"",""dataset"":""jobradar/vietnamworks-operational-salary-snapshot"",""dataset_commit"":""first-seen-before:2026-07-19T04:36:28.244910+00:00"",""dataset_url"":""https://www.vietnamworks.com/project-assistant-2078923-jv"",""first_seen_at"":""2026-07-15T15:57:09.847566+00:00"",""first_seen_batch_id"":""3739f4fd-442d-44b8-aeb5-c13ac0d66b2e"",""license"":""NOASSERTION"",""location_normalizer_revision"":""2026-07-19.1"",""observation_semantics"":""source posting date resolved by the JobRadar adapter"",""platform"":""vietnamworks"",""raw_payload_sha256"":""4c5696448d2e8db3d0a69c793eb7ffca1b326f5c90b961ee86a30c36ce1fbf19"",""scraped_at"":""2026-07-18T20:30:26.312884+00:00"",""snapshot_cutoff"":""2026-07-19T04:36:28.244910+00:00"",""source_url"":""https://www.vietnamworks.com/project-assistant-2078923-jv"",""title_normalizer_revision"":""2f434fba22de3a14c1b199331c8ca18408dc72e702071bf4bbfe380daff40f58""}"
vietnamworks,2079025,2026-07-08,"Software Project Leader - Project Manager (PMP,PMI)",Project Manager,lead,Ha Noi,3,,"[""Android"",""Android (Native)"",""Communication"",""Linux"",""Project Management"",""Software Development""]",37500000.00,62500000.00,information_technology,"{""company_name"":""LG Electronics Development Vietnam Company Limited"",""dataset"":""jobradar/vietnamworks-operational-salary-snapshot"",""dataset_commit"":""first-seen-before:2026-07-19T04:36:28.244910+00:00"",""dataset_url"":""https://www.vietnamworks.com/software-project-leader-project-manager-pmp-pmi-2079025-jv"",""first_seen_at"":""2026-07-15T15:57:09.824631+00:00"",""first_seen_batch_id"":""3739f4fd-442d-44b8-aeb5-c13ac0d66b2e"",""license"":""NOASSERTION"",""location_normalizer_revision"":""2026-07-19.1"",""observation_semantics"":""source posting date resolved by the JobRadar adapter"",""platform"":""vietnamworks"",""raw_payload_sha256"":""0fa759b884ce96840607dba41db0552841bb91a619b4a05416d2796645e3250b"",""scraped_at"":""2026-07-18T20:30:21.293049+00:00"",""snapshot_cutoff"":""2026-07-19T04:36:28.244910+00:00"",""source_url"":""https://www.vietnamworks.com/software-project-leader-project-manager-pmp-pmi-2079025-jv"",""title_normalizer_revision"":""2f434fba22de3a14c1b199331c8ca18408dc72e702071bf4bbfe380daff40f58""}"
vietnamworks,2079091,2026-07-09,Service Assistant,Service Assistant,mid,Ho Chi Minh,1,,"[""Business English"",""Chi"",""Customer Service Knowledge"",""Finance knowledge"",""Project Management"",""Service Management""]",12500000.00,17500000.00,information_technology,"{""company_name"":""SPS Vietnam Company Ltd."",""dataset"":""jobradar/vietnamworks-operational-salary-snapshot"",""dataset_commit"":""first-seen-before:2026-07-19T04:36:28.244910+00:00"",""dataset_url"":""https://www.vietnamworks.com/service-assistant-2079091-jv"",""first_seen_at"":""2026-07-15T15:57:08.858980+00:00"",""first_seen_batch_id"":""3739f4fd-442d-44b8-aeb5-c13ac0d66b2e"",""license"":""NOASSERTION"",""location_normalizer_revision"":""2026-07-19.1"",""observation_semantics"":""source posting date resolved by the JobRadar adapter"",""platform"":""vietnamworks"",""raw_payload_sha256"":""839239266ad63e2baffde481c1db32b9fdf60b44cd199564b4006a5a1ae7c96c"",""scraped_at"":""2026-07-18T20:30:11.367047+00:00"",""snapshot_cutoff"":""2026-07-19T04:36:28.244910+00:00"",""source_url"":""https://www.vietnamworks.com/service-assistant-2079091-jv"",""title_normalizer_revision"":""2f434fba22de3a14c1b199331c8ca18408dc72e702071bf4bbfe380daff40f58""}"
vietnamworks,2079156,2026-07-09,AI Fullstack Developer,Fullstack Developer,mid,Ha Noi,4,,"[""AWS"",""AWS Lambda"",""AWS S3"",""Adobe Illustrator"",""Ai Tooling"",""Aws"",""FastAPI"",""Fastapi"",""LangChain"",""OpenAI API"",""Problem-Solving"",""React"",""toolz""]",40000000.00,50000000.00,information_technology,"{""company_name"":""Công Ty TNHH Socotec Việt Nam"",""dataset"":""jobradar/vietnamworks-operational-salary-snapshot"",""dataset_commit"":""first-seen-before:2026-07-19T04:36:28.244910+00:00"",""dataset_url"":""https://www.vietnamworks.com/ai-fullstack-developer-2079156-jv"",""first_seen_at"":""2026-07-15T15:57:12.620551+00:00"",""first_seen_batch_id"":""3739f4fd-442d-44b8-aeb5-c13ac0d66b2e"",""license"":""NOASSERTION"",""location_normalizer_revision"":""2026-07-19.1"",""observation_semantics"":""source posting date resolved by the JobRadar adapter"",""platform"":""vietnamworks"",""raw_payload_sha256"":""e9f1abd21e9689be23b5e7ec8407e3c061c8b0d300b98c5bf3c0938655fceb6e"",""scraped_at"":""2026-07-18T20:30:26.296814+00:00"",""snapshot_cutoff"":""2026-07-19T04:36:28.244910+00:00"",""source_url"":""https://www.vietnamworks.com/ai-fullstack-developer-2079156-jv"",""title_normalizer_revision"":""2f434fba22de3a14c1b199331c8ca18408dc72e702071bf4bbfe380daff40f58""}"
vietnamworks,2079181,2026-07-09,Account Management,Account Management,mid,Ha Noi,3,,"[""Account Management"",""B2B"",""Phát Triển Khách Hàng"",""Tiếng Anh"",""Tư Vấn Giải Pháp""]",12500000.00,37500000.00,information_technology,"{""company_name"":""Công Ty Cổ Phần Ekko Việt Nam"",""dataset"":""jobradar/vietnamworks-operational-salary-snapshot"",""dataset_commit"":""first-seen-before:2026-07-19T04:36:28.244910+00:00"",""dataset_url"":""https://www.vietnamworks.com/account-management-2079181-jv"",""first_seen_at"":""2026-07-15T15:57:12.593476+00:00"",""first_seen_batch_id"":""3739f4fd-442d-44b8-aeb5-c13ac0d66b2e"",""license"":""NOASSERTION"",""location_normalizer_revision"":""2026-07-19.1"",""observation_semantics"":""source posting date resolved by the JobRadar adapter"",""platform"":""vietnamworks"",""raw_payload_sha256"":""2e5bc9a4d752a502a615170e9767eaf6eabd0098e564ee3241e167af2d580bc0"",""scraped_at"":""2026-07-18T20:30:26.296023+00:00"",""snapshot_cutoff"":""2026-07-19T04:36:28.244910+00:00"",""source_url"":""https://www.vietnamworks.com/account-management-2079181-jv"",""title_normalizer_revision"":""2f434fba22de3a14c1b199331c8ca18408dc72e702071bf4bbfe380daff40f58""}"
vietnamworks,2079217,2026-07-09,Kỹ Sư Cơ Điện (Điện Nhẹ/ Tổng Đài/ Camera/ Mạng Lan/ Wifi),Kỹ Sư Cơ Điện Điện Nhẹ/ Tổng Đài/ Camera/ Mạng Lan/ Wifi ,mid,Ha Noi,1,,"[""AutoCAD"",""Giao Tiếp"",""Kỹ Thuật Cơ Điện Tử"",""Điện Tử Viễn Thông"",""Đọc Hiểu Bản Vẽ Autocad""]",15000000.00,20000000.00,information_technology,"{""company_name"":""Cty CP Phát Triển Giải Pháp Tích Hợp"",""dataset"":""jobradar/vietnamworks-operational-salary-snapshot"",""dataset_commit"":""first-seen-before:2026-07-19T04:36:28.244910+00:00"",""dataset_url"":""https://www.vietnamworks.com/ky-su-co-ien-ien-nhe-tong-ai-camera-mang-lan-wifi-2079217-jv"",""first_seen_at"":""2026-07-15T15:57:08.739730+00:00"",""first_seen_batch_id"":""3739f4fd-442d-44b8-aeb5-c13ac0d66b2e"",""license"":""NOASSERTION"",""location_normalizer_revision"":""2026-07-19.1"",""observation_semantics"":""source posting date resolved by the JobRadar adapter"",""platform"":""vietnamworks"",""raw_payload_sha256"":""4832077979f4855ab3aa2136dbe0873dfc3a701a4daf351169b393d13d7d1025"",""scraped_at"":""2026-07-18T20:30:11.354381+00:00"",""snapshot_cutoff"":""2026-07-19T04:36:28.244910+00:00"",""source_url"":""https://www.vietnamworks.com/ky-su-co-ien-ien-nhe-tong-ai-camera-mang-lan-wifi-2079217-jv"",""title_normalizer_revision"":""2f434fba22de3a14c1b199331c8ca18408dc72e702071bf4bbfe380daff40f58""}"
vietnamworks,2079222,2026-07-09,Business Intelligence Specialist,Business Intelligence Specialist,mid,Ha Noi,3,4,"[""BI Dashboard"",""Business Intelligence"",""Data Analysis"",""Microsoft Power BI"",""Power BI"",""SQL"",""toolz""]",25000000.00,40000000.00,information_technology,"{""company_name"":""Esoft Vietnam"",""dataset"":""jobradar/vietnamworks-operational-salary-snapshot"",""dataset_commit"":""first-seen-before:2026-07-19T04:36:28.244910+00:00"",""dataset_url"":""https://www.vietnamworks.com/business-intelligence-specialist-2079222-jv"",""first_seen_at"":""2026-07-15T15:57:06.474637+00:00"",""first_seen_batch_id"":""3739f4fd-442d-44b8-aeb5-c13ac0d66b2e"",""license"":""NOASSERTION"",""location_normalizer_revision"":""2026-07-19.1"",""observation_semantics"":""source posting date resolved by the JobRadar adapter"",""platform"":""vietnamworks"",""raw_payload_sha256"":""0d9fe4751ca8e5ad9830783d7cca5ffa6e36dfc4c36836ee4e47deb5a8a07f03"",""scraped_at"":""2026-07-18T20:30:11.353107+00:00"",""snapshot_cutoff"":""2026-07-19T04:36:28.244910+00:00"",""source_url"":""https://www.vietnamworks.com/business-intelligence-specialist-2079222-jv"",""title_normalizer_revision"":""2f434fba22de3a14c1b199331c8ca18408dc72e702071bf4bbfe380daff40f58""}"
vietnamworks,2079253,2026-07-09,"Embedded Software Engineer (MCU, RTOS)",Embedded Engineer,mid,Ha Noi,2,,"[""C++"",""Git""]",20000000.00,50000000.00,information_technology,"{""company_name"":""LG Electronics Development Vietnam Company Limited"",""dataset"":""jobradar/vietnamworks-operational-salary-snapshot"",""dataset_commit"":""first-seen-before:2026-07-19T04:36:28.244910+00:00"",""dataset_url"":""https://www.vietnamworks.com/embedded-software-engineer-mcu-rtos-2079253-jv"",""first_seen_at"":""2026-07-15T15:57:06.333260+00:00"",""first_seen_batch_id"":""3739f4fd-442d-44b8-aeb5-c13ac0d66b2e"",""license"":""NOASSERTION"",""location_normalizer_revision"":""2026-07-19.1"",""observation_semantics"":""source posting date resolved by the JobRadar adapter"",""platform"":""vietnamworks"",""raw_payload_sha256"":""68e420f62d25ed42850fe964b0b83a8a0a5c1db0d457b67cceae9786c1e1e5f9"",""scraped_at"":""2026-07-18T20:30:06.446578+00:00"",""snapshot_cutoff"":""2026-07-19T04:36:28.244910+00:00"",""source_url"":""https://www.vietnamworks.com/embedded-software-engineer-mcu-rtos-2079253-jv"",""title_normalizer_revision"":""2f434fba22de3a14c1b199331c8ca18408dc72e702071bf4bbfe380daff40f58""}"
vietnamworks,2079404,2026-07-09,Senior Functional Consultant (Microsoft Business Central),Senior Functional Consultant Microsoft Business Central ,senior,Ho Chi Minh,,,"[""Accounting"",""Financial"",""Microsoft Dynamics 365"",""System Management"",""User Support"",""requests""]",12500000.00,,information_technology,"{""company_name"":""Công Ty TNHH Total Cargo Expertise Việt Nam"",""dataset"":""jobradar/vietnamworks-operational-salary-snapshot"",""dataset_commit"":""first-seen-before:2026-07-19T04:36:28.244910+00:00"",""dataset_url"":""https://www.vietnamworks.com/senior-functional-consultant-microsoft-business-central-2079404-jv"",""first_seen_at"":""2026-07-15T15:57:12.320326+00:00"",""first_seen_batch_id"":""3739f4fd-442d-44b8-aeb5-c13ac0d66b2e"",""license"":""NOASSERTION"",""location_normalizer_revision"":""2026-07-19.1"",""observation_semantics"":""source posting date resolved by the JobRadar adapter"",""platform"":""vietnamworks"",""raw_payload_sha256"":""2ad98d619a73f8ad109c92ca776af0c36bff8c135ae992fd206b81defb057b9e"",""scraped_at"":""2026-07-18T20:30:26.299170+00:00"",""snapshot_cutoff"":""2026-07-19T04:36:28.244910+00:00"",""source_url"":""https://www.vietnamworks.com/senior-functional-consultant-microsoft-business-central-2079404-jv"",""title_normalizer_revision"":""2f434fba22de3a14c1b199331c8ca18408dc72e702071bf4bbfe380daff40f58""}"
vietnamworks,2079646,2026-07-10,Human Resources (HR) Leader/Manager,Human Resources HR Leader/Manager,lead,Ha Noi,5,,"[""Employee Relation"",""Human Resources"",""Labor Law"",""People Management"",""Talent Acquisition""]",,45000000.00,information_technology,"{""company_name"":""Sonat Game"",""dataset"":""jobradar/vietnamworks-operational-salary-snapshot"",""dataset_commit"":""first-seen-before:2026-07-19T04:36:28.244910+00:00"",""dataset_url"":""https://www.vietnamworks.com/human-resources-hr-leader-manager-2079646-jv"",""first_seen_at"":""2026-07-15T15:57:12.169680+00:00"",""first_seen_batch_id"":""3739f4fd-442d-44b8-aeb5-c13ac0d66b2e"",""license"":""NOASSERTION"",""location_normalizer_revision"":""2026-07-19.1"",""observation_semantics"":""source posting date resolved by the JobRadar adapter"",""platform"":""vietnamworks"",""raw_payload_sha256"":""b0243f1e70b9ed41c72da5ce51bd456ddd8aff9cec1d84f66c9da0102a89bfc9"",""scraped_at"":""2026-07-18T20:30:21.303712+00:00"",""snapshot_cutoff"":""2026-07-19T04:36:28.244910+00:00"",""source_url"":""https://www.vietnamworks.com/human-resources-hr-leader-manager-2079646-jv"",""title_normalizer_revision"":""2f434fba22de3a14c1b199331c8ca18408dc72e702071bf4bbfe380daff40f58""}"
vietnamworks,2079662,2026-07-10,Product Owner (Healthcare),Product Owner,mid,Ha Noi,4,,"[""Business Analysis"",""Medical Device"",""Owner"",""Product Management"",""Product Owner""]",30000000.00,50000000.00,information_technology,"{""company_name"":""One Mount"",""dataset"":""jobradar/vietnamworks-operational-salary-snapshot"",""dataset_commit"":""first-seen-before:2026-07-19T04:36:28.244910+00:00"",""dataset_url"":""https://www.vietnamworks.com/product-owner-healthcare-2079662-jv"",""first_seen_at"":""2026-07-15T15:57:07.812192+00:00"",""first_seen_batch_id"":""3739f4fd-442d-44b8-aeb5-c13ac0d66b2e"",""license"":""NOASSERTION"",""location_normalizer_revision"":""2026-07-19.1"",""observation_semantics"":""source posting date resolved by the JobRadar adapter"",""platform"":""vietnamworks"",""raw_payload_sha256"":""dfe3a26efbf12a231639050840cbda5a29fa171b19094e14e27956d35507700f"",""scraped_at"":""2026-07-18T20:30:11.363219+00:00"",""snapshot_cutoff"":""2026-07-19T04:36:28.244910+00:00"",""source_url"":""https://www.vietnamworks.com/product-owner-healthcare-2079662-jv"",""title_normalizer_revision"":""2f434fba22de3a14c1b199331c8ca18408dc72e702071bf4bbfe380daff40f58""}"
vietnamworks,2079767,2026-07-10,Ai-First Funnel & eCommerce Designer,Ai-First Funnel & eCommerce Designer,mid,Ho Chi Minh,3,,"[""Adobe Illustrator"",""Adobe Photoshop"",""ChatGPT.js"",""Chi"",""Digital Marketing"",""Figma"",""Flux CD"",""Funnel.io"",""Marketing"",""Shopify"",""Typography"",""ecommerce"",""toolz""]",28000000.00,33000000.00,information_technology,"{""company_name"":""WOWSUITE SOFTWARE"",""dataset"":""jobradar/vietnamworks-operational-salary-snapshot"",""dataset_commit"":""first-seen-before:2026-07-19T04:36:28.244910+00:00"",""dataset_url"":""https://www.vietnamworks.com/ai-first-funnel-ecommerce-designer-2079767-jv"",""first_seen_at"":""2026-07-15T15:57:08.568939+00:00"",""first_seen_batch_id"":""3739f4fd-442d-44b8-aeb5-c13ac0d66b2e"",""license"":""NOASSERTION"",""location_normalizer_revision"":""2026-07-19.1"",""observation_semantics"":""source posting date resolved by the JobRadar adapter"",""platform"":""vietnamworks"",""raw_payload_sha256"":""61125bdd081b90991b3fe776223e60815a0e348ab963d2a5380f1f655b1afe4e"",""scraped_at"":""2026-07-18T20:30:21.282634+00:00"",""snapshot_cutoff"":""2026-07-19T04:36:28.244910+00:00"",""source_url"":""https://www.vietnamworks.com/ai-first-funnel-ecommerce-designer-2079767-jv"",""title_normalizer_revision"":""2f434fba22de3a14c1b199331c8ca18408dc72e702071bf4bbfe380daff40f58""}"
vietnamworks,2079819,2026-07-10,IT Administrator,IT Administrator,mid,Ho Chi Minh,3,,"[""Active Directory"",""Firewall Management"",""Lan/Wan Networks"",""Linux"",""Problem-Solving"",""Windows/Linux Operating Systems""]",8000000.00,10000000.00,information_technology,"{""company_name"":""CÔNG TY TNHH MEKONG FROZEN FOODS"",""dataset"":""jobradar/vietnamworks-operational-salary-snapshot"",""dataset_commit"":""first-seen-before:2026-07-19T04:36:28.244910+00:00"",""dataset_url"":""https://www.vietnamworks.com/it-administrator-2079819-jv"",""first_seen_at"":""2026-07-15T15:57:12.016238+00:00"",""first_seen_batch_id"":""3739f4fd-442d-44b8-aeb5-c13ac0d66b2e"",""license"":""NOASSERTION"",""location_normalizer_revision"":""2026-07-19.1"",""observation_semantics"":""source posting date resolved by the JobRadar adapter"",""platform"":""vietnamworks"",""raw_payload_sha256"":""e0e09a421dee9439c88870a8ea03058fe7c475b78688200de733bae0649060dc"",""scraped_at"":""2026-07-18T20:30:36.340819+00:00"",""snapshot_cutoff"":""2026-07-19T04:36:28.244910+00:00"",""source_url"":""https://www.vietnamworks.com/it-administrator-2079819-jv"",""title_normalizer_revision"":""2f434fba22de3a14c1b199331c8ca18408dc72e702071bf4bbfe380daff40f58""}"
vietnamworks,2080097,2026-07-10,Business Analyst - Signing Bonus Up to 30M,Business Analyst,mid,Ho Chi Minh,3,,"[""Agile"",""Business Analysis"",""Japanese"",""Scrum"",""Wireframes"",""Workplace from Meta""]",25000000.00,50000000.00,information_technology,"{""company_name"":""FPT Software"",""dataset"":""jobradar/vietnamworks-operational-salary-snapshot"",""dataset_commit"":""first-seen-before:2026-07-19T04:36:28.244910+00:00"",""dataset_url"":""https://www.vietnamworks.com/business-analyst-signing-bonus-up-to-30m-2080097-jv"",""first_seen_at"":""2026-07-15T15:57:08.423950+00:00"",""first_seen_batch_id"":""3739f4fd-442d-44b8-aeb5-c13ac0d66b2e"",""license"":""NOASSERTION"",""location_normalizer_revision"":""2026-07-19.1"",""observation_semantics"":""source posting date resolved by the JobRadar adapter"",""platform"":""vietnamworks"",""raw_payload_sha256"":""c9abfae426752a71da003ce1c7ce765c0a27beee282ccc45ba2601f62232c696"",""scraped_at"":""2026-07-18T20:30:06.456018+00:00"",""snapshot_cutoff"":""2026-07-19T04:36:28.244910+00:00"",""source_url"":""https://www.vietnamworks.com/business-analyst-signing-bonus-up-to-30m-2080097-jv"",""title_normalizer_revision"":""2f434fba22de3a14c1b199331c8ca18408dc72e702071bf4bbfe380daff40f58""}"
vietnamworks,2080105,2026-07-10,Mid-Snr Software Engineer,Software Engineer,mid,Ho Chi Minh,5,,"[""Adobe Illustrator"",""Blockchain"",""Data Engineer"",""NodeJS"",""ReactJs"",""SQL""]",30000000.00,45000000.00,information_technology,"{""company_name"":""DEKON"",""dataset"":""jobradar/vietnamworks-operational-salary-snapshot"",""dataset_commit"":""first-seen-before:2026-07-19T04:36:28.244910+00:00"",""dataset_url"":""https://www.vietnamworks.com/mid-snr-software-engineer-2080105-jv"",""first_seen_at"":""2026-07-15T15:57:11.867971+00:00"",""first_seen_batch_id"":""3739f4fd-442d-44b8-aeb5-c13ac0d66b2e"",""license"":""NOASSERTION"",""location_normalizer_revision"":""2026-07-19.1"",""observation_semantics"":""source posting date resolved by the JobRadar adapter"",""platform"":""vietnamworks"",""raw_payload_sha256"":""bca3c946bd4f4359a9dbb197c00313da175d3de0675bfeae78200fc1af328a81"",""scraped_at"":""2026-07-18T20:30:36.337817+00:00"",""snapshot_cutoff"":""2026-07-19T04:36:28.244910+00:00"",""source_url"":""https://www.vietnamworks.com/mid-snr-software-engineer-2080105-jv"",""title_normalizer_revision"":""2f434fba22de3a14c1b199331c8ca18408dc72e702071bf4bbfe380daff40f58""}"
vietnamworks,2080163,2026-07-10,SEO Specialist,SEO Specialist,mid,Ho Chi Minh,2,,"[""Analytical Skills"",""Images.jl"",""Keyword Research"",""On-Page Seo"",""Page.js"",""Seo Strategies"",""SolidJS"",""Technical Seo"",""toolz""]",16000000.00,18000000.00,information_technology,"{""company_name"":""Công Ty TNHH A G Steel Manufacture"",""dataset"":""jobradar/vietnamworks-operational-salary-snapshot"",""dataset_commit"":""first-seen-before:2026-07-19T04:36:28.244910+00:00"",""dataset_url"":""https://www.vietnamworks.com/seo-specialist-2080163-jv"",""first_seen_at"":""2026-07-15T15:57:11.845679+00:00"",""first_seen_batch_id"":""3739f4fd-442d-44b8-aeb5-c13ac0d66b2e"",""license"":""NOASSERTION"",""location_normalizer_revision"":""2026-07-19.1"",""observation_semantics"":""source posting date resolved by the JobRadar adapter"",""platform"":""vietnamworks"",""raw_payload_sha256"":""7d9b67584c0f7353a1a562c9bdff2135285bc47d33abf32398e7618713a36ee1"",""scraped_at"":""2026-07-18T20:30:21.295361+00:00"",""snapshot_cutoff"":""2026-07-19T04:36:28.244910+00:00"",""source_url"":""https://www.vietnamworks.com/seo-specialist-2080163-jv"",""title_normalizer_revision"":""2f434fba22de3a14c1b199331c8ca18408dc72e702071bf4bbfe380daff40f58""}"
vietnamworks,2080491,2026-07-13,Kế Toán Đối Soát (Ví Điện Tử),Kế Toán Đối Soát Ví Điện Tử ,mid,Ho Chi Minh,1,,"[""Chi"",""Lưu Trữ Chứng Từ"",""Ms Office"",""Phần Mềm Kế Toán"",""Tài Chính Kế Toán"",""Đối Chiếu Số Liệu""]",10000000.00,12000000.00,information_technology,"{""company_name"":""CÔNG TY CỔ PHẦN CÔNG NGHỆ FINVIET"",""dataset"":""jobradar/vietnamworks-operational-salary-snapshot"",""dataset_commit"":""first-seen-before:2026-07-19T04:36:28.244910+00:00"",""dataset_url"":""https://www.vietnamworks.com/ke-toan-oi-soat-vi-ien-tu-2080491-jv"",""first_seen_at"":""2026-07-15T15:57:11.393691+00:00"",""first_seen_batch_id"":""3739f4fd-442d-44b8-aeb5-c13ac0d66b2e"",""license"":""NOASSERTION"",""location_normalizer_revision"":""2026-07-19.1"",""observation_semantics"":""source posting date resolved by the JobRadar adapter"",""platform"":""vietnamworks"",""raw_payload_sha256"":""7b08ba179b2f69c65f7fbd6f1c9b849e291b4635c59b967a33f18ad9e5f7146b"",""scraped_at"":""2026-07-18T20:30:31.947415+00:00"",""snapshot_cutoff"":""2026-07-19T04:36:28.244910+00:00"",""source_url"":""https://www.vietnamworks.com/ke-toan-oi-soat-vi-ien-tu-2080491-jv"",""title_normalizer_revision"":""2f434fba22de3a14c1b199331c8ca18408dc72e702071bf4bbfe380daff40f58""}"
vietnamworks,2080578,2026-07-13,Ecommerce Technology Developer,Ecommerce Technology Developer,mid,Ho Chi Minh,,,"[""SQL"",""Salesforce Development"",""Salesforce Implementation"",""Salesforce Marketing Cloud"",""Salesforce Sales Cloud"",""Software Engineer"",""emails""]",25000000.00,37500000.00,information_technology,"{""company_name"":""Rodd & Gunn New Zealand Limited"",""dataset"":""jobradar/vietnamworks-operational-salary-snapshot"",""dataset_commit"":""first-seen-before:2026-07-19T04:36:28.244910+00:00"",""dataset_url"":""https://www.vietnamworks.com/ecommerce-technology-developer-2080578-jv"",""first_seen_at"":""2026-07-15T15:57:11.303843+00:00"",""first_seen_batch_id"":""3739f4fd-442d-44b8-aeb5-c13ac0d66b2e"",""license"":""NOASSERTION"",""location_normalizer_revision"":""2026-07-19.1"",""observation_semantics"":""source posting date resolved by the JobRadar adapter"",""platform"":""vietnamworks"",""raw_payload_sha256"":""afb2ada1773d835d854a8841328e140d1480c278862defb3c2eb607bcf2adfac"",""scraped_at"":""2026-07-18T20:30:31.946015+00:00"",""snapshot_cutoff"":""2026-07-19T04:36:28.244910+00:00"",""source_url"":""https://www.vietnamworks.com/ecommerce-technology-developer-2080578-jv"",""title_normalizer_revision"":""2f434fba22de3a14c1b199331c8ca18408dc72e702071bf4bbfe380daff40f58""}"
vietnamworks,2080581,2026-07-13,Customer Success Hubspot Tại Hà Nội Upto $1000,Customer Success Hubspot Tại Hà Nội Upto $1000,mid,Ha Noi,2,,"[""CRM management"",""Crm Marketing Automation"",""HubSpot CRM"",""HubSpot Marketing"",""Hubspot CRM"",""Martech""]",25000000.00,,information_technology,"{""company_name"":""Công Ty Cổ Phần GAPIT"",""dataset"":""jobradar/vietnamworks-operational-salary-snapshot"",""dataset_commit"":""first-seen-before:2026-07-19T04:36:28.244910+00:00"",""dataset_url"":""https://www.vietnamworks.com/customer-success-hubspot-tai-ha-noi-upto-1000-2080581-jv"",""first_seen_at"":""2026-07-15T15:57:11.370139+00:00"",""first_seen_batch_id"":""3739f4fd-442d-44b8-aeb5-c13ac0d66b2e"",""license"":""NOASSERTION"",""location_normalizer_revision"":""2026-07-19.1"",""observation_semantics"":""source posting date resolved by the JobRadar adapter"",""platform"":""vietnamworks"",""raw_payload_sha256"":""f4954b420fd416e657b0f959dbb19407c17f27a4ca5673e6fe4787419088d683"",""scraped_at"":""2026-07-18T20:30:31.947047+00:00"",""snapshot_cutoff"":""2026-07-19T04:36:28.244910+00:00"",""source_url"":""https://www.vietnamworks.com/customer-success-hubspot-tai-ha-noi-upto-1000-2080581-jv"",""title_normalizer_revision"":""2f434fba22de3a14c1b199331c8ca18408dc72e702071bf4bbfe380daff40f58""}"
vietnamworks,2080630,2026-07-13,Chuyên viên phân tích dữ liệu,Data Analyst,mid,Ha Noi,5,,"[""Business Intelligence Tools"",""Communication"",""Data Analysis"",""Machine Learning"",""SQL"",""Sql"",""toolz""]",,37500000.00,information_technology,"{""company_name"":""Công ty TNHH Thu Phí Tự Động VETC"",""dataset"":""jobradar/vietnamworks-operational-salary-snapshot"",""dataset_commit"":""first-seen-before:2026-07-19T04:36:28.244910+00:00"",""dataset_url"":""https://www.vietnamworks.com/chuyen-vien-phan-tich-du-lieu-2080630-jv"",""first_seen_at"":""2026-07-15T15:57:11.282886+00:00"",""first_seen_batch_id"":""3739f4fd-442d-44b8-aeb5-c13ac0d66b2e"",""license"":""NOASSERTION"",""location_normalizer_revision"":""2026-07-19.1"",""observation_semantics"":""source posting date resolved by the JobRadar adapter"",""platform"":""vietnamworks"",""raw_payload_sha256"":""0b361bf9029318a2b313cc5e2f03fc8dc7219f25f5ab43b9cefb03e320966000"",""scraped_at"":""2026-07-18T20:30:31.945574+00:00"",""snapshot_cutoff"":""2026-07-19T04:36:28.244910+00:00"",""source_url"":""https://www.vietnamworks.com/chuyen-vien-phan-tich-du-lieu-2080630-jv"",""title_normalizer_revision"":""2f434fba22de3a14c1b199331c8ca18408dc72e702071bf4bbfe380daff40f58""}"
vietnamworks,2081089,2026-07-14,Chuyên Viên Hỗ Trợ SAP Cao Cấp (Logistic SD/MM/PP/QM),Chuyên Viên Hỗ Trợ SAP Cao Cấp Logistic SD/MM/PP/QM ,mid,Ha Noi,5,,"[""Chi""]",30000000.00,45000000.00,information_technology,"{""company_name"":""Công Ty Cổ Phần Chuỗi Thực Phẩm TH"",""dataset"":""jobradar/vietnamworks-operational-salary-snapshot"",""dataset_commit"":""first-seen-before:2026-07-19T04:36:28.244910+00:00"",""dataset_url"":""https://www.vietnamworks.com/chuyen-vien-ho-tro-sap-cao-cap-logistic-sd-mm-pp-qm-2081089-jv"",""first_seen_at"":""2026-07-15T15:57:11.012099+00:00"",""first_seen_batch_id"":""3739f4fd-442d-44b8-aeb5-c13ac0d66b2e"",""license"":""NOASSERTION"",""location_normalizer_revision"":""2026-07-19.1"",""observation_semantics"":""source posting date resolved by the JobRadar adapter"",""platform"":""vietnamworks"",""raw_payload_sha256"":""7d15aa6f0a1af582409e4c6c1840397fcd3bcb957680c0f1cf683da86d46d661"",""scraped_at"":""2026-07-18T20:30:31.939956+00:00"",""snapshot_cutoff"":""2026-07-19T04:36:28.244910+00:00"",""source_url"":""https://www.vietnamworks.com/chuyen-vien-ho-tro-sap-cao-cap-logistic-sd-mm-pp-qm-2081089-jv"",""title_normalizer_revision"":""2f434fba22de3a14c1b199331c8ca18408dc72e702071bf4bbfe380daff40f58""}"
vietnamworks,2081864,2026-07-15,Senior Business Analyst (3-8 Năm Kinh Nghiệm),Senior Business Analyst,senior,Ha Noi,3,8,"[""Business Analysis"",""Data Analysis"",""Figma"",""Phân Tích Hệ Thống"",""Power BI""]",17500000.00,37500000.00,information_technology,"{""company_name"":""Công Ty TNHH Giải Pháp Công Nghệ Cộng"",""dataset"":""jobradar/vietnamworks-operational-salary-snapshot"",""dataset_commit"":""first-seen-before:2026-07-19T04:36:28.244910+00:00"",""dataset_url"":""https://www.vietnamworks.com/senior-business-analyst-3-8-nam-kinh-nghiem-2081864-jv"",""first_seen_at"":""2026-07-15T15:57:10.097116+00:00"",""first_seen_batch_id"":""3739f4fd-442d-44b8-aeb5-c13ac0d66b2e"",""license"":""NOASSERTION"",""location_normalizer_revision"":""2026-07-19.1"",""observation_semantics"":""source posting date resolved by the JobRadar adapter"",""platform"":""vietnamworks"",""raw_payload_sha256"":""f2c0baedcdfe6895dc945b932bbc02e0378c09e93aa5c8b1ac87f8bb1c5f00c0"",""scraped_at"":""2026-07-18T20:30:26.317036+00:00"",""snapshot_cutoff"":""2026-07-19T04:36:28.244910+00:00"",""source_url"":""https://www.vietnamworks.com/senior-business-analyst-3-8-nam-kinh-nghiem-2081864-jv"",""title_normalizer_revision"":""2f434fba22de3a14c1b199331c8ca18408dc72e702071bf4bbfe380daff40f58""}"
vietnamworks,2081865,2026-07-15,Senior Developer,Senior Developer,senior,Ha Noi,3,10,"["".NET"","".Net"",""Angular"",""Design Patterns"",""Docker"",""Full Stack Development""]",20000000.00,45000000.00,information_technology,"{""company_name"":""Công Ty TNHH Giải Pháp Công Nghệ Cộng"",""dataset"":""jobradar/vietnamworks-operational-salary-snapshot"",""dataset_commit"":""first-seen-before:2026-07-19T04:36:28.244910+00:00"",""dataset_url"":""https://www.vietnamworks.com/senior-developer-2081865-jv"",""first_seen_at"":""2026-07-15T15:57:10.071385+00:00"",""first_seen_batch_id"":""3739f4fd-442d-44b8-aeb5-c13ac0d66b2e"",""license"":""NOASSERTION"",""location_normalizer_revision"":""2026-07-19.1"",""observation_semantics"":""source posting date resolved by the JobRadar adapter"",""platform"":""vietnamworks"",""raw_payload_sha256"":""439aa2d402335840890b94487bfa6a4030dee2711fb77f5759721413888fc2c5"",""scraped_at"":""2026-07-18T20:30:26.316623+00:00"",""snapshot_cutoff"":""2026-07-19T04:36:28.244910+00:00"",""source_url"":""https://www.vietnamworks.com/senior-developer-2081865-jv"",""title_normalizer_revision"":""2f434fba22de3a14c1b199331c8ca18408dc72e702071bf4bbfe380daff40f58""}"
vietnamworks,2081996,2026-07-15,Unreal Developer,Unreal Developer,mid,Ho Chi Minh,,,"[""BlueprintJS"",""C#"",""C++"",""Debug"",""Gameplay Design"",""JavaScript"",""Multimedia System"",""Symfony Console"",""Unreal Engine""]",25000000.00,50000000.00,information_technology,"{""company_name"":""Công Ty TNHH Dreamchasers Interactive Vietnam"",""dataset"":""jobradar/vietnamworks-operational-salary-snapshot"",""dataset_commit"":""first-seen-before:2026-07-19T04:36:28.244910+00:00"",""dataset_url"":""https://www.vietnamworks.com/unreal-developer-2081996-jv"",""first_seen_at"":""2026-07-15T15:57:09.994886+00:00"",""first_seen_batch_id"":""3739f4fd-442d-44b8-aeb5-c13ac0d66b2e"",""license"":""NOASSERTION"",""location_normalizer_revision"":""2026-07-19.1"",""observation_semantics"":""source posting date resolved by the JobRadar adapter"",""platform"":""vietnamworks"",""raw_payload_sha256"":""189eb0ce41c5523d5c6aa31d1ff858693c599d5e98b4e4d44f856212c885dc09"",""scraped_at"":""2026-07-18T20:30:26.315031+00:00"",""snapshot_cutoff"":""2026-07-19T04:36:28.244910+00:00"",""source_url"":""https://www.vietnamworks.com/unreal-developer-2081996-jv"",""title_normalizer_revision"":""2f434fba22de3a14c1b199331c8ca18408dc72e702071bf4bbfe380daff40f58""}"
vietnamworks,2082075,2026-07-15,Office Manager,Office Manager,manager,Ha Noi,,,"[""Chi"",""Giao Tiếp Tiếng Anh"",""Lập Kế Hoạch"",""Quản Lý Chi Phí"",""Tư Duy Tổ Chức"",""Điều Phối""]",13000000.00,18000000.00,information_technology,"{""company_name"":""Offspring Digital Company Limited"",""dataset"":""jobradar/vietnamworks-operational-salary-snapshot"",""dataset_commit"":""first-seen-before:2026-07-19T04:36:28.244910+00:00"",""dataset_url"":""https://www.vietnamworks.com/office-manager-2082075-jv"",""first_seen_at"":""2026-07-15T15:57:09.895088+00:00"",""first_seen_batch_id"":""3739f4fd-442d-44b8-aeb5-c13ac0d66b2e"",""license"":""NOASSERTION"",""location_normalizer_revision"":""2026-07-19.1"",""observation_semantics"":""source posting date resolved by the JobRadar adapter"",""platform"":""vietnamworks"",""raw_payload_sha256"":""3f0f894ea857e6c639fe8449f0bd817f4a41b7f780a7da9faf0e7807c1a8f173"",""scraped_at"":""2026-07-18T20:30:26.313219+00:00"",""snapshot_cutoff"":""2026-07-19T04:36:28.244910+00:00"",""source_url"":""https://www.vietnamworks.com/office-manager-2082075-jv"",""title_normalizer_revision"":""2f434fba22de3a14c1b199331c8ca18408dc72e702071bf4bbfe380daff40f58""}"
vietnamworks,2082135,2026-07-16,Technical Support Engineer (Japanese Speaking- Freshers),Technical Support Engineer Japanese Speaking- Freshers ,mid,Ho Chi Minh,,,"[""Customer Service Mindset"",""IT Interest"",""Japanese proficiency"",""Log Analysis"",""Troubleshooting Skills"",""toolz""]",,30000000.00,information_technology,"{""company_name"":""ITECHWX COMPANY LIMITED"",""dataset"":""jobradar/vietnamworks-operational-salary-snapshot"",""dataset_commit"":""first-seen-before:2026-07-19T04:36:28.244910+00:00"",""dataset_url"":""https://www.vietnamworks.com/technical-support-engineer-japanese-speaking-freshers-2082135-jv"",""first_seen_at"":""2026-07-17T15:31:42.624816+00:00"",""first_seen_batch_id"":""994a1dce-2b16-4c69-ba4a-4b68541cd7d0"",""license"":""NOASSERTION"",""location_normalizer_revision"":""2026-07-19.1"",""observation_semantics"":""source posting date resolved by the JobRadar adapter"",""platform"":""vietnamworks"",""raw_payload_sha256"":""f0677321e3380d80695afd016b6137ffa3338751d8bf738e9edf0eee3506b26d"",""scraped_at"":""2026-07-18T20:30:11.362084+00:00"",""snapshot_cutoff"":""2026-07-19T04:36:28.244910+00:00"",""source_url"":""https://www.vietnamworks.com/technical-support-engineer-japanese-speaking-freshers-2082135-jv"",""title_normalizer_revision"":""2f434fba22de3a14c1b199331c8ca18408dc72e702071bf4bbfe380daff40f58""}"
vietnamworks,2082164,2026-07-16,IT Development Engineer,IT Development Engineer,mid,Bac Ninh,,,"[""Basic Linux Skills"",""Java"",""Java Fundamentals"",""Linux"",""Middleware Knowledge"",""MySQL"",""Mysql Optimization"",""QAD"",""Spring Boot"",""Spring Cloud"",""Spring Framework"",""jvm""]",25000000.00,37500000.00,information_technology,"{""company_name"":""Amphenol High Speed Technology Vietnam"",""dataset"":""jobradar/vietnamworks-operational-salary-snapshot"",""dataset_commit"":""first-seen-before:2026-07-19T04:36:28.244910+00:00"",""dataset_url"":""https://www.vietnamworks.com/it-development-engineer-2082164-jv"",""first_seen_at"":""2026-07-17T15:31:46.274349+00:00"",""first_seen_batch_id"":""994a1dce-2b16-4c69-ba4a-4b68541cd7d0"",""license"":""NOASSERTION"",""location_normalizer_revision"":""2026-07-19.1"",""observation_semantics"":""source posting date resolved by the JobRadar adapter"",""platform"":""vietnamworks"",""raw_payload_sha256"":""5a5c2cabafde1dce094fae1f59648910d3a299c6596f5f360fe8d75cd381ae23"",""scraped_at"":""2026-07-18T20:30:26.311946+00:00"",""snapshot_cutoff"":""2026-07-19T04:36:28.244910+00:00"",""source_url"":""https://www.vietnamworks.com/it-development-engineer-2082164-jv"",""title_normalizer_revision"":""2f434fba22de3a14c1b199331c8ca18408dc72e702071bf4bbfe380daff40f58""}"
vietnamworks,2082248,2026-07-16,ERP Specialist,ERP Specialist,mid,Ho Chi Minh,2,,"[""ERP Business Analysis"",""ERP/SAP system"",""IT Solution Consulting"",""Manage ERP Software"",""Problem Solving""]",12500000.00,16250000.00,information_technology,"{""company_name"":""Sunjin Vina Co., Ltd"",""dataset"":""jobradar/vietnamworks-operational-salary-snapshot"",""dataset_commit"":""first-seen-before:2026-07-19T04:36:28.244910+00:00"",""dataset_url"":""https://www.vietnamworks.com/erp-specialist-2082248-jv"",""first_seen_at"":""2026-07-17T15:31:45.991664+00:00"",""first_seen_batch_id"":""994a1dce-2b16-4c69-ba4a-4b68541cd7d0"",""license"":""NOASSERTION"",""location_normalizer_revision"":""2026-07-19.1"",""observation_semantics"":""source posting date resolved by the JobRadar adapter"",""platform"":""vietnamworks"",""raw_payload_sha256"":""d91aaeb40aa3ea79cd85187ab6d30fdd7e14f750f1e745565b7430e5124bd693"",""scraped_at"":""2026-07-18T20:30:26.306089+00:00"",""snapshot_cutoff"":""2026-07-19T04:36:28.244910+00:00"",""source_url"":""https://www.vietnamworks.com/erp-specialist-2082248-jv"",""title_normalizer_revision"":""2f434fba22de3a14c1b199331c8ca18408dc72e702071bf4bbfe380daff40f58""}"
vietnamworks,2082733,2026-07-17,Kế Toán Công Nợ Phải Thu,Kế Toán Công Nợ Phải Thu,mid,Ho Chi Minh,3,,"[""Account Receivable"",""Công Nợ"",""Finance"",""Kế Toán"",""Tài Chính""]",12500000.00,20000000.00,information_technology,"{""company_name"":""Công Ty TNHH LOTTE Innovate Việt Nam"",""dataset"":""jobradar/vietnamworks-operational-salary-snapshot"",""dataset_commit"":""first-seen-before:2026-07-19T04:36:28.244910+00:00"",""dataset_url"":""https://www.vietnamworks.com/ke-toan-cong-no-phai-thu-2082733-jv"",""first_seen_at"":""2026-07-17T15:31:42.458175+00:00"",""first_seen_batch_id"":""994a1dce-2b16-4c69-ba4a-4b68541cd7d0"",""license"":""NOASSERTION"",""location_normalizer_revision"":""2026-07-19.1"",""observation_semantics"":""source posting date resolved by the JobRadar adapter"",""platform"":""vietnamworks"",""raw_payload_sha256"":""5579f2c325b45d04c078e8852e6d382b50c24be022e89e56feb0901bbf794b30"",""scraped_at"":""2026-07-18T20:30:11.359004+00:00"",""snapshot_cutoff"":""2026-07-19T04:36:28.244910+00:00"",""source_url"":""https://www.vietnamworks.com/ke-toan-cong-no-phai-thu-2082733-jv"",""title_normalizer_revision"":""2f434fba22de3a14c1b199331c8ca18408dc72e702071bf4bbfe380daff40f58""}"
vietnamworks,2082821,2026-07-17,Senior Data Engineer,Senior Data Engineer,senior,Ha Noi,3,,"[""Adobe Illustrator"",""Big Data Architecture"",""Communication Skills"",""Data Engineering"",""Databricks"",""Databricks for Retail"",""Nosql Databases"",""Power BI"",""SQL"",""Sql Databases"",""Transform"",""toolz""]",30000000.00,50000000.00,information_technology,"{""company_name"":""Công Ty TNHH Socotec Việt Nam"",""dataset"":""jobradar/vietnamworks-operational-salary-snapshot"",""dataset_commit"":""first-seen-before:2026-07-19T04:36:28.244910+00:00"",""dataset_url"":""https://www.vietnamworks.com/senior-data-engineer-2082821-jv"",""first_seen_at"":""2026-07-17T15:31:45.812711+00:00"",""first_seen_batch_id"":""994a1dce-2b16-4c69-ba4a-4b68541cd7d0"",""license"":""NOASSERTION"",""location_normalizer_revision"":""2026-07-19.1"",""observation_semantics"":""source posting date resolved by the JobRadar adapter"",""platform"":""vietnamworks"",""raw_payload_sha256"":""a252d087e89aa4ba5c2576055f4077f71e819f591348f8bf2784dbde936d1be5"",""scraped_at"":""2026-07-18T20:30:26.301428+00:00"",""snapshot_cutoff"":""2026-07-19T04:36:28.244910+00:00"",""source_url"":""https://www.vietnamworks.com/senior-data-engineer-2082821-jv"",""title_normalizer_revision"":""2f434fba22de3a14c1b199331c8ca18408dc72e702071bf4bbfe380daff40f58""}"
vietnamworks,2082833,2026-07-17,Kỹ Sư Dịch Vụ CNTT (Helpdesk) - Thu Nhập Từ 180 Triệu/năm,Kỹ Sư Dịch Vụ CNTT Helpdesk - Thu Nhập Từ 180 Triệu/năm,mid,Ha Noi,1,,"[""Chứng Chỉ Mcsa"",""DigitalOcean"",""Hệ Thống System/Network"",""Hỗ Trợ Người Dùng"",""Kỹ năng giao tiêp""]",180000000.00,,information_technology,"{""company_name"":""Công ty cổ phần Công nghệ thông tin, Viễn thông và Tự động hóa Dầu khí (PAIC)"",""dataset"":""jobradar/vietnamworks-operational-salary-snapshot"",""dataset_commit"":""first-seen-before:2026-07-19T04:36:28.244910+00:00"",""dataset_url"":""https://www.vietnamworks.com/ky-su-dich-vu-cntt-helpdesk-thu-nhap-tu-180-trieu-nam-2082833-jv"",""first_seen_at"":""2026-07-17T15:31:41.559684+00:00"",""first_seen_batch_id"":""994a1dce-2b16-4c69-ba4a-4b68541cd7d0"",""license"":""NOASSERTION"",""location_normalizer_revision"":""2026-07-19.1"",""observation_semantics"":""source posting date resolved by the JobRadar adapter"",""platform"":""vietnamworks"",""raw_payload_sha256"":""512907fa18fcba0b822eaa12715080651e17c37e0393553e94ebd0683ec695f6"",""scraped_at"":""2026-07-18T20:30:11.349488+00:00"",""snapshot_cutoff"":""2026-07-19T04:36:28.244910+00:00"",""source_url"":""https://www.vietnamworks.com/ky-su-dich-vu-cntt-helpdesk-thu-nhap-tu-180-trieu-nam-2082833-jv"",""title_normalizer_revision"":""2f434fba22de3a14c1b199331c8ca18408dc72e702071bf4bbfe380daff40f58""}"
vietnamworks,2082945,2026-07-17,Chuyên Viên Phân Tích Nghiệp Vụ (ODOO),Business Analyst,mid,Ha Noi,,,"[""Giao Tiếp Tốt"",""Odoo"",""Phân Tích Nghiệp Vụ"",""Sử Dụng Excel"",""Tư Duy Logic""]",25000000.00,35000000.00,information_technology,"{""company_name"":""Tập Đoàn Karofi Holding"",""dataset"":""jobradar/vietnamworks-operational-salary-snapshot"",""dataset_commit"":""first-seen-before:2026-07-19T04:36:28.244910+00:00"",""dataset_url"":""https://www.vietnamworks.com/chuyen-vien-phan-tich-nghiep-vu-odoo-2082945-jv"",""first_seen_at"":""2026-07-17T15:31:42.069219+00:00"",""first_seen_batch_id"":""994a1dce-2b16-4c69-ba4a-4b68541cd7d0"",""license"":""NOASSERTION"",""location_normalizer_revision"":""2026-07-19.1"",""observation_semantics"":""source posting date resolved by the JobRadar adapter"",""platform"":""vietnamworks"",""raw_payload_sha256"":""28e9aed90726bb2772baab383f747e367ae7a3e743503cfb1615d167bc0401da"",""scraped_at"":""2026-07-18T20:30:11.353577+00:00"",""snapshot_cutoff"":""2026-07-19T04:36:28.244910+00:00"",""source_url"":""https://www.vietnamworks.com/chuyen-vien-phan-tich-nghiep-vu-odoo-2082945-jv"",""title_normalizer_revision"":""2f434fba22de3a14c1b199331c8ca18408dc72e702071bf4bbfe380daff40f58""}"
vietnamworks,2083236,2026-07-17,Customer Success Specialist,Customer Success Specialist,mid,Ha Noi,1,,"[""Account Management"",""Communication Skills"",""Customer Success"",""Go"",""Technical Support"",""Tư vấn phần mềm""]",12000000.00,22000000.00,information_technology,"{""company_name"":""Công Ty Cổ Phần Stringee"",""dataset"":""jobradar/vietnamworks-operational-salary-snapshot"",""dataset_commit"":""first-seen-before:2026-07-19T04:36:28.244910+00:00"",""dataset_url"":""https://www.vietnamworks.com/customer-success-specialist-2083236-jv"",""first_seen_at"":""2026-07-17T15:31:45.399311+00:00"",""first_seen_batch_id"":""994a1dce-2b16-4c69-ba4a-4b68541cd7d0"",""license"":""NOASSERTION"",""location_normalizer_revision"":""2026-07-19.1"",""observation_semantics"":""source posting date resolved by the JobRadar adapter"",""platform"":""vietnamworks"",""raw_payload_sha256"":""6cf8e2ca68f579299be6fb113309ec3376d4b3f8a19b9b2f972f3e72dddbac86"",""scraped_at"":""2026-07-18T20:30:21.300971+00:00"",""snapshot_cutoff"":""2026-07-19T04:36:28.244910+00:00"",""source_url"":""https://www.vietnamworks.com/customer-success-specialist-2083236-jv"",""title_normalizer_revision"":""2f434fba22de3a14c1b199331c8ca18408dc72e702071bf4bbfe380daff40f58""}"
vietnamworks,2083338,2026-07-17,Customer Support Ticketing/ Booker,Customer Support Ticketing/ Booker,mid,Ha Noi,1,10,"[""Customer Service"",""DigitalOcean"",""English Communication"",""Gds Systems"",""Ticketing""]",15000000.00,20000000.00,information_technology,"{""company_name"":""Leap Steam"",""dataset"":""jobradar/vietnamworks-operational-salary-snapshot"",""dataset_commit"":""first-seen-before:2026-07-19T04:36:28.244910+00:00"",""dataset_url"":""https://www.vietnamworks.com/customer-support-ticketing-booker-2083338-jv"",""first_seen_at"":""2026-07-17T15:31:41.189697+00:00"",""first_seen_batch_id"":""994a1dce-2b16-4c69-ba4a-4b68541cd7d0"",""license"":""NOASSERTION"",""location_normalizer_revision"":""2026-07-19.1"",""observation_semantics"":""source posting date resolved by the JobRadar adapter"",""platform"":""vietnamworks"",""raw_payload_sha256"":""4253a0125734520b43bc4be3c0088ee298d7bb362e60f9fa8aed8946912e2b3c"",""scraped_at"":""2026-07-18T20:30:06.456401+00:00"",""snapshot_cutoff"":""2026-07-19T04:36:28.244910+00:00"",""source_url"":""https://www.vietnamworks.com/customer-support-ticketing-booker-2083338-jv"",""title_normalizer_revision"":""2f434fba22de3a14c1b199331c8ca18408dc72e702071bf4bbfe380daff40f58""}"
